astro_id,planet_score
146686601,0.90456104
146686602,0.8924356
187132401,0.007147561
187599501,0.97343135
274305901,0.9454713
317876001,0.8502926
317889001,0.016783454
359579601,0.14245039
359698601,0.9358205
360669601,0.90086955
402988901,0.9934263
403061701,0.010075287
403061702,0.0007135244
446702702,0.156207
447174701,0.49473396
447673901,0.025817292
487162902,0.9785081
487657001,0.55957013
488161201,0.92218864
533697002,0.9912866
575113501,0.13147528
575113503,0.031510152
575563601,0.34183952
575563602,0.18366274
575563603,0.82872957
619318901,0.9917464
619318902,0.9626213
635590404,0.00024528778
639837301,0.89738387
703862601,0.82229555
704333601,0.014447604
704818901,0.5482159
704818902,0.8858279
748441901,0.7406514
748446301,0.22539495
791546903,0.89985216
791560602,0.03608793
880121802,0.975811
924306901,0.93889457
924772802,0.00015596079
925236802,0.9987356
967723901,0.0108251395
967723902,0.009293333
967723903,0.041259117
968788801,0.96992695
968788802,0.94178444
969292101,0.9366026
1009597401,0.0029936417
1052573004,5.0503163e-06
1053441301,0.035115156
1139437301,0.88427055
1139923501,0.94610685
1139923502,0.96413255
1185668201,0.9435648
1317343201,0.05512017
1317833901,0.014998055
1358861002,0.52460504
1358887203,0.05205344
1359346304,0.04570585
1359459601,0.6866686
1359459603,0.9318171
1404892901,0.893345
1404892902,0.92362124
1405725501,0.6547719
1405740801,0.0040309695
1446659202,0.6575147
1447062701,0.48616835
1447567501,0.005959196
1532995001,0.32199213
1533976301,0.036447078
1534462401,0.73869014
1564162001,0.892158
1564731001,0.620233
1580072901,0.9904274
1612399801,0.919231
1612399802,0.9386051
1623657601,0.5024661
1635457001,0.1839305
1636086003,2.5152265e-05
1643676902,0.23836908
1658550801,0.91228616
1666082901,0.17457321
1666604501,0.8598785
1711477001,0.9978143
1752487701,0.7014733
1753382302,0.22553477
1797236302,0.9650007
1797258201,0.1194578
1798232703,0.18099572
1798271601,0.6159762
1882728601,0.9544901
1927452702,0.03361227
1927473304,0.5333313
2062751702,0.09906276
2062751703,0.2531488
2062751704,0.3993983
2104670801,0.91689026
2126191108,0.00026617406
2126207403,0.016174002
2135589701,0.99944574
2147845102,0.9818184
2169987801,0.035147645
2169987802,0.025718115
2169987803,0.04186009
2169987804,0.13941652
2199901102,0.0035709967
2208947308,0.00063115335
2219374701,0.0032362554
2219719008,3.0436672e-06
2229403703,3.8971837e-07
2230620701,0.011366396
2236170001,0.54591024
2236170603,1.2841828e-05
2240212202,0.02309414
2240340401,0.60933703
2240340402,0.82112706
2248758202,0.60370517
2249717702,0.08873918
2257561501,0.027929002
2269306501,0.97707945
2278714003,0.33641076
2278733401,0.0027719846
2282054001,0.0017421377
2282582301,0.0072192424
2283563801,0.95955616
2288145801,0.3601293
2297574702,0.83901113
2298235402,0.012030418
2299118901,0.049425777
2321110901,0.9324545
2325702201,0.9065482
2331537803,0.00018815332
2331839901,0.80889654
2340085901,0.0054528983
2340186605,0.026252829
2349099503,0.033040382
2349156501,0.06508618
2349163301,0.00046404716
2349337001,0.8998864
2369119608,9.903415e-05
2381892403,2.552184e-06
2381892404,2.1953695e-06
2382288001,0.46592903
2382633101,0.97256976
2382633102,0.5830797
2413763403,0.004231297
2414654901,0.9522128
2431354801,0.9200229
2431354802,0.869157
2431354803,0.9447502
2431486803,4.871348e-05
2431486804,1.5682423e-05
2431674302,0.9559054
2431698501,0.9609001
2431698502,0.8599578
2440905701,0.9140997
2456122501,0.0076628844
2456122502,0.21503575
2469352804,2.9204834e-06
2498578301,0.8989854
2506398602,0.00015449173
2506399902,3.8261074e-08
2511727304,0.002122463
2515483101,0.00021803472
2515483102,0.00022235232
2519562303,0.041106157
2543370304,0.9707635
2558658502,2.4873465e-05
2559088601,0.12439749
2559088602,0.3843553
2559934101,0.9377716
2560054501,0.56345314
2572286603,4.3243044e-06
2573502001,0.93911844
2585953003,0.9001993
2587869801,0.40402448
2598839001,0.75446486
2629696301,0.16188364
2630201102,0.13657066
2633388402,0.004160338
2668310702,3.486392e-06
2670173501,0.9613127
2670932602,0.008238718
2670998901,0.18013714
2711759301,0.98177344
2712677601,0.0032162105
2712677602,0.00038071463
2755211904,9.656732e-07
2755686901,0.99182546
2755720001,0.001075406
2755720002,0.00020089623
2795010701,0.00047501942
2795010702,0.00019074019
2813740001,0.020491695
2813962203,0.0003010988
2813962204,0.0028650116
2845569801,0.98005325
2846479102,0.017976822
2850953202,0.2463831
2852637903,0.21070826
2860940301,0.98043275
2860940302,0.053038914
2884064201,0.034987558
2884064202,0.6894726
2885271803,0.85418254
2885606601,0.032384142
2898001102,0.10278543
2931001401,0.0025311084
2973159301,0.748575
2973919907,2.5196204e-07
2978129201,0.96756905
2978129202,0.9983735
2982926503,0.26372415
2983350401,0.0042655184
2983448601,0.00019857821
2998401401,0.895468
2998413101,0.26966983
2998413102,0.50365597
2998680801,0.9443118
3003143901,0.20385577
3014114101,0.86016905
3014130801,0.056599844
3014155401,0.108510524
3014626201,0.9727102
3014666201,0.0017957194
3018949201,0.060175724
3018949202,0.043240696
3019337302,0.33186522
3026816802,0.95555186
3031174902,0.9461609
3031368202,0.025655214
3031428201,0.7700457
3046805201,0.38773003
3046945402,0.0023231518
3053489302,0.47144336
3055760803,0.00047517408
3058004502,0.056014508
3058007201,0.9338194
3063992801,0.33864447
3071881101,0.80880386
3071881103,0.03030059
3071881104,0.13956758
3102001301,0.7387942
3103558401,0.98868597
3103575802,0.8519879
3110540201,0.84129417
3110540202,0.28513297
3110603901,0.7765019
3111950501,0.00050177664
3119795201,0.87004596
3120236902,1.067463e-05
3132119001,0.98424745
3132142001,0.9663734
3133342702,0.19113511
3140936101,0.05561302
3141154101,0.0
3141154102,0.97226834
3142064902,0.045571357
3157252801,0.23415749
3167063202,0.6488919
3175297102,0.000489209
3176004601,0.9499321
3179612006,0.021949327
3179929603,0.0051488043
3179929604,0.7577028
3185258505,0.9980202
3185298001,0.995158
3185298002,0.9943791
3187201101,0.09860437
3194381902,0.96258014
3194575303,8.3221215e-07
3203463001,0.39106905
3203463003,0.87702435
3213709901,0.0018676011
3222460802,0.008792696
3231889301,0.834
3232159104,0.10786878
3232441901,0.99736744
3234812501,0.024377052
3245705601,0.13977577
3246227701,0.5718046
3256908001,0.004856572
3268340304,0.0003572509
3268340307,0.002923979
3269099802,0.0002665282
3269552901,0.006137221
3269552902,0.98713523
3269953802,0.0002725969
3276522401,0.7807459
3276533002,0.014214974
3276533004,0.5222556
3280637501,0.82013506
3280637502,0.47509533
3307649701,0.308062
3318030301,0.5722776
3318466001,0.9224576
3318512401,0.016175296
3334199001,0.9968045
3335085001,0.018045917
3335085002,0.05897776
3353118201,0.9933442
3362798301,0.995676
3363285304,0.46975827
3364330102,0.00018956042
3370676108,0.44646633
3371460301,0.25167698
3373201704,7.0981994e-05
3377092703,0.012716362
3383635903,0.24005763
3384068301,0.99166566
3390475201,0.9282113
3390701001,0.95984846
3391691903,6.483736e-05
3392745901,0.96683383
3393136902,4.0838575e-05
3393383702,0.02952839
3399912401,0.024117343
3400905505,0.32634485
3411844501,0.61318934
3417332101,0.019606126
3417332102,3.8142698e-05
3424745501,0.17312217
3434489003,0.00076693116
3434489004,0.00015846008
3434489005,0.9885379
3434667601,0.03524314
3441905501,0.06918964
3441973601,0.42742506
3441973602,0.6288317
3442555603,0.090573
3442733801,0.8745359
3447794201,0.5452216
3448817501,0.08133712
3448817502,0.00022635539
3448820401,0.7956203
3453778701,0.9820753
3467188601,0.6780194
3488902701,0.8114787
3489887102,0.10069821
3492120601,0.35719573
3492623801,0.6629292
3505074004,0.71471363
3515144901,0.02643133
3515201401,0.97102094
3515201403,0.91559076
3515201404,0.9369972
3528137002,0.079603955
3531535801,0.975276
3531545301,0.99198556
3531545302,0.65370625
3539425602,0.004656832
3561454202,0.03049014
3561454203,0.039382942
3563221601,0.9501403
3573729201,0.98016113
3577053401,0.008482792
3577053402,0.38274696
3577053403,0.011598051
3577105201,0.59397113
3587746301,0.034101173
3587746302,0.017425068
3599902601,0.36689758
3599902602,0.41979626
3627371304,0.67127943
3659498501,0.91074073
3659548101,0.80666345
3666336101,0.9801492
3666450101,0.9493261
3666450106,0.3436486
3676842402,0.98766977
3677387808,7.374045e-05
3692332901,0.9231781
3692332902,0.03129645
3704799301,0.97572076
3705786301,0.41646022
3706298501,0.4641548
3706298502,0.0008278482
3719507701,0.9928438
3785931001,0.5176358
3789267501,0.756915
3823037501,0.93321824
3823424101,0.99490106
3831648301,1.5475123e-05
3831648302,9.3958115e-06
3831650501,0.7811587
3831669101,0.00025222928
3831669102,0.00031024555
3832537201,0.00413754
3832537202,0.0087084165
3832537204,0.68227553
3836271401,0.10143079
3842383401,0.9170551
3848340502,0.0008823645
3848340503,0.0004938227
3857102001,0.9970481
3857190802,0.3983844
3860367301,0.99416167
3871032102,0.017646521
3872898902,0.16561553
3872898904,0.65058863
3874032101,0.95549184
3874509601,0.7777929
3875475301,0.96302164
3875475302,0.9298608
3899057102,0.96300936
3947803802,0.003987096
3960490901,0.9476743
3960825001,0.034608223
3964510301,0.06294217
3964510302,0.97056323
3964580201,0.8655492
3964596201,0.0036755118
3964596202,0.0029260581
3964596203,0.041365802
3964598901,0.0034780386
3964598902,0.0034636552
3964598903,0.029369917
3964599101,0.036394823
3964599102,0.058159426
3964599103,0.012443684
3964866401,0.00020653327
3964866402,5.9183953e-05
3964866403,3.2411554e-05
3965453201,0.0005057446
3965453202,0.003737914
3965453203,0.00059795263
3965926901,0.0008527654
3965926902,0.015004346
3965926903,0.0013423584
3985732201,0.5848425
3985850701,0.9982998
4002980201,0.32409137
4002980202,0.0358626
4006122601,0.9808847
4007664701,0.036246683
4007664702,0.012686513
4015435201,0.352588
4024771902,0.6053128
4049614402,0.16054603
4049614403,0.7218716
4049639801,0.00095221977
4053529007,0.0020694807
4053530302,0.009691975
4054021301,0.3294111
4054091401,0.5530256
4054569402,0.97572744
4071509102,0.36497986
4071736501,0.98059183
4071736502,0.8880621
4074927402,0.97547466
4079750401,0.0043928795
4079750402,0.6992199
4079755502,0.119285546
4087813603,0.8925858
4090461902,0.00477439
4092452401,0.9925016
4092541804,0.007893427
4097449901,0.06428535
4097584204,0.0071814423
4097584205,0.008283716
4097584207,0.013852297
4101147101,0.3678951
4103172102,0.057937026
4103282404,0.00020379774
4123125201,0.016741581
4123917001,0.75555754
4124707301,0.25781465
4133885201,0.022208877
4135932601,0.30634308
4138586402,0.0008551941
4150732601,0.040064592
4150874601,0.973866
4159045304,0.21849157
4162249605,0.12388851
4162577901,0.28793845
4163071201,0.00018937592
4163071202,0.04041984
4194266004,0.003998976
4195029201,0.94424486
4203595801,0.80895424
4204477601,0.006149006
4204477602,0.011771989
4214979601,0.95083296
4221337001,0.37134266
4221337004,0.1385689
4242423301,0.00040768908
4242423302,0.0003999636
4242492204,1.2814389e-06
4252370002,0.080434844
4265744501,0.9857145
4265744601,0.9967237
4266274701,0.94684976
4267727901,0.7845761
4268151601,0.9881741
4268548501,0.011559233
4276855001,0.3700552
4277788301,0.27821958
4277788302,0.13912252
4317398502,0.3309458
4317398504,0.31274658
4318622401,0.7546227
4351491201,0.060650233
4351491203,0.0032987646
4351502401,0.95059186
4351502402,0.9038194
4351985201,0.017121783
4354192602,0.004984198
4369702502,0.053329658
4392689601,0.03834942
4392689602,0.61417174
4392938201,0.5469185
4397781501,0.9374988
4397827401,0.18182947
4420128402,0.028990356
4432802502,0.06313223
4439556002,0.27140114
4440082102,0.90482
4447659308,1.8599683e-05
4448257801,0.084208146
4448257802,0.0022574975
4448257803,0.0010191267
4459765301,0.19425006
4471851601,0.018630903
4472600001,0.73068583
4480103301,0.9973193
4483827501,0.926346
4526160001,0.9826788
4526160002,0.9800393
4526169201,0.9939359
4526646101,0.16395889
4527133503,0.32708824
4534806301,0.0050670374
4570121102,0.8967954
4570163001,0.20666374
4614313301,0.22371136
4652070001,0.15955645
4654144401,0.03677053
4654993101,0.20749494
4665897205,0.77862746
4666292102,0.046504635
4714868201,3.998836e-05
4715124501,0.05647333
4715124502,0.056080487
4740221401,0.979291
4740233701,0.8628062
4740749901,0.04793822
4741205501,0.9951003
4741205502,0.983454
4741205701,0.17770204
4741205702,0.27919272
4828220101,0.96428883
4828220103,0.013758224
4828273601,0.88170034
4829203002,0.0010202866
4870279902,0.002494867
4870344602,0.00039089008
4871280601,0.9518734
4897900502,1.92395e-05
4905823102,1.4617905e-05
4905823103,1.2553071e-05
4905977201,0.4313915
4912648805,0.025197078
4912648806,0.0020146405
4913506001,0.57434136
4913793601,0.40156594
4921874606,0.0005980472
4929679601,0.0004455823
4929679602,0.00046679494
4939022301,0.9215824
4939990902,0.037458602
4953460001,0.00037480125
4953460002,0.0001163682
4954065603,1.9845636e-05
4954066306,0.00035005875
4954140202,0.00024470847
4957545301,0.73562545
5001067201,0.8112963
5001068901,0.29966074
5001102201,0.17014004
5001765202,0.6983103
5030995301,0.62661666
5030995302,0.82504296
5037787401,0.35582992
5042097601,0.92213434
5085962001,0.7080936
5085962003,0.59392184
5128835901,0.5324264
5171914801,0.08301389
5257763902,0.00080777745
5344625701,0.023153795
5431124201,0.08685342
5432059804,0.06760166
5502166501,0.8321132
5502186202,0.005533145
5515505102,0.00026455513
5516463201,0.43264633
5516463202,0.8136463
5518119901,0.17344984
5527110401,0.8149923
5527226202,0.9199531
5545249501,0.8165065
5545250301,0.077908516
5545426902,0.45895812
5545507402,0.01242456
5547289901,0.91909415
5547289902,0.2927935
5547432903,0.0011367569
5549728103,0.0002696007
5562237201,0.95799243
5565278504,0.035467416
5570770602,0.005537953
5574626201,0.9790308
5575808301,0.9060453
5575899202,2.7701255e-19
5584894004,9.595223e-06
5591586001,0.9007301
5593112503,0.04576004
5600446501,0.9827465
5626985801,0.04597114
5627065601,0.032176983
5627482401,0.0010934769
5634727201,0.98886234
5643788502,0.77438605
5643825301,0.8455085
5649444901,0.47473052
5659416702,7.581472e-05
5659617704,0.0015657126
5661352407,7.8331796e-05
5670177604,0.86300427
5673306902,0.8747916
5677316201,0.406012
5686364903,0.31038967
5686364905,0.109325774
5686448101,0.916412
5686939601,0.4247218
5686939602,0.011227446
5692699102,1.1955415e-05
5701501301,0.041064873
5701501302,0.11560702
5701929301,0.009990622
5709587101,0.8174284
5711132401,0.97512895
5711205901,0.99441576
5712239104,0.002098079
5721670401,0.0050569177
5721670402,0.0011166942
5723846602,0.035586916
5724783701,0.40453386
5727492901,0.2593985
5738102001,0.83449686
5741840401,0.0007456674
5741840402,0.0007161932
5741840403,6.60194e-05
5741840404,8.930755e-05
5754904201,0.9867231
5769526201,0.30650252
5774550401,0.7562976
5777786802,0.9253702
5784683004,0.46920124
5784944902,0.9310663
5800167503,0.7692089
5800281702,0.7008701
5805734802,0.0015622454
5806463601,0.09614987
5813672601,0.06727952
5813672602,0.0055444133
5814217001,0.9786861
5814217002,0.430979
5815915803,5.9488452e-06
5815915804,5.4629663e-06
5825911002,0.87801635
5837485301,0.05722597
5837485302,0.0058361115
5837485303,0.40448543
5852494403,0.53064996
5857455101,0.0016172344
5865628302,0.06506554
5865628303,0.25899574
5865628304,0.60721874
5866378902,0.6343039
5876996601,0.9695546
5887774601,0.36361557
5887988502,0.98675793
5888902201,0.9305849
5897340001,0.5309387
5905570003,0.9699237
5906064602,0.00073364505
5906076703,7.034559e-08
5907142001,0.96766347
5941366101,0.9365925
5943297001,0.99079937
5944023101,0.9943856
5944023102,0.40382344
5944753601,0.9726901
5955473401,0.31481662
5955473402,0.88247734
5956030402,0.00042217437
5956983603,0.003903675
5965996401,0.549719
5965996402,0.2588208
5966774301,0.03676659
5970269802,0.014697911
5978675402,0.61714077
5979358401,0.55218637
5982349401,0.17202587
5991614302,0.0005853897
5997905301,0.59710366
5998056201,0.6477211
6007267401,0.54859585
6008380201,0.14496897
6008963601,0.8974941
6008963602,0.6531335
6008963603,0.53851175
6015938604,5.9777045e-05
6016002901,0.00025319218
6016002902,8.20222e-05
6016700601,0.8135757
6016802201,0.015855987
6026872001,0.34654233
6027718501,0.919997
6028377003,0.9675744
6030946801,0.43249512
6035637701,0.9053474
6036742901,0.0005181357
6036869001,0.044469684
6042874501,0.74595577
6043004303,1.8945426e-05
6043004304,0.0006075091
6043375501,0.00057747605
6043375502,0.0003976499
6043909904,0.0006569287
6046288601,0.04035824
6053017901,0.014269768
6053541501,0.022529727
6053818401,0.9051872
6062971701,0.00017421442
6069763601,0.88798314
6074889101,0.02661828
6082305101,0.09092004
6089059903,0.00024892736
6089158202,0.17251399
6119174502,0.19640656
6144129701,0.975615
6154771403,0.56856364
6154771404,0.8537877
6155090501,0.0007944982
6165397403,0.031006062
6165653403,0.020729361
6165653405,0.026831336
6178654902,0.9445444
6180657801,0.078311376
6180805201,0.9876676
6180805202,0.8918556
6192574301,0.009511107
6192574302,0.00046262765
6215724701,0.92996746
6217415803,0.76824677
6228904502,0.29797536
6241089002,0.0117895575
6241093102,0.7779315
6241590201,0.7534702
6242032601,0.3363123
6253595402,1.0029649e-05
6253595403,0.0014970162
6253971902,0.029519105
6254246401,0.4861272
6254246402,0.48155406
6261133301,0.95120347
6261323802,0.16087456
6265521202,0.23434539
6272611201,0.8940006
6272665702,0.9190754
6279045202,0.99502397
6280378905,0.43492618
6280674301,0.9728319
6280856501,0.28395084
6288299303,0.00014293533
6288299304,0.00023949839
6291912801,0.0052792476
6299101801,0.25585
6302337203,0.56244487
6302404701,0.9199042
6308923801,0.3154649
6309331503,0.00028494085
6309331505,5.5202006e-05
6313590502,0.7168022
6313914303,0.97128814
6318435402,0.9057596
6318435404,0.9506091
6324683401,0.9940441
6326181102,0.6640658
6327267202,0.00010356295
6332963401,0.8705777
6340819502,0.98387897
6341634501,0.9127496
6351354601,0.00029764997
6352203501,0.00012270763
6352203502,0.0015945024
6352379501,0.98094636
6359069701,0.018007113
6359214001,0.037916057
6361511001,0.04804871
6361919203,0.7913148
6368632901,0.06074337
6368776201,0.16263264
6376477803,0.00087417214
6376804901,0.01708929
6376807501,0.005721452
6376807502,0.038471337
6387572703,2.8020972e-05
6387572704,2.3317754e-05
6387866702,0.93264556
6387966304,0.90328723
6399136702,0.0061619435
6399459503,0.7368995
6412380401,0.4292297
6424210504,0.009455028
6434460401,0.6653704
6435212501,0.07569053
6435212502,0.635833
6485866101,0.0036130385
6485866102,0.003151828
6485866103,0.002641641
6485866104,0.00091188226
6485866105,0.0009950164
6485866106,0.00075484684
6525380401,0.8300931
6538582002,0.60361046
6586048304,0.00046282297
7375361601,0.79344356
7375607502,0.019083308
7392507002,0.0012042436
7427155401,0.011876188
7427155407,0.9338138
7434621201,0.020500774
7434621202,0.00010456327
7443700003,2.2355012e-05
7451108101,0.0032086705
7451922401,0.07307056
7459694901,0.86206156
7459694902,0.6557767
7482930601,0.38674623
7507619201,0.9991597
7516057103,0.0011583798
7522371801,0.71982276
7530608901,0.32841742
7530702201,0.65987307
7538565803,4.8695845e-05
7538725301,0.9755948
7538917601,0.024726901
7539189001,0.3642654
7546329201,0.6687841
7561012505,0.0005888625
7568374001,0.9881124
7575508203,5.810655e-05
7575571607,4.3356117e-06
7591712304,0.33201143
7600180003,0.47760248
7605870901,0.48687908
7606518401,0.53692573
7606562302,0.937408
7606612701,0.98862433
7606666902,0.97478795
7617356301,0.7936321
7631539701,0.9958716
7631618801,0.23022628
7631618802,5.8325946e-05
7638650802,0.19105943
7639159901,0.1604906
7639303301,0.9838622
7639303302,0.9754708
7644614602,0.01984085
7644614603,0.40115574
7644614604,0.54022926
7661644001,0.9426058
7675873301,0.6857266
7675873303,0.16234195
7676218301,0.58972526
7676567601,0.01362017
7689270401,0.63442206
7689270402,0.9899323
7792450201,0.9597975
7824594601,0.80516386
7837460901,0.015390094
7875409802,0.44957772
7875903801,0.114134505
7912466701,0.011263128
7912507701,0.97643137
7912545601,0.18100542
7913292301,0.0030900068
7926475902,0.60480064
7960579101,0.99941003
7971252002,0.41139534
7982089001,0.775064
8004746701,0.72239643
8004867004,0.9338433
8324325901,0.6231107
8359092201,0.6356564
8382728801,0.90284896
8391827801,0.83384997
8463689001,0.13321991
8464525501,0.99477756
8474543001,0.940467
8474787203,0.9874034
8475697403,1.601299e-06
8475836301,0.005182425
8500576401,0.020456508
8501067001,0.86353415
8512562301,0.5003622
8535969701,0.6726861
8535969702,0.8340121
8536160701,0.64197767
8557710801,0.1568701
8563941501,0.009144525
8564200602,8.914531e-05
8564269102,0.00012789977
8576045202,1.8188471e-06
8585618401,0.07176972
8585618402,0.90395975
8592489001,0.92585474
8602080602,0.005938435
8603125301,0.00196365
8625205701,0.9400769
8625205702,0.9696927
8625492902,0.0007111752
8632462302,0.16797699
8633423501,0.85440916
8633435102,0.6397235
8651144702,0.00040981735
8652128901,0.76955897
8663328001,0.34161237
8688852701,0.19429465
8688852702,0.061337058
8705532001,0.023396142
8705793603,0.35711282
8705793605,0.54228204
8716784101,0.34318584
8716784103,0.47075358
8726694203,0.001265375
8733387901,0.9146181
8754358902,0.3101529
8778408101,0.9908338
8788823901,0.5987054
8789967903,7.543252e-05
8823309601,0.73877066
8833986501,0.9196898
8851497101,0.86913735
8851956101,0.016712587
8852008701,0.2120395
8852189402,0.2297568
8861191602,0.000116691415
8881178201,0.9981256
8898627501,0.907768
8898627502,0.86393905
8905393404,0.025775958
8905697201,0.002973548
8905697202,0.00025309942
8913706803,1.4495419e-05
8914097501,0.18322468
8924303201,0.9729115
8924303202,0.28670785
8925222504,0.02536171
8925357001,0.05675632
8930756502,0.0020829695
8931838602,0.77748203
8941135101,0.7267971
8942065601,0.02534901
8956699101,0.57548803
8957784501,0.071550414
8957784502,0.0019624366
8965832101,0.9447121
8974209201,0.45470202
8980662303,6.3030966e-05
8981040401,0.0019200065
8981040402,0.00045943254
8991306903,1.6610556e-06
8996784601,0.9685166
8997116301,0.83882767
9008303701,0.99733305
9008303702,0.0029150143
9016544001,0.64415354
9022828902,0.116025195
9022853401,0.62302136
9022878501,0.9413467
9022890901,0.13424128
9023643801,0.98844063
9041772101,0.73497576
9042252402,0.4419271
9048609101,0.02582403
9049168001,0.06011735
9065882101,0.6775617
9066105801,0.11639808
9066127701,0.1767637
9066386302,0.68083847
9071694402,0.0036076093
9073074701,0.00042965522
9081432501,0.59690076
9081838502,0.9143557
9099943601,0.9560629
9100943301,0.42307058
9107170701,0.35330272
9107893601,0.9168479
9114721801,0.88483685
9124466901,0.95109093
9131653602,0.18692254
9131653604,0.78592557
9132419502,0.030138895
9141025802,0.16631342
9141026002,0.073911235
9141422303,0.00022674176
9475348801,0.9752261
9475628901,0.86707675
9509231003,0.0020638665
9517431301,0.4225705
9518324401,0.018013185
9570260101,0.0014562438
9571788104,0.22052258
9572072601,0.98493
9580433902,0.12226446
9580511005,0.0049142563
9581394501,0.06308028
9584949203,0.001878589
9603923601,0.980113
9647563801,0.9982936
9654057203,0.009946729
9681050603,0.032364648
9681868001,0.26919547
9688924805,0.345673
9708044101,0.15507767
9708421301,0.5689089
9710542301,0.20543563
9710542302,0.5441727
9729263202,0.09392646
9729640903,9.873881e-06
9769165301,0.93722886
9776252401,0.00085082866
9776699301,0.93911654
9788835703,0.9561096
9790248301,0.94777185
9799135801,0.6980325
9831842503,0.006310188
9831864401,0.37037298
10019081801,0.92293483
10019140201,0.5361555
10030598401,1.5178515e-05
10030598402,1.8006676e-05
10031003601,0.03678507
10056971004,0.061421484
10057104001,0.8985511
10057104002,0.39243814
10058843802,0.9615786
10058843804,0.03990914
10068997301,0.076970994
10069995501,0.94873387
10094739503,0.8372824
10094763201,0.0066454364
10094797703,0.013840548
10095808402,0.8517284
10095843301,0.6550287
10096215701,0.03142425
10096417101,0.38169897
10108020001,0.4922424
10108283401,0.0024519153
10119610201,0.77001655
10119610202,0.03203652
10132909501,4.202745e-06
10148655101,0.53715414
10161078302,0.9883288
10161080704,0.99286675
10186375301,0.45848942
10186596501,0.9462015
10199039201,0.951686
10212986001,0.033300225
10224618801,0.903711
10224618802,0.26819822
10224901702,0.9442356
10263813202,0.22334465
10264287001,0.0009106215
10264316301,0.0003343025
10264348201,0.039663896
10274366302,2.0340806e-06
10314524801,0.1137942
10325796706,0.0018379403
10353132902,1.5471026e-13
10364895801,0.9721204
10376367904,0.035763085
10376397901,0.009843015
10390531901,0.27141678
10413925202,0.06928963
10427433001,0.6548836
10441934105,0.00016616702
10479034102,0.92035186
10480383401,0.12753564
10480383402,0.45849356
10493181301,0.9525657
10518842403,0.79747427
10519098404,0.8778072
10529676301,0.005736406
10529676302,0.15564728
10568487504,0.024718823
10837497602,0.0009962078
10837842705,0.0009451717
10859048002,0.09074344
10884591901,0.40042508
10886092801,0.018274887
10886419901,0.0009052248
10886419902,0.0016879431
10898348201,0.9835032
10898348202,0.9911514
10937635604,3.5443892e-07
10938015501,0.29078233
10938019301,0.09573393
10949837601,0.68828857
10950331601,0.7544573
10963396401,0.9571379
10987510902,0.11225122
11001893001,0.02098629
11035433901,0.027909676
11054170402,0.96538126
11061602801,6.549108e-05
11062190401,0.93612254
11062805303,0.13357909
11062805304,0.2173974
11075892603,0.002369613
11087920102,0.32750165
11102317801,0.88237023
11102719501,0.09548965
11126632602,0.06799612
11140384101,0.86327696
11144934701,0.16610098
11144934702,0.026708832
11150781601,0.77456367
11157210001,0.88691634
11162241502,0.35940072
11172093002,0.00217638
11172279402,0.6166075
11172279403,0.19806316
11175985301,0.48357987
11176276901,0.26222557
11177023101,0.038466975
11177053903,0.5206498
11184523001,0.7381563
11188722501,0.7503567
11188877204,0.46925527
11188897502,0.132486
11196832301,0.28875315
11208954303,0.00015905872
11221303101,0.6873541
11226066102,0.19954446
11226298602,0.13264975
11237798102,0.3219667
11257430701,0.027679376
11257592301,0.9592461
11257820204,0.004069004
11257820206,0.003885669
11258650602,0.0002112635
11278457201,0.94200253
11289868301,0.6196272
11289874802,0.004803352
11316068701,0.08923135
11316097901,0.8939721
11326728502,0.0010334476
11326728503,0.0022903502
11339655703,0.6946642
11341112002,0.9997664
11351159103,0.4551163
11376871801,0.99322104
11376871802,0.96920806
11390038802,0.87934166
11413054201,0.00034816642
11413054202,6.8626396e-05
11413963201,0.99370366
11413963202,0.0018126986
11426827002,0.016675316
11793527401,0.7123196
11801117801,0.3726919
11801536001,0.813989
11801607802,0.012445044
11805993502,0.0011821309
11813989304,0.15785782
11813989305,0.17860027
11813989306,0.06225537
11814710701,0.01335566
11819609403,4.5276024e-06
11819664401,0.97424626
11819664404,0.94304323
11819770903,5.930176e-07
11819824801,0.035410568
11820008001,0.0011345077
11828042701,0.43199024
11832157008,1.1756964e-06
11832289607,0.9833524
11843969002,2.7389393e-05
11853010701,0.95385486
11866683301,0.9005845
11879817401,0.76147294
11892274901,0.90452546
11898109002,0.2162301
11904677202,0.040695094
11921955101,0.71982443
11922271301,0.050922256
11922514501,0.36549792
11933439101,0.977104
11938562501,0.69762886
11938810101,0.92975724
11950168708,0.3396956
11950621401,0.10901297
11956086701,0.096030705
11962420701,0.009387929
11967724601,0.86213684
11987903601,0.8522369
11997553101,0.7586834
11998011201,0.05222963
11998113401,0.653755
12027622801,0.23645967
12028115501,0.8839397
12034182301,0.4300138
12039326407,0.0023089203
12039326408,0.026986858
12039326409,0.0126557
12039326410,0.021627981
12039326411,0.001440306
12039513701,0.28646353
12039513702,0.46643463
12039720501,0.76083815
12039721702,0.48929313
12040021401,0.68850994
12061103001,0.97125334
12061103002,0.97904575
12081715301,0.017524136
12081715302,0.63532716
12093407101,0.016180541
12093761601,0.1975152
12094161401,0.9928033
12113719101,1.857629e-05
12145433301,0.3367993
12158637201,0.7007913
12167517401,0.9959299
12200275401,0.90203124
12200597701,0.12775218
12200666501,0.9871924
12220988502,0.28931955
12242476801,0.027919259
12243213301,0.9833487
12253794801,0.92326516
12264264401,0.99865866
12285400501,0.96704626
12317287902,0.006615002
12339813301,0.9883199
12350845102,0.0068490533
12381617802,0.030298352
12390795801,0.4920435
12390866501,0.6612202
12391973001,0.0017811809
12426094001,0.8724636
12426405501,0.96300685
12426405502,0.98207456
12426436303,3.0305155e-06
12458398501,0.74238133
12459356401,0.87798285
12459356402,0.86352086
12479663401,0.6150587
12489976901,0.9893779
12510041603,5.1986694e-07
12510943101,0.93745387
12522039801,0.07852025
12522220604,0.0368453
12522220605,0.0005617703
12522821001,0.8664466
12533032001,0.12428464
12533039501,0.84409875
12546033301,1.7256996e-05
12553900602,0.00055644946
12553900604,0.0022621416
12553921701,9.435564e-05
12565600201,0.22547781
12565956701,0.5010615
12565956702,9.963981e-05
12576085101,0.014624165
12596876401,0.0891846
12606428601,0.9789644
12606499301,0.2237035
12607327902,0.04790646
12607799201,0.82432646
12607810001,0.6415994
12630682801,0.272726
12639315001,0.85759723
12656178701,0.92073363
14059590301,0.0785409
14068744601,0.0013312148
14079745901,1.6824588e-07
14093858001,0.8414547
14094049302,5.505967e-05
14128126001,0.34726948
14128126002,0.92276275
14133479301,0.031283006
14141282301,0.9913453
14143575801,2.24166e-06
14147252101,0.019971384
14148039401,0.41619095
14148238601,0.60006493
14148498103,4.2478036e-06
14171216701,0.93705875
14175278701,0.1703709
14175577002,0.0003066436
14177059201,0.6917983
14180659802,0.0018291032
14181146904,1.6937411e-06
14182800702,1.8020408e-05
14186670401,0.0002500032
14186670402,3.8330254e-06
14187156903,7.8814804e-07
14208293201,0.0117926765
14210530801,0.02927878
14210918504,0.1925717
14214784903,1.8780738e-05
14214784904,2.9097973e-05
14214822801,0.92234504
14214871202,0.9196082
14785851101,0.98643386
14787355302,0.020032063
14884825503,0.0036859203
14910260201,0.89535636
14910260202,0.8987295
14917608001,0.96781105
14917608002,0.9493996
14917608003,0.9807004
14919080201,0.009965777
14919514302,0.53465855
14922069301,0.03080158
14927061301,0.026260598
14927436702,0.50055456
14930274401,0.9983833
14930274402,0.99865294
14930817504,7.691648e-05
14934986701,0.99686867
14934986702,0.99755055
14934986703,0.504344
14939257402,0.7544111
14944716001,7.661549e-20
14944716002,3.6391875e-06
14949842501,0.00014679208
14949842502,0.00013449597
14987370902,0.004198511
14993094602,2.076346e-05
15003020501,0.9976185
15003020502,0.9991653
15009886001,0.9985343
15010147201,0.45017725
15015126201,0.9984017
15015126202,0.99444854
15020394201,0.12176979
15030038803,0.05561108
15032061002,1.7230191e-09
15042980702,0.009255417
15044304601,0.037415244
15051620201,0.9919172
15052358402,0.018909268
15063635601,0.014317159
15063635602,0.43083513
15071886401,0.082907215
15086376801,0.43477562
15088003801,0.7218881
15104739403,0.4883706
15105371901,0.64268434
15118385001,0.0035715546
15118864503,0.017229604
15120148501,0.7369025
15129820905,0.0039782994
15138784001,0.96077275
15138832401,0.052781973
15138832402,0.047591627
15153447503,2.3406078e-07
15160209601,0.012531773
15169357402,2.3463952e-05
15170787001,0.5284442
15212279301,0.020384591
15212279302,0.000285015
15226473702,0.9939308
15235037301,0.795984
15235037302,0.030433854
15245720301,0.8348
15254053806,6.225464e-06
15254053807,1.6234806e-06
15254317001,0.76799744
15254700601,0.07953804
15262595501,0.7286657
15266038501,0.14580825
15289652401,0.961068
15289903601,0.3635503
15290875301,0.0014820328
15290875302,0.00022319357
15290889701,6.189281e-05
15290889702,4.683479e-05
15290889703,0.0026765247
15301725001,0.9145035
15345478201,0.984697
15366956901,0.6990779
15419006804,9.947449e-07
15419966501,0.07188268
15437834606,7.737208e-05
15439316701,0.98130494
15439316702,0.40489697
15439658101,0.0029014412
15439658102,0.000318574
15439674601,0.004621097
15439674602,0.0006372958
15451417007,6.6262835e-08
15452472302,0.07664565
15518488001,0.6210992
15518514202,0.12791295
15518514205,0.20956716
15518987401,0.51403195
15528599301,0.0019479729
15528599303,0.00018194279
15528612101,0.13567223
15538521202,0.0005285762
15551479802,0.0006738829
15562018704,0.97630715
15562018706,0.86092716
15622784802,0.015553875
15622784804,0.018679362
15622784805,0.95061135
15622784809,0.99845564
15623636104,0.16814291
15632989001,0.0516707
15665276702,0.07781847
15666885101,0.8767808
15677513102,0.83261263
15706981801,0.0119313225
15706981802,0.00022407761
15719104502,0.00020336438
15806322501,0.032197412
15806322502,0.032745063
15809911601,0.2407125
15809958001,0.98799896
15814195101,0.99400806
15814195102,0.034546
15815687801,0.6457211
15815893201,0.38293338
15815939202,0.00850099
15815989102,0.04387227
15860720701,0.8102363
15860722801,0.3780439
15860741901,0.028306333
15878178402,0.22262873
15878178403,0.693359
15912169301,0.18270645
15924871502,0.96212125
15947215603,1.5477344e-05
15947227802,0.9931564
15948113801,0.5545821
15948113802,0.88910717
15948113803,0.7048748
15956590202,0.66944
15969873701,0.91047215
15980342101,0.0025640035
15980342102,0.00048962963
16013434801,0.9501712
16036773402,0.70419466
16036773403,0.01225514
16066016301,0.8875826
16066515901,0.9920065
16066526601,0.02448119
16068880901,0.8573627
16084755501,0.737808
16091601404,0.0057358337
16099102201,0.7237712
16099102202,0.8946742
16099304901,0.0038327707
16103732001,0.598302
16108228801,0.06534599
16108228802,0.00043702082
16108592104,0.00031020123
16111060101,0.3782744
16125373001,0.89757687
16126004401,0.8737486
16134286001,0.9916312
16134286002,0.9875694
16143602901,0.0023837602
16154166701,0.054470163
16154930501,0.99823487
16155008801,0.00091509667
16176108901,0.81768185
16176124703,0.17207716
16198132604,6.8096765e-06
16198826901,0.018947095
16210735001,0.00070203457
16241062701,0.07473201
16242925701,0.65337235
16253832601,0.84522694
16255155401,0.43059024
16265142702,0.1386447
16266588403,0.067341655
16338814401,0.0024635857
16340585502,6.2332314e-05
16355726201,0.6276883
16356506601,0.79224503
16356506602,0.018345127
16377210001,0.00015662322
16377210002,0.0075436155
16398864501,0.44391865
16696934602,8.696294e-06
16700979201,0.57483983
16708620102,1.1018769e-12
16730338202,0.9922619
16730403801,0.00040321727
16730403802,0.00032298354
16734243901,0.9383857
16734313302,0.7477379
16736542802,9.339837e-05
16741596501,0.99950516
16741596502,0.9777679
16741889801,0.987081
16752648502,0.97824806
16755489801,0.99775547
16755489804,9.80367e-05
16757013101,0.9797926
16757013102,2.6623297e-09
16757013103,0.038241547
16757119203,0.032291777
16760273802,3.9402075e-05
16760273803,0.00013141148
16760421701,0.5328049
16769439701,0.0028901487
16769572902,0.20596823
16771839802,0.6857228
16775073201,0.94777805
16775131902,0.011693185
16775452301,0.41829425
16779396102,0.007703385
16781194601,0.4625037
16781194602,0.29209954
16995573401,0.00013531273
16995573402,9.02114e-05
17004831601,0.9138837
17023867602,0.0006528868
17024094203,0.53398937
17025467504,0.0045934375
17032889101,0.028899541
17032889102,0.027461074
17033096503,0.0057010134
17033757001,0.0037143237
17033757002,0.0026166367
17033757003,0.011962675
17033757004,0.025176572
17034101102,0.16658832
17042211401,0.9615956
17043049702,0.08669413
17050929001,0.0051554353
17069188506,0.20674375
17069237901,0.990247
17076902501,0.31455612
17077392403,0.06783568
17085770202,0.0027889947
17097239601,0.41065797
17097994501,0.753234
17106091801,0.5373995
17106337909,1.9238689e-05
17106451103,0.00015942233
17129234303,0.010166719
17138585501,0.9748917
17147300001,0.02755515
17147888202,0.07367469
17148036601,0.0074970825
17153235801,0.99259335
17153235803,0.87722456
17153653001,0.9909259
17153653002,0.78947496
17154219001,0.9955663
17154409102,0.00029559276
17163328601,0.005746722
17174562602,0.0008114568
17174562603,0.07807272
17189929108,4.862457e-05
17195529805,4.0032766e-05
17196218101,0.15986682
17196218102,0.0073174634
17196401501,0.12600723
17205337202,0.06346863
17215521304,0.00013844713
17220307703,0.0002970644
17220325201,0.73541147
17220325202,0.027362984
17250251405,0.007941837
17254841501,0.118194856
17263400901,0.9800339
17264424801,0.035357878
17271798203,0.98543906
17272238802,0.017488029
17281527201,0.81915414
17281527202,0.95398134
17289329601,0.9922502
17349331402,0.00019986225
17354412401,0.014677105
17354412402,0.03656077
17354412403,0.004099002
17354483502,0.0016052858
17364872701,0.12863754
17364872702,0.47568613
17365440201,0.043540962
17373887901,0.00019549516
17380768102,0.08518584
17381431501,0.86930615
17381431502,0.5829259
17381455001,0.19590402
17388516403,0.08828529
17389423101,0.022479804
17389423102,0.01009434
17389662202,0.88081264
17406818604,0.005090416
17412582205,0.0074924696
17413303503,0.00011543214
17418211001,0.7961357
17429111201,0.55803835
17429382701,0.0016652877
17572863401,0.9122163
17595347901,0.9546988
17602056201,0.009179587
17603913301,0.2647118
17610827402,0.009525863
17610959901,0.8206736
17611105801,0.30616158
17616422501,0.81739104
17616676301,0.9987419
17687143801,0.99800223
17687143802,0.04688884
17687403401,0.05205871
17693612401,0.02554611
17695537902,0.004234428
17702223203,9.661595e-05
17707733601,0.99850273
17707745701,0.0100210365
17707745702,0.036429744
17707747501,0.643809
17707747502,0.21222281
17711698104,2.847703e-05
17711955403,4.0831293e-07
17717368601,0.8330823
17724213003,0.0016883764
17725470301,0.014597364
17728470202,0.14749439
17730836401,0.99764085
17730877701,0.78683734
17735477101,0.033898994
17738774502,6.572799e-06
17738774503,1.7568931e-05
17904088001,0.3390124
17904198901,0.022440504
17912356001,0.00063186546
17912356002,0.0003042993
17912356003,0.0087455
17930792202,0.9197608
17938380501,0.85860324
17943740001,0.06316763
17943740002,0.49672633
17943740004,1.1372429e-06
17944028903,0.85374135
17957923302,0.011228574
17958004502,0.27349675
17963906301,0.18025754
18134118402,0.7752401
18134186402,0.18906467
18157661202,0.0040495098
18179853901,0.3989036
18245089201,0.5193028
18892340101,0.18063462
18892340102,0.030594772
18916711201,0.99175686
18917239501,0.16313843
18918175801,0.022052681
18944799901,0.95043933
18969437501,0.9965018
18997220501,0.93678665
18997702801,0.97941315
19023050401,0.736377
19050445101,0.9224804
19103675001,0.040643387
19103708201,0.7481132
19103708202,0.0044996818
19135159105,0.0032983795
19142298701,0.99131364
19158371401,0.92233235
19174414201,0.5218785
19186209601,0.51622915
19186718302,0.00023403378
19212631102,0.93055105
19213189501,0.0048819003
19238090201,0.88733655
19239046901,0.9248116
19262673603,2.444629e-06
19263556101,0.6319023
19289499801,0.0023917994
19289499802,0.0027954578
19290685501,0.9562348
19299731603,0.9166297
19301306503,0.09391029
19304883601,0.06998288
19304883602,0.0044495775
19305978503,0.03149683
19312463703,0.04356919
19316382401,0.0031064798
19317415301,0.9234141
19324209701,0.9936512
19324209702,0.9857701
19324232102,0.94409245
19329729401,0.051282898
19329729402,0.023819102
19329739201,0.0045414087
19329739202,0.0023511527
19330551701,0.06455383
19352855401,0.9836045
19358920203,5.262157e-07
19359667302,0.35991037
19359680203,0.7840845
19365589404,2.382431e-06
19377820301,0.9937967
19377820302,0.9892413
19378772601,0.9702945
19378948901,0.14023381
19384952301,0.89365673
19394961705,3.745313e-05
19396503501,0.9948567
19410316602,0.3317503
19421013901,0.1408319
19426444101,0.0045462023
19433831001,0.78979653
19433831002,0.14752865
19433996701,0.553866
19439116003,8.5487874e-05
19439628702,0.99041325
19440839001,0.044381026
19446649601,0.7186992
19447582901,0.96136475
19447582902,0.18500383
19459105101,0.9022006
19479865404,0.773959
19487327602,0.598242
19503056401,0.9288179
19504658201,0.9871199
19510340103,0.06778272
19511848201,0.6046089
19516342001,0.82276237
19516427101,0.77478814
19516427103,0.23141113
19556847601,0.0042431126
19557876001,0.26644102
19610149302,0.033618584
19611596801,0.5419083
19636348401,0.9266499
19637335601,0.7844818
19665444401,0.9978643
19665471101,0.9107421
19679343201,0.9726394
19680816201,0.6944486
19684734802,0.04119536
19690447702,0.07763124
19695427303,0.089799665
19695804302,3.411171e-05
19697034102,0.60634476
19704547002,0.003118413
19707467302,0.89057297
19745290601,0.70391697
19745799701,0.8703327
19746780001,0.41363174
19784795401,0.32040983
19784795402,0.027816266
19806823901,0.14709091
19806830001,0.013382075
19825741102,0.0006185632
19825772701,0.21520874
19884575902,0.00210622
19885122601,0.72741145
19931894201,0.91913605
19957495301,0.98566353
19957531501,0.21305588
19983373801,0.97346604
19983373802,0.7621652
20010068801,0.8782081
20017246701,0.99535674
20017783901,0.45322454
20071837702,0.0002930381
20071844301,0.59177893
20095987302,0.2505966
20119314702,0.002874257
20119776801,0.93052775
20120198901,0.97941464
20164131702,0.00014802882
20171847701,0.9122133
20171879901,0.8215011
20194192601,0.96036404
20194235501,0.017430656
20244560801,0.0056989174
20246185201,0.92107856
20681867404,1.9025698e-05
20697779102,0.005961822
20703226201,0.00030377938
20703226202,9.029966e-05
20711385602,0.0001911694
20711942806,0.18624307
20712481601,0.9450412
20712511201,0.5663788
20725890403,0.12677675
20725890404,0.24109054
20726417201,0.9979011
20734665902,0.98985463
20735276401,0.9465053
20742034902,0.16304787
20750831101,0.93945247
20752078601,0.9651537
20752159901,0.9787836
20752344501,0.0013560819
20755487201,0.99596244
20756381601,0.70240206
20756563501,0.949378
20760243701,0.014940929
20765451602,0.15008123
20765451603,0.23242883
20765455402,0.002584209
20766138101,0.44788995
20766664002,0.2146657
20769515203,0.9423091
20775736503,0.06173456
20775736504,0.0019461913
20775746701,0.8394752
20779901301,0.088080704
20780616901,0.6748473
20780930202,0.8187464
20785898801,0.3787076
20786993003,0.031111032
20795453902,0.2728426
20797839101,0.96464723
20797845801,0.7966863
20798008701,0.49868453
20798258101,0.9286673
20798643301,0.025166953
20798953402,0.618436
20799077002,3.1601936e-05
20803004902,0.6264081
20803778201,0.83451754
20810887901,0.955896
20811480001,0.40715936
20815128102,0.009678803
20815513302,3.1689367e-05
20820384201,0.9984384
20820384203,0.9949521
20820384204,0.9919619
20823122404,0.5520768
20823122405,0.6935549
20829558601,0.99060625
20829696701,0.9240777
20829776001,0.99888223
20829796302,0.8127676
20830098501,3.5722012e-05
20830098502,3.3134434e-05
20832372501,0.91766834
20833033601,0.3392657
20833035301,0.8737149
20833304701,0.14250237
20833567901,0.9763598
20839872807,1.715866e-06
20843557301,0.87785715
20843828802,0.6267553
20844682303,3.166583e-06
20844682304,3.5131477e-06
20848998201,0.9914568
20849184703,0.9751094
20849658702,0.66090477
20853519401,0.9639669
20857996901,0.9827397
20859451101,0.007321765
20859451102,0.00242864
20863817306,0.0025996037
20864858501,0.9945017
20866976401,0.80638325
20866976402,0.8951137
20871068001,0.9984118
20871941901,0.47815573
20876387001,0.0051431158
20876387002,6.98072e-05
20876538102,0.6861771
20877070601,0.9975199
20877097501,0.65363514
20877160503,0.03990803
20881574804,1.5937685e-06
20882540501,0.003131096
20882540502,0.00075886864
20882540503,0.00045317592
20882540504,9.568387e-06
20882540505,0.0002546736
20883055802,0.00051446335
20885855301,0.9787506
20891756401,0.017365865
20891986001,0.8608402
20894301901,0.9348553
20895092801,0.01774396
20895092802,0.0018066536
20895455901,0.36729944
20895507001,0.065548405
20900171701,0.010614255
20900301601,0.0041506025
20900301602,0.00038055424
20900324601,0.00022177058
20900324602,0.00031440338
21162288202,0.0046293656
21168779101,0.872749
21168779102,0.46193922
21174262801,0.9924718
21177924002,0.1323677
21183129201,0.7952795
21186454501,0.04704401
21192554001,0.017706724
21193012101,0.7798104
21196596801,0.6787244
21197189801,0.99225074
21201552102,0.22817355
21212162202,0.21239126
21212162203,0.6442422
21212414002,2.8576591e-05
21216928501,0.9028577
21217568001,0.8769157
21218078501,0.97296226
21230498501,0.007511965
21230498502,0.0142107075
21236733602,0.41659325
21237202202,0.8764401
21237309701,0.078062035
21237309702,0.0361187
21241550901,0.0029938202
21241550902,0.051385257
21241599002,6.1080777e-06
21241599802,4.5279558e-06
21241914001,0.06953931
21245264701,0.5792938
21245906901,0.40287778
21246152401,0.90826744
21251976401,0.87648225
21252856203,4.3635104e-05
21253044103,0.0017178301
21261208201,0.7305974
21261208202,0.6879416
21271137101,0.0027399608
21276053501,0.111409426
21276076902,0.9918196
21283521201,0.99881566
21284496701,0.63980913
21293936101,0.6695342
21299863202,0.00019176344
21302859304,0.02599158
21302859305,0.017700655
21302859307,0.009287541
21311179602,0.0034056592
21319315301,0.16565782
21323016801,0.0341382
21323016802,0.0028061345
21323175402,0.74338126
21323673802,0.0025638992
21323673803,0.0016871342
21323673804,0.0027669994
21323789301,0.93907124
21324029201,0.9747448
21324222802,0.00021467717
21330315405,0.009762049
21334217404,1.4643396e-05
21343634902,5.369234e-05
21344125101,0.16509593
21344177801,0.027298445
21344177802,0.000114174196
21347491201,0.5506797
21351426501,0.50701255
21351687301,0.9676608
21354540403,2.230871e-06
21357923702,0.9559375
21358862903,0.1047195
21369280101,0.50784916
21370744201,0.7918504
21371612901,0.019938467
21376117101,0.9432281
21379547201,0.838043
21382085601,0.9303202
21383074701,0.8979292
21392214003,0.12630758
21392298602,3.4794218e-06
21395552101,0.9970239
21397819501,0.6210265
21401338602,0.0052734734
21401400102,0.3438107
21404624901,0.0027111743
21404624902,0.00548274
21404773701,0.96730644
21405477303,2.3803632e-05
21408274201,0.0053360946
21417636202,0.0014346746
21417639501,0.019082174
21418818601,0.9727154
21419247401,0.006321643
21419247402,0.70957464
21424328701,0.9988403
21424340001,0.3325591
21424464601,0.55447793
21424625902,0.00014792313
21424810501,0.46092004
21425014301,0.3081585
21425357803,4.790994e-06
21429895701,0.638954
21430373501,0.018388739
21431374401,0.9751972
21431625001,0.012585162
21431625002,0.06381396
21433255602,0.5654995
21435519801,0.9737312
21436133101,0.9925639
21437504701,0.76229954
21437890502,0.0075707436
21438904401,0.13551171
21441298902,2.8800262e-06
21441648702,0.00013112041
21441671801,0.14024863
21441803702,0.00063398207
21445435603,4.979695e-05
21445547804,2.1175028e-05
21448380701,0.9156705
21448380702,0.8191021
21449529207,3.206669e-07
21453073701,0.8975844
21453333202,0.59359545
21453810603,0.0001011792
21560515901,0.96351063
21561507901,0.26727027
21570371901,0.99350053
21613660801,0.9444442
21616553801,0.89910996
21619093401,0.004288872
21619093402,0.00069561676
21619579301,0.99080724
21630651001,0.00040902875
21632808001,0.9388808
21634270201,0.5072016
21636770801,0.855559
21638707302,0.033407822
21638871801,0.76598823
21638871802,0.9324314
21639474101,0.97078234
21641956201,0.0005959191
21644441801,0.9870914
21644554101,0.9229037
21646588602,0.19334328
21646621701,0.5645817
21646874601,0.024954854
21648036401,0.9873361
21651177801,0.043520905
21652075202,0.7292983
21652075203,0.793851
21652663701,0.96374047
21654581201,0.94734144
21655239101,0.04192149
21655239102,0.021007257
21658400803,0.7580712
21658400804,0.0010290615
21660914401,0.9390495
21661002701,0.80729866
21661142601,0.8462012
21663805201,0.98041797
21663983902,0.11166172
21666856302,0.08734911
21671727202,0.098813705
21672292401,0.36472732
21679508001,0.7435677
21686895903,0.002794063
21687199401,0.18898608
21691211203,3.520355e-07
21691556001,0.63686794
21693606903,0.7738213
21696909901,0.006366547
21697363101,0.9916385
21699533801,0.7058232
21699683101,0.017612673
21699693002,0.8018204
21701033302,0.0032449542
21701324901,0.0103705
21702837001,0.041803695
21702845301,0.020874344
21703675301,0.85093695
21703680601,0.024579993
21703680603,0.039486654
21705936901,0.0037514146
21705936902,0.018629218
21714502803,0.7122129
21715177601,0.10684883
21718318102,0.978957
21718318103,0.99728286
21718450605,3.8948274e-05
21722071702,0.898211
21725383001,0.73784727
21725383002,0.5301094
21735190001,0.009541057
21735190002,0.010782071
21735190003,0.009239115
21736406701,0.55595773
21736721401,0.9618396
21736721402,0.9940819
21737488301,0.9544154
21738235901,0.12046204
21738722302,0.01484079
21739621401,0.9352932
21741759401,0.97990376
21744156804,0.83514607
21745976502,0.00037160452
21747858501,0.7395688
21747858502,0.8565529
21749660401,0.94933885
21749660402,0.6654044
21752990101,0.99100775
21754901301,0.75708824
21755040902,7.4330936e-05
21757087101,0.81163013
21758245801,0.99786735
21764073301,0.92454994
21765575201,0.019473448
21766073801,0.48489785
21766785401,0.021224052
21766785402,0.5561679
21766795201,0.0041717147
21766814401,0.00024234314
21766814402,0.0043602563
21767280102,0.94337773
21770006501,0.31369975
21778395101,0.013912603
21778746203,0.8368552
21780480001,0.42241704
21780482701,0.32594678
21780778101,0.2778549
21784508901,0.74236053
21784583201,0.047621217
21787561401,0.87634844
21793028904,0.41189805
21793186802,0.9569426
21793242001,0.8719656
21794109501,0.5859881
21794178201,0.18766269
21796264901,0.9704715
21798386401,0.028982768
21798923801,0.0016060036
21798923802,9.434189e-06
21798937102,0.00011330461
21799960901,0.0149056045
21800014702,0.021705054
21802995501,0.034556214
21802995502,0.068349086
21804892801,0.0033480222
21804892802,0.00014358589
21807939301,0.6919963
21813361801,0.9938367
21813375701,0.063993126
21814393003,1.6473168e-05
21814527301,0.005056733
21816012105,3.039877e-06
21816239901,0.85838693
21817353103,0.017141258
21817823702,5.9879327e-05
21820998101,0.25412202
21821046702,0.17334364
21821046704,0.009004257
21827103301,0.124349125
21827849501,0.6423108
21828186503,0.27282378
21828203401,0.00025763523
21828203402,0.00024057733
21828203403,0.00035135934
21828203404,0.002050075
21832096401,0.0023265118
21832697003,1.5781964e-06
21837793001,0.81032157
21839013001,0.9724187
21841795401,0.9508732
21842497303,3.5515146e-05
21843045101,0.99882513
21843171101,0.85467756
21845215601,0.7419032
21846533601,0.0072121057
21847121601,0.9637327
21847667403,0.04366602
21847697601,0.008475931
21848394301,0.9975146
21855367103,0.98454744
21856004104,0.0007261091
21856070101,0.96179944
21858952502,0.9910082
21863120303,0.17930223
21867923803,0.0006483311
21869317701,0.9010077
21875366602,0.57021534
21877724901,0.0015127074
21877724902,0.009017079
21884606402,6.8478207e-06
21886819801,0.7823427
21918310301,0.92290986
21919496902,0.011381611
21940674701,0.5967197
22039160504,8.454482e-06
22039625901,0.7310628
22041468202,0.90019226
22041651201,0.2651609
22042174202,0.63642985
22042245602,0.0005887125
22042245603,0.005258728
22043080101,0.17209451
22043718803,0.7034565
22047113103,7.028006e-06
22047113104,1.3036992e-05
22047420901,0.06331545
22047833502,0.00017003895
22048045001,0.0011540886
22064680205,0.00011734408
22066768201,0.94611335
22067398002,0.010101983
22073610901,0.88939774
22077204801,0.05815499
22077204802,0.6869561
22077721501,0.5997905
22079800901,0.62679905
22079800902,0.06777975
22082898301,0.950598
22082898302,0.73253983
22085933102,0.036848288
22086766701,0.20253673
22086766702,0.1539702
22088892901,0.962271
22090400508,0.00020189125
22093489901,0.029830972
22094523101,0.876977
22096832202,0.29544768
22098420201,0.06145255
22101369103,0.00086580974
22103845101,0.0761186
22103845102,0.036130793
22103887801,0.0034482793
22103900703,0.022295678
22104909001,0.9582592
22106594501,0.31533048
22107750301,0.98414063
22108849601,0.94301957
22109782601,0.0024322693
22109983001,0.9923132
22110111605,2.5535079e-05
22110234201,0.9390017
22110733802,0.10875688
22110800501,0.5747843
22110851901,0.8931659
22115196201,0.016999362
22116154601,0.02640507
22116342001,0.0128168035
22117902001,0.47177097
22117964501,0.9955752
22120066401,0.3071321
22120066402,0.001959078
22120576801,0.7888252
22120977701,0.96007484
22123841301,0.6665367
22127652702,0.0004452803
22131354402,0.7346909
22133708704,0.15154727
22133708706,0.23410572
22135424201,0.7180713
22143361801,0.9423736
22144415901,0.9870712
22151674001,0.99102634
22154093501,0.16408153
22156544701,0.9313011
22156788401,0.9920229
22157408101,0.81004924
22158378201,0.9305448
22159525701,0.50862414
22161997901,0.80754524
22162943901,0.7573166
22164094301,0.24288538
22167799501,0.026048895
22168049702,0.00025177843
22168220501,0.927746
22168220502,0.085095994
22168673801,0.9872162
22169748701,0.9429188
22169765001,0.8297459
22172402301,0.5881348
22172402302,0.84686744
22173421501,0.1906396
22173674001,0.9454571
22174568201,0.023592362
22177719901,0.7808324
22177724601,0.3262359
22179856701,0.6790806
22180188201,0.19833423
22180501502,0.012965687
22180501503,0.036248866
22181043001,0.0009489975
22183805601,0.88748145
22184019601,0.00016122503
22184019602,1.15618595e-05
22184019603,6.8225425e-05
22184630701,0.9269432
22189569005,0.020740576
22189572802,4.0266783e-05
22191094301,0.9583771
22194201401,0.7677373
22194334601,0.69872147
22194347001,0.83777833
22200826501,0.97814023
22201201104,0.35701707
22205099901,0.023272276
22205726801,0.11416091
22208455703,2.1115367e-05
22208687801,0.30837485
22208918602,1.381203e-05
22208918603,1.8824096e-05
22211641901,0.90635055
22212659301,0.0055689206
22216033601,0.7554783
22216033602,0.127209
22216570801,0.8218675
22216579101,0.9462951
22216579102,0.9794741
22218443806,0.0016972955
22221648305,0.001156778
22222977801,0.9427377
22223061701,0.9520149
22224039201,0.47719467
22226337501,0.93405896
22483758801,0.00495624
22483758802,0.00044587266
22485147603,1.9503732e-05
22492891801,0.9964218
22493069501,0.9849931
22496451701,0.97002405
22498095001,0.6077963
22504037201,0.9948236
22507683501,0.8354149
22507683502,0.9622292
22510010602,0.007025969
22511986801,0.8708718
22511986802,0.98811847
22511986803,0.9866355
22514644201,0.6589962
22514674901,0.007096333
22517492602,0.0037637716
22517855904,0.7659381
22523551701,0.99729055
22524306902,0.5732754
22525381901,0.35916746
22532909603,0.35036346
22541044101,0.9202687
22541344601,0.99665314
22545250102,0.0005463924
22545250104,0.0011122046
22545675103,0.5122699
22574095501,0.9497702
22575075201,0.97244936
22582540101,0.0022867443
22582540102,0.0040242467
22594300401,0.98999435
22594767401,0.89171135
22604745701,0.92673
22638249902,0.5584517
22672232001,0.25685757
22672232002,0.051098116
22672232004,0.6488187
22683261501,0.98297924
22683287103,0.00051272515
22702617101,0.0003257909
22703128501,0.023726963
22703623401,0.031540703
22703623402,0.5001452
22713709301,0.8639668
22714156601,0.99513197
22746079401,0.60668844
22746581101,0.7640055
22746604201,0.59864485
22746612201,0.0005312492
22747060403,0.55180234
22747585002,5.9813046e-05
22747585003,0.00012021244
22769036401,0.41913757
22779793802,9.562679e-06
22781298204,0.000100051126
22789763201,0.018533327
22789779601,0.9890366
22812334101,0.98134506
22812804901,0.0017987291
22834291301,0.638501
22834332601,0.88794744
22862957201,0.019892206
22862962201,0.0013429549
22873211903,0.8827801
22892300705,8.6627115e-05
22892747501,0.19062276
22893246301,0.09439062
22893257401,0.6909753
22893269302,0.32509917
22911825702,0.67648655
22911847001,0.97853917
22911847002,0.9705066
22911847003,0.91244197
22942425302,0.036351256
22942427801,0.029137462
22942482604,0.0030301292
22961976801,0.398274
22962968601,0.8498071
22971606501,0.059876356
22971646101,0.4364297
22972674801,0.0008828657
22972674802,0.00019900009
22972674803,0.0006621027
22981724401,0.28974807
23002970302,0.009307006
23002983901,0.021812007
23004470901,0.7142418
23015290001,0.6105735
23035362101,0.87432
23057082901,0.966099
23058130401,2.351813e-06
23079372001,0.96067256
23090832901,0.9286388
23102425101,0.036281608
23102425102,0.103907
23102870601,0.9082146
23103886301,0.70069075
23107341601,0.57813466
23107350501,1.3138502e-06
23112834801,0.25113538
23113689703,0.00019647785
23125098401,0.98420554
23125142202,0.914359
23125580901,0.22801453
23135126301,0.91720825
23135167201,0.059178527
23135171804,0.6254366
23135623801,0.8764313
23135659901,0.5482359
23136122801,0.61091757
23136122802,0.22620466
23136122803,0.144244
23146193401,0.015891602
23146193402,0.0007691305
23146193403,0.0017000894
23157353201,0.9243406
23172100501,0.9838194
23172100502,0.9886502
23174490501,0.5643165
23177003201,0.97723514
23178018201,0.5776911
23178490102,0.94322187
23180188501,0.15496479
23190221601,0.9783136
23190221602,0.13809079
23197688301,0.8868871
23197743802,0.7617596
23209700402,0.9688074
23231213701,0.23117867
23243648101,0.87618715
23254876103,2.345761e-05
23265254301,0.01569057
23276038102,0.52974945
23276887201,0.04633159
23285972001,0.02947521
23286914102,0.8050172
23286914104,0.8261092
23287386901,0.9282656
23298543101,0.020432098
23298545802,0.99465925
23299544601,0.015974812
23300046202,0.9372696
23310541701,0.23811471
23310541702,0.00020483164
23311586404,0.9760961
23332010701,0.9306732
23355321002,0.003029427
23355354701,0.9236398
23355843001,0.96167696
23355843002,0.9960376
23356301702,0.989677
23376269705,0.17772105
23377274401,0.72522813
23398218101,0.8283524
23410160201,0.9901517
23420323404,0.62851816
23431021405,0.86779904
23442220502,0.0032700615
23442220503,0.0063358773
23453219601,0.31527096
23453966101,0.53101665
23463895601,0.9867764
23474773401,0.16571006
23496903003,0.98114717
23496903004,0.998218
23509219903,5.6427638e-05
23518729202,0.04959542
23519268102,6.759348e-05
23520285401,0.54216665
23531881401,0.7757553
23541531501,0.83295137
23541623201,0.9129936
23542521601,0.94896334
23552279601,0.01620271
23553247401,0.014192113
23553303201,0.71711767
23563172401,0.010010242
23563172402,0.06433822
23563172403,0.00032664905
23564189001,0.0037466616
23564189002,0.044921853
23573923701,0.9028141
23583698801,0.9347334
23606851101,0.1690778
23629031201,0.01669617
23629910601,0.8075555
23629910602,0.0015236314
23629938301,0.8923447
23640949101,0.06888683
23640949102,0.00022352336
23672559601,0.002598503
23673050801,0.93418556
23683298401,0.47517246
23683818103,5.8492984e-05
23693775801,0.9710579
23694796301,0.0918357
23695303701,0.9912452
23716404801,0.002641468
23716458801,0.11070338
23716458802,0.7966258
23717288501,0.98509187
23795745101,0.15666038
23795745102,0.6225923
23796990004,0.001173673
23805885501,0.22362535
23805918001,0.99204004
23807039601,0.013548025
23809035801,0.0006511254
23809098302,0.64944375
23812303602,0.57383704
23812303603,0.48239553
23812380203,0.30011874
23812401603,0.94768894
23813118203,1.5805794e-05
23818056201,0.006994934
23819575802,0.00013611343
23819770901,0.9826826
23819770902,0.00040748873
23822807301,0.10543288
23886995603,0.0011046267
24549381901,0.30932897
24549662103,7.0685763e-07
24552442202,3.1235053e-05
24552475402,4.833515e-05
24556561301,0.97058827
24556863401,0.006729046
24557497101,0.9176829
24560385301,0.015207055
24564376002,0.20773238
24573035201,0.45856935
24576474701,0.9747062
24581040301,0.026798436
24583900004,0.049275167
24587862401,0.9805288
24588812404,1.5394074e-06
24593297202,0.29625964
24598067702,0.89072335
24600223201,9.614402e-05
24600223202,6.4687716e-05
24600621501,0.53744036
24601170001,0.07802685
24601170002,0.9352433
24601849901,0.0725187
24601849902,0.0011618804
24601849903,0.4636351
24601849904,0.0002655964
24603533501,0.9926681
24603968601,0.42579168
24603968602,0.17898819
24603968603,0.6521002
24604617403,0.0008219073
24605227504,0.06594019
24605394301,0.047288895
24605394302,0.034963105
24607585101,0.2941809
24607593601,0.9035039
24609526002,0.0014513984
24611740101,0.7298119
24612322301,0.96244
24613706502,0.88809603
24614521102,6.727986e-05
24615293403,6.434281e-07
24617485301,0.006294631
24617708302,0.011554989
24617945503,0.99913776
24618940801,0.3883184
24619891502,0.01153545
24620686901,0.7966609
24622419701,0.032987606
24624474101,0.010685936
24625720401,0.6902408
24625720402,0.7907461
24625811502,0.6523084
24627345901,0.84781235
24628859601,0.5131435
24628859603,0.8553537
24633486901,0.85437334
24637396302,0.020212388
24639354902,7.697302e-05
24639639401,0.85351247
24639676501,0.98036826
24641295401,0.98161465
24641921101,0.29551876
24641921102,0.030732451
24641921103,0.16482688
24641926001,0.048889246
24643969602,0.17818819
24645286103,0.8774449
24645296502,0.95624495
24650911201,0.8359794
24652557704,0.00011587117
24652579902,0.15778585
24655223401,0.00022188915
24655241401,0.110746555
24657290602,0.9534978
24658694001,0.34558755
24659711403,0.9929283
24660704601,0.006724488
24660704602,0.8980028
24660776002,0.005036025
24661442601,0.97927994
24661690702,0.00015054981
24663933101,0.9915872
24675923401,0.97046125
24687771701,0.9857364
24687793901,0.48952585
24688478702,0.030345192
24691290901,0.7354894
24692315202,0.0003329723
24702920902,0.000335708
24703510304,0.00834109
24704045401,0.061244745
24704054801,0.006123466
24704089201,0.023170821
24704089202,0.01096919
24707346801,0.23088722
24714373101,0.013446568
24715235901,0.30682147
24719214304,0.0008686173
24719233201,0.00027034062
24719233202,0.00021465641
24719233203,0.15576279
24721732801,0.9731898
24722186901,0.44778547
24729893501,0.054185215
24730371701,0.08771573
24735402302,0.030887635
24742043703,0.0052110157
24742057301,0.98885834
24744163501,0.6301609
24745174101,0.010488421
24745174102,0.2106173
24748747801,0.005797421
24748749901,0.02390102
24749324801,7.37583e-06
24749324802,0.020978536
24750520501,0.98356134
24757802801,0.8136144
24764919603,6.000742e-05
24764919604,6.782939e-05
24765332701,0.64140743
24765332702,0.1648873
24769748502,0.9963889
24770252501,0.007837082
24773016201,0.9431734
24773592201,0.95995784
24778146401,0.8616111
24778146402,0.90982497
24780832201,0.04324295
24781303801,8.501802e-05
24785025603,0.95585597
24793347701,0.9848091
24793347702,0.97494036
25556746001,0.78599405
25556746003,5.7227386e-05
25558687201,0.8646207
25571712403,3.3286394e-06
25576031901,0.13899773
25576031902,0.006312154
25576614501,0.44331667
25576684701,0.049386643
25576988707,5.705585e-06
25578431601,4.402543e-05
25583238602,0.00055882003
25598969802,0.0002217693
25607453305,0.0007631201
25607453306,0.00039826377
25608610301,0.009588098
25621352802,0.071078226
25622677502,1.2665528e-20
25623995302,0.011574066
25637446901,0.7731053
25637446902,0.94662035
25637446903,0.56199545
25638076101,0.32905647
25639025101,0.4902355
25654092301,0.032938194
25695422201,0.116711035
25695825401,0.1316938
25709323802,0.33991653
25724885602,0.00035642914
25726621001,0.0017898547
25726632304,0.10685732
25741194501,0.99736613
25741598902,0.034985196
25753472601,0.7907886
25754091102,0.74621993
25754091103,0.64507204
25754095701,0.033224244
25754095703,0.5573187
25754095706,0.21202143
25755065301,0.15335996
25755065302,0.0003593753
25757187203,0.14552473
25757707402,0.38331163
25761106302,0.0010376627
25764177801,0.42465496
25768437801,0.030268071
25768558601,0.98565
25772023402,0.019342693
25773707302,0.0010042768
25773707304,0.82900614
25825209501,8.8756045e-05
25826069501,0.65779763
25826069502,0.746653
25826202302,0.28123128
25842192501,0.00044864538
25842192502,0.0006198843
25842192503,0.00015542141
25849045303,7.217616e-05
25858126001,0.97255784
25858126002,0.57133293
25858126006,0.024134306
25872013903,0.4867458
25872013904,0.64585215
25874292302,0.027278306
25881341102,0.045396313
25881390301,0.78901523
25881390302,0.5995685
25889775501,0.95332956
25912451601,0.9917555
25912503502,0.43831822
25912503505,0.037001457
25919953404,0.0016254066
25948133904,0.94452363
25948839702,0.0017763072
25958968901,0.12494696
25963244204,0.8063621
25967529501,0.95870167
25970124201,0.8876845
25980273201,0.87745374
25994657402,0.9389033
26000432401,0.9970426
26004372301,0.9797688
26009174902,0.953713
26009712202,0.122434415
26009712203,0.03192499
26009712204,0.9900844
26009771102,0.6548939
26009771103,0.21878338
26012982601,0.11077407
26013232701,0.0059411586
26013232702,0.005710195
26013233002,0.1312413
26016045303,9.944643e-06
26016048201,0.6444089
26016048202,0.73166794
26019054701,0.014161014
26019054702,0.010822075
26024225701,0.81979114
26026059502,0.014078437
26026893203,0.0014861249
26030427701,0.00021491238
26030427702,0.000118891534
26030429601,0.0012449507
26030429602,0.0006615003
26035350703,9.839177e-06
26035371004,0.008321022
26035371005,0.012393182
26035384104,0.011928196
26035384106,0.015713995
26035558604,0.0013094725
26041493001,0.0009770021
26042445704,0.008294826
26045968002,6.5163504e-06
26046260902,0.06609548
26046665901,0.06777293
26050411401,0.00074573467
26050411402,0.0008314986
26050414701,0.021321034
26050634002,0.08673892
26051993801,0.53436166
26051993802,0.9754122
26054554501,0.9946043
26054617201,0.0025114785
26055984401,0.9885787
26055984403,0.019896109
26060882002,0.9910425
26060922201,0.54762703
26060922203,0.08741022
26070853701,0.9991437
26074903401,0.20898774
26081593601,0.568993
26091366601,0.95889115
26091681104,8.354243e-05
26092100501,0.74301296
26092577701,0.86994946
26092999002,0.60440457
26094918402,0.8916327
26095128901,0.94411904
26095128903,0.9503698
26095128904,0.95365024
26095158801,4.9863794e-12
26096967001,0.011733525
26097151103,0.9453493
26098650401,0.04763188
26099532902,0.9944391
26105522601,0.97442913
26106049303,5.2541304e-07
26109007202,0.90462506
26117841001,0.00092973694
26117841002,0.0005432436
26120389105,2.1020252e-05
26123942502,0.00022476315
26125771602,0.4812223
26130623704,0.9545466
26131421501,0.00063207734
26131421502,0.00060752395
26133274501,0.5162556
26142447704,0.012894352
26144966803,2.028925e-06
26144985201,0.70640385
26145163701,0.00022352078
26145163702,6.9103676e-06
26154570303,2.3571736e-06
26154596002,0.65953225
26158021103,0.49916676
26158160601,0.0010587852
26158160602,0.00031780318
26158392003,0.4846805
26168060203,0.00034489177
26168060204,0.0006611613
26172424303,4.6551872e-07
26174665703,4.94199e-05
26174687002,0.9680025
26177241101,0.97473764
26186740901,0.35165742
26187009103,0.0019637437
26187163801,0.8823229
26187479401,0.4374724
26187515202,4.0491443e-05
26189900101,0.23277962
26190247803,0.08916985
26190247804,0.11401198
26191131102,0.00023136062
26193037704,0.0067099733
26195174804,0.07988491
26204521801,0.0012493879
26204521802,0.01716101
26215523601,0.9112274
26215697801,0.9562071
26215706104,0.001102737
26215782501,0.8042973
26216234603,0.0054003103
26219093503,0.595493
26238506402,0.0006999869
26238506403,0.0013306842
26245583901,0.3634227
26245758702,0.9978002
26250828302,0.0013725497
26251692401,0.9350025
26252300102,0.26575387
26255335102,0.32322055
26255871603,4.84432e-05
26266623001,0.9898746
26270656001,0.007841247
26270656002,0.00014404199
26271099101,0.017057072
26272820802,0.055258684
26272820803,0.04781521
26272918701,0.57640225
26282503603,2.0523665e-05
26283346001,0.094396554
26283346002,0.060102664
26283346003,0.01305467
26283346004,0.7297469
26283346005,0.9801742
26291121401,0.9678284
26293961202,9.3361106e-09
26295481001,0.0031192394
26295481002,0.00855877
26300317601,0.9994111
26303039202,0.98861873
26307226002,7.537309e-14
26307226007,0.08134259
26307393401,0.56450737
26307961704,0.008720651
26307961705,0.0013881011
26307961706,0.0015644904
26308038402,0.71307176
26308463105,0.0065171435
26317656301,0.7076686
26319792502,0.033950936
26331062001,0.8922939
26331064703,0.84705883
26331064704,0.9755089
26335061702,0.9985732
26335076104,0.08685018
26348683307,0.0007465281
26349337102,0.96164334
26349379603,0.00053491135
26357197102,0.03281402
26360788101,0.4227205
26362976301,0.5375828
26366173702,0.98720205
26366872402,0.049968872
26371177901,0.63402516
26371330502,0.33242494
26371330503,0.11997619
26371340501,0.8460207
26371340502,0.946619
26371340504,0.9648093
26371563301,0.38771024
26374803301,0.99712014
26374838901,0.8276648
26376831801,0.032609276
26376831803,0.0022189775
26378510801,0.048204184
26378517601,0.098979376
26378555502,8.20134e-05
26387274202,0.837406
26387429804,0.00777193
26395378601,0.9803885
26395546001,0.8166654
26419743803,0.09863146
26421650602,0.3384807
26448794102,0.031335425
26449602903,0.009426814
26450110701,0.47051948
26536978902,0.6001302
26541498205,0.0005123908
26551039701,0.9819179
26552021904,0.0001085198
26552562901,0.115014635
26565749303,0.21822785
26582101601,0.0037863764
26641246801,0.28256142
26645577102,0.9309418
26645611903,0.42108846
26653025902,0.49390832
26669663701,0.0021304206
26670260503,0.001432319
26685660501,0.05013475
26701274602,0.07340369
26702505201,0.8036731
26714251904,0.5029486
26714771203,0.003800728
26714771204,0.003384819
26714771206,6.638291e-05
26716638901,0.6328073
26716684501,0.1621494
26716684502,0.14842314
26716684503,0.13436227
26716684504,0.16614433
26716684505,0.04595769
26716684506,0.07509006
26716684508,0.7264721
26716693904,2.599318e-06
26716782501,0.62497574
26730331204,0.012092825
26730331205,0.009659845
26730331206,0.041544553
26730668703,2.535403e-06
26730668704,6.508418e-06
26730808301,0.95874166
26758046601,0.90039736
26759440502,0.9981027
26880788703,0.018703531
26974289504,1.4932735e-07
26979548101,0.025393777
26984992001,0.022091005
26991599001,0.8632995
26991610901,0.799093
27028529701,0.38039097
27028529702,0.8942225
27034121401,0.99950874
27034331601,0.4844659
27042506203,0.046998605
27050417001,2.9140102e-23
27050491005,0.11529464
27055766601,1.7944884e-06
27055766602,0.0021115025
27152144201,0.025992427
27152203901,0.92210937
27155498801,0.0026551215
27157468501,0.31919613
27163993103,9.956382e-05
27172670301,0.002654447
27181132902,0.707507
27185283702,3.192824e-05
27185449202,0.5016771
27189259502,0.93003654
27190096001,0.31818092
27190324701,0.94263947
27190324702,0.9475625
27197246301,0.04383785
27208686901,0.6579653
27208686902,0.0003286447
27212748401,0.014148194
27212748402,3.7700866e-05
27212958501,0.0011322125
27212958502,0.0006543366
27212995301,0.5318165
27219488301,0.69889486
27219488302,9.2868064e-17
27219488303,0.987835
27228581701,0.9611627
27235713401,0.99538535
27235713402,0.00093252497
27242919602,0.07327983
27252754601,0.7784782
27256471803,0.8649019
27256471804,0.11855819
27276568603,0.021974796
27276863101,0.9996568
27277359501,0.25831687
27277359502,0.16774055
27277359503,0.67147106
27285353901,0.88735974
27285415703,0.00026926954
27286134003,0.90410334
27322473602,0.017312337
27326899101,0.05691636
27326899102,0.30066615
27326899103,0.55014944
27326899104,0.6760237
27327038903,0.00019565204
27332341801,0.82716405
27369985401,0.46015882
27398839501,0.02150237
27408221601,0.1772754
27415113501,0.9994356
27446160001,0.690176
27641558601,0.14402267
27643954201,0.7875317
27664743902,0.9840746
27683657902,3.273903e-05
27683743003,0.5332078
27686430801,0.9191412
27686430802,0.88614655
27690479601,0.928064
27697729101,0.016919479
27697729102,0.0027002366
27697854801,0.9810983
27701729001,0.097006746
27702250501,0.76138854
27703309601,0.4430985
27706982901,0.95081776
27710375202,0.00015079945
27710395501,0.9870024
27710844901,0.934803
27714798503,0.39761257
27729898901,0.77532923
27730004501,0.7072803
27805099803,0.00060232566
27805531504,3.630622e-08
27818334201,0.5993658
27829662102,0.17073798
27840861901,0.8228067
27840861902,0.96631247
27840939002,0.0006416898
27851841601,0.040564798
27851841602,0.00021226323
27854284101,0.9926784
27854284105,0.92748517
27858939301,0.6677938
27859102702,0.3246466
27859364201,0.942113
27868364102,0.061143458
27868384401,0.9992459
27868384402,0.9982145
27872677001,0.7955871
27873012001,0.003923787
27873012002,0.0017433679
27873095601,0.06894776
27873095602,0.068419345
27877694802,1.5027004e-05
27878011701,0.9257925
27882343604,9.532684e-05
27886178301,0.0005910646
27886182601,0.0002747742
27886182602,0.00012788946
27886274702,0.9973686
27886275001,0.9977825
27886277203,5.8489873e-06
27886621101,0.9942912
27886622001,0.47011623
27889533801,0.10229393
27889570501,0.99301565
27889825503,1.9871889e-06
27899095402,0.99226224
27899166501,0.972493
27908839501,0.5239806
27915500303,0.56345797
27924762801,0.05896673
27925025604,0.028866181
27925155803,0.07099978
27936139101,0.022109743
27942806305,0.9636975
27942972201,0.82316583
27943008802,0.9643756
27943008803,0.9058278
27943042702,0.17051399
27951416304,0.017834244
27951615701,7.0532365e-06
27956970702,0.137625
27956971802,1.603447e-05
27957311101,0.025687598
27957459101,0.032626614
27957459102,0.028836688
27961363404,5.108623e-07
27961595601,0.044704042
27961595602,0.0008870806
27979776201,0.89668775
27979817003,0.0040064296
27995042301,0.011122445
27995222801,0.93268305
27995222802,0.97633433
28005211402,0.047404904
28005269001,0.09250675
28005365101,0.98684317
28005365103,0.24986564
28009683001,0.9223001
28069973201,0.003316792
28090966801,0.029536976
28192762305,0.95927316
28197926501,0.9295805
28205019801,0.60877526
28205180302,0.0065966044
28208557301,0.05894489
28209087502,0.00044568317
28419483702,0.015646575
28419483703,0.06459738
28419676203,0.0001226357
28715696801,0.9973901
28732926701,0.87982786
28735439701,0.95517176
28740200901,0.30497813
28740572701,0.010818092
28742668902,0.16709386
28742818402,1.7885553e-05
28743199002,0.0014549772
28749081302,0.8828416
28749174303,3.9086717e-07
28753093602,0.09996886
28753435901,0.4001818
28758831903,4.8435794e-07
28759118302,0.00064465665
28759118303,0.016790401
28764023204,5.2153115e-05
28764068003,1.0597825e-05
28764068502,5.1753846e-05
28764195402,0.004983324
28771712302,0.61065537
28771712305,0.00047795865
28795766002,0.044910908
28802749102,0.06807195
28806738601,0.9552026
28876984901,0.9989229
29029048001,0.38065183
29040817102,0.08027945
29041097904,0.00013053986
29041097905,8.801426e-05
29054777001,0.35178804
29055928001,0.5712797
29060531101,0.00727016
29069929902,3.3210144e-05
29070370202,0.15333126
29070402701,0.30387315
29070402703,0.42789373
29074019201,0.8850184
29083085001,0.33388042
29083403502,0.055931907
29083951201,0.006189178
29083951203,0.011194221
29095350408,0.0017938454
29095575303,0.06144976
29100079303,0.009532497
29100565601,0.85331833
29100565602,0.7634843
29100565603,0.9743226
29110114603,0.962287
29110228401,0.066119365
29110228402,0.05500969
29110228403,0.059660643
29110228404,0.09057686
29110592401,0.57843673
29132383101,0.84647495
29141720106,0.84985363
29142244001,0.033972934
29144913201,0.41201475
29151753701,0.8789499
29151760401,0.99844605
29152077301,0.012871531
29182529401,0.5446179
29212271704,0.07850783
29212276901,0.00016268784
29212276902,1.2805262e-05
29212768701,0.00037551485
29221488101,0.95803016
29221493501,0.046334945
29221493502,0.043323085
29229480901,0.7129518
29229480902,0.9460006
29241156701,0.9168801
29241523402,0.927975
29247930902,0.8519475
29251239901,1.3501399e-11
29270577404,0.000176403
29282490402,0.847934
29308064101,0.15114138
29315430402,0.00077505806
29316626904,0.0025828995
29322246202,0.02398576
29324062304,0.0043329285
29324609001,0.73859704
29327303201,0.0018159688
29343763701,0.4977883
29348090301,0.0678377
29348090302,0.01943764
29389805801,0.979731
29396538402,0.0023559832
29404794903,7.669285e-06
29405213203,7.2733186e-05
29405213204,0.00015107961
29409296601,0.0027878098
29409296602,0.00022065852
29409382403,3.4000905e-07
29409382803,2.2547978e-08
29414726401,0.79798037
29414726402,0.75709856
29414726403,0.9390379
29414726404,0.92581207
29414807901,0.0012979914
29414807902,0.0011699433
29415492801,0.89127934
29419561702,0.42444217
29419561703,1.6512195e-05
29420837802,4.0177767e-07
29429237301,0.99604934
29432731204,0.000106179454
29434148703,0.3606404
29439947401,0.32189488
29443845601,0.33449048
29443851901,0.29699397
29444175701,0.96634156
29460727001,0.16743004
29460732601,0.10390606
29468766501,0.7991618
29475193401,0.12692182
29478154701,0.99054116
29483547602,0.12107751
29486954902,0.9331062
29487345703,0.5966102
29489270701,0.4228214
29492969502,0.027396
29497805101,0.76732355
29497805102,0.5155744
29498156601,0.96196985
29498222201,0.9706585
29498228902,0.6893927
29504166101,0.090052664
29513104101,0.84978306
29516943101,0.74369633
29517639301,0.9956607
29536876701,0.9231425
29537350203,4.5573055e-05
29537501101,0.8450176
29559371202,0.99822134
29559925601,0.9877659
29559925602,0.48342806
29559925603,0.025578106
29564674901,0.9615709
29578046401,0.8168186
29755818303,0.00021872923
29755818304,0.00017125737
29756126902,0.18839069
29770101304,3.0214933e-05
29771119701,0.1670573
29772274301,0.72513694
29782930801,0.543734
29782930802,0.6241998
29783354301,0.014596606
29805684404,0.00039438423
29805991701,0.52915335
29805991702,0.00033328956
29806911401,0.9897267
29828173501,0.72688246
29838867101,0.40284443
29839044701,0.86910534
29839044706,2.5907707e-06
29852037401,0.006803612
29852843101,0.80632603
29862728501,0.02672365
29863442301,0.4026182
29863442302,0.86409396
29863487601,0.95951456
29871998303,9.433932e-05
29871998304,3.6184723e-05
29872318301,0.7084555
29894113901,0.9756894
29916232601,0.6888441
29917356101,0.0014519766
29917356102,0.7691073
29917356103,0.0013065714
29917440301,0.9603691
29927187501,0.98484737
29927274602,0.00012585451
29939926004,0.38115662
29949898201,0.9914362
29950712302,0.20837782
29971922903,0.00029218328
29972078402,0.00026281498
29972173801,0.7124169
29972871601,0.72113246
29977986802,0.0029134655
29979965801,0.9990202
29987018701,0.02607158
29994528501,0.0013919465
29994528502,0.0013471213
29994528503,0.9717297
30003893501,0.9909862
30008705901,0.00095830456
30014106204,0.00037369286
30014106205,0.001080421
30015908202,9.100187e-08
30016476601,0.98207986
30016656205,0.17563856
30016759701,0.023074817
30016860901,0.8765577
30028954301,0.56897736
30029319702,0.98345757
30030730501,0.8389586
30031613204,0.82905394
30032179801,0.7597909
30032649603,0.006576515
30032649604,0.039156724
30032683902,0.011769989
30037859601,2.196926e-05
30044456803,0.47699544
30044862502,0.65540385
30052399801,0.7737779
30064108703,0.1362968
30071014401,0.8441291
30074436902,0.00061217876
30074542704,4.8331885e-06
30075494602,0.020899191
30076192503,0.9892083
30080830101,0.8793235
30081008601,0.9614627
30081274101,0.9924663
30081274102,0.99197364
30087154501,0.9740276
30087154502,0.0007032864
30087674601,0.60901386
30094897301,0.86021423
30094897302,0.7738119
30095543403,1.3049879e-06
30109886907,0.016808217
30115216901,0.99602413
30115379201,0.14726438
30116063801,0.50991654
30116063802,0.009394062
30125009301,0.9306538
30125334401,0.97079766
30130923101,0.00087614724
30131311901,0.96990687
30139977901,0.89240366
30154499103,5.1271577e-06
30154920102,0.47803068
30155164401,0.9865867
30160961501,0.041120026
30161355903,0.07786329
30175063001,0.26924643
30175063002,0.11807497
30175294302,0.72658455
30189600401,0.023298802
30189603002,0.21497941
30194895401,0.028689433
30194895402,9.058001e-05
30195525702,0.22367711
30195634201,0.8899902
30195634203,0.07595793
30195635701,0.0011693516
30195635702,1.3749676e-06
30205475701,0.9793927
30205497401,0.06827597
30298713005,0.015335826
30298848601,0.036838874
30301363001,0.9739491
30301363002,0.9543403
30301363003,0.7381411
30301708302,0.11977239
30314365601,0.0031515956
30314365602,0.03394478
30326438701,0.09943102
30326438703,0.29467505
30326870702,0.9924384
30337329902,0.11578322
30339007702,0.0035848748
30346690901,0.4466766
30346867104,0.00034903732
30346972501,0.8710947
30348573003,0.03881854
30348734302,0.0007363248
30353147001,0.7228889
30355737703,4.735848e-05
30365284401,0.013409358
30365617801,0.99361247
30365717101,0.9214327
30371152901,0.23111542
30371572601,0.9669462
30378848702,0.280488
30379358301,0.0009489888
30384110102,0.0010529774
30384769801,0.8749248
30389946702,0.8535483
30390173001,0.55170995
30390173002,0.9118239
30399401101,0.48838705
30399951201,0.48011407
30399951202,0.77667844
30399951203,0.5872366
30406573202,0.0007396948
30406638001,0.27754673
30407181701,0.00432726
30407182701,0.9099979
30407401202,0.1978305
30407503102,0.6321652
30407951901,0.9947272
30418255101,0.105835676
30419007501,0.7994904
30423779003,0.00014554273
30423787101,0.9894098
30424573801,0.8382293
30424590302,0.010161715
30427458401,0.00024853402
30427458402,0.000114436305
30432655001,0.9943515
30433113801,0.0073516
30444809701,0.37147635
30448101303,2.2249005e-05
30448178701,0.86561704
30448178702,0.94046265
30448178704,0.89685506
30454564202,0.4547422
30454785801,0.7465853
30466376101,0.47810388
30466376102,0.026796767
30466456901,0.83488166
30469061801,0.99875236
30469061802,0.9994592
30470641901,0.6817946
30470818201,0.89903
30472961001,0.08542797
30473644201,0.84962255
30476876901,0.08716542
30477444401,0.9980433
30477444402,0.9825979
30484227701,0.9280762
30485533602,2.7445783e-06
30486265301,0.00033248746
30486265302,0.00031694784
30486265303,0.0022048284
30486265304,0.0034975822
30486443401,0.03369317
30489838201,0.62207305
30490239003,1.381608e-05
30490342801,0.23729162
30501828801,0.6851218
30501828802,0.9477793
30501837302,0.111035995
30518186301,0.9994648
30532210702,0.00014166781
30532369303,0.00013459855
30532857801,0.80041265
30532986802,0.16200717
30542400301,0.9995846
30542556602,0.14176829
30552180001,0.65895885
30552180002,0.4805235
30575655101,0.43546414
30620131104,0.027413858
30627151403,0.0010861005
30635759303,1.0011055e-06
30645349904,7.384482e-08
30646658201,0.9237963
30657320101,0.46442676
30657320102,0.19529247
30657378602,3.5006804e-06
30657955001,0.0008671254
30663508801,0.9951414
30663508802,0.8724761
30663842701,0.38471997
30672323002,0.0001656941
30672377501,0.55288744
30673953702,0.04420442
30677139301,0.0009814393
30677241102,0.00032366812
30679070201,0.82435066
30679543103,0.40942547
30682369201,0.000538767
30689766403,0.021244159
30692926302,0.20586047
30692926303,0.008667887
30692926304,0.0025265904
30705737802,0.28522527
30709150403,3.8024823e-06
30715884502,0.002529941
30715884503,0.0021793686
30715939602,0.0037774735
30732028202,0.008158049
30732409801,0.6338851
30732748801,0.1320217
30739915702,7.434803e-06
30749068601,0.20659757
30749106901,0.008655576
30749112901,0.0013279722
30749239801,0.21345924
30935049801,0.6522745
30935054301,0.47625726
30935092101,0.9812681
30935092102,0.035195105
30941059801,0.17254542
30948580001,0.65231085
30948629204,1.1137273e-07
30948634103,0.06638829
30948634104,0.24716772
30954461202,0.41687268
30963618501,0.18648134
30965471901,0.7791718
30965761001,0.4673469
30965822101,0.8045286
30965953001,0.044612374
30974462701,0.0009653445
30976004201,0.17815644
30979235701,0.99904543
30995649202,0.5316575
30996336201,0.9770544
30996340801,0.04694084
31009982901,0.6886414
31010281101,0.4529052
31010313601,0.9684392
31010421501,0.025261125
31017413306,0.009599739
31017948602,0.22915034
31018289901,0.45573112
31035510601,0.95661163
31041914304,0.00020787145
31041979501,0.5945354
31041979502,0.0018282685
31042640401,0.9063082
31050716202,1.5569516e-05
31050716203,1.0364302e-05
31050962601,0.0065276087
31051309701,0.25452155
31051309702,0.08999687
31065631301,0.040378395
31066279003,1.7445327e-05
31066294604,0.39675054
31073216103,0.00077791413
31073348401,0.8655886
31079639803,1.0804315e-05
31079639804,1.4749481e-05
31079659601,0.8584315
31080328201,0.0012699271
31085579702,0.6462032
31086235905,0.3632967
31095468503,0.02296217
31095512502,0.8814034
31095512503,0.6523591
31095512505,0.004268606
31095622501,0.9395048
31095960601,0.048302613
31095960602,0.570455
31095960604,0.26913518
31102893306,0.027754541
31103481801,0.94220513
31110694003,6.252735e-07
31117500803,0.8320821
31124246002,3.3829456e-05
31139230601,0.029407792
31139241705,0.0028056495
31141311301,0.0031854634
31141311303,0.022526355
31153074105,0.01085154
31153074106,0.34330228
31153137204,0.04916203
31153423902,0.79327375
31156458102,0.3654463
31189217004,0.8523572
31195859401,0.9528049
31196300402,0.00013601342
31226738103,1.6550732e-05
31238678201,0.81609875
31239040401,0.91050863
31239225801,0.9550392
31264122401,0.032411814
31275867301,0.14428402
31275884901,0.01289848
31287423601,0.95146257
31287423602,0.990498
31287640404,9.231507e-05
31299226201,0.90710944
31299280601,0.034464113
31300028601,0.94826937
31312069101,0.6522721
31312069102,0.6228226
31312389901,0.0769763
31312800101,0.13636698
31324528502,0.049829327
31335382501,0.79190904
31348201604,0.16397487
31360103001,0.63392407
31360186501,0.66103023
31360332501,0.0009667747
31360332502,4.0824096e-05
31360332504,3.0180756e-06
31371563702,0.021870416
31384116301,0.468823
31384116302,0.25635764
31384355301,0.9907375
31384390703,0.9431694
31384390705,0.024950137
31384645901,0.78703064
31394113801,0.9476701
31407379003,3.3241568e-07
31407379004,5.5286245e-07
31419413202,0.00038242055
31443420602,0.96587
31443586801,0.81489015
31444058201,0.006958743
31444058202,0.0072225635
31456224401,0.8931464
31456224402,0.93799824
31456540002,0.030093912
31486596201,0.9608487
31493998303,8.98853e-06
31494107001,0.0071420576
31494107002,0.19871284
31494111801,0.0027703575
31494111802,0.030853372
31508122701,0.99644226
31519888203,0.9542586
31528635401,0.52701193
31551522401,0.00062540645
31551522407,0.8579366
31552073101,0.019449895
31552916201,3.470689e-05
31552916202,6.0855367e-05
31552916203,0.0026991046
31552916205,0.03166133
31554413001,0.9294798
31554555501,0.73407966
31564628603,0.9965024
31566869501,0.027854018
31576279901,0.019982329
31585451401,0.10151624
31585451402,0.68843305
31609788502,0.043411147
31634576701,0.99338645
31671014801,0.9396953
31685520601,0.63094914
31685520602,0.6455887
31685540401,0.026540367
31685540402,0.2850012
31685879501,0.14624107
31686730401,0.9662566
31715386201,0.012526515
31725062302,0.011877431
31804494102,0.39526305
31818199701,0.046235893
31818199702,0.009040048
31821351901,0.010183063
32227262801,0.9920981
32227262803,0.9624935
32290232001,0.005629987
32290232002,0.007428362
32290232003,0.010108716
32300722302,2.4783714e-05
32300820904,0.006594247
32306061402,6.5526558e-09
32306315602,0.034967657
32306337701,0.77471215
32313365901,0.018747255
32329547901,0.9991947
32335522503,0.8329971
32342670405,0.941197
32342916601,0.8695125
32343234404,1.1349008e-06
32344319401,0.010014795
32344319402,0.16219005
32344329103,2.9574866e-07
32346111801,0.76195616
32351102604,8.011859e-08
32352156203,0.66785854
32352169403,0.0011446625
32356256401,0.18831041
32356372903,0.0010927293
32362403904,6.15696e-07
32364689601,0.0001449376
32364689602,1.2630939e-05
32364897501,0.15658684
32368510503,1.5061935e-06
32372755601,0.0071143345
32372755602,0.033393435
32373224603,3.6295323e-06
32376232101,0.939752
32376427701,0.0014801545
32376427702,0.0006729325
32383694501,0.003113078
32383694502,0.00078957505
32383694503,0.025806352
32383743401,0.9843338
32383743403,0.9993685
32386421903,3.4334755e-06
32387642601,0.9454227
32387823602,0.0012257535
32396848403,1.3724026e-06
32396856601,0.0015432005
32396856602,0.0009135208
32398924701,0.03240647
32399241101,0.8626481
32400358301,0.99601364
32401024105,0.75905174
32404819301,0.64208114
32411913502,0.00010097145
32412829502,0.1997715
32414433702,0.0010257607
32420035801,0.019672547
32420452301,0.871723
32420575301,0.94722503
32420575302,0.74664533
32420822401,0.483068
32420822402,0.016029295
32431692402,3.9923116e-06
32432445403,0.06815794
32442452704,0.9298377
32442469603,0.005739737
32442833403,0.0043752063
32443497801,0.2674523
32443724004,0.98574245
32449469804,6.8296813e-06
32450262801,0.77965444
32460755801,0.028955996
32460851409,0.00027250824
32461281201,0.0032553847
32461281202,0.0026145282
32465481104,5.4568133e-08
32474838902,0.9551295
32475731102,0.0027083058
32475935204,0.04089764
32476072101,0.21288116
32477497902,0.86100465
32477497905,0.96059155
32485285301,0.993771
32485285302,0.9894237
32489057101,0.004900531
32489057102,0.0033781289
32489275701,0.614709
32489361302,0.00050721236
32492783604,0.013795502
32501276804,5.966951e-05
32556374402,0.3480691
32556436601,0.16499504
32556436602,0.87800133
32571096402,0.9846726
32571096403,0.028686715
32571629603,2.99747e-06
32584736001,0.9834457
32587099002,2.0196246e-07
32587307601,0.0006095093
32587307602,0.0006497797
32588833501,0.026237343
32602282201,0.31432396
32612924502,8.782253e-05
32612924504,0.00043170332
32622535503,0.6966768
32622535504,0.048105992
32638138401,0.12478804
32640871801,0.8054215
32641199403,0.0026339535
32641199404,0.0015348834
32651018301,0.97154385
32659876601,0.8816678
32659876602,0.87029535
32668934407,1.107149e-06
32669214401,0.4842232
32669398801,0.9708881
32675196001,0.9285093
32676001002,0.0008903938
32676544401,0.7186701
32677189203,1.6995786e-05
32690667202,0.00457559
32705486401,0.8740518
32706790601,0.0034199003
32706987204,6.384347e-06
32707125401,0.035022147
32707125402,0.03376138
32730440601,0.005545744
32738237101,0.9352871
32738237102,0.013713779
32738237103,0.81230634
32738995301,0.14053169
32739067303,0.7106297
32753630101,0.4484762
32784687701,0.33696988
32796910402,0.00210101
32814130501,0.012113809
32814453803,5.284654e-05
32814799802,0.91862804
32815595301,0.8812135
32830675501,0.040175643
32830675503,0.0012167695
32845763901,0.9124526
32845763902,0.661231
32862415802,4.2291438e-05
32878113301,0.66588145
32894674901,0.008600574
32909842101,0.5516705
32910447101,0.9789722
32925562201,0.97841054
32939977204,0.002905743
32940118302,2.4065346e-05
32957299901,0.011217978
32957942701,0.8673207
32958050701,0.95425344
32972016201,0.8859111
32972016202,0.94987273
32972706401,0.022567868
32973392601,0.5749895
32984872201,0.71160954
33016782201,0.9340701
33017591802,0.00052652933
33017594302,0.031139951
33035746001,0.076634735
33051467502,0.7115382
33051605001,0.0036631075
33080881201,0.1981821
33096295001,0.3547857
33096890201,0.9957651
33113133001,0.32223552
33125910901,0.04170547
33125910902,0.010136529
33143630901,0.72308177
33158594701,0.53535986
33159736001,0.09210176
33176314802,0.45718548
33177386502,0.0025818166
33177387502,0.027193712
33188966805,0.022599582
33189172901,0.88899297
33202650201,0.38437885
33202859802,0.021313682
33218409501,0.97148174
33218409506,0.0019614713
33219007502,0.019218147
33219100502,0.30173436
33219394901,0.0046788966
33244230008,1.1055904e-05
33244372401,0.865683
33518625602,4.6105254e-14
33519369401,0.5097221
33520653102,0.3511989
33520653103,0.53122044
33540139101,0.037898496
33540210101,0.9942642
33554524001,0.79446876
33554524002,0.37517667
33556261502,0.02353761
33570153601,0.9481841
33570153602,0.9376147
33601247201,0.78959745
33601247202,0.7553181
33602313701,0.21425907
33613706502,0.0016655625
33614287701,0.032568164
33614287705,0.9743344
33614552001,0.004507461
33657475801,0.949375
33670052102,7.687502e-05
33670730501,0.85543895
33685520901,0.76991445
33686333101,0.53653026
33696405901,0.015063546
33696405902,0.0005742876
33697138001,0.45446187
33697191503,0.023586277
33712610301,0.08485562
33719302801,0.6003801
33719312802,0.0018684443
33719535302,1.281882e-06
33720058701,0.009565918
33720058703,0.006704298
33727469503,0.3572182
33734938102,0.0027173683
33739324701,0.9680003
33739881902,0.00093127
33740881301,0.9804828
33743756601,0.45199752
33743756602,0.0010395
33756090701,0.9359061
33769074701,0.62455297
33780683201,0.9911935
33787999701,0.9500499
33788545601,0.9251465
33794511901,0.990338
33794511902,0.98322093
33795222901,0.89112633
33799519402,0.00063021824
33799519403,0.0019123846
33800923301,0.7789578
33809866701,0.98131263
33811950201,0.02093079
33823254301,0.88491225
33829381102,0.9010198
33835052701,0.8435228
33849206802,0.0110908095
33849356703,0.0002137743
33863576701,0.7791536
33863576702,0.022847304
33873659101,0.010926766
33873673301,0.35714325
33873673302,0.38080725
33873942601,0.013294712
33885756704,0.00050821534
33885997804,0.12152885
33901599101,0.99224067
33927944001,0.9465548
33944248401,0.26601505
33955867801,0.8970555
33956336701,0.0013207424
33956342601,0.0035628502
33956454401,0.0011711369
33956455101,0.0015113133
33956484501,0.0006097431
33956545201,7.4106865e-05
33956554206,0.032168604
33956558401,2.2993356e-05
33956558402,1.9746007e-05
33956558403,1.3069482e-05
33956573901,3.3033673e-05
33956573902,9.895976e-06
33956574001,1.624898e-05
33956574002,8.4319545e-06
33956798501,0.011480247
33956798502,0.04925656
33956800601,1.5571139e-05
33956800602,3.6958085e-05
33956800603,0.0003696941
33956805901,0.0023501155
33956807101,0.18842553
33956807701,2.0634161e-05
33956807702,2.406688e-05
33956807703,0.08683015
33956812501,0.0014408272
33956817001,2.8453413e-05
33956817002,6.2449153e-06
33956817003,5.8738165e-06
33956820001,1.2474441e-05
33956820002,0.00018101597
33956820003,0.0030758046
33956824702,1.0
33956824703,8.055185e-07
33956824705,7.1271035e-07
33956824708,3.0364103e-07
33956827001,0.011888542
33956832801,3.234685e-05
33956994201,6.54774e-05
33956994202,4.7857066e-05
33957015301,0.009954742
33957015302,0.0019367249
33957026001,4.253291e-05
33957026002,9.566688e-05
33957300901,0.3352764
33961188301,0.87812334
33963358402,0.00039586294
33968020301,0.049304694
33968020302,0.0003363723
33968055201,0.0021936442
33968213401,0.9909332
33968283004,3.9003368e-07
33968544502,0.6429033
33968544504,0.8053772
33968815801,0.32088324
33968950202,0.7160344
33972309902,0.052527763
33973301301,0.8990015
33973301302,0.85514444
33973301303,0.8218066
33975272901,0.8496457
33975656101,0.15772319
33975889702,0.2298621
33983299501,0.04225766
33983649001,0.9734596
33991355001,0.46336338
33997920001,0.7403466
33999003801,6.699576e-05
33999003802,8.149856e-05
33999003803,0.00093119347
33999003804,0.0009667732
34009360401,0.027070448
34013076702,0.95892614
34013076703,0.024703555
34013076704,0.04878915
34016460202,0.9668437
34016616701,0.9688317
34017008002,0.8220102
34020604405,0.2728145
34027438401,0.19655123
34028148307,0.59227026
34028560001,0.73283756
34028802201,0.0010602083
34050494501,0.23838322
34062040703,0.053206358
34062928903,0.00914422
34063019701,0.9290638
34063019702,0.9330182
34067038701,0.06300646
34067052301,0.009452107
34067092201,2.156684e-05
34067135701,0.13772288
34084498402,0.31463146
34084582603,0.3550617
34084689101,0.023504432
34084689102,0.0002515103
34086810801,0.79565233
34086831801,0.99306375
34086991502,1.8016697e-05
34087762601,0.93879896
34087762602,0.90608007
34088361401,0.9476073
34103148002,0.0037594077
34108527302,0.00028902024
34108771701,0.9086959
34114294302,0.000105113075
34114294303,0.00092947966
34125076101,0.93920237
34125818201,0.07126305
34125818202,0.00035945742
34125998901,0.79384696
34126184601,2.1139394e-05
34126184602,3.844828e-05
34126197001,1.6259859e-05
34126197002,3.790707e-05
34133886502,0.042752475
34138218301,0.00088035385
34138220901,0.012979148
34138220902,0.0031883311
34138525601,0.9866571
34139966801,0.13998473
34147057401,0.98509175
34147057403,0.39740825
34147613001,0.9737086
34147927603,0.00012455821
34151302001,0.33173886
34151521401,0.08023128
34151521402,0.0002740599
34151535501,0.047787923
34151535502,0.00071955635
34152008201,0.9734499
34152033401,0.0038021933
34152033402,0.0002681465
34152033403,0.00030403168
34159787501,0.9608042
34171016301,0.98845893
34171016304,0.29624274
34171577402,0.34525487
34180339901,0.95115405
34180340101,0.92147017
34180590801,0.9930027
34180590802,0.3721111
34181881101,0.88309073
34183842001,0.6203458
34191252203,0.22253607
34191720604,1.3162906e-05
34191720606,0.00010913613
34195221801,0.50510925
34195503101,0.004002664
34195503102,0.022082675
34204300801,0.21235366
34204465701,0.9245753
34205138703,0.0010167873
34205138704,0.0030206377
34213578102,0.03324126
34223289101,0.9208998
34223686701,0.73408794
34225913701,0.01634195
34225932401,0.023107544
34225934401,0.028461484
34236051401,0.06929406
34236051402,0.74200666
34239922001,0.020964423
34239922002,0.00013300509
34246945501,0.9647445
34246945502,0.91869664
34247401001,0.9618914
34247401002,0.092152506
34255472301,0.34255716
34255632101,0.9694407
34256752902,0.0032383078
34256752903,0.2603924
34256769501,0.7115813
34261796801,0.9862665
34268386002,0.6024539
34270269903,9.116234e-05
34270269904,3.0040741e-05
34291558001,0.01792716
34303199501,0.9566773
34303480901,0.5300463
34311938102,9.569111e-05
34316698301,0.6837213
34316698302,0.5424821
34325328205,0.00012096992
34326030702,0.073902644
34329605902,0.00019674315
34333867602,0.79562056
34336548101,0.8305749
34336548102,0.9944602
34336548104,0.36143315
34337716901,0.9865991
34337724601,0.26561463
34337745701,0.0074440795
34337762402,0.79532444
34337834501,8.7723965e-05
34337834502,7.947374e-05
34338368101,0.008111197
34338368102,0.009865313
34344943703,0.3698889
34354122201,0.86375356
34357397102,0.8011511
34357397104,0.9805757
34357397106,0.39723945
34357569402,0.8222413
34358582401,0.3092876
34358700001,0.94139206
34364733501,0.77955425
34364813603,0.9639223
34364945401,0.98005533
34365125505,0.007902382
34365219603,3.054661e-06
34368152403,8.067857e-06
34368187801,0.41711265
34368487603,5.0143876e-07
34375729902,0.04415393
34376193202,0.940255
34376436001,0.935432
34379800101,0.15638614
34379949301,0.00034425978
34380086601,0.9676379
34385424001,0.972012
34388482501,0.97207516
34388482502,0.9575534
34403162701,0.9106317
34407735302,0.0014960064
34411135901,0.2059683
34411269001,0.014478839
34411575001,0.46723568
34423230001,0.9255329
34423441402,0.011343178
34425865701,0.00012991889
34433722504,9.872065e-06
34433722506,7.155505e-05
34433771301,0.009936244
34433870301,0.057919033
34433870302,0.50596786
34435187103,4.616539e-05
34439801801,0.99449205
34447050903,0.0028220995
34458859903,0.010293179
34460040201,0.95818424
34460426301,0.014903048
34466759001,0.99253064
34467085401,0.8785247
34467085402,0.036517255
34467569401,0.76159286
34469160301,0.98628855
34479463202,0.02409715
34479692104,1.0270263e-06
34483848801,0.9421072
34492558801,0.0027103077
34492558802,0.006850489
34496460802,0.26829016
34496955003,0.074536726
34497489301,0.96551335
34509282901,0.9405759
34509763401,0.119783975
34509763402,0.42765197
34517331502,0.06276466
34520447101,0.9026738
34537130801,0.015497419
34554436101,0.93683845
34554436103,0.9986811
34554812702,0.0005104579
34555184101,0.6559876
34555184102,0.023506127
34555192801,0.0019388285
34555390101,0.7925397
34582224601,0.8357811
34634767701,0.99778384
34639827902,0.7630204
34640522601,0.23578206
34652034102,0.0003462369
34660497801,0.77564913
34672609202,0.0005559931
34672720101,0.09911285
34672720102,0.25768697
34672720901,0.8804611
34672792602,0.6732617
34674306203,0.6202078
34677039204,2.487417e-05
34679228101,0.99711597
34679523601,0.6837344
34679674101,0.7650923
34681068601,0.09419312
34681288703,2.7411327e-06
34681395001,0.12051447
34682256401,0.28225008
34682501402,0.0126303965
34683058301,0.018907206
34683058302,0.006741488
34690292304,0.8172116
34691262301,0.9786644
34691262302,0.004267497
34695350801,0.90233433
34703035501,0.9973997
34704243201,0.11055593
34704243202,0.01876874
34706869302,0.07795866
34708176101,0.0009019782
34721352101,0.15879984
34728360101,0.9945353
34729037202,0.16039212
34736944701,0.017939523
34736944702,0.015858267
34746077901,0.008259746
34746554101,0.011445465
34761353601,0.92018205
34761473301,0.14521945
34761473302,0.0060924035
34762087002,0.25372875
34765644407,0.00028046253
34765691101,0.042012937
34765691102,0.35800746
34765706602,3.5460722e-05
34774338901,0.6737424
34778028501,0.9965585
34778558301,0.50045645
34778704101,0.017713534
34787326202,0.0016361946
34787435802,0.9851736
34800682402,0.00018225344
34804054501,0.8933628
34804243901,0.93581885
34804243902,0.5966557
34813042001,0.009874498
34816801901,0.8576968
34817119901,0.990275
34817645401,0.8540894
34825025901,0.77378094
34834137801,0.9417242
34834462207,0.01714863
34840107101,0.03923902
34840107102,0.00013448478
34840107103,0.007387454
34840107104,0.0030266673
34844886401,0.88489324
34845963501,0.98102677
34846082901,0.60111684
34855628102,0.89222103
34857057501,0.7134233
34857132608,0.0021466876
34869424701,0.8048442
34869926003,0.027147241
34876244101,0.23156023
34876345301,0.9316015
34877117902,0.9902389
34883961101,0.17436336
34884124202,4.478431e-05
34885229801,0.84209514
34885229803,0.31718874
34885360504,0.05452836
34889719902,0.17093094
34889867301,0.0022942326
34895779302,3.7065844e-17
34897218401,0.9825828
34898480202,0.8873786
34898568201,0.1061392
34899109903,0.0008029679
34899746702,0.00011016101
34899761203,7.5955024e-05
34905944803,0.54794735
34909514901,0.9982147
34914500401,0.28623927
34915449001,0.42323482
34923744201,0.36122832
34924096101,0.10074486
34924366501,1.9085146e-05
34924593002,0.86587566
34926970102,2.902934e-07
34927000101,0.009918203
34927000102,0.023583064
34930944202,0.008860378
34930944204,0.0015446418
34937159501,0.1649654
34937159502,0.00013054558
34937319201,0.0056304913
34937319202,0.0053656325
34940722801,8.519249e-06
34943397602,0.794743
34943397604,0.93074995
34948459501,0.94898015
34953966501,0.5166987
34953966502,0.83093286
34954340105,0.1213076
34954411201,0.042432792
34964460603,0.0011332133
34964851002,0.76436335
34967968101,0.0019460929
34974792902,0.781257
34975139306,0.00077640865
34975697201,0.92228323
34976705101,0.05672517
34978691601,0.9958651
34978691801,0.99592555
34980504401,0.9805846
34983282402,0.00012630867
34986285201,0.13922678
34986542306,0.003503694
34989255901,0.5014209
34996391402,0.0014011535
34996426403,6.1483825e-06
35000584601,0.43920097
35014629601,0.80627936
35015411901,0.7014364
35027646202,0.00015673345
35027706202,0.5259892
35029767702,0.0059238146
35033350702,0.0028626306
35033613202,0.7204559
35035563201,0.007789479
35043133501,0.0027021666
35043133502,0.0036963753
35043133503,0.5077879
35043133504,0.7102013
35046762401,0.6458423
35047910101,0.62169075
35057599701,0.9938991
35067974502,0.0033782758
35074247502,0.25121495
35074371401,0.99692386
35076779401,0.017061364
35079640702,0.9896159
35080347202,0.0012746423
35080347203,0.0035290755
35080469601,0.9948249
35080884002,0.012431418
35080884004,0.12471611
35084283801,0.7502119
35084283802,0.87170535
35084633401,0.9508543
35085346601,0.91878146
35085351302,0.0077207917
35085871301,0.036555048
35085952701,0.02032289
35086063103,0.00030612093
35093067201,0.9463627
35096515901,0.010553669
35109238501,0.9941093
35109482008,4.0006976e-06
35118188003,0.35446858
35118188004,0.9361919
35127512701,0.965934
35128467801,0.9844376
35128529701,0.97260284
35200055801,0.67934763
35200331801,0.40402687
35201671601,0.89773595
35201690402,0.49805158
35208100106,0.9332423
35214110704,0.9782341
35222923701,0.8930622
35222926801,0.9938937
35222926802,0.95705575
35222926804,0.9937919
35494479401,0.014822489
35663935001,0.0024708745
35663935002,0.0001302242
35667591201,0.83394486
35672996605,0.0011953599
35673165502,8.9988396e-05
35674784701,0.9927893
35674812701,0.523767
35674812702,0.9934676
35684659401,0.26508746
35685023207,0.017823894
35704416301,0.99565625
35710407107,5.695808e-07
35710535202,0.0017983108
35720575001,0.2023526
35736262304,0.005665333
35736262305,0.005691085
35736262306,0.001077055
35751024701,0.011087457
35760973002,0.0904861
35765997203,0.00016785193
35766231601,0.5883026
35766231602,0.99623185
35770930001,0.9827307
35790947801,0.06524181
35791120202,0.6293861
35802074501,0.9702729
35802216901,0.0005355447
35802216902,0.00028054405
35802216903,0.0008014878
35804784102,0.00060342066
35807104902,0.5198239
35810812602,0.007192007
35815476402,0.022498928
35815644202,0.014558998
35817632901,0.010028443
35829066803,0.02644341
35829066804,2.2686332e-05
35833558603,0.0013655189
35833558604,0.001126932
35840238203,0.012052949
35899383104,6.269548e-08
36008791501,0.177097
36008811302,0.0012846622
36008887102,0.00025574653
36021781301,0.0064887926
36022222801,0.73550177
36032014601,0.99442506
36032455801,0.406885
36039503701,0.9837505
36045755301,0.009483295
36046316002,0.05385499
36054824702,1.6917958e-05
36054824703,1.1211038e-05
36060567001,0.8690015
36061757001,0.30934927
36069853903,0.3772777
36080075401,0.26801175
36084805604,0.004867343
36085112301,0.07903314
36085112302,0.46065083
36095173901,0.5306153
36095173902,5.540097e-05
36095868901,0.30071524
36103419601,0.83652383
36103419602,0.001948531
36107451001,0.8405343
36107514601,0.023136739
36107514602,0.0010966783
36108230204,0.70510864
36116866004,1.6353302e-05
36116875103,4.105935e-06
36116875104,3.3823787e-06
36116900301,0.058023483
36116904201,0.92460895
36117072801,0.39379695
36117247901,0.9406873
36127261201,0.8096304
36133308901,0.95634073
36145892301,0.97425777
36145892302,0.6318031
36147312501,0.18755735
36171360202,0.21815492
36171769701,0.80134225
36179375701,0.96065915
36185866701,0.0020704323
36185866702,0.00035793424
36186370501,0.017704874
36186370502,0.01656139
36195723703,4.059755e-05
36195801301,0.001535528
36203025201,0.6992054
36208509801,0.9790694
36208633303,0.0036655024
36208897901,0.34734604
36211110402,0.0006929104
36211110403,0.00067513244
36211346601,0.89452964
36212163901,0.011140748
36212242702,1.2047724e-05
36212242703,1.4879348e-05
36216542102,0.87463164
36223421902,9.585413e-06
36223421903,7.905306e-06
36224167401,0.23136407
36232245001,0.9824248
36232355002,0.028020924
36232355003,0.020088283
36232355004,0.025062397
36232651002,0.9911533
36232651004,0.29489154
36232773002,0.5502852
36238452701,0.87250084
36247892101,0.052955538
36248081501,0.7363148
36248365501,0.003365083
36254444201,0.81184214
36254444202,0.7439977
36263133101,0.66564894
36265887103,0.0025288544
36266522904,0.79501635
36266522905,0.93675435
36270472201,0.96751404
36270988601,0.9974947
36270988603,0.00094487023
36273479503,0.8897187
36273577502,0.98500884
36275381201,0.9790429
36282250301,0.93369114
36282547001,0.0010600301
36282547002,0.00092936156
36283395302,0.016662667
36294416601,0.0013706528
36294416602,0.5370882
36294440401,0.46444684
36294440402,0.0003413571
36301457701,0.9118454
36302476706,0.1945682
36308238301,0.9946515
36308617801,0.9946749
36314054702,0.023315927
36320794101,0.96077067
36320794102,0.96470594
36320794103,0.9910052
36321484301,0.33803126
36321759401,0.003190709
36322109602,0.9184831
36323171601,0.9683823
36326755601,0.01253017
36327032201,0.77809066
36327080203,0.00012641752
36337105701,0.016498636
36337231302,0.15335953
36337240301,0.9914415
36341472201,0.0059682704
36344758501,0.901443
36348116302,0.5215537
36348116303,0.117639214
36348116306,0.47396538
36352747501,0.4267139
36352858301,0.2709022
36360033001,0.0028741998
36360033002,0.0001045022
36361158305,0.10573198
36371002801,0.6814359
36373876501,0.9957587
36373876502,0.94284046
36379019501,0.9770404
36379071001,0.10269862
36379071002,0.017390264
36379566801,0.5379609
36379882103,0.028819896
36380507102,0.94087625
36380507104,0.4336836
36392558001,0.6534229
36393331302,0.00023744204
36397797801,0.915903
36398418002,0.49809143
36401811703,8.446977e-06
36410692902,0.0010335095
36410775301,0.9985751
36411583601,0.38696063
36413262801,0.98136765
36415342401,0.0015096458
36415342402,0.03847972
36416385202,1.3235553e-05
36416490701,0.06669009
36427960901,0.5708887
36430211801,0.14860879
36432638403,0.00031249138
36432638404,0.0014651385
36432704501,0.7197795
36435035401,0.20420696
36435264902,0.75772345
36435444301,0.079338245
36435462401,0.88924885
36454463302,0.6341628
36454478304,0.861105
36454523401,0.89331675
36454711201,0.00096365914
36454711202,0.0032000365
36454918901,0.8543762
36462547201,0.80536675
36464290004,0.056523427
36464600202,0.972897
36478500901,0.6836325
36478500902,0.899496
36478500903,0.98473465
36479758401,0.84579414
36479758402,0.26602072
36487354001,0.7374955
36487915501,0.24681412
36488054201,0.9257792
36488198001,0.613534
36494463301,0.9625338
36494463302,0.18209746
36501436301,0.4236809
36532521703,0.011166311
36532562101,0.97214556
36546786701,0.95162666
36546910701,0.07010773
36555694502,0.00058612385
36566262301,0.9448873
36572172402,8.446931e-06
36572727101,0.20021905
36573020702,0.8182508
36577423401,0.86944294
36589085601,0.69955623
36589718401,0.81177795
36595339605,0.03763825
36595339606,0.012857232
36599889601,0.20640442
36600046901,0.23187412
36694633201,0.9741586
36695394901,0.81433886
36695840901,0.0005264296
36695840902,0.05559155
36705891203,0.011770363
36713674101,0.0004631423
36713674102,0.0007576665
36713674103,0.0027923484
36713674104,0.0038015957
36713674106,0.0048294994
36721580201,0.40975997
36721931201,0.8804863
36721958701,0.003030174
36722441201,0.0026612636
36731106001,0.28271312
36737894004,0.46371737
36747358301,0.99012786
36747663301,0.0015017054
36747663302,0.00054320355
36747812401,0.8179137
36747812402,0.92464197
36748491302,0.011576667
36757208301,0.5814779
36757282501,0.79701734
36757806102,0.4981597
36766053402,0.00039575313
36767139701,0.4173214
36782403903,0.016043559
36783273701,0.488677
36789557801,0.00040306433
36790475303,0.07893754
36797561603,1.0536735e-05
36808504701,0.95799965
36809595301,0.95623535
36847142601,0.07485754
36847142602,0.018456697
36847142603,0.05761745
36857403002,0.6846388
36874788203,1.4012162e-05
36874802403,6.343287e-05
36875330301,0.83884996
36876173401,0.22174916
36885458503,0.0067891837
36893059701,0.7827152
36893059702,0.57741135
36893454001,0.6699448
36893454002,0.7269942
36898885202,0.3263248
36900681701,0.8780207
36910254905,0.12494994
36922914301,0.7262351
36925302301,0.3230105
36932794701,0.99796355
36934506401,0.9982803
36977912701,0.58570725
36981850803,8.615535e-05
36986473801,0.9938706
36996295501,0.8958237
37004042101,0.62286705
37022670202,1.120839e-05
37024349001,0.026930587
37246364501,0.25789723
37253040102,0.00032473536
37253040103,0.009264109
37253486701,0.014143699
37253772901,0.9387509
37253773301,0.67117524
37258954001,0.93920666
37266297201,0.00637845
37266297202,0.0011496706
37266342501,0.39542198
37267053501,0.2127761
37267063501,0.47504637
37267063502,0.8270698
37267351104,0.9118074
37276861902,0.0014192312
37276896503,1.1780452e-06
37277343501,0.98077184
37284782901,0.97625446
37285035701,0.025896873
37286911101,0.019371117
37290811001,0.016974702
37297899306,0.0005190606
37298707301,0.021709833
37301560401,0.011545281
37352305102,0.9688918
37359477101,0.5844584
37376857602,6.7812534e-06
37384385701,0.73315525
37392837401,0.098064244
37401666004,0.0033394478
37485899901,0.56945086
37486059001,0.4048253
37491198603,0.29696092
37503656702,0.7388482
37503656703,0.591028
37505958701,0.9937655
37505958702,0.9977075
37508912402,0.008250381
37509071701,0.69607985
37522151901,0.8292232
37522191803,0.2705112
37522254905,0.00029265461
37522254906,2.269299e-05
37522254907,5.908272e-05
37522268303,0.050670013
37522308001,0.9708072
37522545301,0.95115644
37522545302,0.98705775
37527395301,0.9865661
37613191501,0.30926242
37740736902,0.9469546
37775945505,0.013339767
37785944501,0.011998777
37809361001,0.99814856
37834445701,0.97745275
37855542301,0.98161626
37856305901,0.93636256
37856305902,0.69166756
37866689001,0.013193822
37866689003,0.027128069
37874201801,0.95892644
37874634801,0.14633591
37874634802,0.048608694
37875221802,0.14006421
37886884902,0.9045435
37923400201,0.54632086
37923400202,0.8615646
37924036001,0.1890713
37926673701,0.0029362855
37929030002,0.7172454
37934964301,0.0019149216
37935463503,0.002954291
37940371801,0.9414772
37940792702,0.007818607
37940792703,0.074859194
37941054001,0.85997015
37961831901,0.98691726
37961831903,0.5846962
37972308601,0.9986545
37980177503,0.0025832872
37980177504,0.0036692498
37980419501,0.27722007
37980635802,2.6508631e-05
37985274801,0.9800142
37986534701,0.8320232
37986534702,0.003977755
37989769601,0.45627388
37990919501,0.73371476
37997324601,0.062580705
37997366801,0.0077243354
38000137401,0.73777765
38008474301,0.19464378
38008474302,0.26249206
38008474303,0.27347386
38008551702,0.48995855
38017354002,0.00016926423
38021153801,0.9412859
38032669301,0.95423627
38033014202,0.0019407561
38033014204,0.00010359347
38033437201,0.00019383822
38033437202,0.0013881817
38038582102,0.37599036
38039496401,0.6580655
38041913901,0.14431556
38042259101,0.9410255
38053978405,0.0007561599
38053978406,0.0007642134
38065667301,0.3112407
38066437101,0.9650162
38071050103,0.009417148
38077004701,0.006064046
38078325201,0.9667759
38086277001,0.026627524
38087068801,0.9958125
38091027701,0.92683065
38091623502,0.00017181493
38091702701,0.884603
38097651501,0.0075030127
38099717802,0.19084755
38104850602,0.00032880023
38104850603,0.00043139354
38109183801,0.9693944
38114124601,0.89472365
38123214401,0.09508604
38123214402,0.5000201
38123745204,0.7870135
38132860101,0.78861123
38133345501,0.019774385
38135169604,1.2057082e-07
38144788301,1.1902176e-05
38144788302,6.863511e-06
38154886602,0.47405592
38154886606,0.033745915
38155188001,0.84706974
38155985502,0.0002443374
38164772203,0.0010055198
38172444401,0.067732655
38189791701,0.9983936
38190750205,0.010522219
38190750206,0.0015614155
38191909001,0.9937296
38192119303,0.43909225
38192515602,0.117557466
38194976102,0.1864862
38197796401,0.2426064
38198711805,0.008817867
38200958001,0.00019114312
38200958003,0.0008437612
38201108601,0.92396694
38201634801,0.5964422
38202842501,0.99331385
38204309802,0.099824935
38206916001,0.0013284319
38206916002,5.0211605e-05
38207297301,0.0001126238
38207297302,0.00012614556
38207502502,0.9257396
38207504501,0.7746658
38214552103,0.02568465
38214863502,0.6634804
38218954202,0.05571614
38219619302,0.9900917
38219944102,0.041593134
38225200201,0.26428473
38230868402,0.00086383347
38231035801,0.7488196
38231205201,0.0002678021
38231205202,2.0832938e-05
38231224302,0.62531054
38272885901,0.068373166
38282336802,0.0002051079
38282769901,0.022607384
38291581101,0.99428105
38318130001,0.9671852
38326621001,0.89547986
38326621002,0.4012014
38350309001,0.022292415
38352567802,0.021141296
38352567804,0.052289035
38359428206,0.00075101014
38359434101,0.008141072
38359434102,0.00021788488
38359436001,0.024798328
38359524203,5.834863e-06
38371649601,0.0006107789
38372751002,0.82505465
38374689203,3.299029e-05
38401591501,0.21405312
38401824003,2.6376922e-06
38402184601,0.648381
38406533702,0.052292213
38407312201,0.30335596
38407312202,0.20741385
38407462901,0.026572553
38407462902,0.021046175
38407470502,0.5506401
38414505401,0.012326247
38415584401,0.958093
38415604302,0.0049371645
38429880802,0.14279747
38434431002,5.5266133e-05
38438583501,0.97217214
38438596901,0.011979912
38438622107,0.43105572
38438622108,0.038098563
38438859701,0.21042778
38446538201,0.98127663
38446538202,0.4867148
38446538204,0.88534075
38453643001,0.98112124
38460931201,0.0015212811
38482355601,0.9844291
38482944004,0.005086272
38710796102,0.5846222
38813192401,0.004048101
38823584501,0.0034654129
38828704701,0.35410455
38882036303,0.15983637
38884523303,0.948708
38895168402,0.00011454262
38907088401,0.94627964
38915972501,0.9334291
38916880801,0.9001532
38928579101,0.69072765
38928698901,0.0023706583
38936374501,0.20878631
38936728001,0.037786808
38938234801,0.0028692756
38943736501,0.5056393
38956470001,0.018951373
38956548103,0.00022748664
38956733003,1.3184968e-05
38957019601,0.008412337
38957352702,0.8031467
38957603501,0.07795007
38958027702,6.846369e-05
38964397501,0.931893
38965089503,0.0041865706
38966979601,0.9225386
38966979602,0.3478735
38967796901,0.012265794
38967902901,0.0064861234
38968293302,0.0011247991
38968293303,7.083475e-05
38968293304,9.206303e-05
38968406001,0.16163038
38968406004,0.0014283467
38973327501,0.5959734
38973494601,0.9146523
38974765904,0.31340185
39008315901,0.21646671
39013742002,0.00024321255
39014207204,2.97146e-06
39014902701,0.0010823234
39015054702,0.9772505
39021550001,0.34771228
39021912601,0.006936968
39030588101,0.68351996
39042770302,9.3331706e-05
39043477701,0.0040134983
39072352903,0.83566296
39081767501,0.97793156
39081767502,0.00018471954
39174454004,3.1762697e-06
39174526001,0.93523866
39181283901,0.48312157
39188739001,0.002756116
39188798802,0.010585091
39189425701,0.00083551166
39189524202,0.020865796
39190306401,0.9978531
39190306402,0.99822336
39190467002,5.9003497e-10
39194988001,0.99953735
39202492501,0.33275995
39202492502,0.25028664
39202492503,0.18789741
39270667701,0.43622622
39303086901,0.008006945
39303285301,0.012828842
39308647301,0.9790081
39374762801,0.5185035
39422819607,6.5072672e-06
39422819608,3.6363833e-06
39423379001,0.81697327
39423698105,0.57236844
39424416702,0.37116447
39427900401,0.48428518
39427958702,0.34167737
39428451701,0.8559529
39428451703,0.7682071
39433218702,3.5356443e-06
39433576002,0.9891958
39434031901,0.9661464
39434190102,0.2247538
39435605006,0.015858773
39435729401,0.98198295
39445526701,0.030184586
39449001201,0.9800889
39456111901,0.9996251
39456260903,1.9380896e-05
39456260904,2.09868e-05
39456288004,1.5607974e-07
39459353002,0.00019904948
39459416901,0.46162146
39459426002,0.006883661
39465795201,0.039493952
39465797201,0.022384645
39466088802,0.78074944
39466131401,0.9840148
39470219102,0.048223272
39471160506,1.2825241e-06
39471533201,0.86658746
39471614602,0.003238829
39472987501,0.9783829
39481226301,0.006193354
39481226302,0.0052824896
39483187602,0.32827553
39491277004,0.24130139
39491558303,0.61019474
39497269002,0.012428854
39501170604,0.9382902
39506494702,0.31842458
39506618601,0.6252881
39551584601,0.9894834
39551599201,0.014351721
39551599202,0.00020164424
39574267601,0.30059946
39574626502,0.01502544
39585561207,0.0032771549
39585705301,0.2740669
39603767901,0.7968924
39610664101,0.9951839
39613960703,0.00622793
39614288801,0.43936008
39617007601,0.45751286
39621349201,0.0010424526
39621753701,0.0024498017
39624496701,0.80389345
39624770001,0.6829845
39624770002,0.7597189
39625543705,0.47857592
39636522602,9.805415e-05
39642179302,0.4249895
39646733002,0.06682061
39653739902,0.0007650134
39653945901,0.58068514
39654389101,0.9978689
39664803601,0.025837656
39672022301,0.7593358
39690392701,0.779303
39690460304,0.002192942
39690628101,0.72496504
39690779201,0.99044037
39703122703,1.1206319e-05
39703232401,0.9464531
39704082303,0.024171848
39710897801,0.98195136
39713731901,0.018690048
39716216201,0.62221915
39716261101,0.65536696
39771048501,0.7571046
39781653902,0.004497058
39790433502,2.9484898e-05
40151315403,4.778893e-05
40156111901,0.87603986
40156772201,0.9443328
40157397301,0.71654505
40160576206,1.48004765e-05
40160692302,0.021378014
40160803902,0.89902616
40167060701,0.015137196
40167609403,0.06452337
40167800701,0.98609954
40172697304,0.000118252356
40177037001,0.88485587
40179595201,0.6860812
40182156702,0.3360878
40183362602,0.26654562
40185908804,0.0008410468
40185908805,0.0005429931
40185908806,0.0005716916
40191380301,0.9979844
40191435702,0.786657
40191608001,0.0020294022
40198062401,0.9996402
40198264101,0.19308907
40203032802,0.8506391
40208591104,0.0626542
40208591105,0.13016646
40211128901,0.98981726
40232963101,0.05516106
40245420401,0.06520285
40245490901,0.6862525
40245695801,0.09053322
40245713701,0.91648877
40246341803,0.12093643
40246930501,0.03170877
40247471401,0.79981923
40247729204,0.507853
40251280703,0.14167263
40251355701,0.91313225
40251355702,0.9256414
40252725401,0.9237022
40258614101,0.21190672
40258614102,0.002784648
40258624001,0.08185228
40262134301,0.95508033
40262523401,0.45982325
40264677607,2.7793308e-09
40264910601,0.5327666
40265106901,0.551057
40267559901,0.0072136326
40270895301,0.8174378
40271028001,0.9986557
40271155502,0.9020123
40271275802,0.00082594913
40271275803,0.09436475
40271275804,0.0037390415
40274558804,0.39784122
40275905302,0.6465489
40278607005,0.1880409
40279311704,0.25218907
40279502301,0.40457267
40280028803,0.0033968443
40280028804,0.028461644
40283749502,5.901805e-07
40284010606,0.0063971905
40284375204,0.0024454542
40284583801,0.06278585
40285466203,0.0008560971
40288513001,0.8118713
40292001201,0.0020228047
40297013001,0.011050948
40297079601,0.95283914
40297297201,0.012841487
40301654403,0.0016563962
40301901402,0.15443519
40302986402,0.8326054
40304471502,0.43082753
40304471503,0.872916
40307506702,0.99675435
40308377501,0.00117685
40312524701,0.71238136
40313150604,0.000814795
40322650502,0.2523694
40322738202,0.00077762856
40332051801,0.013458906
40332051802,0.30730683
40332088805,4.31607e-05
40336436001,0.99472886
40336671602,0.0029422278
40336674402,0.27320868
40336742001,0.018487316
40351167001,0.91943944
40356794903,9.607091e-05
40356857801,0.85736674
40424173901,0.89879817
40434450701,0.031870604
40437995307,7.745176e-06
40441563501,0.0018226447
40443166301,0.22417626
40451664502,0.0012539142
40477056201,0.96557397
40477658205,0.9989286
40477792202,0.50272274
40479715101,0.79575455
40479715103,0.33921292
40479778401,0.14381611
40483253101,0.30574042
40484930201,0.019540831
40492766102,0.0119915195
40493349302,0.96409315
40493394702,0.52416587
40496996901,0.15429316
40512956003,0.99670994
40512956004,0.9734081
40536444701,0.9182535
40536509601,0.66947246
40536534002,0.002845216
40586283001,0.99311465
40586608902,0.62582123
40593091501,0.56625056
40677452001,0.00024000021
40677452002,0.00013739096
40677811702,8.872558e-06
40678033801,0.074195586
40678033802,0.1571289
40686161801,0.24826525
40687225301,0.9525072
40687225302,0.6600935
40687484203,0.08755721
40687484204,0.39755693
40694161201,0.9996815
40694554701,0.93091154
40697674601,0.9979353
40704486902,0.94381034
40704635703,4.1966287e-05
40706490202,7.788511e-05
40706644901,0.18823536
40706644902,0.62222624
40706926502,0.98896
40708997303,1.0248158e-06
40708997304,9.5070897e-07
40708999001,0.50389695
40712640801,0.99976665
40714593901,0.008766694
40714672301,0.57389426
40714672302,1.2769854e-06
40714772701,0.035733443
40714772702,0.0017398775
40716436803,0.5411544
40716550905,0.0001758175
40722536701,0.0017631679
40726459701,0.0009788213
40766296101,0.009419355
40766364101,0.009365047
40777226104,0.930821
40782391702,0.063217185
40788235401,0.024790935
40792533602,0.010096449
40886781001,0.06851087
40886781002,0.640363
40886781003,0.04781866
40924801304,0.5764877
40933455502,0.75772184
40933621502,0.0071926275
40933862402,0.032042082
40951882603,0.061122812
40951882604,0.14040525
40955715801,0.80695486
40959237601,0.99524176
40964103101,0.023367621
40964252401,0.79292303
40964996801,0.5635226
40970267001,0.50433874
40993433001,0.99379456
41022754501,0.13069162
41025404901,0.987205
41027154005,1.975358e-07
41027154006,0.27045614
41033956303,0.0009075735
41034069502,0.87896174
41035498001,0.45480597
41035498005,0.956522
41036747405,0.009229372
41037198403,0.9311144
41037253601,0.47361532
41037295001,0.40747863
41038901401,0.964984
41039709901,0.9025005
41039932703,0.993385
41040227203,5.271888e-05
41183119203,0.0019175262
41197709402,0.03497607
41207084802,0.10342214
41214384201,0.9796585
41215149801,0.17030579
41215312802,0.0046582054
41220923901,0.2769569
41221501301,0.9915775
41221648601,0.55033386
41246968102,0.007001433
41247121201,0.99717027
41252873901,0.39420748
41252873902,0.6708706
41265496701,0.6781432
41266024401,0.0069499523
41266024402,0.0012239434
41272654501,0.9799872
41272657702,0.61601025
41276125603,0.0006603749
41282055802,0.0085116625
41282204902,1.6101807e-05
41829735101,0.2717207
41838209901,0.00060724386
41838748701,0.8708704
41846057901,0.9438133
41846101303,0.3389546
41857611902,0.4110804
41858092502,0.22692
41858172601,0.015716352
41858172602,0.063122466
41861387703,6.5390177e-06
41861873001,0.08996498
41861901801,0.9576128
41861901802,0.87532264
41865533301,0.057286087
41871749402,0.011599813
41871749403,0.03783227
41871749404,0.025156477
41872149801,0.06238583
41873617801,0.90992117
42035080401,0.20978957
42042653101,0.97556996
42043377102,7.757948e-05
42043742001,0.28791764
42049042902,0.21141525
42056041503,1.3492222e-06
42069904001,0.920403
42069908301,0.9550132
42076165201,0.8742665
42077426501,0.053101674
42090326402,0.33360186
42090366802,0.00091512164
42090366803,0.00240587
42097126803,0.78914076
42097126805,0.79719144
42097878801,0.97912335
42106323301,0.6365473
42106552502,0.008478138
42110746303,0.38650712
42110920401,0.5140717
42116363101,0.038573537
42116363102,0.7042413
42116736602,0.978102
42116736603,0.9402266
42121534102,0.022267476
42121569001,0.986113
42122982202,0.9314775
42126079703,0.8340063
42128537201,0.28859937
42128750301,0.9808555
42128750303,0.988485
42213910801,0.0047915406
42239316904,4.3246866e-05
42248853201,0.8113208
42248973901,0.0036903918
42249840101,0.007827737
42270231501,0.99751794
42270489201,0.93539035
42302184705,0.9946518
42305589402,0.8373869
42305682402,0.16067174
42326404002,0.8513806
42326506602,0.1509551
42335177004,0.039457005
42335405201,0.9826062
42341997102,0.14829347
42376889604,1.6142071e-06
42399150903,2.8372672e-06
42406383901,0.013417579
42406383902,0.7486199
42413015301,0.19467911
42413137802,0.04146936
42413137803,0.27349034
42433038303,0.0029091295
42433038306,0.0006155217
42433553309,1.307722e-07
42433757602,0.95800644
42433757603,0.9639409
42436524101,0.86319506
42436524102,0.094353
42441417101,0.5732709
42462205601,0.6308148
42462384803,0.9889932
42466817601,0.121376686
42466890201,0.801539
42471677202,0.15240152
42489936001,0.18474807
42495087801,0.9604077
42496104501,0.0033976922
42496104502,0.9764525
42499682601,0.9561984
42508321602,0.8898581
42508326401,0.32584107
42508326402,0.38533032
42508326801,0.8571979
42508330901,0.8993067
42508330902,0.9336654
42508330903,0.7368917
42508470201,0.57656807
42563899203,0.31358835
42564154001,0.99151343
42564191201,0.22299291
42565755604,0.0007901712
42569676401,0.008102307
42585230101,0.45569274
42585616203,9.671778e-07
42585719901,0.0013421036
42585780401,0.013870638
42592453401,0.92711645
42592772601,0.964856
42592772602,0.98172724
42594119402,0.03998311
42594491701,0.44411546
42600631901,0.9720445
42601126401,0.91723424
42602113302,0.00014068914
42602213101,0.9805335
42602343001,0.70254135
42602578401,0.5883791
42602673205,0.6450415
42603247501,0.9967969
42603247502,0.9074597
42606995801,0.008000412
42607358101,0.9355059
42607708001,0.86818844
42608031001,0.00067079085
42608031002,0.002233109
42613004701,0.9677996
42613004702,0.976339
42613416201,0.0127417585
42613416202,0.0031895107
42613426703,0.011723735
42615621101,0.95722646
42619478302,2.3391157e-08
42619871701,0.8160473
42620625801,0.3433694
42620662801,0.68573016
42620731901,0.4708099
42620761301,0.92638993
42622734401,0.9930506
42623123201,0.9437688
42623198601,0.70546156
42623225604,5.1051284e-06
42626468401,0.00113997
42627663706,0.5343819
42628194901,0.02196246
42632054701,0.34237954
42632652201,0.9652312
42632664302,0.122765325
42632664303,0.00027095404
42636372802,0.0025421348
42640598101,0.32492647
42640639401,0.49753696
42641101301,0.23164609
42642237201,0.81022096
42642237202,0.37639615
42642293306,0.26866964
42642717601,0.92220116
42645301701,0.0048542796
42646326401,0.00620033
42647544001,0.10817135
42648821601,0.008279052
42649244801,0.8236014
42649722501,0.009129976
42649722502,0.009847733
42653178903,0.14179562
42653363502,0.020225396
42654068402,0.0073215584
42654118001,0.47928923
42654118002,0.0007201371
42660995204,0.45582137
42670732703,2.26708e-06
42670942501,0.25910175
42670942502,0.15239277
42674755901,0.2684867
42683417301,0.9843328
42683873303,0.00030911685
42683873304,0.0006589239
42684080001,0.97484064
42687311001,0.9411149
42687525301,0.49779528
42687740001,0.9953961
42687740002,0.97770613
42689967402,6.3913994e-06
42690423602,0.98027325
42690639601,0.84025764
42696816603,0.09968661
42697573101,0.8272753
42697586601,0.1569922
42701106003,0.07166957
42701366501,0.26609856
42701848601,0.6148328
42703117101,0.84916043
42765949101,0.55260426
42766776601,0.53172374
42766776602,0.6268379
42766777601,0.8489455
42766777604,0.045680445
42908277401,0.9732136
42908330202,0.0014953072
42953053801,0.0066406014
43046925501,0.69833606
43069330902,4.794459e-05
43069330903,4.631266e-05
43070245002,0.07574179
43090883701,0.9899329
43091773401,0.0017530482
43091800701,0.07591751
43109523702,0.79227835
43110001502,0.020092634
43110033204,0.00010457923
43138027802,0.24293044
43138031501,0.7804891
43586902102,0.5175434
44418909901,0.99616027
44419720801,0.4351568
44426887501,0.67631394
44426912601,0.86270726
44426912602,0.013007171
44429859801,0.1427896
44429859802,0.0011551237
44442919301,0.036623728
44447867501,0.013948604
44447867502,0.0974492
44447867503,5.5052096e-05
44448478801,0.800356
44460887002,0.062344793
44470145001,0.00046914953
44470145002,0.0005775719
44470229601,0.25483465
44478951701,0.010740527
44487724601,0.94612414
44488599901,0.20777778
44492663502,0.18959862
44500842301,0.15492609
44500842303,0.009174459
44521244701,0.9125943
44652214201,0.6218634
44652311001,0.993361
44652311002,0.24280049
44654990501,0.9908145
44654990503,0.6635017
44667821001,0.012557471
44667821002,0.00032910434
44670309101,0.1261476
44670707001,0.7012478
44670707002,0.96272016
44687160101,0.8831724
44687238601,0.6715557
44687238602,0.11475985
44688127201,0.95941144
44688628001,0.9822368
44688638401,0.5900352
44688638402,0.7827128
44689810302,0.64916587
44690139001,0.934156
44690469801,0.87346876
44693121503,0.018347433
44694034304,0.13033989
44695132901,0.5976309
44696551402,1.80127e-05
44697163401,0.0020408675
44697763001,0.005910652
44698367501,0.00083680643
44700446001,0.03761417
44700938001,0.8151086
44700938002,0.041520093
44700938003,0.5608951
44701434901,0.99402064
44701554601,0.9771987
44701554602,0.986252
44702119503,0.04715948
44702553803,0.074843235
44702621101,0.7362768
44702652802,0.7576613
44703836302,0.5873539
44704224301,0.5496845
44704498803,0.033449594
44707555104,0.27088192
44708263601,0.00256476
44708803401,0.9969674
44709216403,0.25808606
44709274601,0.6077781
44709430003,0.0044696406
44709488305,0.9854118
44709816702,0.0011283477
44709820401,0.97639376
44710734905,0.9859148
44711543501,0.88753676
44711543504,1.0969837e-05
44712681908,0.0006108061
44713258101,0.80926687
44713553504,0.00023548664
44715555001,0.9477426
44717549601,0.8899907
44717549602,0.88597405
44718654702,0.08865257
44718897901,0.045433443
44718897902,0.013484366
44719328701,0.054073922
44719449903,0.0003450504
44719717002,0.25734884
44719717005,0.95859236
44722257801,0.5993221
44723020901,0.722481
44723094501,0.7165966
44723132704,1.7457696e-06
44726048801,0.98332465
44726323304,0.93783116
44726765301,0.9039132
44729155601,2.415446e-05
44729155602,1.7745788e-05
44729973001,0.70966434
44732810101,0.828644
44733814101,0.0015271476
44733814102,0.0031462177
44735038102,0.0012675294
44741999901,0.9946412
44742020601,0.985924
44742396207,1.635066e-06
44743060901,0.98517925
44745141201,0.19027697
44748816602,0.00013977403
44750939001,0.11870859
44751113401,0.8576624
44753946801,0.98494095
44753980703,0.0006194659
44754436203,0.00012215204
44754436204,6.829655e-05
44754492301,0.021344211
44754492302,0.00069491117
44755787501,0.4452939
44757552104,0.98721457
44758338102,0.035414122
44763165502,0.7391317
44764986406,0.00021724109
44769727501,0.8222861
44770632701,0.033385877
44772555402,0.11482628
44776342402,0.85634
44776342403,0.9907765
45143902603,0.18245257
45144079601,0.9640241
45144079602,0.96835625
45144079603,0.97714305
45146621203,1.4305954e-06
45149328902,0.008107283
45149787407,0.69900495
45156410103,0.83747363
45159641501,0.9939541
45159641503,3.3885088e-05
45159952801,0.85447216
45159952802,0.856942
45160697001,0.9975546
45238853802,6.8235936e-06
45238853803,6.178325e-06
45240743103,0.007916455
45241706301,0.00044621836
45241706303,0.3732177
45241984301,0.8137428
45241984302,0.6476464
45243899103,4.0408923e-11
45243899105,0.0065277494
45246516203,0.79364854
45248174503,0.08146608
45248174504,0.11351657
45251672904,0.81532824
45251797604,0.00057603314
45252161101,0.000113223934
45252161102,3.0335836e-05
45253029406,0.00026192647
45253364001,0.0035705243
45263116103,0.16473041
45263126802,0.045957614
45266583701,0.34165698
45266583702,0.6830294
45268263605,7.542282e-06
45307990401,0.019617116
45308239401,0.0019735673
45309524703,0.38088816
45310065801,0.7015736
45325995104,1.2091107e-05
45326020901,0.9723689
45328891907,8.830205e-05
45328891908,2.5190373e-05
45328952901,0.77588344
45425777804,3.5853373e-05
45436597101,0.8235201
45461038201,0.72910964
45485803202,0.5698143
45491988701,0.9084727
45496183505,0.0141979745
45496183506,0.013831234
45651998702,4.2020247e-08
45653678201,0.03544975
45654083401,0.0060414383
45658861001,0.0006462582
45659278901,0.7862444
45659318702,0.56521213
45659345501,0.8129424
45659366401,0.12097003
45660992902,0.00014603432
45661078401,0.7813488
45662158601,0.86573243
45662172001,0.952253
45804844402,0.009841818
45805764701,0.9912068
45809116902,1.1085268e-05
45809366901,0.2840503
45812493801,0.0063107624
45812493802,0.004233285
45827563301,0.0020970423
45827563302,0.0028593303
45829078201,0.99599755
46312062701,0.0009674319
46312063801,0.17500676
46313466001,0.43088445
46316435801,0.22824432
46316622601,0.0034029672
46316729001,0.91971254
46317022401,0.95107746
46317022402,0.99550456
46321687201,0.0002830859
46322506701,0.4651437
46322712001,0.97311854
46322712002,0.015350781
46325234001,0.061277267
46328355901,0.19952944
46328355902,0.1070597
46339396705,0.08009927
46345068701,0.5940437
46345711601,0.37419465
46345711603,0.4493628
46345711604,0.9381642
46346554101,0.9958009
46352792201,0.96433604
46352792202,0.19452585
46353550101,0.06026163
46353843201,0.9852245
46356805201,0.027317038
46359550501,0.6481416
46373260502,0.88362247
46373446901,0.6883203
46374251601,0.9657262
46377008201,0.92979985
46380770701,0.48292178
46383669101,0.3543051
46383933501,0.9732261
46388414201,0.839837
46388423001,0.9150734
46392854301,0.9926523
46393241101,0.9589908
46396409001,0.6976963
46397544501,0.98497045
46404093701,0.998931
46404796401,0.9320506
46418100801,0.15123926
46427637101,0.924623
46427784301,0.7655615
46440584002,9.678693e-05
46440790602,0.5826746
46441560101,0.6552976
46442017001,0.99281293
46454776502,0.23266469
46455428302,0.99379164
46455428303,0.8742562
46458300202,0.00064051175
46458427402,0.24106598
46458500501,0.8327342
46458854002,0.0024004201
46458989601,0.16997589
46464121201,0.9400229
46499158703,0.98193216
46502411801,0.002822207
46535453601,0.58132756
46539308501,0.9994758
46543439101,0.8318458
46544621801,0.7954288
46548765001,0.9613705
46552476903,0.14976783
46557304501,0.9848379
46561682601,0.0028097115
46563493603,0.6816197
46564641301,0.99736553
46571187001,0.8823851
46571321001,0.7994707
46571717301,0.8653894
46609661105,4.6655186e-05
46610192702,0.9615591
46616294301,0.003273587
46616302301,0.95852894
46668164802,0.72416544
46668903301,0.08023664
46790259802,0.79482585
46790437704,0.24862835
46793405201,0.94510305
46815069102,0.7003978
46815489501,0.5625604
46817615002,0.010183085
46817819301,0.002300667
46817859902,0.023317328
46817970501,0.29737276
46818816101,0.95076835
46821607901,0.0053854254
46821607904,0.008393182
46904638701,0.52291596
46910098202,0.98746514
46915009001,0.72452134
46923312302,0.85469496
46926071001,0.2595425
46926071002,0.4119756
46926566701,0.7408875
46936026401,0.056217615
46940092701,0.04220428
46940092702,0.00012861991
46940662901,0.16934334
46944721201,0.9601609
46945129701,0.051100392
46945359502,0.41756803
46945511101,0.94531363
46947713801,0.99158734
46950693501,0.06645944
46955444501,0.78055716
46962027101,0.3618299
46962027102,0.04841931
46962869701,0.8931156
46965740001,0.13092987
46965740002,0.00019026802
46966750801,0.9420498
46969286201,0.08779311
46969286202,0.21625836
46969286203,0.00036945613
46981066301,0.9401257
46981066302,0.89789605
46981179205,0.00081820757
46981268101,0.9458106
46987211805,0.032254353
46987681901,0.000125602
47009736801,0.9809445
47010240101,0.42302334
47014731301,0.85240364
47018266201,9.678452e-05
47018266202,3.8564744e-05
47018874504,0.02062273
47022060603,0.00027605833
47022060604,4.716507e-05
47029179501,0.9373872
47029179502,0.9740379
47030342001,0.8919043
47032669801,0.97025764
47033668003,0.3734032
51662701404,1.1779308e-06
51885366801,0.0020640835
52010082501,0.38739213
52202662202,0.031555638
65026564501,0.993628
65026564502,0.9880739
67504743810,0.9270271
67504743812,0.826916
67791582702,0.032808304
68346032003,0.35633036
68495592002,0.00092160626
72413093403,7.280876e-07
72569488401,0.032588437
73227529802,0.86898243
73450558101,0.99808645
73450558601,0.99820375
73548785901,0.9489061
73587245602,1.4660348e-05
73742523802,0.0042570457
73748696402,0.42919043
76661994103,3.7370972e-07
76723579601,0.031011513
80510082205,0.00053911307
80586147301,0.00096635876
84278066801,0.95023733
90392977207,0.0009861888
100476507001,1.4329587e-05
110410011101,0.13299996
110410011102,0.00022200386
110477688701,0.0069665
110677071902,0.9958989
110861508102,8.946733e-05
110981975701,0.03803788
110986944601,0.7554568
110986946101,0.8073737
120574527203,0.0073392456
120997343501,0.5291897
120997343502,0.00033328956
120997348501,0.44986695
120997348502,0.00029501365
121059797201,0.08377272
121339554501,0.9725141
121639492401,0.88193023
121900635301,0.97400045
122146990202,0.04452206
122425565905,0.5202531
122455164903,0.06168686
122455164904,0.0019722006
123252203301,0.002993128
123438404601,0.9988933
123438702601,0.9992273
123481032401,0.99801135
123697841106,0.00032392028
131208749307,5.618749e-07
131400428901,0.49172348
132249398101,0.00011331164
132249398102,0.0001276443
132249398104,0.00014130012
132249403601,0.00010459642
132249403602,0.00011763219
132590012601,0.74198216
132631597301,0.5167345
133157972501,0.08101365
133157972502,0.68001735
133160550401,0.00289124
133194648601,9.255417e-06
133194648602,0.00014151998
133194648603,0.00011841977
133194648604,0.000525093
133194648605,0.00021897253
133197258801,0.9577505
133532313901,0.7186999
133532313902,0.00020434105
133585607901,0.13840792
133780551201,0.63560593
133780551202,0.050869152
133780552301,0.59639174
133780552302,0.043816794
134135128901,0.5359218
134344670907,0.0027511867
134688048801,0.8060493
134694259001,0.93692696
135268414601,0.00060799223
135350083301,0.602459
135440442404,2.283246e-06
140596584402,0.7630528
140599763501,0.9630334
141921455701,0.00017659919
142284626901,0.0003251654
142302019405,0.92698795
142346260801,0.9937144
142346260802,0.0018126237
142395665402,0.87934166
151008818501,0.8962942
151183433907,4.003127e-07
151325824001,0.9713688
151391111402,0.00094268395
151535546601,0.99738055
151838430102,0.00044007346
152922571201,0.984203
152922576201,0.9842412
152997674502,2.9689087e-07
153367841801,0.52300084
153367842601,0.37146503
154654972401,0.37675115
154666784102,0.019235706
154720174701,0.97798663
154731732101,0.00066652877
154731732102,0.1615561
155309950301,0.0035948984
155614233407,1.0344583e-05
156720533204,0.2197661
168830672607,0.00019906786
169108044701,0.1124285
169142746501,0.0004756685
169142746502,0.00018291938
169142747301,0.0003448821
169142747302,0.00017167731
169196215901,0.26601878
169317488301,0.8872179
169322625201,0.86201787
169704564901,0.0007163071
169704566001,0.00034254932
169704566002,0.41818267
169707298701,0.88147944
169868536603,0.6894409
170129211101,0.53765637
170129211501,0.47219273
170244231301,0.00015470675
170244231302,0.011244859
170342329301,0.98913085
170630724702,0.8951382
181587036301,0.23516975
192238422901,0.8926892
