astro_id,planet_score
146686601,0.9489806
146686602,0.88026243
187132401,0.00054123334
187599501,0.72138125
274305901,0.96383345
317876001,0.29049045
317889001,0.0055901743
359579601,0.014002435
359698601,0.92772835
360669601,0.8455632
402988901,0.98614097
403061701,0.0011251433
403061702,7.6120115e-05
446702702,0.0063906666
447174701,0.15823963
447673901,0.0014675509
487162902,0.9747838
487657001,0.019331457
488161201,0.84083354
533697002,0.98723966
575113501,0.03884848
575113503,0.018805197
575563601,0.82947725
575563602,0.02745089
575563603,0.8777193
619318901,0.98378766
619318902,0.85348475
635590404,0.00090683176
639837301,0.9490241
703862601,0.37426123
704333601,0.0014759437
704818901,0.10754903
704818902,0.46024573
748441901,0.37245142
748446301,0.6236684
791546903,0.7276274
791560602,0.0070970124
880121802,0.9522437
924306901,0.85866964
924772802,1.2102835e-05
925236802,0.99833953
967723901,0.0015359445
967723902,0.006993989
967723903,0.026057933
968788801,0.99364364
968788802,0.99077356
969292101,0.9361484
1009597401,0.024413876
1052573004,3.7055952e-07
1053441301,0.0054973345
1139437301,0.3380937
1139923501,0.94720984
1139923502,0.92029977
1185668201,0.9021613
1317343201,0.01746205
1317833901,0.001544114
1358861002,0.04840749
1358887203,0.015650531
1359346304,0.00010047506
1359459601,0.6543741
1359459603,0.9209182
1404892901,0.91818684
1404892902,0.871583
1405725501,0.38683262
1405740801,0.00012271237
1446659202,0.25605118
1447062701,0.43764958
1447567501,0.0003356658
1532995001,0.03201267
1533976301,0.006093125
1534462401,0.55891526
1564162001,0.47705883
1564731001,0.14994797
1580072901,0.9922225
1612399801,0.9554689
1612399802,0.7106811
1623657601,0.1033459
1635457001,0.037747096
1636086003,0.0001877165
1643676902,0.08745507
1658550801,0.9531647
1666082901,0.200953
1666604501,0.92205316
1711477001,0.9974074
1752487701,0.7763321
1753382302,0.033693183
1797236302,0.698177
1797258201,0.07922001
1798232703,0.2121027
1798271601,0.1055575
1882728601,0.94157803
1927452702,0.0012927664
1927473304,0.3405428
2062751702,0.018004065
2062751703,0.3944091
2062751704,0.5815375
2104670801,0.87034106
2126191108,2.3524737e-05
2126207403,0.0020440754
2135589701,0.99934345
2147845102,0.90473324
2169987801,0.004697485
2169987802,0.002355863
2169987803,0.12286705
2169987804,0.25884762
2199901102,0.0015995457
2208947308,0.0069578327
2219374701,0.00060434063
2219719008,0.00013037189
2229403703,1.2736493e-07
2230620701,0.00038412746
2236170001,0.07892812
2236170603,1.2029639e-05
2240212202,0.0040961537
2240340401,0.3517268
2240340402,0.93584764
2248758202,0.8779459
2249717702,0.04460354
2257561501,0.0053487374
2269306501,0.9841887
2278714003,0.01945017
2278733401,0.00020318641
2282054001,8.293114e-05
2282582301,0.00074167515
2283563801,0.99261874
2288145801,0.068977214
2297574702,0.74058634
2298235402,0.00275091
2299118901,0.0069915783
2321110901,0.84496003
2325702201,0.97639525
2331537803,1.185505e-05
2331839901,0.5690988
2340085901,0.00018208113
2340186605,0.0063734436
2349099503,0.0068108044
2349156501,0.004927373
2349163301,2.5595788e-05
2349337001,0.6832628
2369119608,1.6743603e-05
2381892403,6.3631414e-06
2381892404,4.563371e-06
2382288001,0.0094544245
2382633101,0.994858
2382633102,0.72485334
2413763403,0.005134708
2414654901,0.9727869
2431354801,0.9767246
2431354802,0.9463032
2431354803,0.9844657
2431486803,1.9086103e-06
2431486804,9.588122e-07
2431674302,0.8310813
2431698501,0.8364402
2431698502,0.4767238
2440905701,0.9393758
2456122501,0.00063685246
2456122502,0.19481744
2469352804,1.5964662e-06
2498578301,0.8558623
2506398602,6.867397e-06
2506399902,2.2028535e-10
2511727304,0.002881952
2515483101,4.6000136e-05
2515483102,5.3780932e-05
2519562303,0.010664086
2543370304,0.9598311
2558658502,8.402566e-06
2559088601,0.08015135
2559088602,0.3081281
2559934101,0.29007688
2560054501,0.11801654
2572286603,4.6112837e-06
2573502001,0.9118294
2585953003,0.9009335
2587869801,0.15427414
2598839001,0.55660844
2629696301,0.018103909
2630201102,0.04754862
2633388402,0.00070003665
2668310702,1.5942693e-07
2670173501,0.89300084
2670932602,0.0047838297
2670998901,0.02300672
2711759301,0.9853349
2712677601,0.00050837814
2712677602,4.904329e-05
2755211904,1.8958247e-08
2755686901,0.98154336
2755720001,9.149827e-05
2755720002,1.8846944e-05
2795010701,4.7152058e-05
2795010702,1.6003449e-05
2813740001,0.0004445831
2813962203,0.0019236078
2813962204,0.019446135
2845569801,0.9885318
2846479102,0.38953927
2850953202,0.07208359
2852637903,0.015356673
2860940301,0.995011
2860940302,0.013081504
2884064201,0.020712456
2884064202,0.20722444
2885271803,0.88776296
2885606601,0.0010051191
2898001102,0.0028947897
2931001401,4.002283e-05
2973159301,0.6520212
2973919907,3.0995324e-07
2978129201,0.8891675
2978129202,0.99816704
2982926503,0.3254483
2983350401,0.0052766134
2983448601,0.00023954864
2998401401,0.63042027
2998413101,0.058989495
2998413102,0.8002241
2998680801,0.96476483
3003143901,0.01784146
3014114101,0.31119314
3014130801,0.0025747325
3014155401,0.0075046304
3014626201,0.96611893
3014666201,0.00026609807
3018949201,0.12690158
3018949202,0.007829801
3019337302,0.3217628
3026816802,0.84808594
3031174902,0.8477953
3031368202,0.15960696
3031428201,0.7500977
3046805201,0.041178476
3046945402,0.00012514023
3053489302,0.17261583
3055760803,3.9217695e-05
3058004502,0.10843333
3058007201,0.8910223
3063992801,0.6527104
3071881101,0.78915966
3071881103,0.009150934
3071881104,0.015204856
3102001301,0.74954313
3103558401,0.9912185
3103575802,0.87748104
3110540201,0.7416956
3110540202,0.14411107
3110603901,0.576676
3111950501,4.6201752e-05
3119795201,0.6984004
3120236902,4.435186e-07
3132119001,0.94726056
3132142001,0.9404063
3133342702,0.51946276
3140936101,0.11048401
3141154101,0.0
3141154102,0.9884737
3142064902,0.001067504
3157252801,0.038608752
3167063202,0.9385996
3175297102,0.0004620657
3176004601,0.9316419
3179612006,0.0037085917
3179929603,0.014573029
3179929604,0.82161254
3185258505,0.9974503
3185298001,0.98673254
3185298002,0.9772404
3187201101,0.043806233
3194381902,0.94122124
3194575303,4.3123208e-07
3203463001,0.2353623
3203463003,0.87033004
3213709901,0.00013953798
3222460802,0.0023051624
3231889301,0.8899959
3232159104,0.18887518
3232441901,0.9973786
3234812501,0.0027179744
3245705601,0.025433727
3246227701,0.15864283
3256908001,0.0023597965
3268340304,8.263833e-05
3268340307,0.0010249014
3269099802,0.0001630441
3269552901,6.778479e-05
3269552902,0.9930361
3269953802,0.000121894256
3276522401,0.6952244
3276533002,0.00063509226
3276533004,0.3539693
3280637501,0.7773972
3280637502,0.86519223
3307649701,0.31769392
3318030301,0.119792245
3318466001,0.7936624
3318512401,0.00041142388
3334199001,0.997905
3335085001,0.0019843623
3335085002,0.12584357
3353118201,0.99452037
3362798301,0.99842
3363285304,0.016353967
3364330102,4.7227888e-05
3370676108,0.6327479
3371460301,0.06633225
3373201704,5.218568e-06
3377092703,0.7136034
3383635903,0.5652429
3384068301,0.98526853
3390475201,0.69928044
3390701001,0.89582324
3391691903,0.0022862756
3392745901,0.9681703
3393136902,9.95992e-06
3393383702,0.005439151
3399912401,0.0041103903
3400905505,0.007410555
3411844501,0.4005121
3417332101,0.0032355788
3417332102,7.704202e-06
3424745501,0.014323566
3434489003,0.00026820038
3434489004,5.5941866e-05
3434489005,0.9968779
3434667601,0.0021982465
3441905501,0.015846016
3441973601,0.699983
3441973602,0.73733544
3442555603,0.14875284
3442733801,0.7184215
3447794201,0.7939969
3448817501,0.0165117
3448817502,1.8454926e-05
3448820401,0.97267646
3453778701,0.9925054
3467188601,0.45432353
3488902701,0.389714
3489887102,0.037072506
3492120601,0.6535135
3492623801,0.24478209
3505074004,0.4536796
3515144901,0.00027845832
3515201401,0.99313486
3515201403,0.33174106
3515201404,0.98192143
3528137002,0.0037263334
3531535801,0.9827974
3531545301,0.9951308
3531545302,0.37121394
3539425602,0.0023298962
3561454202,0.001013926
3561454203,0.0023598124
3563221601,0.89650154
3573729201,0.94575334
3577053401,0.00041605005
3577053402,0.06471286
3577053403,0.0012378673
3577105201,0.6999328
3587746301,0.0015335039
3587746302,0.0010009325
3599902601,0.29213345
3599902602,0.08484271
3627371304,0.5247919
3659498501,0.87999994
3659548101,0.5079747
3666336101,0.9914957
3666450101,0.98567456
3666450106,0.42632103
3676842402,0.98319244
3677387808,5.4380977e-05
3692332901,0.905933
3692332902,0.003792533
3704799301,0.9657155
3705786301,0.45382762
3706298501,0.796551
3706298502,0.0003544754
3719507701,0.97660327
3785931001,0.29279724
3789267501,0.75728786
3823037501,0.87725675
3823424101,0.96515864
3831648301,5.680386e-07
3831648302,3.112275e-07
3831650501,0.6145127
3831669101,4.247667e-05
3831669102,1.8110291e-05
3832537201,0.00034502303
3832537202,0.00048460418
3832537204,0.7025963
3836271401,0.0096069295
3842383401,0.7013843
3848340502,0.00069815386
3848340503,0.00033751846
3857102001,0.99580646
3857190802,0.4445282
3860367301,0.9962232
3871032102,0.16528453
3872898902,0.03052537
3872898904,0.52871794
3874032101,0.95419407
3874509601,0.27866915
3875475301,0.99280447
3875475302,0.98172563
3899057102,0.9902389
3947803802,0.02671666
3960490901,0.9212033
3960825001,0.007533007
3964510301,0.011729052
3964510302,0.9855349
3964580201,0.6466586
3964596201,0.00057741854
3964596202,0.00034831258
3964596203,0.004293458
3964598901,0.00019660697
3964598902,0.00011535191
3964598903,0.0007743432
3964599101,0.0021395688
3964599102,0.004536967
3964599103,0.00024383051
3964866401,1.7110788e-05
3964866402,5.85071e-07
3964866403,1.04280495e-07
3965453201,7.478752e-05
3965453202,0.0006022935
3965453203,3.3102133e-05
3965926901,7.7956334e-05
3965926902,0.0011577036
3965926903,4.025238e-05
3985732201,0.7207582
3985850701,0.9988778
4002980201,0.54200023
4002980202,0.01140987
4006122601,0.97916985
4007664701,0.0028181027
4007664702,0.00026782628
4015435201,0.09813064
4024771902,0.10060969
4049614402,0.011193293
4049614403,0.08196037
4049639801,3.0161375e-05
4053529007,0.0016793316
4053530302,0.011161778
4054021301,0.059653305
4054091401,0.38083664
4054569402,0.9530653
4071509102,0.57062453
4071736501,0.97611266
4071736502,0.7607301
4074927402,0.9429373
4079750401,0.00015831344
4079750402,0.73883075
4079755502,0.023584532
4087813603,0.8019586
4090461902,0.008089489
4092452401,0.9951244
4092541804,0.00048005718
4097449901,0.0046580518
4097584204,0.00054734753
4097584205,0.00046664762
4097584207,0.00091386633
4101147101,0.04781073
4103172102,0.031574454
4103282404,0.00017533016
4123125201,0.002639661
4123917001,0.7570418
4124707301,0.15321434
4133885201,0.0071117957
4135932601,0.14544539
4138586402,0.0010853605
4150732601,0.009060395
4150874601,0.98355466
4159045304,0.40040812
4162249605,0.13564396
4162577901,0.020491254
4163071201,4.673114e-05
4163071202,0.0035317454
4194266004,0.00042405084
4195029201,0.980943
4203595801,0.68682677
4204477601,0.0013694767
4204477602,0.0032686593
4214979601,0.97642094
4221337001,0.85640424
4221337004,0.72268695
4242423301,3.761736e-05
4242423302,2.5997835e-05
4242492204,5.369178e-09
4252370002,0.007058099
4265744501,0.97514546
4265744601,0.9965593
4266274701,0.81518996
4267727901,0.38467392
4268151601,0.9840809
4268548501,0.0118980855
4276855001,0.25682086
4277788301,0.19850534
4277788302,0.29449373
4317398502,0.45090163
4317398504,0.5904178
4318622401,0.3451685
4351491201,0.009088919
4351491203,0.00035237125
4351502401,0.9485401
4351502402,0.79721296
4351985201,0.00085523224
4354192602,0.036036167
4369702502,0.031420212
4392689601,0.008247436
4392689602,0.6479623
4392938201,0.45197114
4397781501,0.9269714
4397827401,0.20807023
4420128402,0.0031099827
4432802502,0.0007318939
4439556002,0.0224639
4440082102,0.44522193
4447659308,0.00021877792
4448257801,0.03928183
4448257802,0.0021746184
4448257803,0.00039165813
4459765301,0.011581706
4471851601,0.0009760105
4472600001,0.587884
4480103301,0.99227035
4483827501,0.8820059
4526160001,0.8620375
4526160002,0.8752657
4526169201,0.9956025
4526646101,0.07854202
4527133503,0.15868951
4534806301,0.0002209992
4570121102,0.9539414
4570163001,0.044687442
4614313301,0.15632878
4652070001,0.51410526
4654144401,0.022180758
4654993101,0.036011476
4665897205,0.34681916
4666292102,0.007040642
4714868201,1.9307881e-06
4715124501,0.018433094
4715124502,0.035122443
4740221401,0.9739445
4740233701,0.8342603
4740749901,0.0047307913
4741205501,0.9932151
4741205502,0.9888453
4741205701,0.08066977
4741205702,0.03482273
4828220101,0.9636263
4828220103,0.02441607
4828273601,0.8673282
4829203002,4.4116645e-05
4870279902,0.00059944706
4870344602,4.1474148e-05
4871280601,0.9578672
4897900502,1.4110769e-05
4905823102,0.000101546524
4905823103,7.518179e-05
4905977201,0.07802438
4912648805,0.003084302
4912648806,1.0067333e-05
4913506001,0.2522185
4913793601,0.20187384
4921874606,2.5796016e-05
4929679601,0.0001042037
4929679602,9.590549e-05
4939022301,0.9649249
4939990902,0.011946045
4953460001,9.157343e-05
4953460002,1.1988959e-05
4954065603,1.9623121e-05
4954066306,0.0012164228
4954140202,1.32278565e-05
4957545301,0.630999
5001067201,0.6780432
5001068901,0.23690249
5001102201,0.052942727
5001765202,0.9124241
5030995301,0.7019381
5030995302,0.8379878
5037787401,0.14151224
5042097601,0.906446
5085962001,0.8564086
5085962003,0.8697412
5128835901,0.29416138
5171914801,0.007402797
5257763902,0.00011643392
5344625701,0.005110329
5431124201,0.013843246
5432059804,0.091640376
5502166501,0.16517879
5502186202,0.0008711386
5515505102,6.713775e-05
5516463201,0.13143241
5516463202,0.15577787
5518119901,0.010528936
5527110401,0.4878239
5527226202,0.9357921
5545249501,0.89292634
5545250301,0.049720176
5545426902,0.9828483
5545507402,0.0054243
5547289901,0.7382615
5547289902,0.23022208
5547432903,0.003405534
5549728103,4.0861167e-05
5562237201,0.967051
5565278504,0.0015406389
5570770602,0.002879944
5574626201,0.96640354
5575808301,0.8236701
5575899202,2.8008359e-24
5584894004,5.6918987e-07
5591586001,0.71820056
5593112503,0.079411976
5600446501,0.9889205
5626985801,0.0005652531
5627065601,0.0039589573
5627482401,8.074342e-05
5634727201,0.99660754
5643788502,0.72955066
5643825301,0.3871186
5649444901,0.29699212
5659416702,7.846007e-06
5659617704,0.0005357994
5661352407,0.0017514061
5670177604,0.9784878
5673306902,0.8938019
5677316201,0.50921273
5686364903,0.0705643
5686364905,0.007231435
5686448101,0.87237984
5686939601,0.11164779
5686939602,0.0009953481
5692699102,6.115817e-07
5701501301,0.008917939
5701501302,0.0058237403
5701929301,0.0020541472
5709587101,0.44929785
5711132401,0.9987208
5711205901,0.9830603
5712239104,1.2312185e-05
5721670401,0.003227443
5721670402,0.001812928
5723846602,0.008721231
5724783701,0.3923592
5727492901,0.09568824
5738102001,0.486467
5741840401,2.5872167e-05
5741840402,2.772578e-05
5741840403,0.00012364262
5741840404,0.0001861821
5754904201,0.98704034
5769526201,0.549811
5774550401,0.59192604
5777786802,0.9442951
5784683004,0.69670516
5784944902,0.9854996
5800167503,0.8071663
5800281702,0.82316464
5805734802,0.0001358489
5806463601,0.009077695
5813672601,0.0795912
5813672602,0.0020462428
5814217001,0.9901215
5814217002,0.5030237
5815915803,1.2965492e-05
5815915804,9.780842e-06
5825911002,0.85428894
5837485301,0.052421357
5837485302,0.0012738013
5837485303,0.10679712
5852494403,0.06404871
5857455101,4.8841852e-05
5865628302,0.040075894
5865628303,0.12659083
5865628304,0.33516774
5866378902,0.6967609
5876996601,0.9923104
5887774601,0.3773166
5887988502,0.99210995
5888902201,0.91419214
5897340001,0.41055244
5905570003,0.9653049
5906064602,0.00041793243
5906076703,7.459005e-08
5907142001,0.97534806
5941366101,0.89559716
5943297001,0.9972441
5944023101,0.9881753
5944023102,0.040163457
5944753601,0.8767345
5955473401,0.14191373
5955473402,0.9459547
5956030402,0.28438586
5956983603,0.0012573939
5965996401,0.20545779
5965996402,0.05550591
5966774301,0.0036669474
5970269802,0.0003213535
5978675402,0.782967
5979358401,0.30045936
5982349401,0.031688407
5991614302,0.00018464665
5997905301,0.73146856
5998056201,0.56118375
6007267401,0.14383492
6008380201,0.011733337
6008963601,0.9019807
6008963602,0.8674092
6008963603,0.35224566
6015938604,1.8484976e-05
6016002901,1.8918887e-05
6016002902,1.1476459e-05
6016700601,0.6137631
6016802201,0.0015680717
6026872001,0.36324278
6027718501,0.7466932
6028377003,0.9622506
6030946801,0.47113597
6035637701,0.73297614
6036742901,4.0037223e-05
6036869001,0.0045239395
6042874501,0.7369325
6043004303,1.8875708e-05
6043004304,6.9422065e-05
6043375501,4.9371865e-05
6043375502,6.679973e-05
6043909904,0.00020692614
6046288601,0.0057592443
6053017901,0.00060027686
6053541501,0.0023579316
6053818401,0.9054601
6062971701,0.00035184424
6069763601,0.9422721
6074889101,0.004242417
6082305101,0.039821506
6089059903,9.8199935e-06
6089158202,0.17157856
6119174502,0.089569226
6144129701,0.5262537
6154771403,0.90279454
6154771404,0.977723
6155090501,8.631845e-05
6165397403,0.0084396275
6165653403,0.0028485237
6165653405,0.003281156
6178654902,0.9415595
6180657801,0.17561264
6180805201,0.9962978
6180805202,0.9312443
6192574301,0.0025020526
6192574302,0.00015018799
6215724701,0.8783777
6217415803,0.27890116
6228904502,0.6529928
6241089002,0.013625129
6241093102,0.8192445
6241590201,0.17714386
6242032601,0.14978734
6253595402,1.201644e-06
6253595403,0.00083572115
6253971902,0.0002562157
6254246401,0.87496126
6254246402,0.525483
6261133301,0.9504782
6261323802,0.2388965
6265521202,0.027879735
6272611201,0.94510347
6272665702,0.86588883
6279045202,0.97189754
6280378905,0.22032583
6280674301,0.9715925
6280856501,0.24362916
6288299303,0.0007946089
6288299304,0.0012157942
6291912801,0.000384352
6299101801,0.5829664
6302337203,0.6461013
6302404701,0.9871329
6308923801,0.3853674
6309331503,8.218528e-06
6309331505,1.2846605e-06
6313590502,0.8460006
6313914303,0.96687317
6318435402,0.91868114
6318435404,0.939004
6324683401,0.9978594
6326181102,0.86096436
6327267202,2.7723083e-05
6332963401,0.9280586
6340819502,0.94480234
6341634501,0.84641325
6351354601,0.00058377406
6352203501,1.8661995e-05
6352203502,0.00033733848
6352379501,0.9930829
6359069701,0.000100993675
6359214001,0.044121426
6361511001,0.006658954
6361919203,0.77720606
6368632901,0.008717773
6368776201,0.029726146
6376477803,0.00059081014
6376804901,0.0012169686
6376807501,0.0017510742
6376807502,0.004535287
6387572703,1.4087262e-06
6387572704,6.3382396e-07
6387866702,0.2999458
6387966304,0.9276638
6399136702,0.00030017958
6399459503,0.9230917
6412380401,0.20942897
6424210504,0.012411569
6434460401,0.22790852
6435212501,0.25481775
6435212502,0.86640465
6485866101,0.0019533741
6485866102,0.0016991437
6485866103,0.0007103037
6485866104,0.03187858
6485866105,0.02609282
6485866106,0.019769453
6525380401,0.78908634
6538582002,0.49264088
6586048304,9.1294496e-05
7375361601,0.16336468
7375607502,0.002961581
7392507002,4.3760134e-05
7427155401,0.0022327758
7427155407,0.63414687
7434621201,0.0031750603
7434621202,5.784555e-05
7443700003,4.3176675e-05
7451108101,0.00023559047
7451922401,0.013410539
7459694901,0.9360931
7459694902,0.8480048
7482930601,0.3289544
7507619201,0.9992567
7516057103,9.934296e-05
7522371801,0.23924562
7530608901,0.20531562
7530702201,0.695839
7538565803,4.819227e-05
7538725301,0.83308727
7538917601,0.0043054693
7539189001,0.50449944
7546329201,0.47580028
7561012505,1.6960495e-05
7568374001,0.94728005
7575508203,0.000103465936
7575571607,5.5997607e-06
7591712304,0.42607746
7600180003,0.24357992
7605870901,0.0292839
7606518401,0.8205959
7606562302,0.9044275
7606612701,0.9822405
7606666902,0.98857856
7617356301,0.1005285
7631539701,0.9646569
7631618801,0.1423658
7631618802,1.8953142e-05
7638650802,0.056810837
7639159901,0.01652014
7639303301,0.99701935
7639303302,0.9955011
7644614602,0.00805297
7644614603,0.7939654
7644614604,0.897011
7661644001,0.92533267
7675873301,0.72520036
7675873303,0.017546672
7676218301,0.7144347
7676567601,0.0054592225
7689270401,0.4421864
7689270402,0.99712026
7792450201,0.89744645
7824594601,0.5037212
7837460901,0.0024620697
7875409802,0.19349928
7875903801,0.0461458
7912466701,0.0023580412
7912507701,0.9004747
7912545601,0.091974124
7913292301,0.0003002334
7926475902,0.8769644
7960579101,0.99928254
7971252002,0.56475466
7982089001,0.5022172
8004746701,0.5975517
8004867004,0.43815082
8324325901,0.21163328
8359092201,0.4604364
8382728801,0.88385725
8391827801,0.9306947
8463689001,0.005859675
8464525501,0.9981772
8474543001,0.77265865
8474787203,0.93256474
8475697403,4.1281933e-07
8475836301,0.0005266321
8500576401,0.0004299769
8501067001,0.9132802
8512562301,0.5570595
8535969701,0.93549335
8535969702,0.891413
8536160701,0.48779228
8557710801,0.034015153
8563941501,0.0025426708
8564200602,1.2480848e-05
8564269102,9.300776e-06
8576045202,1.9456739e-07
8585618401,0.011578377
8585618402,0.9217244
8592489001,0.9406814
8602080602,0.0011988054
8603125301,0.0010260356
8625205701,0.8977814
8625205702,0.9717349
8625492902,1.0323128e-05
8632462302,0.016469495
8633423501,0.6164752
8633435102,0.20970038
8651144702,9.267663e-05
8652128901,0.26069078
8663328001,0.022512585
8688852701,0.05208489
8688852702,0.0042066663
8705532001,0.0042691887
8705793603,0.12999994
8705793605,0.7416127
8716784101,0.29878923
8716784103,0.18547456
8726694203,0.0048928643
8733387901,0.8823156
8754358902,0.51836145
8778408101,0.92516685
8788823901,0.5352333
8789967903,3.462547e-05
8823309601,0.5459913
8833986501,0.95459354
8851497101,0.7621632
8851956101,0.0022548747
8852008701,0.094519265
8852189402,0.28634688
8861191602,8.259606e-06
8881178201,0.9989126
8898627501,0.80077285
8898627502,0.8146008
8905393404,0.00070423854
8905697201,0.0003350778
8905697202,1.586314e-05
8913706803,0.00019156294
8914097501,0.016586317
8924303201,0.8976514
8924303202,0.057285424
8925222504,0.0050935387
8925357001,0.0064554755
8930756502,0.00027710345
8931838602,0.5399387
8941135101,0.7985931
8942065601,0.0008575022
8956699101,0.037577115
8957784501,0.019788256
8957784502,0.0009114941
8965832101,0.8866034
8974209201,0.16623557
8980662303,0.0014840616
8981040401,0.00016830432
8981040402,3.4347042e-05
8991306903,1.0913551e-06
8996784601,0.8157055
8997116301,0.9611661
9008303701,0.99777764
9008303702,0.17660172
9016544001,0.18417336
9022828902,0.45499617
9022853401,0.49638167
9022878501,0.8751545
9022890901,0.041965455
9023643801,0.9348975
9041772101,0.86075115
9042252402,0.3997692
9048609101,0.004566643
9049168001,0.013152125
9065882101,0.2478579
9066105801,0.008249983
9066127701,0.05228358
9066386302,0.8259453
9071694402,0.00053959916
9073074701,0.00020538412
9081432501,0.23251924
9081838502,0.75686353
9099943601,0.98176825
9100943301,0.38137767
9107170701,0.0068198354
9107893601,0.93526906
9114721801,0.792873
9124466901,0.67917
9131653602,0.19606115
9131653604,0.9718455
9132419502,0.0063825757
9141025802,0.21802038
9141026002,0.35913655
9141422303,0.00011127904
9475348801,0.9928824
9475628901,0.83625436
9509231003,0.008677068
9517431301,0.12098165
9518324401,0.0009106286
9570260101,4.1999083e-05
9571788104,0.029148052
9572072601,0.98407435
9580433902,0.019204399
9580511005,0.0007301522
9581394501,0.051830307
9584949203,0.00023474851
9603923601,0.9908887
9647563801,0.9931311
9654057203,0.0015604352
9681050603,0.0050478755
9681868001,0.29463282
9688924805,0.30249953
9708044101,0.01240176
9708421301,0.027633412
9710542301,0.017390456
9710542302,0.43598872
9729263202,0.019623037
9729640903,3.5501227e-05
9769165301,0.82583296
9776252401,0.00011061856
9776699301,0.96603805
9788835703,0.9775269
9790248301,0.9569804
9799135801,0.17100395
9831842503,0.009391503
9831864401,0.071402624
10019081801,0.97092474
10019140201,0.18219651
10030598401,1.2361908e-06
10030598402,1.0819466e-06
10031003601,0.0055498932
10056971004,0.02556405
10057104001,0.9371743
10057104002,0.052430574
10058843802,0.9868238
10058843804,0.05990729
10068997301,0.00047877393
10069995501,0.5357334
10094739503,0.6663945
10094763201,0.00020761587
10094797703,0.00069638394
10095808402,0.10329353
10095843301,0.28422228
10096215701,0.004737052
10096417101,0.06793628
10108020001,0.0668934
10108283401,0.0005317126
10119610201,0.7035476
10119610202,0.0007625238
10132909501,9.080871e-05
10148655101,0.45397058
10161078302,0.9843907
10161080704,0.9888369
10186375301,0.24594398
10186596501,0.99272525
10199039201,0.92686486
10212986001,0.0065750326
10224618801,0.8836593
10224618802,0.638728
10224901702,0.98875254
10263813202,0.00819059
10264287001,0.00012234981
10264316301,0.00017849701
10264348201,0.009365644
10274366302,7.0819317e-07
10314524801,0.06497457
10325796706,0.00014394465
10353132902,7.9786766e-19
10364895801,0.95022863
10376367904,0.008104881
10376397901,0.0019173267
10390531901,0.051999096
10413925202,0.021287838
10427433001,0.98276687
10441934105,4.7035155e-06
10479034102,0.7798637
10480383401,0.08772604
10480383402,0.12609872
10493181301,0.9773057
10518842403,0.6185742
10519098404,0.5941273
10529676301,0.00086342316
10529676302,0.047291752
10568487504,0.0396622
10837497602,5.0939212e-05
10837842705,0.00047654493
10859048002,0.015004246
10884591901,0.6571633
10886092801,0.003878483
10886419901,6.0461185e-05
10886419902,4.0135776e-05
10898348201,0.9502181
10898348202,0.9941598
10937635604,1.1955697e-06
10938015501,0.04142967
10938019301,0.0068627675
10949837601,0.14867027
10950331601,0.55445445
10963396401,0.80941147
10987510902,0.00498366
11001893001,0.0006880308
11035433901,0.0051141926
11054170402,0.7374768
11061602801,1.9673173e-06
11062190401,0.66435313
11062805303,0.14131881
11062805304,0.15646246
11075892603,0.00015216762
11087920102,0.17876217
11102317801,0.89063126
11102719501,0.011573561
11126632602,0.005612239
11140384101,0.7478658
11144934701,0.11680875
11144934702,0.017678812
11150781601,0.6472126
11157210001,0.9721459
11162241502,0.013101181
11172093002,0.0012336376
11172279402,0.24926077
11172279403,0.04550597
11175985301,0.19362716
11176276901,0.030717175
11177023101,0.008440205
11177053903,0.040797494
11184523001,0.55282396
11188722501,0.5969886
11188877204,0.34056357
11188897502,0.024800073
11196832301,0.07162742
11208954303,2.1844267e-05
11221303101,0.460813
11226066102,0.024834994
11226298602,0.0022903604
11237798102,0.00938221
11257430701,0.005726553
11257592301,0.95733273
11257820204,0.0828351
11257820206,0.04278023
11258650602,9.396339e-06
11278457201,0.9004827
11289868301,0.5948291
11289874802,0.020266939
11316068701,0.004791348
11316097901,0.9111019
11326728502,0.14019877
11326728503,0.65112764
11339655703,0.25151175
11341112002,0.99899334
11351159103,0.21091646
11376871801,0.9938803
11376871802,0.9844987
11390038802,0.68477046
11413054201,8.9712186e-05
11413054202,4.4883277e-06
11413963201,0.9926402
11413963202,0.044127025
11426827002,0.023201609
11793527401,0.27948928
11801117801,0.37208062
11801536001,0.7120406
11801607802,0.0013061216
11805993502,0.0004091156
11813989304,0.8141671
11813989305,0.70354754
11813989306,0.5662911
11814710701,0.00059329637
11819609403,6.1390147e-06
11819664401,0.9044023
11819664404,0.7478504
11819770903,9.294538e-08
11819824801,0.002223258
11820008001,7.798919e-05
11828042701,0.25817984
11832157008,1.8086173e-06
11832289607,0.9961731
11843969002,8.4060315e-07
11853010701,0.8948917
11866683301,0.8872211
11879817401,0.71498626
11892274901,0.9053493
11898109002,0.022068406
11904677202,0.0018976154
11921955101,0.8176377
11922271301,0.0021839817
11922514501,0.32516262
11933439101,0.9950126
11938562501,0.50109047
11938810101,0.8522951
11950168708,0.3520352
11950621401,0.13090627
11956086701,0.15724848
11962420701,0.0014360489
11967724601,0.6919171
11987903601,0.1570019
11997553101,0.98591125
11998011201,0.0256221
11998113401,0.7987191
12027622801,0.0070029097
12028115501,0.81946385
12034182301,0.37432593
12039326407,0.39463446
12039326408,0.8363913
12039326409,0.2520862
12039326410,0.8393627
12039326411,0.42796108
12039513701,0.31368515
12039513702,0.66634214
12039720501,0.59000987
12039721702,0.5277165
12040021401,0.76650155
12061103001,0.9939267
12061103002,0.99162525
12081715301,0.00027174107
12081715302,0.7725125
12093407101,0.0031347882
12093761601,0.03751306
12094161401,0.9951584
12113719101,0.08783645
12145433301,0.19012734
12158637201,0.45611486
12167517401,0.99820447
12200275401,0.9527261
12200597701,0.008672008
12200666501,0.97468805
12220988502,0.24824212
12242476801,0.00477052
12243213301,0.98503196
12253794801,0.84270954
12264264401,0.9976041
12285400501,0.95612866
12317287902,0.011239944
12339813301,0.99164844
12350845102,0.0061228913
12381617802,0.0025131593
12390795801,0.04259519
12390866501,0.8184598
12391973001,6.772315e-05
12426094001,0.6475846
12426405501,0.68996304
12426405502,0.83995986
12426436303,1.9458812e-06
12458398501,0.33945644
12459356401,0.9511381
12459356402,0.866025
12479663401,0.28149745
12489976901,0.9908807
12510041603,3.0246667e-07
12510943101,0.9341251
12522039801,0.0032469819
12522220604,0.034404695
12522220605,2.0137162e-05
12522821001,0.57527816
12533032001,0.007903331
12533039501,0.5356196
12546033301,4.7176122e-06
12553900602,7.6468505e-06
12553900604,1.9333016e-05
12553921701,3.4135446e-05
12565600201,0.010508356
12565956701,0.2063816
12565956702,1.2838061e-05
12576085101,0.00067961874
12596876401,0.0031583
12606428601,0.96470547
12606499301,0.081532896
12607327902,0.0039004728
12607799201,0.80995715
12607810001,0.13151883
12630682801,0.23268236
12639315001,0.8933306
12656178701,0.8075072
14059590301,0.032396607
14068744601,0.0001381974
14079745901,0.00040367045
14093858001,0.78720546
14094049302,3.3914077e-06
14128126001,0.23004098
14128126002,0.9725533
14133479301,0.0043366193
14141282301,0.99281645
14143575801,3.5284828e-07
14147252101,0.003342473
14148039401,0.3005537
14148238601,0.5586072
14148498103,1.827377e-05
14171216701,0.64643234
14175278701,0.17807557
14175577002,0.00016995518
14177059201,0.77376676
14180659802,0.0028121995
14181146904,1.0363567e-07
14182800702,0.0020749972
14186670401,4.802866e-05
14186670402,4.0091308e-07
14187156903,9.377341e-08
14208293201,0.0005763788
14210530801,0.043285336
14210918504,0.056004044
14214784903,1.5362821e-06
14214784904,1.9928036e-06
14214822801,0.9396837
14214871202,0.54922956
14785851101,0.9530959
14787355302,0.0008803043
14884825503,0.0016812178
14910260201,0.9887394
14910260202,0.9846793
14917608001,0.99834883
14917608002,0.9910088
14917608003,0.99503905
14919080201,0.0005301782
14919514302,0.07654834
14922069301,0.006070622
14927061301,0.11600696
14927436702,0.791651
14930274401,0.99693274
14930274402,0.9966467
14930817504,3.2578855e-06
14934986701,0.9961079
14934986702,0.99407506
14934986703,0.79503375
14939257402,0.71994555
14944716001,5.7291527e-22
14944716002,0.0004392718
14949842501,1.6520533e-05
14949842502,1.008237e-05
14987370902,7.726324e-05
14993094602,1.2749531e-05
15003020501,0.9975019
15003020502,0.9986864
15009886001,0.9985561
15010147201,0.36904895
15015126201,0.99881965
15015126202,0.99745244
15020394201,0.03238389
15030038803,0.034386687
15032061002,6.1831264e-13
15042980702,0.002315191
15044304601,0.87934756
15051620201,0.9884367
15052358402,0.007249567
15063635601,0.001976642
15063635602,0.13605265
15071886401,0.0027333223
15086376801,0.07900582
15088003801,0.5100226
15104739403,0.057896417
15105371901,0.47595814
15118385001,0.0013984313
15118864503,0.0009969339
15120148501,0.2769227
15129820905,0.00023447518
15138784001,0.5609766
15138832401,0.010518808
15138832402,0.06248861
15153447503,5.9202186e-08
15160209601,0.0012901778
15169357402,2.4621984e-06
15170787001,0.7434009
15212279301,0.00086939975
15212279302,0.00011086714
15226473702,0.97116786
15235037301,0.56032234
15235037302,0.0023002075
15245720301,0.96657336
15254053806,1.5489118e-06
15254053807,8.809252e-07
15254317001,0.6651208
15254700601,0.021889498
15262595501,0.33117306
15266038501,0.06856931
15289652401,0.9596575
15289903601,0.09236158
15290875301,0.00029709865
15290875302,4.5623096e-06
15290889701,2.932037e-05
15290889702,1.5828994e-06
15290889703,0.00081456493
15301725001,0.7596192
15345478201,0.9578928
15366956901,0.6106227
15419006804,1.6125478e-08
15419966501,0.012423728
15437834606,4.8825736e-05
15439316701,0.9658563
15439316702,0.39968714
15439658101,0.00090671174
15439658102,6.84841e-05
15439674601,0.0005868384
15439674602,7.053036e-05
15451417007,1.9000153e-07
15452472302,0.07465829
15518488001,0.30617866
15518514202,0.014974042
15518514205,0.11989471
15518987401,0.16939011
15528599301,0.0011040269
15528599303,1.8080766e-05
15528612101,0.07251636
15538521202,0.03546543
15551479802,0.0013411837
15562018704,0.89377564
15562018706,0.9495254
15622784802,0.0022131738
15622784804,9.606824e-05
15622784805,0.9870545
15622784809,0.9954782
15623636104,0.019151215
15632989001,0.03186668
15665276702,0.07525361
15666885101,0.7951719
15677513102,0.73237824
15706981801,0.0011213378
15706981802,7.232486e-05
15719104502,9.1313486e-05
15806322501,0.117379226
15806322502,0.046905827
15809911601,0.05789474
15809958001,0.99931896
15814195101,0.99580765
15814195102,0.007453599
15815687801,0.23603366
15815893201,0.045025907
15815939202,0.0020080034
15815989102,0.0024540923
15860720701,0.90940773
15860722801,0.36344585
15860741901,0.022875432
15878178402,0.11167562
15878178403,0.12821826
15912169301,0.028862052
15924871502,0.96142477
15947215603,2.8627107e-06
15947227802,0.9960652
15948113801,0.40856758
15948113802,0.90916073
15948113803,0.5267667
15956590202,0.5326588
15969873701,0.8228316
15980342101,0.0009837529
15980342102,0.00013741909
16013434801,0.8087086
16036773402,0.46743536
16036773403,0.15655863
16066016301,0.8913281
16066515901,0.9941292
16066526601,0.0044311793
16068880901,0.7374952
16084755501,0.4501443
16091601404,0.0007150528
16099102201,0.7328147
16099102202,0.9264231
16099304901,0.00050479383
16103732001,0.23467752
16108228801,0.005142467
16108228802,3.1486325e-05
16108592104,7.057342e-06
16111060101,0.30741474
16125373001,0.69855106
16126004401,0.882844
16134286001,0.98868597
16134286002,0.995886
16143602901,9.446838e-05
16154166701,0.011710672
16154930501,0.9984358
16155008801,0.00029944043
16176108901,0.622672
16176124703,0.038786136
16198132604,6.4675294e-07
16198826901,0.003245823
16210735001,0.00026908453
16241062701,0.0050033024
16242925701,0.46328148
16253832601,0.8238772
16255155401,0.0519973
16265142702,0.0030906321
16266588403,0.021499315
16338814401,0.0003059886
16340585502,0.0007593449
16355726201,0.24323401
16356506601,0.85251415
16356506602,0.020447813
16377210001,2.4374442e-05
16377210002,0.0026614848
16398864501,0.40173212
16696934602,1.4131585e-06
16700979201,0.35826707
16708620102,1.0229971e-13
16730338202,0.9907644
16730403801,2.369954e-05
16730403802,1.8738287e-05
16734243901,0.9802074
16734313302,0.81021357
16736542802,2.119028e-05
16741596501,0.99932146
16741596502,0.9145706
16741889801,0.99276346
16752648502,0.97335726
16755489801,0.9983924
16755489804,3.4111366e-05
16757013101,0.9763642
16757013102,3.1665387e-08
16757013103,0.007937344
16757119203,0.023706693
16760273802,0.000230687
16760273803,0.0005122577
16760421701,0.92348814
16769439701,0.00025837836
16769572902,0.066679254
16771839802,0.79873276
16775073201,0.93641084
16775131902,0.0018189767
16775452301,0.057309095
16779396102,0.0027888268
16781194601,0.3607492
16781194602,0.267761
16995573401,2.0332176e-05
16995573402,1.330196e-05
17004831601,0.884613
17023867602,2.5795845e-05
17024094203,0.538606
17025467504,0.0006891667
17032889101,0.002771486
17032889102,0.005970596
17033096503,0.00029206008
17033757001,0.0007905681
17033757002,0.000668972
17033757003,0.009746408
17033757004,0.016857658
17034101102,0.007395744
17042211401,0.9476229
17043049702,0.022485077
17050929001,0.00019056845
17069188506,0.09635008
17069237901,0.9979711
17076902501,0.041705713
17077392403,0.013878662
17085770202,0.00036932316
17097239601,0.3292141
17097994501,0.57704
17106091801,0.4063925
17106337909,0.001505451
17106451103,0.00035455803
17129234303,0.00032645877
17138585501,0.98320204
17147300001,0.00019041152
17147888202,0.12635462
17148036601,9.8753306e-05
17153235801,0.99691087
17153235803,0.969347
17153653001,0.9445631
17153653002,0.7705333
17154219001,0.99385875
17154409102,9.200846e-05
17163328601,0.00071204343
17174562602,0.000874174
17174562603,0.02091293
17189929108,0.00057027006
17195529805,6.3241996e-06
17196218101,0.17367315
17196218102,0.0033894044
17196401501,0.008915529
17205337202,0.35707211
17215521304,3.8173737e-05
17220307703,0.00014000658
17220325201,0.57468987
17220325202,0.012617082
17250251405,0.004810727
17254841501,0.08183405
17263400901,0.9895951
17264424801,0.0031190861
17271798203,0.9750503
17272238802,0.005122628
17281527201,0.83967537
17281527202,0.69927704
17289329601,0.99439526
17349331402,9.077781e-05
17354412401,0.0034646613
17354412402,0.017100956
17354412403,0.0007043328
17354483502,0.00033888084
17364872701,0.088907614
17364872702,0.2923544
17365440201,0.0064037424
17373887901,1.8995232e-05
17380768102,0.08409214
17381431501,0.83963585
17381431502,0.6013176
17381455001,0.12468424
17388516403,0.030193225
17389423101,0.003933148
17389423102,0.0019889758
17389662202,0.8983121
17406818604,0.004190312
17412582205,0.00043389178
17413303503,0.00026416153
17418211001,0.25611934
17429111201,0.4368767
17429382701,0.00027346943
17572863401,0.8326082
17595347901,0.9705988
17602056201,0.0012656419
17603913301,0.05552932
17610827402,0.00026215357
17610959901,0.8644343
17611105801,0.04039539
17616422501,0.76812565
17616676301,0.9960253
17687143801,0.99859756
17687143802,0.01181699
17687403401,0.004608124
17693612401,0.0012092637
17695537902,0.017883562
17702223203,0.0011120336
17707733601,0.99752814
17707745701,0.00034040742
17707745702,0.0009647048
17707747501,0.54141015
17707747502,0.27129927
17711698104,1.030229e-06
17711955403,3.0326927e-08
17717368601,0.8776684
17724213003,0.016621968
17725470301,0.0018657261
17728470202,0.08401628
17730836401,0.9973552
17730877701,0.70810795
17735477101,0.2177403
17738774502,2.136054e-06
17738774503,8.774668e-06
17904088001,0.12795542
17904198901,0.00124284
17912356001,7.4204705e-05
17912356002,6.4640575e-05
17912356003,0.025755232
17930792202,0.97730446
17938380501,0.7166644
17943740001,0.07349922
17943740002,0.5294817
17943740004,2.4289912e-07
17944028903,0.88674337
17957923302,0.002703336
17958004502,0.8780942
17963906301,0.12792447
18134118402,0.9273938
18134186402,0.030216027
18157661202,0.0021639823
18179853901,0.0120853465
18245089201,0.0858426
18892340101,0.040329028
18892340102,0.0007291263
18916711201,0.97324884
18917239501,0.14629643
18918175801,0.0017531676
18944799901,0.9796214
18969437501,0.9988018
18997220501,0.9097017
18997702801,0.9656542
19023050401,0.7830659
19050445101,0.5154499
19103675001,0.004658054
19103708201,0.45249528
19103708202,0.0007304988
19135159105,0.00083718565
19142298701,0.99546707
19158371401,0.9513562
19174414201,0.027128154
19186209601,0.49029922
19186718302,6.84615e-05
19212631102,0.9109704
19213189501,0.0004818247
19238090201,0.88032055
19239046901,0.67658347
19262673603,8.003792e-07
19263556101,0.27446693
19289499801,0.00010822734
19289499802,7.899464e-05
19290685501,0.7759082
19299731603,0.7066214
19301306503,0.0037780257
19304883601,0.063181125
19304883602,0.0024237286
19305978503,0.01879907
19312463703,0.071853556
19316382401,0.00011206278
19317415301,0.96217287
19324209701,0.9955924
19324209702,0.99583226
19324232102,0.7692625
19329729401,0.011503566
19329729402,0.0027602632
19329739201,0.00075880776
19329739202,0.0002469151
19330551701,0.02567042
19352855401,0.98584056
19358920203,1.9491247e-07
19359667302,0.056141116
19359680203,0.0013389954
19365589404,6.770109e-08
19377820301,0.9971546
19377820302,0.9960038
19378772601,0.91639686
19378948901,0.041777622
19384952301,0.9943944
19394961705,3.252214e-06
19396503501,0.9970626
19410316602,0.13117445
19421013901,0.016560873
19426444101,0.00084782584
19433831001,0.7098505
19433831002,0.14556865
19433996701,0.15808494
19439116003,1.9912417e-05
19439628702,0.99693215
19440839001,0.0022715298
19446649601,0.5013648
19447582901,0.65978676
19447582902,0.031771727
19459105101,0.7785256
19479865404,0.884426
19487327602,0.85653424
19503056401,0.842686
19504658201,0.9870008
19510340103,0.0004902014
19511848201,0.46399292
19516342001,0.97634697
19516427101,0.91206306
19516427103,0.30357602
19556847601,0.00011327326
19557876001,0.6808236
19610149302,0.0009326591
19611596801,0.30120018
19636348401,0.9030253
19637335601,0.27014595
19665444401,0.9941711
19665471101,0.9241923
19679343201,0.9869048
19680816201,0.72270197
19684734802,0.015989156
19690447702,0.008660407
19695427303,0.0060087824
19695804302,2.526707e-05
19697034102,0.37987962
19704547002,0.0010827644
19707467302,0.91782176
19745290601,0.642103
19745799701,0.8841007
19746780001,0.31275594
19784795401,0.115199424
19784795402,0.010011799
19806823901,0.03752246
19806830001,0.0006550658
19825741102,0.00011974829
19825772701,0.20420092
19884575902,0.0014659272
19885122601,0.07758511
19931894201,0.9800094
19957495301,0.97763616
19957531501,0.034447554
19983373801,0.9744262
19983373802,0.541783
20010068801,0.8410347
20017246701,0.99360037
20017783901,0.065187335
20071837702,2.0210677e-05
20071844301,0.27951503
20095987302,0.46948558
20119314702,8.138845e-05
20119776801,0.8935249
20120198901,0.9874813
20164131702,3.8532056e-05
20171847701,0.7446421
20171879901,0.7011083
20194192601,0.9499183
20194235501,0.0013028211
20244560801,0.0017994882
20246185201,0.8360631
20681867404,4.3119317e-06
20697779102,0.0016032311
20703226201,5.3394855e-05
20703226202,1.6391565e-05
20711385602,1.4806337e-05
20711942806,0.01794171
20712481601,0.8405921
20712511201,0.17978396
20725890403,0.7272609
20725890404,0.77358454
20726417201,0.99897134
20734665902,0.98948854
20735276401,0.9474116
20742034902,0.0121390885
20750831101,0.8085773
20752078601,0.94896644
20752159901,0.8355472
20752344501,0.0001987341
20755487201,0.991227
20756381601,0.2599538
20756563501,0.8662006
20760243701,0.0008147036
20765451602,0.0493474
20765451603,0.3310976
20765455402,0.0005923178
20766138101,0.39093477
20766664002,0.5043085
20769515203,0.9598738
20775736503,0.0073716366
20775736504,0.0009870934
20775746701,0.8047581
20779901301,0.02870746
20780616901,0.53516036
20780930202,0.9383579
20785898801,0.038060054
20786993003,0.0023482407
20795453902,0.19756104
20797839101,0.9721539
20797845801,0.7788262
20798008701,0.052405976
20798258101,0.95483017
20798643301,0.0022869643
20798953402,0.1990053
20799077002,1.1749161e-05
20803004902,0.25062767
20803778201,0.6192699
20810887901,0.9110172
20811480001,0.07671385
20815128102,0.0068143895
20815513302,1.2935751e-05
20820384201,0.9986498
20820384203,0.99756086
20820384204,0.9974335
20823122404,0.18645388
20823122405,0.34409657
20829558601,0.99346584
20829696701,0.74397504
20829776001,0.9987018
20829796302,0.9412521
20830098501,5.9694794e-06
20830098502,5.7167226e-06
20832372501,0.5357192
20833033601,0.2389813
20833035301,0.8502311
20833304701,0.0037137717
20833567901,0.93280715
20839872807,1.6802498e-05
20843557301,0.88666946
20843828802,0.05095931
20844682303,6.3429716e-06
20844682304,7.3206693e-06
20848998201,0.99040985
20849184703,0.95489246
20849658702,0.8255206
20853519401,0.94748586
20857996901,0.96215224
20859451101,0.001219989
20859451102,0.0016720679
20863817306,3.4300534e-05
20864858501,0.9980756
20866976401,0.39950228
20866976402,0.76324046
20871068001,0.99642855
20871941901,0.03965806
20876387001,0.000585261
20876387002,5.9593847e-05
20876538102,0.9104167
20877070601,0.995574
20877097501,0.7191081
20877160503,0.0029594852
20881574804,2.4415138e-07
20882540501,0.0008876362
20882540502,0.0017082121
20882540503,0.0003074759
20882540504,1.4179943e-06
20882540505,0.00078307494
20883055802,2.546762e-05
20885855301,0.98024404
20891756401,0.0010836017
20891986001,0.7213375
20894301901,0.88480866
20895092801,0.0033771081
20895092802,0.00023420235
20895455901,0.06293347
20895507001,0.0044114725
20900171701,0.001633033
20900301601,0.0005574572
20900301602,5.094062e-05
20900324601,5.1156763e-05
20900324602,6.681145e-05
21162288202,0.00011992177
21168779101,0.9202599
21168779102,0.3079589
21174262801,0.9886513
21177924002,0.003922108
21183129201,0.5643732
21186454501,0.10921908
21192554001,0.0031737702
21193012101,0.63200235
21196596801,0.4920195
21197189801,0.9986773
21201552102,0.050458387
21212162202,0.08176228
21212162203,0.7738571
21212414002,2.5110216e-06
21216928501,0.8287994
21217568001,0.72443867
21218078501,0.9926906
21230498501,0.001144511
21230498502,0.0063881543
21236733602,0.11953281
21237202202,0.896181
21237309701,0.023258938
21237309702,0.00497452
21241550901,0.00047712307
21241550902,0.046547443
21241599002,2.7966823e-07
21241599802,1.8528041e-07
21241914001,0.00037792244
21245264701,0.51545966
21245906901,0.1548157
21246152401,0.85084605
21251976401,0.9323889
21252856203,3.9981634e-05
21253044103,0.001288018
21261208201,0.5775834
21261208202,0.45532498
21271137101,0.00037340348
21276053501,0.005482544
21276076902,0.98901653
21283521201,0.99897873
21284496701,0.7423304
21293936101,0.76352787
21299863202,1.3595942e-05
21302859304,0.001276584
21302859305,0.0030854517
21302859307,0.007864431
21311179602,0.004977908
21319315301,0.025352469
21323016801,0.0038982003
21323016802,0.00011022791
21323175402,0.7048184
21323673802,0.00021268346
21323673803,0.010731345
21323673804,0.02014096
21323789301,0.716706
21324029201,0.9479481
21324222802,1.3929615e-05
21330315405,0.00015792761
21334217404,2.044296e-05
21343634902,5.690628e-07
21344125101,0.014906686
21344177801,0.016181558
21344177802,7.071893e-05
21347491201,0.042889263
21351426501,0.16173714
21351687301,0.9682113
21354540403,1.4269257e-07
21357923702,0.731511
21358862903,0.043083347
21369280101,0.04810962
21370744201,0.75128186
21371612901,0.0011884385
21376117101,0.9629166
21379547201,0.40646258
21382085601,0.85597956
21383074701,0.9652084
21392214003,0.060616825
21392298602,2.6698243e-07
21395552101,0.9971867
21397819501,0.3251865
21401338602,0.00021939477
21401400102,0.6662036
21404624901,0.00020931612
21404624902,0.0008438037
21404773701,0.941698
21405477303,0.000282005
21408274201,0.00033087147
21417636202,0.0021894877
21417639501,0.002374164
21418818601,0.9900383
21419247401,0.0007314744
21419247402,0.15146783
21424328701,0.9986161
21424340001,0.0045617055
21424464601,0.25305146
21424625902,1.2909391e-05
21424810501,0.1492203
21425014301,0.18289681
21425357803,3.3849292e-06
21429895701,0.42194167
21430373501,0.003944772
21431374401,0.9423819
21431625001,0.0029618274
21431625002,0.018538842
21433255602,0.38605574
21435519801,0.99023193
21436133101,0.9972753
21437504701,0.7569168
21437890502,0.0007797925
21438904401,0.0048512807
21441298902,4.0142336e-06
21441648702,2.3308152e-05
21441671801,0.012641709
21441803702,5.239652e-05
21445435603,0.0002154624
21445547804,8.445913e-07
21448380701,0.37724066
21448380702,0.18959089
21449529207,3.0907066e-07
21453073701,0.8036289
21453333202,0.17489855
21453810603,3.78383e-05
21560515901,0.78392035
21561507901,0.3469949
21570371901,0.98743016
21613660801,0.8841413
21616553801,0.95918864
21619093401,0.0006849118
21619093402,0.00011514322
21619579301,0.9852217
21630651001,3.3637152e-05
21632808001,0.66364866
21634270201,0.037247542
21636770801,0.4267796
21638707302,0.01413871
21638871801,0.9083997
21638871802,0.90129894
21639474101,0.9778788
21641956201,0.000113641305
21644441801,0.9618831
21644554101,0.6642553
21646588602,0.03207525
21646621701,0.15667263
21646874601,0.0007947747
21648036401,0.9732833
21651177801,0.0031595957
21652075202,0.3246359
21652075203,0.20657489
21652663701,0.9522587
21654581201,0.90465635
21655239101,0.027989514
21655239102,0.00861222
21658400803,0.48279396
21658400804,3.397871e-05
21660914401,0.5938968
21661002701,0.944498
21661142601,0.8902602
21663805201,0.94354665
21663983902,0.012906219
21666856302,0.06505683
21671727202,0.00020654948
21672292401,0.17537344
21679508001,0.78973013
21686895903,0.0003343009
21687199401,0.13138413
21691211203,2.4779854e-07
21691556001,0.41055584
21693606903,0.7852244
21696909901,0.0003430788
21697363101,0.96581787
21699533801,0.7932706
21699683101,0.0023685868
21699693002,0.9187518
21701033302,0.00027767333
21701324901,0.0025294963
21702837001,0.0017705321
21702845301,0.000534579
21703675301,0.365198
21703680601,0.0015590837
21703680603,0.0039082835
21705936901,0.0024932341
21705936902,0.0050942083
21714502803,0.28763855
21715177601,0.005971937
21718318102,0.9788213
21718318103,0.99524915
21718450605,3.0999333e-06
21722071702,0.6216115
21725383001,0.5073546
21725383002,0.3536793
21735190001,0.0003487861
21735190002,0.00042678945
21735190003,0.00030427892
21736406701,0.11024833
21736721401,0.95740473
21736721402,0.99670535
21737488301,0.9728679
21738235901,0.002809624
21738722302,0.0012694399
21739621401,0.89426994
21741759401,0.817126
21744156804,0.3744724
21745976502,1.7322736e-05
21747858501,0.52866554
21747858502,0.38536024
21749660401,0.9853953
21749660402,0.9681302
21752990101,0.99444264
21754901301,0.51815516
21755040902,1.3394903e-06
21757087101,0.7418029
21758245801,0.9964324
21764073301,0.7481293
21765575201,0.004554542
21766073801,0.15386252
21766785401,0.00053493044
21766785402,0.40578708
21766795201,0.00025771974
21766814401,1.5211887e-05
21766814402,8.378373e-05
21767280102,0.9324537
21770006501,0.014448383
21778395101,0.00056416314
21778746203,0.7617472
21780480001,0.07708879
21780482701,0.056245152
21780778101,0.43778777
21784508901,0.27324608
21784583201,0.00062882056
21787561401,0.8397366
21793028904,0.555496
21793186802,0.9447169
21793242001,0.90928906
21794109501,0.68841916
21794178201,0.0119813625
21796264901,0.9682736
21798386401,0.0060040113
21798923801,0.00043682902
21798923802,2.3082862e-06
21798937102,2.0700012e-05
21799960901,0.0012969911
21800014702,0.3049365
21802995501,0.01344989
21802995502,0.036730092
21804892801,0.0002469664
21804892802,4.156029e-06
21807939301,0.34585878
21813361801,0.9917921
21813375701,0.03616532
21814393003,4.1232106e-06
21814527301,0.00023814153
21816012105,8.849391e-07
21816239901,0.882113
21817353103,0.0013036645
21817823702,1.8891484e-05
21820998101,0.015694808
21821046702,0.9524744
21821046704,0.0023965323
21827103301,0.023693696
21827849501,0.34457436
21828186503,0.5752021
21828203401,6.671391e-05
21828203402,7.498789e-05
21828203403,3.922458e-05
21828203404,0.00012620208
21832096401,0.0007665192
21832697003,4.0147668e-07
21837793001,0.8904119
21839013001,0.9928197
21841795401,0.7474834
21842497303,8.6819455e-05
21843045101,0.997332
21843171101,0.9635694
21845215601,0.35023338
21846533601,0.00042615444
21847121601,0.57960683
21847667403,0.0100650275
21847697601,0.0009340165
21848394301,0.9985329
21855367103,0.99621874
21856004104,0.028290385
21856070101,0.8982583
21858952502,0.9968899
21863120303,0.089583926
21867923803,0.00060679443
21869317701,0.90671223
21875366602,0.5925489
21877724901,7.940292e-05
21877724902,0.00016689162
21884606402,1.53924e-07
21886819801,0.7137068
21918310301,0.94741577
21919496902,0.00041461934
21940674701,0.3359867
22039160504,7.7314775e-07
22039625901,0.69172126
22041468202,0.83885336
22041651201,0.27032512
22042174202,0.6133185
22042245602,0.00032553793
22042245603,0.0012338861
22043080101,0.026726611
22043718803,0.43898833
22047113103,1.3258368e-06
22047113104,2.278291e-06
22047420901,0.01566395
22047833502,8.708844e-05
22048045001,5.6003788e-05
22064680205,1.10244155e-05
22066768201,0.57441956
22067398002,0.0025579275
22073610901,0.6939964
22077204801,0.041290432
22077204802,0.8008765
22077721501,0.29858243
22079800901,0.6002582
22079800902,0.06817228
22082898301,0.90816367
22082898302,0.5858888
22085933102,0.0022063523
22086766701,0.1735337
22086766702,0.09137505
22088892901,0.9933188
22090400508,0.0049548736
22093489901,0.006694132
22094523101,0.662652
22096832202,0.10270843
22098420201,0.020759825
22101369103,0.00028827068
22103845101,0.0067223334
22103845102,0.0033045902
22103887801,6.816536e-05
22103900703,0.0068318057
22104909001,0.85693294
22106594501,0.091686405
22107750301,0.98489136
22108849601,0.89733845
22109782601,0.00041232046
22109983001,0.99368507
22110111605,7.6300574e-07
22110234201,0.98185134
22110733802,0.16344114
22110800501,0.40935525
22110851901,0.84877515
22115196201,0.0034076078
22116154601,0.012889306
22116342001,0.0004744776
22117902001,0.652875
22117964501,0.9933698
22120066401,0.321867
22120066402,0.0003151126
22120576801,0.19566312
22120977701,0.8909684
22123841301,0.30099806
22127652702,0.0007138484
22131354402,0.45220408
22133708704,0.05496483
22133708706,0.14389549
22135424201,0.29299632
22143361801,0.87689656
22144415901,0.9625813
22151674001,0.99649364
22154093501,0.034544583
22156544701,0.59681857
22156788401,0.98830754
22157408101,0.2621636
22158378201,0.927708
22159525701,0.2584398
22161997901,0.68921477
22162943901,0.9273283
22164094301,0.12087061
22167799501,0.0019610445
22168049702,2.1735505e-05
22168220501,0.9587605
22168220502,0.04271303
22168673801,0.9825283
22169748701,0.80144197
22169765001,0.7418021
22172402301,0.5244109
22172402302,0.80770254
22173421501,0.34054327
22173674001,0.9184911
22174568201,0.004083295
22177719901,0.98170716
22177724601,0.27933237
22179856701,0.6300639
22180188201,0.020858588
22180501502,0.0035273985
22180501503,0.0035303277
22181043001,0.00012975895
22183805601,0.9105273
22184019601,4.5207173e-05
22184019602,2.5835402e-06
22184019603,1.8278075e-05
22184630701,0.83619285
22189569005,0.00145756
22189572802,4.5132183e-06
22191094301,0.9108603
22194201401,0.60643494
22194334601,0.43237048
22194347001,0.5890089
22200826501,0.9785826
22201201104,0.07061654
22205099901,0.00542866
22205726801,0.12874791
22208455703,6.271098e-05
22208687801,0.3804981
22208918602,3.6663275e-06
22208918603,3.811032e-06
22211641901,0.8250244
22212659301,0.0019791713
22216033601,0.5357695
22216033602,0.032626852
22216570801,0.47593525
22216579101,0.9945575
22216579102,0.9982097
22218443806,0.0004871018
22221648305,0.0013629404
22222977801,0.88376445
22223061701,0.7401555
22224039201,0.1647176
22226337501,0.9421568
22483758801,0.0004500195
22483758802,2.5912219e-05
22485147603,2.1914732e-06
22492891801,0.9958912
22493069501,0.96760166
22496451701,0.8522109
22498095001,0.11307086
22504037201,0.9945431
22507683501,0.638009
22507683502,0.9293248
22510010602,0.05604082
22511986801,0.59737533
22511986802,0.9005998
22511986803,0.9949261
22514644201,0.08010798
22514674901,0.00039481005
22517492602,3.7183836e-05
22517855904,0.4499821
22523551701,0.9978257
22524306902,0.45331874
22525381901,0.14737983
22532909603,0.86220163
22541044101,0.87714
22541344601,0.9959979
22545250102,0.00010740649
22545250104,8.7886925e-05
22545675103,0.264115
22574095501,0.96676606
22575075201,0.9903521
22582540101,0.00076510885
22582540102,0.002875221
22594300401,0.9905757
22594767401,0.970753
22604745701,0.9336584
22638249902,0.40961093
22672232001,0.039618857
22672232002,0.040526498
22672232004,0.30163792
22683261501,0.9604707
22683287103,0.00013342485
22702617101,5.674236e-06
22703128501,0.0032456766
22703623401,0.2531057
22703623402,0.9520189
22713709301,0.68290955
22714156601,0.98825467
22746079401,0.34084803
22746581101,0.79382473
22746604201,0.45251435
22746612201,0.0019288154
22747060403,0.8107141
22747585002,0.000114423456
22747585003,0.00041476163
22769036401,0.42241773
22779793802,3.5449796e-07
22781298204,6.1576425e-06
22789763201,0.0027586033
22789779601,0.9969138
22812334101,0.97291034
22812804901,0.00015098923
22834291301,0.19906025
22834332601,0.8529086
22862957201,0.0032109164
22862962201,0.00028305664
22873211903,0.6923816
22892300705,7.5885514e-06
22892747501,0.049265344
22893246301,0.0055319397
22893257401,0.43343243
22893269302,0.30728307
22911825702,0.22576958
22911847001,0.9935573
22911847002,0.98363036
22911847003,0.5529398
22942425302,0.0078012585
22942427801,0.016810462
22942482604,0.00013834059
22961976801,0.027101899
22962968601,0.7209715
22971606501,0.01862891
22971646101,0.6032775
22972674801,0.00012055913
22972674802,2.5491066e-05
22972674803,0.00011620255
22981724401,0.14910282
23002970302,0.0007515369
23002983901,0.001636088
23004470901,0.26312137
23015290001,0.38619086
23035362101,0.81402504
23057082901,0.91285354
23058130401,9.3767915e-07
23079372001,0.92135143
23090832901,0.8528052
23102425101,0.033618473
23102425102,0.11373269
23102870601,0.8501806
23103886301,0.8998081
23107341601,0.102554664
23107350501,2.5853396e-07
23112834801,0.055278856
23113689703,3.7653856e-05
23125098401,0.96325684
23125142202,0.51477945
23125580901,0.1254357
23135126301,0.872039
23135167201,0.0070038256
23135171804,0.36620334
23135623801,0.2648766
23135659901,0.08132361
23136122801,0.45779714
23136122802,0.56601214
23136122803,0.0041548153
23146193401,0.0017581912
23146193402,0.000116365554
23146193403,2.5832944e-05
23157353201,0.9873324
23172100501,0.9954686
23172100502,0.99317086
23174490501,0.8121476
23177003201,0.92101
23178018201,0.48729885
23178490102,0.7808848
23180188501,0.8477127
23190221601,0.96000135
23190221602,0.014404205
23197688301,0.84682006
23197743802,0.5226085
23209700402,0.9575782
23231213701,0.054221027
23243648101,0.96792823
23254876103,4.077499e-05
23265254301,0.0014036923
23276038102,0.23476274
23276887201,0.011257048
23285972001,0.018356247
23286914102,0.76926965
23286914104,0.8771118
23287386901,0.75932086
23298543101,0.0058791535
23298545802,0.9880762
23299544601,0.0032148731
23300046202,0.82563007
23310541701,0.14065053
23310541702,6.5353735e-05
23311586404,0.9755313
23332010701,0.90476704
23355321002,0.0315225
23355354701,0.968187
23355843001,0.96091396
23355843002,0.9722908
23356301702,0.993863
23376269705,0.001994931
23377274401,0.70348513
23398218101,0.88450533
23410160201,0.9656515
23420323404,0.49094993
23431021405,0.7051316
23442220502,0.0010912571
23442220503,0.00071533467
23453219601,0.17429382
23453966101,0.55075866
23463895601,0.98541105
23474773401,0.042213596
23496903003,0.9970805
23496903004,0.99824476
23509219903,3.3297605e-05
23518729202,0.057547834
23519268102,8.66019e-05
23520285401,0.30051512
23531881401,0.70211446
23541531501,0.67605275
23541623201,0.79391384
23542521601,0.5186023
23552279601,0.001351913
23553247401,0.0012687341
23553303201,0.67249084
23563172401,0.0016573359
23563172402,0.09220686
23563172403,0.00044490257
23564189001,0.00038447054
23564189002,0.009586227
23573923701,0.6049467
23583698801,0.93271744
23606851101,0.12524092
23629031201,0.0014860189
23629910601,0.50684667
23629910602,0.00012745838
23629938301,0.75471926
23640949101,0.010459675
23640949102,0.0004142614
23672559601,0.00014874086
23673050801,0.8659278
23683298401,0.10982991
23683818103,5.6533763e-06
23693775801,0.97354984
23694796301,0.011639959
23695303701,0.98259753
23716404801,8.1152066e-05
23716458801,0.022256033
23716458802,0.7252944
23717288501,0.9761444
23795745101,0.022563878
23795745102,0.10719185
23796990004,4.429695e-05
23805885501,0.08315469
23805918001,0.99237275
23807039601,0.00046063116
23809035801,2.1591983e-05
23809098302,0.8430028
23812303602,0.45786056
23812303603,0.28297827
23812380203,0.055765927
23812401603,0.96729225
23813118203,1.4320327e-06
23818056201,0.00036934414
23819575802,0.0006176011
23819770901,0.9938245
23819770902,9.98405e-05
23822807301,0.001882203
23886995603,0.0004913557
24549381901,0.1400233
24549662103,2.639284e-07
24552442202,1.0375975e-06
24552475402,1.0581651e-06
24556561301,0.97721696
24556863401,0.00011092055
24557497101,0.68811584
24560385301,0.000762235
24564376002,0.19726363
24573035201,0.2211657
24576474701,0.91618615
24581040301,0.00053262006
24583900004,0.02343162
24587862401,0.99711394
24588812404,2.9667044e-08
24593297202,0.04331447
24598067702,0.52826685
24600223201,9.090976e-06
24600223202,1.1336634e-05
24600621501,0.5508407
24601170001,0.0030131682
24601170002,0.9420257
24601849901,0.03591479
24601849902,0.00012012308
24601849903,0.5598387
24601849904,2.4538589e-05
24603533501,0.99576414
24603968601,0.5573262
24603968602,0.13473171
24603968603,0.5357339
24604617403,0.0002831978
24605227504,0.013079707
24605394301,0.008321879
24605394302,0.0066298665
24607585101,0.58648473
24607593601,0.9664277
24609526002,0.0008870414
24611740101,0.28241867
24612322301,0.97564995
24613706502,0.68427914
24614521102,0.00012856098
24615293403,3.89702e-07
24617485301,1.7066264e-05
24617708302,0.00014187706
24617945503,0.9994019
24618940801,0.06711211
24619891502,0.004811958
24620686901,0.5214198
24622419701,0.00709573
24624474101,0.0007377846
24625720401,0.1624375
24625720402,0.7601811
24625811502,0.15266737
24627345901,0.32409817
24628859601,0.28124663
24628859603,0.66549087
24633486901,0.81116414
24637396302,0.01360209
24639354902,2.737546e-06
24639639401,0.7569311
24639676501,0.9759931
24641295401,0.9797575
24641921101,0.4367208
24641921102,0.017508343
24641921103,0.15927297
24641926001,0.0138428025
24643969602,0.17906383
24645286103,0.56101567
24645296502,0.994474
24650911201,0.76420957
24652557704,1.1831612e-05
24652579902,0.7283472
24655223401,0.000118681884
24655241401,0.062184423
24657290602,0.7809828
24658694001,0.057060454
24659711403,0.99315417
24660704601,0.00015115
24660704602,0.662532
24660776002,0.0010776914
24661442601,0.9367866
24661690702,1.9616087e-05
24663933101,0.99529195
24675923401,0.9573784
24687771701,0.9686303
24687793901,0.22224332
24688478702,0.007443136
24691290901,0.4476864
24692315202,2.6948965e-05
24702920902,7.3442206e-06
24703510304,0.00035971228
24704045401,0.009768164
24704054801,0.001694908
24704089201,0.00023597243
24704089202,0.00040637818
24707346801,0.16495723
24714373101,0.0015157105
24715235901,0.3961291
24719214304,1.3400498e-05
24719233201,3.4805533e-05
24719233202,2.6996013e-05
24719233203,0.036289923
24721732801,0.9556571
24722186901,0.28306413
24729893501,0.033619966
24730371701,0.008053389
24735402302,0.005494718
24742043703,0.0005834962
24742057301,0.9950069
24744163501,0.25246826
24745174101,0.0005232929
24745174102,0.15530863
24748747801,0.0009369521
24748749901,0.0022684452
24749324801,9.038023e-08
24749324802,0.012971595
24750520501,0.9747857
24757802801,0.80089045
24764919603,4.4120894e-05
24764919604,7.1884046e-05
24765332701,0.313165
24765332702,0.9657624
24769748502,0.9964881
24770252501,0.00018562053
24773016201,0.96211
24773592201,0.83344954
24778146401,0.8786745
24778146402,0.72399026
24780832201,0.012423148
24781303801,1.0943726e-05
24785025603,0.9938427
24793347701,0.98209804
24793347702,0.9573582
25556746001,0.8767683
25556746003,2.1731503e-05
25558687201,0.95165527
25571712403,6.454319e-07
25576031901,0.08859405
25576031902,0.011141286
25576614501,0.081086464
25576684701,0.009305044
25576988707,4.4293316e-05
25578431601,8.1994505e-05
25583238602,0.00017914425
25598969802,2.193066e-05
25607453305,7.916824e-06
25607453306,7.067014e-06
25608610301,0.0013826551
25621352802,0.027855193
25622677502,7.2320414e-26
25623995302,0.112694174
25637446901,0.8487277
25637446902,0.950444
25637446903,0.58720183
25638076101,0.022302534
25639025101,0.003130528
25654092301,0.0074152555
25695422201,0.011751859
25695825401,0.017876294
25709323802,0.5462238
25724885602,1.1728226e-05
25726621001,0.0003249962
25726632304,0.0064525795
25741194501,0.9990551
25741598902,0.0037051016
25753472601,0.3625914
25754091102,0.38429973
25754091103,0.0651515
25754095701,0.015850397
25754095703,0.4247923
25754095706,0.09568201
25755065301,0.04538835
25755065302,3.1806616e-05
25757187203,0.020988498
25757707402,0.0058823344
25761106302,0.00024198425
25764177801,0.24685748
25768437801,0.010832516
25768558601,0.9743697
25772023402,0.0018847326
25773707302,0.00045269978
25773707304,0.5390344
25825209501,0.000107014945
25826069501,0.7534605
25826069502,0.8530825
25826202302,0.13106087
25842192501,0.00012143681
25842192502,3.111749e-05
25842192503,3.651031e-05
25849045303,2.293995e-05
25858126001,0.9762976
25858126002,0.8677468
25858126006,0.03566589
25872013903,0.88035107
25872013904,0.8931337
25874292302,0.0029261073
25881341102,0.00071971986
25881390301,0.7025704
25881390302,0.20423631
25889775501,0.89184374
25912451601,0.8880546
25912503502,0.32128325
25912503505,0.0017073383
25919953404,0.0001340258
25948133904,0.9595722
25948839702,7.3107876e-05
25958968901,0.22238415
25963244204,0.8812802
25967529501,0.9743999
25970124201,0.8337044
25980273201,0.9318551
25994657402,0.6210727
26000432401,0.9960223
26004372301,0.9822077
26009174902,0.9191051
26009712202,0.5027863
26009712203,0.08605411
26009712204,0.99285334
26009771102,0.79340243
26009771103,0.077396184
26012982601,0.005213635
26013232701,0.0045152246
26013232702,0.07991965
26013233002,0.7951609
26016045303,9.602428e-06
26016048201,0.9619779
26016048202,0.9781577
26019054701,0.00037675444
26019054702,0.0002167525
26024225701,0.6194671
26026059502,0.014731154
26026893203,0.0012315965
26030427701,8.727908e-05
26030427702,5.5892968e-05
26030429601,0.000252871
26030429602,0.00014775405
26035350703,9.4247844e-05
26035371004,0.023548521
26035371005,0.04759028
26035384104,0.003783074
26035384106,0.0046579987
26035558604,0.00080741703
26041493001,8.492077e-05
26042445704,0.00014147177
26045968002,1.6128574e-06
26046260902,0.013862475
26046665901,0.0072527765
26050411401,0.0001522589
26050411402,0.00011296745
26050414701,0.0028898693
26050634002,0.32307583
26051993801,0.43190467
26051993802,0.9846538
26054554501,0.9966384
26054617201,0.00074894703
26055984401,0.9820442
26055984403,0.006163711
26060882002,0.95558816
26060922201,0.14369771
26060922203,0.023187926
26070853701,0.99820566
26074903401,0.0070400657
26081593601,0.19481054
26091366601,0.98338115
26091681104,1.0400246e-06
26092100501,0.7121575
26092577701,0.9830684
26092999002,0.8970035
26094918402,0.98347443
26095128901,0.9879418
26095128903,0.9594257
26095128904,0.96250397
26095158801,4.116793e-13
26096967001,0.0017347984
26097151103,0.9895023
26098650401,0.10833737
26099532902,0.9964773
26105522601,0.91325444
26106049303,4.831569e-07
26109007202,0.9233624
26117841001,0.00012981576
26117841002,7.588782e-05
26120389105,0.0012602474
26123942502,2.455488e-05
26125771602,0.32061043
26130623704,0.97118133
26131421501,3.710725e-05
26131421502,4.0871695e-05
26133274501,0.18939152
26142447704,0.010179219
26144966803,5.764955e-07
26144985201,0.8223973
26145163701,2.5016496e-05
26145163702,2.8719235e-06
26154570303,5.0996897e-07
26154596002,0.16308971
26158021103,0.2859955
26158160601,0.00017247976
26158160602,0.0002046294
26158392003,0.086955525
26168060203,0.0028038349
26168060204,0.0047188555
26172424303,2.4296483e-08
26174665703,4.850761e-06
26174687002,0.9856521
26177241101,0.9927619
26186740901,0.024188228
26187009103,0.0012361576
26187163801,0.6080476
26187479401,0.20721036
26187515202,1.8489927e-06
26189900101,0.4344165
26190247803,0.01868338
26190247804,0.02149705
26191131102,2.5179346e-05
26193037704,2.589969e-06
26195174804,0.008287796
26204521801,0.0002597648
26204521802,0.0022096669
26215523601,0.5292558
26215697801,0.98464
26215706104,0.00013322575
26215782501,0.6844207
26216234603,0.0004673073
26219093503,0.30056304
26238506402,0.00014133357
26238506403,0.000118826945
26245583901,0.5432175
26245758702,0.9945574
26250828302,0.00031799893
26251692401,0.8794454
26252300102,0.05158565
26255335102,0.03433607
26255871603,4.035246e-05
26266623001,0.995285
26270656001,0.0008034009
26270656002,1.49463895e-05
26271099101,0.0014903417
26272820802,0.01164263
26272820803,0.003035895
26272918701,0.07858546
26282503603,0.055941556
26283346001,0.10753182
26283346002,0.14756012
26283346003,0.0013775141
26283346004,0.91712534
26283346005,0.9755288
26291121401,0.97322637
26293961202,0.032896608
26295481001,0.00016047893
26295481002,0.0005790391
26300317601,0.99911374
26303039202,0.9965389
26307226002,1.9995592e-18
26307226007,0.02861145
26307393401,0.29658628
26307961704,0.276219
26307961705,0.09569549
26307961706,0.16856728
26308038402,0.21709852
26308463105,0.00025213623
26317656301,0.9057143
26319792502,0.005951529
26331062001,0.4611387
26331064703,0.8889121
26331064704,0.9037521
26335061702,0.9977781
26335076104,0.03328095
26348683307,0.0004175436
26349337102,0.9880441
26349379603,0.00014260091
26357197102,0.006771829
26360788101,0.057750516
26362976301,0.09775366
26366173702,0.98441166
26366872402,0.029035551
26371177901,0.2728202
26371330502,0.37467128
26371330503,0.096914016
26371340501,0.9898415
26371340502,0.9976198
26371340504,0.78597254
26371563301,0.2071808
26374803301,0.99789244
26374838901,0.7086468
26376831801,0.007132232
26376831803,0.0002935617
26378510801,0.0011717667
26378517601,0.008941373
26378555502,2.7090737e-06
26387274202,0.48631048
26387429804,0.18990934
26395378601,0.9322422
26395546001,0.60297775
26419743803,0.006615603
26421650602,0.60832083
26448794102,0.0062394966
26449602903,0.04451879
26450110701,0.030195095
26536978902,0.7259582
26541498205,0.0011675445
26551039701,0.9952507
26552021904,3.0138688e-05
26552562901,0.004526633
26565749303,0.039645247
26582101601,0.00025210186
26641246801,0.06770108
26645577102,0.8349855
26645611903,0.2096001
26653025902,0.10614065
26669663701,0.00010866487
26670260503,0.00018037921
26685660501,0.0023726772
26701274602,0.07630745
26702505201,0.21349931
26714251904,0.114299245
26714771203,0.0008380225
26714771204,0.0008846401
26714771206,4.7585772e-06
26716638901,0.7122439
26716684501,0.8880177
26716684502,0.8959105
26716684503,0.8911447
26716684504,0.9357587
26716684505,0.2707841
26716684506,0.46272647
26716684508,0.8531589
26716693904,9.7395514e-08
26716782501,0.88864744
26730331204,0.030633131
26730331205,0.0090907095
26730331206,0.536112
26730668703,5.5450283e-07
26730668704,1.2015167e-06
26730808301,0.98004216
26758046601,0.8329927
26759440502,0.9954314
26880788703,0.01003459
26974289504,8.250824e-08
26979548101,0.026971346
26984992001,0.0052526365
26991599001,0.8324179
26991610901,0.6741419
27028529701,0.17254457
27028529702,0.9599079
27034121401,0.99934894
27034331601,0.37200305
27042506203,0.05343827
27050417001,5.2958178e-27
27050491005,0.011922215
27055766601,1.7155374e-07
27055766602,0.008078157
27152144201,0.00470268
27152203901,0.89107823
27155498801,0.00021054452
27157468501,0.06094385
27163993103,0.00053095195
27172670301,8.516675e-05
27181132902,3.1943337e-08
27185283702,3.0420922e-06
27185449202,0.32589507
27189259502,0.9731687
27190096001,0.19544688
27190324701,0.8903829
27190324702,0.9719429
27197246301,0.09643557
27208686901,0.43762228
27208686902,0.00069094636
27212748401,0.0028071937
27212748402,2.7743448e-05
27212958501,0.000109897104
27212958502,4.4647255e-05
27212995301,0.07530397
27219488301,0.87600076
27219488302,1.0476561e-21
27219488303,0.9975606
27228581701,0.92690694
27235713401,0.99706644
27235713402,0.020038744
27242919602,0.014273779
27252754601,0.5003896
27256471803,0.95719314
27256471804,0.030135423
27276568603,0.0015863844
27276863101,0.9994918
27277359501,0.2543773
27277359502,0.35430914
27277359503,0.85929507
27285353901,0.8481665
27285415703,0.0002658214
27286134003,0.92177016
27322473602,0.08719313
27326899101,0.51590306
27326899102,0.77400374
27326899103,0.917
27326899104,0.83210254
27327038903,3.062713e-05
27332341801,0.8446662
27369985401,0.22335328
27398839501,0.0043804934
27408221601,0.007350031
27415113501,0.9994692
27446160001,0.25972342
27641558601,0.3211492
27643954201,0.38988876
27664743902,0.9714642
27683657902,2.9968867e-06
27683743003,0.7929459
27686430801,0.9108834
27686430802,0.814789
27690479601,0.7409757
27697729101,0.010466799
27697729102,0.000896278
27697854801,0.98705894
27701729001,0.037611715
27702250501,0.5102417
27703309601,0.15787932
27706982901,0.9805162
27710375202,7.569686e-06
27710395501,0.9624076
27710844901,0.760193
27714798503,0.12937056
27729898901,0.51333874
27730004501,0.35398066
27805099803,0.024627523
27805531504,8.266589e-09
27818334201,0.31111464
27829662102,0.10569392
27840861901,0.945243
27840861902,0.9916614
27840939002,0.00032414956
27851841601,0.017378068
27851841602,0.00010680646
27854284101,0.9976749
27854284105,0.97152597
27858939301,0.84723186
27859102702,0.031546097
27859364201,0.93336743
27868364102,0.014474906
27868384401,0.99892104
27868384402,0.99812883
27872677001,0.7571434
27873012001,0.00067720714
27873012002,0.00016311422
27873095601,0.14484832
27873095602,0.025311464
27877694802,3.8043463e-06
27878011701,0.762577
27882343604,6.629048e-05
27886178301,3.7496553e-05
27886182601,4.1711817e-05
27886182602,2.265046e-05
27886274702,0.9944056
27886275001,0.9954904
27886277203,5.642597e-07
27886621101,0.9954091
27886622001,0.17531158
27889533801,0.02441181
27889570501,0.990858
27889825503,8.0996756e-07
27899095402,0.9934974
27899166501,0.95448196
27908839501,0.83265686
27915500303,0.6364099
27924762801,0.0057392265
27925025604,0.0008988206
27925155803,0.018388031
27936139101,0.0026761654
27942806305,0.9845867
27942972201,0.92661464
27943008802,0.79073185
27943008803,0.6000917
27943042702,0.011447624
27951416304,0.0020699587
27951615701,0.01688568
27956970702,0.016159786
27956971802,6.4992137e-06
27957311101,0.0007390205
27957459101,0.095320515
27957459102,0.038627326
27961363404,8.776559e-08
27961595601,0.010658362
27961595602,8.33887e-05
27979776201,0.69505537
27979817003,0.011337556
27995042301,0.0010580181
27995222801,0.96910626
27995222802,0.97787344
28005211402,0.043812316
28005269001,0.018261602
28005365101,0.9816684
28005365103,0.22559448
28009683001,0.8959897
28069973201,0.0003312303
28090966801,0.003948076
28192762305,0.99162686
28197926501,0.39358154
28205019801,0.9680623
28205180302,0.04953416
28208557301,0.009033178
28209087502,1.9555255e-05
28419483702,0.025576483
28419483703,0.2625924
28419676203,1.7002001e-05
28715696801,0.99444926
28732926701,0.9595714
28735439701,0.8876674
28740200901,0.4733802
28740572701,0.0003247902
28742668902,0.032779973
28742818402,3.7907873e-06
28743199002,0.0014446981
28749081302,0.9166924
28749174303,8.284867e-09
28753093602,0.029268026
28753435901,0.44091478
28758831903,8.586064e-08
28759118302,0.00016619432
28759118303,0.002108365
28764023204,9.893389e-06
28764068003,5.212074e-05
28764068502,9.048965e-06
28764195402,0.00054862193
28771712302,0.59482425
28771712305,0.13978563
28795766002,0.03991096
28802749102,0.042948466
28806738601,0.94173753
28876984901,0.9980762
29029048001,0.49812216
29040817102,0.0024905875
29041097904,2.5069514e-05
29041097905,2.9469447e-05
29054777001,0.15547863
29055928001,0.045346096
29060531101,0.0001569352
29069929902,2.75183e-06
29070370202,0.0452071
29070402701,0.17528075
29070402703,0.09733118
29074019201,0.9375977
29083085001,0.055085137
29083403502,0.0051332223
29083951201,0.005256921
29083951203,0.001760024
29095350408,0.00019132528
29095575303,0.03804425
29100079303,0.0002480401
29100565601,0.9332504
29100565602,0.81762123
29100565603,0.97615594
29110114603,0.9076425
29110228401,0.011129048
29110228402,0.038888764
29110228403,0.11619343
29110228404,0.22070694
29110592401,0.087489545
29132383101,0.14079018
29141720106,0.99790585
29142244001,0.0069063655
29144913201,0.3966176
29151753701,0.9115153
29151760401,0.9984719
29152077301,0.00094403024
29182529401,0.16025399
29212271704,0.008333102
29212276901,1.4313104e-05
29212276902,1.0021555e-06
29212768701,0.00012854321
29221488101,0.9655835
29221493501,0.01766087
29221493502,0.0156576
29229480901,0.6165497
29229480902,0.9294256
29241156701,0.672889
29241523402,0.7992235
29247930902,0.87929463
29251239901,7.587662e-15
29270577404,2.7114824e-05
29282490402,0.8849988
29308064101,0.03714501
29315430402,0.00015153053
29316626904,2.5092237e-05
29322246202,0.38857576
29324062304,0.01035256
29324609001,0.39308387
29327303201,0.00012671298
29343763701,0.38857576
29348090301,0.029110758
29348090302,0.24687776
29389805801,0.93727726
29396538402,0.00014062016
29404794903,5.471436e-06
29405213203,3.6596906e-05
29405213204,0.00014209475
29409296601,0.00010290243
29409296602,5.1416173e-05
29409382403,2.229365e-07
29409382803,8.867246e-10
29414726401,0.95854086
29414726402,0.9461941
29414726403,0.9962218
29414726404,0.9184108
29414807901,0.00040415084
29414807902,0.00019801421
29415492801,0.8961507
29419561702,0.11502919
29419561703,3.1223758e-06
29420837802,0.00035479793
29429237301,0.9944078
29432731204,2.7633207e-05
29434148703,0.29043576
29439947401,0.3910415
29443845601,0.03263945
29443851901,0.28043973
29444175701,0.9885655
29460727001,0.017066678
29460732601,0.011390421
29468766501,0.87838954
29475193401,0.035027895
29478154701,0.962584
29483547602,0.11886002
29486954902,0.92849606
29487345703,0.4764142
29489270701,0.08225209
29492969502,0.0069048484
29497805101,0.59492254
29497805102,0.6575267
29498156601,0.9806502
29498222201,0.9441963
29498228902,0.5463579
29504166101,0.02084888
29513104101,0.7459337
29516943101,0.8725161
29517639301,0.9967769
29536876701,0.8473831
29537350203,1.558363e-05
29537501101,0.32336375
29559371202,0.99783593
29559925601,0.9830168
29559925602,0.0558564
29559925603,0.005427846
29564674901,0.90390676
29578046401,0.4720995
29755818303,1.4193177e-05
29755818304,1.2099466e-05
29756126902,5.5925284e-08
29770101304,5.0009723e-05
29771119701,0.030263714
29772274301,0.745117
29782930801,0.070533425
29782930802,0.77018076
29783354301,0.0048966897
29805684404,0.00029456904
29805991701,0.40703014
29805991702,7.531561e-05
29806911401,0.98888654
29828173501,0.49358377
29838867101,0.013443361
29839044701,0.86358196
29839044706,1.4427823e-07
29852037401,0.00032953668
29852843101,0.4449699
29862728501,0.016725088
29863442301,0.40941757
29863442302,0.94949627
29863487601,0.87956595
29871998303,0.00023277558
29871998304,0.0001462096
29872318301,0.11111335
29894113901,0.9534084
29916232601,0.68989575
29917356101,0.00011444179
29917356102,0.946909
29917356103,4.613091e-05
29917440301,0.9780513
29927187501,0.99506277
29927274602,1.7266018e-05
29939926004,0.694426
29949898201,0.9931764
29950712302,0.021554427
29971922903,1.767998e-05
29972078402,1.34993525e-05
29972173801,0.29430252
29972871601,0.25773314
29977986802,0.00058041996
29979965801,0.9985946
29987018701,0.0048862915
29994528501,0.00030552133
29994528502,0.00022114064
29994528503,0.9596767
30003893501,0.9916225
30008705901,0.13901661
30014106204,0.0009257632
30014106205,0.005628714
30015908202,3.5795043e-08
30016476601,0.9954352
30016656205,0.049855433
30016759701,0.0018772645
30016860901,0.7587148
30028954301,0.24300347
30029319702,0.98917645
30030730501,0.6010198
30031613204,0.45225692
30032179801,0.47386065
30032649603,0.00082682114
30032649604,0.005572852
30032683902,0.0011340328
30037859601,6.429931e-05
30044456803,0.5955831
30044862502,0.80179036
30052399801,0.9176679
30064108703,0.11067841
30071014401,0.81045055
30074436902,0.00030939726
30074542704,7.807672e-08
30075494602,0.1317348
30076192503,0.993042
30080830101,0.77380836
30081008601,0.94845796
30081274101,0.9920656
30081274102,0.98675585
30087154501,0.98432446
30087154502,0.0006909753
30087674601,0.10934965
30094897301,0.7580239
30094897302,0.8082697
30095543403,1.9325551e-05
30109886907,0.006191156
30115216901,0.9947503
30115379201,0.02246789
30116063801,0.53675836
30116063802,0.00067391974
30125009301,0.9856448
30125334401,0.9176317
30130923101,0.00010822114
30131311901,0.91881084
30139977901,0.8200322
30154499103,2.3417892e-06
30154920102,0.5432619
30155164401,0.9864118
30160961501,0.0022856013
30161355903,0.07966004
30175063001,0.011552147
30175063002,0.041654386
30175294302,0.7733319
30189600401,0.0021486792
30189603002,0.07869134
30194895401,0.0017499459
30194895402,1.1854292e-05
30195525702,0.016062522
30195634201,0.9306531
30195634203,0.033097345
30195635701,0.00017664708
30195635702,1.2577549e-07
30205475701,0.93162626
30205497401,0.004060587
30298713005,0.00013103255
30298848601,0.005172185
30301363001,0.9958632
30301363002,0.9815106
30301363003,0.7538116
30301708302,0.12197757
30314365601,0.00047327898
30314365602,0.0077208676
30326438701,0.04154231
30326438703,0.33246037
30326870702,0.9950654
30337329902,0.0028311212
30339007702,0.0002658257
30346690901,0.13605715
30346867104,4.6935016e-05
30346972501,0.81579137
30348573003,0.0049884906
30348734302,0.013417822
30353147001,0.0813482
30355737703,0.00071812345
30365284401,0.0025637664
30365617801,0.99509877
30365717101,0.87346494
30371152901,0.03876191
30371572601,0.8897814
30378848702,0.64725906
30379358301,4.2208634e-05
30384110102,0.045513857
30384769801,0.95538086
30389946702,0.9391955
30390173001,0.54130775
30390173002,0.9389468
30399401101,0.5753762
30399951201,0.23972031
30399951202,0.67350185
30399951203,0.1243989
30406573202,9.534543e-05
30406638001,0.29657164
30407181701,0.00037845186
30407182701,0.95188874
30407401202,0.036741436
30407503102,0.09040333
30407951901,0.9953056
30418255101,0.24687015
30419007501,0.831788
30423779003,0.0004893503
30423787101,0.9518954
30424573801,0.21645874
30424590302,0.0049342397
30427458401,2.7684879e-05
30427458402,2.6730355e-05
30432655001,0.9926352
30433113801,0.00069924357
30444809701,0.102135226
30448101303,4.184636e-06
30448178701,0.97924304
30448178702,0.9829737
30448178704,0.9843051
30454564202,0.6588664
30454785801,0.17032777
30466376101,0.22396426
30466376102,0.050318886
30466456901,0.7844398
30469061801,0.99921227
30469061802,0.9992781
30470641901,0.41711468
30470818201,0.5576025
30472961001,0.030012097
30473644201,0.6777716
30476876901,0.0006189316
30477444401,0.9981456
30477444402,0.9705606
30484227701,0.8355407
30485533602,6.790711e-08
30486265301,4.3099535e-05
30486265302,4.197634e-05
30486265303,0.00017802483
30486265304,0.00066790043
30486443401,0.006936007
30489838201,0.6657315
30490239003,1.3448699e-05
30490342801,0.3458221
30501828801,0.9795076
30501828802,0.9957813
30501837302,0.03564357
30518186301,0.99557686
30532210702,8.674632e-06
30532369303,1.2766042e-05
30532857801,0.68683517
30532986802,0.61492807
30542400301,0.9993818
30542556602,0.015610269
30552180001,0.80905616
30552180002,0.4842436
30575655101,0.10182509
30620131104,0.005357103
30627151403,1.7104032e-05
30635759303,3.726767e-07
30645349904,3.6593956e-08
30646658201,0.96433574
30657320101,0.10039907
30657320102,0.069903865
30657378602,2.3443e-07
30657955001,0.0005494923
30663508801,0.99758244
30663508802,0.9972504
30663842701,0.28472224
30672323002,0.00016131859
30672377501,0.3440213
30673953702,0.018809615
30677139301,2.1983742e-05
30677241102,0.000325818
30679070201,0.8305451
30679543103,0.5852014
30682369201,2.1083568e-05
30689766403,0.07436328
30692926302,0.16832475
30692926303,0.010008325
30692926304,0.0019142731
30705737802,0.9151105
30709150403,3.388905e-06
30715884502,0.0104387505
30715884503,0.018110314
30715939602,0.08455081
30732028202,0.0036732699
30732409801,0.12601571
30732748801,0.012940838
30739915702,2.2257482e-06
30749068601,0.09136586
30749106901,0.00019015624
30749112901,0.00017404478
30749239801,0.24400145
30935049801,0.61789525
30935054301,0.6869054
30935092101,0.9907092
30935092102,0.46686926
30941059801,0.9780246
30948580001,0.8147637
30948629204,2.4089067e-08
30948634103,0.039671578
30948634104,0.10570526
30954461202,0.68866533
30963618501,0.107384354
30965471901,0.51281404
30965761001,0.14839643
30965822101,0.71982646
30965953001,0.004699766
30974462701,9.7488315e-05
30976004201,0.24728402
30979235701,0.9992318
30995649202,0.47420046
30996336201,0.98050356
30996340801,0.002992213
31009982901,0.55069137
31010281101,0.32573032
31010313601,0.97027045
31010421501,0.0045258356
31017413306,0.00071529514
31017948602,0.18132132
31018289901,0.547362
31035510601,0.9837419
31041914304,5.329859e-06
31041979501,0.70220554
31041979502,0.0015593896
31042640401,0.70093167
31050716202,3.0313655e-05
31050716203,2.044372e-05
31050962601,0.00058017217
31051309701,0.06460265
31051309702,0.009208239
31065631301,0.0005411524
31066279003,0.00020342755
31066294604,0.50510126
31073216103,0.00026309706
31073348401,0.65237355
31079639803,2.402115e-05
31079639804,4.017376e-05
31079659601,0.84668946
31080328201,9.772379e-05
31085579702,0.79075396
31086235905,0.17983681
31095468503,0.00029154096
31095512502,0.94338363
31095512503,0.39322856
31095512505,0.00455649
31095622501,0.9037627
31095960601,0.0047780145
31095960602,0.14195904
31095960604,0.031874612
31102893306,0.0015890397
31103481801,0.94904387
31110694003,3.252622e-07
31117500803,0.934965
31124246002,3.5398791e-06
31139230601,0.0047605443
31139241705,3.240653e-05
31141311301,0.00038983536
31141311303,0.00036126596
31153074105,0.0149929365
31153074106,0.12382793
31153137204,0.10131859
31153423902,0.96391445
31156458102,0.19329488
31189217004,0.18283664
31195859401,0.9645616
31196300402,0.0002205603
31226738103,1.89687e-06
31238678201,0.7130772
31239040401,0.68851864
31239225801,0.93402827
31264122401,0.015936768
31275867301,0.045686815
31275884901,0.0011359454
31287423601,0.9912923
31287423602,0.9991092
31287640404,2.9471616e-05
31299226201,0.8111248
31299280601,0.012491841
31300028601,0.8455188
31312069101,0.8966058
31312069102,0.57764864
31312389901,0.024857206
31312800101,0.0038630662
31324528502,0.12056633
31335382501,0.47926062
31348201604,0.051479053
31360103001,0.16727935
31360186501,0.9452939
31360332501,0.00014375741
31360332502,4.2872844e-06
31360332504,2.7230968e-08
31371563702,0.0045594433
31384116301,0.6243596
31384116302,0.076825686
31384355301,0.99574643
31384390703,0.8898492
31384390705,0.004828926
31384645901,0.37550986
31394113801,0.9570826
31407379003,2.353058e-07
31407379004,3.8860716e-07
31419413202,0.00018157071
31443420602,0.4982856
31443586801,0.5713649
31444058201,0.0010711041
31444058202,0.0015128201
31456224401,0.7357564
31456224402,0.9313799
31456540002,0.0056897607
31486596201,0.7236378
31493998303,9.84846e-08
31494107001,0.0011621226
31494107002,0.16138645
31494111801,0.00031283853
31494111802,0.002761664
31508122701,0.99692047
31519888203,0.95017797
31528635401,0.17772943
31551522401,0.0002863838
31551522407,0.50096256
31552073101,0.0005273457
31552916201,9.313016e-06
31552916202,6.813987e-06
31552916203,2.5324485e-05
31552916205,0.00053832214
31554413001,0.9422347
31554555501,0.6871756
31564628603,0.9890589
31566869501,0.0020735147
31576279901,0.0061516827
31585451401,0.020470915
31585451402,0.43494362
31609788502,0.057499807
31634576701,0.9954222
31671014801,0.8454396
31685520601,0.43540826
31685520602,0.88086575
31685540401,0.001454871
31685540402,0.08763774
31685879501,0.014239866
31686730401,0.9352138
31715386201,0.04688287
31725062302,0.052419264
31804494102,0.89302975
31818199701,0.012305074
31818199702,0.0010745851
31821351901,0.09670909
32227262801,0.99680686
32227262803,0.9658133
32290232001,0.028465074
32290232002,0.04885149
32290232003,0.080556825
32300722302,5.7262437e-06
32300820904,0.0023285677
32306061402,1.114653e-08
32306315602,0.17279774
32306337701,0.91413474
32313365901,0.0024966686
32329547901,0.99942786
32335522503,0.4960616
32342670405,0.8782953
32342916601,0.5635831
32343234404,1.198407e-07
32344319401,0.0017584588
32344319402,0.016814332
32344329103,8.160098e-08
32346111801,0.25882486
32351102604,4.2754614e-08
32352156203,0.6466384
32352169403,4.68012e-05
32356256401,0.016972106
32356372903,8.15915e-05
32362403904,2.0968007e-07
32364689601,3.2908556e-05
32364689602,4.0309334e-07
32364897501,0.01164055
32368510503,5.696846e-07
32372755601,0.0020604508
32372755602,0.004060857
32373224603,4.6831897e-07
32376232101,0.84947646
32376427701,0.00032736856
32376427702,7.701461e-05
32383694501,0.00022782662
32383694502,8.598647e-05
32383694503,0.00078057614
32383743401,0.8749289
32383743403,0.99902177
32386421903,7.0879315e-07
32387642601,0.9374045
32387823602,0.00016653459
32396848403,3.1089675e-07
32396856601,0.00016876326
32396856602,5.0778675e-05
32398924701,0.001676023
32399241101,0.7884591
32400358301,0.99652463
32401024105,0.67200387
32404819301,0.08968538
32411913502,4.802957e-06
32412829502,0.45917112
32414433702,0.0016135583
32420035801,0.0008031586
32420452301,0.16038941
32420575301,0.86451215
32420575302,0.8575364
32420822401,0.73832715
32420822402,0.0190043
32431692402,2.2387907e-07
32432445403,0.010599294
32442452704,0.9256235
32442469603,0.0007571602
32442833403,1.5274905e-05
32443497801,0.31238744
32443724004,0.6524663
32449469804,3.064868e-07
32450262801,0.7348296
32460755801,0.002322198
32460851409,0.00014494197
32461281201,0.000112152156
32461281202,4.0202274e-05
32465481104,7.516614e-09
32474838902,0.9804104
32475731102,0.00020369115
32475935204,0.002262454
32476072101,0.04658083
32477497902,0.8858305
32477497905,0.9711133
32485285301,0.9956927
32485285302,0.9978115
32489057101,0.0035180717
32489057102,0.0020488745
32489275701,0.8506559
32489361302,3.3010398e-05
32492783604,0.0031549123
32501276804,1.2809065e-05
32556374402,0.5334987
32556436601,0.029756308
32556436602,0.8777414
32571096402,0.98738563
32571096403,0.005342698
32571629603,2.3072075e-06
32584736001,0.9726681
32587099002,6.9262364e-07
32587307601,0.00015345203
32587307602,0.00011138744
32588833501,0.004683458
32602282201,0.18691614
32612924502,1.4433467e-05
32612924504,1.9977904e-05
32622535503,0.15796016
32622535504,0.01379951
32638138401,0.09734323
32640871801,0.6831126
32641199403,0.00066538266
32641199404,0.00035725354
32651018301,0.93009496
32659876601,0.9254754
32659876602,0.9785786
32668934407,6.191757e-07
32669214401,0.43729532
32669398801,0.9881192
32675196001,0.9148783
32676001002,0.0002797433
32676544401,0.32009506
32677189203,0.000118080556
32690667202,0.0026053677
32705486401,0.8436515
32706790601,0.00012844028
32706987204,2.97333e-07
32707125401,0.037543252
32707125402,0.011152251
32730440601,0.01203315
32738237101,0.8113762
32738237102,0.0015122634
32738237103,0.5956465
32738995301,0.020737972
32739067303,0.31291866
32753630101,0.03729332
32784687701,0.35412765
32796910402,0.0051046256
32814130501,0.00039723734
32814453803,1.8722088e-06
32814799802,0.96301776
32815595301,0.9327574
32830675501,0.0040440904
32830675503,0.00046737012
32845763901,0.81780046
32845763902,0.39441916
32862415802,1.4616559e-05
32878113301,0.61384755
32894674901,0.0029889967
32909842101,0.33055288
32910447101,0.9862196
32925562201,0.9811055
32939977204,0.004184294
32940118302,1.3334641e-06
32957299901,0.0003766632
32957942701,0.8859808
32958050701,0.8757407
32972016201,0.82964015
32972016202,0.95938015
32972706401,0.0013848243
32973392601,0.43097502
32984872201,0.23288617
33016782201,0.940164
33017591802,0.000507239
33017594302,0.0057284026
33035746001,0.0722491
33051467502,0.67344666
33051605001,8.552589e-05
33080881201,0.014527706
33096295001,0.22538708
33096890201,0.9949196
33113133001,0.19186278
33125910901,0.06684846
33125910902,0.0067478428
33143630901,0.20543782
33158594701,0.871111
33159736001,0.009955713
33176314802,0.27578953
33177386502,0.023582999
33177387502,0.13982557
33188966805,0.019351328
33189172901,0.60575014
33202650201,0.058671284
33202859802,0.013840107
33218409501,0.9844258
33218409506,0.00011665163
33219007502,0.0022365225
33219100502,0.028731246
33219394901,0.0008175607
33244230008,0.0006129961
33244372401,0.69634503
33518625602,8.9559394e-17
33519369401,0.033212107
33520653102,0.17091519
33520653103,0.009603211
33540139101,0.01565516
33540210101,0.9951361
33554524001,0.37866187
33554524002,0.11369453
33556261502,0.015470472
33570153601,0.9745234
33570153602,0.98921835
33601247201,0.94610524
33601247202,0.8784999
33602313701,0.00518019
33613706502,0.00010089684
33614287701,0.00079283933
33614287705,0.9682523
33614552001,0.0012179351
33657475801,0.90703297
33670052102,3.608965e-05
33670730501,0.54398406
33685520901,0.84138274
33686333101,0.20530999
33696405901,0.0023359116
33696405902,0.00018143364
33697138001,0.047086947
33697191503,0.00081879215
33712610301,0.009858486
33719302801,0.29713297
33719312802,0.1554045
33719535302,1.9758409e-07
33720058701,0.0014113043
33720058703,0.0009828223
33727469503,0.1408837
33734938102,0.0002654795
33739324701,0.9830125
33739881902,0.00022742077
33740881301,0.94435996
33743756601,0.31211373
33743756602,9.613029e-05
33756090701,0.8532657
33769074701,0.224859
33780683201,0.98843783
33787999701,0.959418
33788545601,0.9653948
33794511901,0.99688184
33794511902,0.99770606
33795222901,0.8927091
33799519402,9.113759e-05
33799519403,0.00015325448
33800923301,0.56988037
33809866701,0.9590523
33811950201,0.023049599
33823254301,0.7958123
33829381102,0.8664487
33835052701,0.8052766
33849206802,0.0016773257
33849356703,0.0008199708
33863576701,0.14196043
33863576702,0.0008788057
33873659101,0.001129798
33873673301,0.4945368
33873673302,0.5524051
33873942601,0.004284966
33885756704,0.00020393095
33885997804,0.10027167
33901599101,0.9969087
33927944001,0.9822859
33944248401,0.08426201
33955867801,0.92260945
33956336701,0.00053100206
33956342601,0.0017973789
33956454401,8.8380846e-05
33956455101,8.8025896e-05
33956484501,5.708413e-05
33956545201,8.588326e-06
33956554206,0.007073481
33956558401,1.8320757e-06
33956558402,6.17385e-07
33956558403,4.6272493e-09
33956573901,4.4353305e-06
33956573902,5.8913937e-08
33956574001,8.178631e-07
33956574002,2.1481787e-06
33956798501,0.00047087425
33956798502,0.013842561
33956800601,1.8055084e-07
33956800602,7.1383006e-08
33956800603,0.00010833843
33956805901,9.579673e-05
33956807101,0.1779907
33956807701,4.630594e-07
33956807702,1.3551233e-06
33956807703,0.029343098
33956812501,0.00018694004
33956817001,1.6831453e-06
33956817002,4.1176254e-09
33956817003,2.1253339e-08
33956820001,8.510704e-08
33956820002,1.1134534e-05
33956820003,0.00058061915
33956824702,1.0
33956824703,3.094965e-10
33956824705,2.6474722e-09
33956824708,5.6377483e-11
33956827001,0.0069308723
33956832801,2.7818444e-06
33956994201,1.9765055e-05
33956994202,1.7780381e-05
33957015301,0.002610706
33957015302,0.0012088629
33957026001,1.4593537e-05
33957026002,5.257516e-06
33957300901,0.4075893
33961188301,0.46452552
33963358402,0.0010377571
33968020301,0.0081944335
33968020302,6.1722545e-05
33968055201,0.00080472097
33968213401,0.9841726
33968283004,3.1042912e-08
33968544502,0.28261355
33968544504,0.75553536
33968815801,0.5151707
33968950202,0.31384897
33972309902,0.008227358
33973301301,0.9189292
33973301302,0.8157307
33973301303,0.5214316
33975272901,0.18569331
33975656101,0.0216102
33975889702,0.14488286
33983299501,0.008671409
33983649001,0.9679583
33991355001,0.2954676
33997920001,0.62803096
33999003801,6.7684114e-06
33999003802,9.129839e-06
33999003803,0.0010344397
33999003804,0.00044460513
34009360401,0.0066617704
34013076702,0.96647406
34013076703,0.08598903
34013076704,0.103884265
34016460202,0.6874017
34016616701,0.98513377
34017008002,0.6156346
34020604405,0.03282846
34027438401,0.10861551
34028148307,0.4100471
34028560001,0.46290618
34028802201,2.2471155e-05
34050494501,0.023271235
34062040703,0.048415843
34062928903,0.0004084395
34063019701,0.9891806
34063019702,0.97932017
34067038701,0.011078747
34067052301,0.003621787
34067092201,1.6807442e-06
34067135701,0.11884038
34084498402,0.13667111
34084582603,0.21303545
34084689101,0.0018185431
34084689102,1.6638372e-05
34086810801,0.65676045
34086831801,0.9922793
34086991502,5.351995e-06
34087762601,0.8710709
34087762602,0.8569127
34088361401,0.9258568
34103148002,0.00064450083
34108527302,9.6707874e-05
34108771701,0.6996694
34114294302,8.9377445e-06
34114294303,3.6843918e-05
34125076101,0.9200613
34125818201,0.013285284
34125818202,0.00012482941
34125998901,0.45408165
34126184601,3.176419e-06
34126184602,9.1841576e-07
34126197001,2.5405022e-06
34126197002,8.291476e-07
34133886502,0.003747181
34138218301,0.00036805435
34138220901,0.0031818545
34138220902,0.0014422848
34138525601,0.9944612
34139966801,0.13990897
34147057401,0.9894168
34147057403,0.07498563
34147613001,0.9894281
34147927603,1.5825983e-05
34151302001,0.14720899
34151521401,0.030486763
34151521402,1.8258615e-05
34151535501,0.025059843
34151535502,0.00013821888
34152008201,0.980232
34152033401,0.00045172404
34152033402,2.7460273e-05
34152033403,0.00013698761
34159787501,0.84032345
34171016301,0.992753
34171016304,0.026439557
34171577402,0.26383242
34180339901,0.9488508
34180340101,0.9500842
34180590801,0.99701464
34180590802,0.49783978
34181881101,0.4076922
34183842001,0.05772303
34191252203,0.13457105
34191720604,6.021874e-08
34191720606,1.4355824e-06
34195221801,0.07370786
34195503101,0.0009177957
34195503102,0.00077525584
34204300801,0.06750377
34204465701,0.87821114
34205138703,0.0073500383
34205138704,0.016796093
34213578102,0.00026394476
34223289101,0.8532232
34223686701,0.4685866
34225913701,0.004692391
34225932401,0.008702766
34225934401,0.011422124
34236051401,0.028370392
34236051402,0.555116
34239922001,0.0019652648
34239922002,1.2645189e-05
34246945501,0.99370736
34246945502,0.9735092
34247401001,0.9710489
34247401002,0.061781608
34255472301,0.3090958
34255632101,0.99295866
34256752902,2.0398791e-05
34256752903,0.121362485
34256769501,0.8960723
34261796801,0.99425805
34268386002,0.33465108
34270269903,8.313248e-06
34270269904,2.0530797e-06
34291558001,0.010627378
34303199501,0.8992766
34303480901,0.32844305
34311938102,3.3123406e-06
34316698301,0.89991015
34316698302,0.80236727
34325328205,1.3833229e-05
34326030702,0.044501238
34329605902,9.321021e-06
34333867602,0.5818039
34336548101,0.82216316
34336548102,0.99696463
34336548104,0.34961453
34337716901,0.99515545
34337724601,0.07306304
34337745701,0.00021529276
34337762402,0.16163231
34337834501,1.3872981e-05
34337834502,1.37474435e-05
34338368101,0.00063235144
34338368102,0.00038114292
34344943703,0.058156744
34354122201,0.92940056
34357397102,0.8776401
34357397104,0.98728997
34357397106,0.31746206
34357569402,0.6083591
34358582401,0.040377546
34358700001,0.9453586
34364733501,0.68609196
34364813603,0.9827778
34364945401,0.9710603
34365125505,0.0059951954
34365219603,1.4883075e-06
34368152403,2.3381617e-05
34368187801,0.2731966
34368487603,2.190904e-07
34375729902,0.008931384
34376193202,0.9858629
34376436001,0.9306579
34379800101,0.24845706
34379949301,8.090304e-05
34380086601,0.9435196
34385424001,0.9433681
34388482501,0.9941907
34388482502,0.9741977
34403162701,0.9819547
34407735302,0.00016857589
34411135901,0.26779634
34411269001,0.0027573798
34411575001,0.24309538
34423230001,0.7881824
34423441402,0.00021311926
34425865701,3.898714e-05
34433722504,3.506356e-08
34433722506,2.0802445e-06
34433771301,0.0012969355
34433870301,0.015244297
34433870302,0.3198324
34435187103,5.3198396e-06
34439801801,0.99083483
34447050903,0.00023623602
34458859903,0.00012453896
34460040201,0.9886741
34460426301,0.00036666592
34466759001,0.9807982
34467085401,0.63179696
34467085402,0.0060640112
34467569401,0.66486806
34469160301,0.99163765
34479463202,0.015554144
34479692104,1.1794832e-09
34483848801,0.7623494
34492558801,0.00031397393
34492558802,0.00094638474
34496460802,0.1423544
34496955003,0.0038294375
34497489301,0.9686913
34509282901,0.83295906
34509763401,0.02155843
34509763402,0.20690444
34517331502,0.013269704
34520447101,0.82216257
34537130801,0.0019977193
34554436101,0.9475593
34554436103,0.9971033
34554812702,2.3539033e-05
34555184101,0.541927
34555184102,0.0008860813
34555192801,0.00014122848
34555390101,0.8052077
34582224601,0.64128155
34634767701,0.9982127
34639827902,0.9524621
34640522601,0.22297375
34652034102,0.0002721027
34660497801,0.72591794
34672609202,0.00010171177
34672720101,0.47628468
34672720102,0.7622394
34672720901,0.78242165
34672792602,0.81314826
34674306203,0.73741585
34677039204,2.0170912e-05
34679228101,0.9959543
34679523601,0.6808346
34679674101,0.7582603
34681068601,0.027149227
34681288703,1.3574913e-07
34681395001,0.0031856406
34682256401,0.0072637885
34682501402,0.00029027264
34683058301,0.0019249273
34683058302,9.4895804e-05
34690292304,0.57135284
34691262301,0.9744757
34691262302,0.00051063404
34695350801,0.9340576
34703035501,0.9978707
34704243201,0.1428924
34704243202,0.01306163
34706869302,0.0048934957
34708176101,2.2724282e-05
34721352101,0.03624955
34728360101,0.9912593
34729037202,0.02991219
34736944701,0.0032933205
34736944702,0.0016981693
34746077901,0.0006286953
34746554101,0.00023423138
34761353601,0.8641208
34761473301,0.073352166
34761473302,0.0009905461
34762087002,0.0026537622
34765644407,4.7695426e-05
34765691101,0.08268127
34765691102,0.0905582
34765706602,3.542503e-06
34774338901,0.19414058
34778028501,0.9740276
34778558301,0.22712265
34778704101,0.00086261146
34787326202,0.00033783188
34787435802,0.9948431
34800682402,2.2313237e-05
34804054501,0.7259745
34804243901,0.9570101
34804243902,0.6694379
34813042001,0.00013745736
34816801901,0.7769308
34817119901,0.96595806
34817645401,0.94286156
34825025901,0.47661868
34834137801,0.7675189
34834462207,0.01832281
34840107101,0.0037536
34840107102,0.0022075525
34840107103,0.00085667777
34840107104,0.00033700356
34844886401,0.6782725
34845963501,0.9930199
34846082901,0.16307898
34855628102,0.69802004
34857057501,0.43596372
34857132608,0.00031872737
34869424701,0.97690445
34869926003,0.007565654
34876244101,0.748162
34876345301,0.96143466
34877117902,0.9885401
34883961101,0.031625826
34884124202,0.00018591847
34885229801,0.82871246
34885229803,0.4191517
34885360504,0.00020513868
34889719902,0.07712043
34889867301,1.0939584e-05
34895779302,1.8363644e-23
34897218401,0.9794318
34898480202,0.81407356
34898568201,0.0020715157
34899109903,0.00018516181
34899746702,0.00027201686
34899761203,1.1785711e-05
34905944803,0.3560655
34909514901,0.9977451
34914500401,0.039008725
34915449001,0.4724757
34923744201,0.53611386
34924096101,0.009857705
34924366501,3.463657e-06
34924593002,0.93913084
34926970102,5.4533263e-08
34927000101,0.0011107577
34927000102,0.0028833037
34930944202,0.00039986247
34930944204,0.004265621
34937159501,0.048864227
34937159502,2.6950713e-05
34937319201,0.0011724321
34937319202,0.001157525
34940722801,0.004794732
34943397602,0.7703975
34943397604,0.91676784
34948459501,0.43303883
34953966501,0.5112486
34953966502,0.80024755
34954340105,0.24077477
34954411201,0.008783873
34964460603,0.0051998976
34964851002,0.9931779
34967968101,0.0015730844
34974792902,0.105699785
34975139306,0.0005678986
34975697201,0.6946593
34976705101,0.0074114385
34978691601,0.99487346
34978691801,0.994331
34980504401,0.9572616
34983282402,7.791463e-06
34986285201,0.029972889
34986542306,0.0012181498
34989255901,0.5364411
34996391402,0.00089386705
34996426403,7.72727e-06
35000584601,0.22642833
35014629601,0.57966965
35015411901,0.47037092
35027646202,3.834583e-06
35027706202,0.18529682
35029767702,0.012702611
35033350702,0.0014784996
35033613202,0.9745042
35035563201,0.00012006639
35043133501,0.0007473596
35043133502,0.00094068755
35043133503,0.4625569
35043133504,0.7153486
35046762401,0.2889794
35047910101,0.37843698
35057599701,0.9961964
35067974502,0.000174874
35074247502,0.6847435
35074371401,0.9977035
35076779401,0.0014808972
35079640702,0.99215275
35080347202,0.00021123886
35080347203,0.00012569944
35080469601,0.9916694
35080884002,0.026310544
35080884004,0.4103135
35084283801,0.9034064
35084283802,0.99048305
35084633401,0.98871964
35085346601,0.92698765
35085351302,0.000933251
35085871301,0.008636104
35085952701,0.003321018
35086063103,2.8861688e-05
35093067201,0.038326137
35096515901,0.0024828885
35109238501,0.97813225
35109482008,1.984898e-06
35118188003,0.35499227
35118188004,0.6706746
35127512701,0.980966
35128467801,0.9934449
35128529701,0.97212034
35200055801,0.6213407
35200331801,0.057684135
35201671601,0.8925732
35201690402,0.13142136
35208100106,0.83842623
35214110704,0.97032434
35222923701,0.95138013
35222926801,0.99158305
35222926802,0.94623786
35222926804,0.9742045
35494479401,0.0014222926
35663935001,0.00038218912
35663935002,4.84384e-05
35667591201,0.5422102
35672996605,7.251581e-05
35673165502,1.3230594e-05
35674784701,0.9945814
35674812701,0.33527493
35674812702,0.9956756
35684659401,0.01671126
35685023207,0.003336444
35704416301,0.99816626
35710407107,7.871969e-07
35710535202,0.0001075586
35720575001,0.32284108
35736262304,0.02213069
35736262305,0.014778333
35736262306,0.00877173
35751024701,0.002985838
35760973002,0.29309583
35765997203,0.00028130764
35766231601,0.36893806
35766231602,0.996546
35770930001,0.99690884
35790947801,0.0017915844
35791120202,0.10055822
35802074501,0.93166155
35802216901,6.176629e-05
35802216902,3.485981e-05
35802216903,4.5718018e-05
35804784102,0.0014556507
35807104902,0.14932442
35810812602,0.006032913
35815476402,0.0038328222
35815644202,0.046503656
35817632901,0.0015701806
35829066803,0.58613145
35829066804,0.000104451414
35833558603,0.00044516494
35833558604,0.00020142703
35840238203,0.92954785
35899383104,1.1739111e-08
36008791501,0.005155383
36008811302,8.3511084e-05
36008887102,3.4778725e-05
36021781301,0.012609854
36022222801,0.27826163
36032014601,0.96937436
36032455801,0.73255223
36039503701,0.97394264
36045755301,0.00041202948
36046316002,0.0060953083
36054824702,3.6235942e-05
36054824703,2.1350532e-05
36060567001,0.6436976
36061757001,0.065189645
36069853903,0.07152673
36080075401,0.1081211
36084805604,0.00378286
36085112301,0.032072198
36085112302,0.30912045
36095173901,0.42590907
36095173902,1.1080922e-05
36095868901,0.14874637
36103419601,0.739331
36103419602,0.0010568635
36107451001,0.6926143
36107514601,0.0050996128
36107514602,0.0002593211
36108230204,0.5999451
36116866004,5.756434e-07
36116875103,1.1955995e-05
36116875104,9.905812e-06
36116900301,0.010512576
36116904201,0.9323948
36117072801,0.019519202
36117247901,0.9631227
36127261201,0.837368
36133308901,0.88604647
36145892301,0.98490196
36145892302,0.66314304
36147312501,0.06522319
36171360202,0.19260105
36171769701,0.40781263
36179375701,0.9482291
36185866701,0.0005345476
36185866702,8.608968e-05
36186370501,0.0037172346
36186370502,0.0034302135
36195723703,5.0903276e-05
36195801301,0.00030197995
36203025201,0.57449925
36208509801,0.93764615
36208633303,0.014003528
36208897901,0.56702596
36211110402,5.2645795e-05
36211110403,2.2205995e-05
36211346601,0.8581687
36212163901,0.004993146
36212242702,3.1132265e-06
36212242703,3.2986875e-06
36216542102,0.8338404
36223421902,9.203498e-06
36223421903,1.1661009e-05
36224167401,0.030556792
36232245001,0.9778919
36232355002,0.0097193485
36232355003,0.11403083
36232355004,0.038438912
36232651002,0.99171257
36232651004,0.30648643
36232773002,0.18012321
36238452701,0.79060173
36247892101,0.0030492318
36248081501,0.81068796
36248365501,0.010184375
36254444201,0.8644168
36254444202,0.80757666
36263133101,0.7593085
36265887103,0.0016140967
36266522904,0.87500983
36266522905,0.9659038
36270472201,0.88765603
36270988601,0.99852717
36270988603,0.0005596685
36273479503,0.20547369
36273577502,0.9644461
36275381201,0.97601753
36282250301,0.93375903
36282547001,0.00017030412
36282547002,0.00016555708
36283395302,0.005693528
36294416601,0.00018741265
36294416602,0.52296233
36294440401,0.3939429
36294440402,3.7909092e-05
36301457701,0.91496414
36302476706,0.028325321
36308238301,0.9810338
36308617801,0.99084395
36314054702,0.21534273
36320794101,0.99668026
36320794102,0.9891856
36320794103,0.9779689
36321484301,0.31478602
36321759401,0.0001665238
36322109602,0.8529108
36323171601,0.8773078
36326755601,0.0009282857
36327032201,0.48607767
36327080203,9.9440795e-06
36337105701,0.0015697336
36337231302,0.50239956
36337240301,0.99204916
36341472201,0.00033566199
36344758501,0.520411
36348116302,0.4062468
36348116303,0.43509972
36348116306,0.026923127
36352747501,0.78734666
36352858301,0.22418308
36360033001,0.0005941664
36360033002,1.9346739e-05
36361158305,0.0035145932
36371002801,0.28148016
36373876501,0.99745363
36373876502,0.98325574
36379019501,0.95664614
36379071001,0.05259656
36379071002,0.0012529298
36379566801,0.14989501
36379882103,0.15586887
36380507102,0.914203
36380507104,0.76051456
36392558001,0.36758563
36393331302,0.0001685481
36397797801,0.6720491
36398418002,0.07434355
36401811703,4.980519e-06
36410692902,0.004718976
36410775301,0.99853814
36411583601,0.19287221
36413262801,0.97697884
36415342401,0.00016835342
36415342402,0.013717461
36416385202,2.5541424e-06
36416490701,0.00694037
36427960901,0.3548968
36430211801,0.016018644
36432638403,9.480482e-05
36432638404,0.00061457214
36432704501,0.47507203
36435035401,0.15250891
36435264902,0.11361707
36435444301,0.015568461
36435462401,0.8859185
36454463302,0.3216818
36454478304,0.9251683
36454523401,0.9845115
36454711201,4.1698695e-05
36454711202,6.6188215e-05
36454918901,0.90569735
36462547201,0.9098858
36464290004,0.01080179
36464600202,0.9929334
36478500901,0.9746372
36478500902,0.9899885
36478500903,0.99791175
36479758401,0.90159386
36479758402,0.61607665
36487354001,0.23521498
36487915501,0.025717948
36488054201,0.49459955
36488198001,0.22777975
36494463301,0.97915673
36494463302,0.018165825
36501436301,0.29721802
36532521703,0.04423001
36532562101,0.99029607
36546786701,0.7893087
36546910701,0.0069540716
36555694502,0.00031888025
36566262301,0.73267984
36572172402,7.992953e-07
36572727101,0.00559849
36573020702,0.6967944
36577423401,0.5343387
36589085601,0.70028496
36589718401,0.08003162
36595339605,0.104415484
36595339606,0.18753739
36599889601,0.12723073
36600046901,0.036193058
36694633201,0.98735285
36695394901,0.85398376
36695840901,0.00012778476
36695840902,0.0009148215
36705891203,0.0006669584
36713674101,7.5840224e-05
36713674102,0.00011480292
36713674103,0.00061714713
36713674104,0.0005783091
36713674106,0.00044662753
36721580201,0.039993487
36721931201,0.89615655
36721958701,0.00015606805
36722441201,0.00029559107
36731106001,0.19784495
36737894004,0.22210695
36747358301,0.99900407
36747663301,0.00038438864
36747663302,7.102191e-05
36747812401,0.7757894
36747812402,0.9038603
36748491302,0.0012067839
36757208301,0.45208603
36757282501,0.12255444
36757806102,0.30027947
36766053402,2.5212552e-05
36767139701,0.23367198
36782403903,0.0657391
36783273701,0.5161985
36789557801,6.866962e-05
36790475303,0.051826846
36797561603,0.00013222871
36808504701,0.8707125
36809595301,0.9012503
36847142601,0.0061283405
36847142602,0.004143435
36847142603,0.021904822
36857403002,0.11885132
36874788203,2.3649734e-06
36874802403,0.00078275596
36875330301,0.8751337
36876173401,0.0058484245
36885458503,0.0002077351
36893059701,0.7149763
36893059702,0.36644143
36893454001,0.6251261
36893454002,0.7134364
36898885202,0.38422608
36900681701,0.50644857
36910254905,0.036832176
36922914301,0.3732992
36925302301,0.07097561
36932794701,0.9976489
36934506401,0.997292
36977912701,0.277629
36981850803,0.00055957574
36986473801,0.995509
36996295501,0.6307646
37004042101,0.40928376
37022670202,5.549256e-07
37024349001,0.004837892
37246364501,0.00027788305
37253040102,1.5908148e-05
37253040103,0.0034070264
37253486701,0.0024998412
37253772901,0.93385816
37253773301,0.63999885
37258954001,0.9415763
37266297201,0.0014787475
37266297202,0.00015133704
37266342501,0.08214444
37267053501,0.010894047
37267063501,0.8392865
37267063502,0.8277854
37267351104,0.14015508
37276861902,0.0002774008
37276896503,1.5167657e-07
37277343501,0.98980296
37284782901,0.9610113
37285035701,0.0011308144
37286911101,0.00063692743
37290811001,0.0943246
37297899306,8.614758e-05
37298707301,0.008488894
37301560401,0.0009914152
37352305102,0.9599659
37359477101,0.30452442
37376857602,9.620697e-06
37384385701,0.51583093
37392837401,0.6216461
37401666004,0.0004134755
37485899901,0.4939993
37486059001,0.41484413
37491198603,0.68661964
37503656702,0.6748855
37503656703,0.37670517
37505958701,0.992282
37505958702,0.9929662
37508912402,0.047637526
37509071701,0.9420865
37522151901,0.7126067
37522191803,0.026563734
37522254905,0.00041591463
37522254906,3.5271518e-05
37522254907,0.00021044898
37522268303,0.011288962
37522308001,0.9733288
37522545301,0.97809863
37522545302,0.9921897
37527395301,0.9728943
37613191501,0.5426746
37740736902,0.8533262
37775945505,0.0016088807
37785944501,0.001987171
37809361001,0.99883884
37834445701,0.98035735
37855542301,0.9548855
37856305901,0.8039622
37856305902,0.19426946
37866689001,0.0012268891
37866689003,0.0015392723
37874201801,0.9751958
37874634801,0.08152282
37874634802,0.04587383
37875221802,0.60168844
37886884902,0.79890287
37923400201,0.640383
37923400202,0.21896121
37924036001,0.09477367
37926673701,0.00016962459
37929030002,0.5165248
37934964301,0.002376726
37935463503,0.0022677267
37940371801,0.8454896
37940792702,0.008577765
37940792703,0.13095048
37941054001,0.44931874
37961831901,0.97753817
37961831903,0.48399517
37972308601,0.9978263
37980177503,0.0093352245
37980177504,0.015719084
37980419501,0.8963408
37980635802,2.6527107e-06
37985274801,0.92339694
37986534701,0.8827458
37986534702,0.000476009
37989769601,0.23118207
37990919501,0.35645777
37997324601,0.011017893
37997366801,0.0013590156
38000137401,0.5002197
38008474301,0.2763779
38008474302,0.4568255
38008474303,0.12829773
38008551702,0.43528476
38017354002,2.4235738e-05
38021153801,0.87862456
38032669301,0.9323719
38033014202,0.00048292457
38033014204,5.7512384e-06
38033437201,2.347868e-05
38033437202,0.00012543508
38038582102,0.14976965
38039496401,0.43402895
38041913901,0.01512687
38042259101,0.8253856
38053978405,2.8410717e-05
38053978406,7.822292e-05
38065667301,0.17014664
38066437101,0.98012114
38071050103,0.03734585
38077004701,0.00036889774
38078325201,0.98596394
38086277001,0.0022137982
38087068801,0.9973757
38091027701,0.82467175
38091623502,3.2213397e-06
38091702701,0.87560505
38097651501,0.00022397198
38099717802,0.07166321
38104850602,2.4415967e-05
38104850603,4.4473752e-05
38109183801,0.9842264
38114124601,0.70987165
38123214401,0.021449523
38123214402,0.61571914
38123745204,0.36758193
38132860101,0.79844344
38133345501,0.001156587
38135169604,3.7170658e-08
38144788301,2.9138437e-06
38144788302,1.9230959e-06
38154886602,0.24796906
38154886606,0.063838705
38155188001,0.72449553
38155985502,1.2352584e-05
38164772203,0.013833151
38172444401,0.008187821
38189791701,0.9956077
38190750205,0.06510101
38190750206,0.007129016
38191909001,0.9964169
38192119303,0.40152127
38192515602,0.119662374
38194976102,0.074318245
38197796401,0.29507926
38198711805,0.0009871611
38200958001,7.901181e-07
38200958003,6.3185203e-06
38201108601,0.953244
38201634801,0.28793126
38202842501,0.9926443
38204309802,0.02033379
38206916001,0.00023993633
38206916002,2.01995e-05
38207297301,5.3172125e-06
38207297302,6.4034098e-06
38207502502,0.941161
38207504501,0.76170886
38214552103,0.017280156
38214863502,0.6184679
38218954202,0.103727944
38219619302,0.98211586
38219944102,0.5218419
38225200201,0.117304735
38230868402,0.0014824909
38231035801,0.72538286
38231205201,6.4200045e-05
38231205202,3.386999e-06
38231224302,0.51929194
38272885901,0.03367192
38282336802,1.3239202e-05
38282769901,0.0037943602
38291581101,0.9960608
38318130001,0.90002245
38326621001,0.8768109
38326621002,0.65658236
38350309001,0.0011585156
38352567802,0.0031223157
38352567804,0.02334039
38359428206,0.0025270851
38359434101,0.00064932124
38359434102,3.341785e-05
38359436001,0.0043771192
38359524203,8.33648e-07
38371649601,6.1117506e-05
38372751002,0.69342417
38374689203,4.855883e-05
38401591501,0.03707652
38401824003,2.4243955e-06
38402184601,0.40930432
38406533702,0.17545263
38407312201,0.086678565
38407312202,0.0614883
38407462901,0.00081535627
38407462902,0.0020616043
38407470502,0.1919306
38414505401,0.0012701366
38415584401,0.9681648
38415604302,0.020456307
38429880802,0.032280684
38434431002,1.0893475e-05
38438583501,0.9320724
38438596901,0.018676903
38438622107,0.4385231
38438622108,0.38328823
38438859701,0.05379251
38446538201,0.9695631
38446538202,0.32722935
38446538204,0.86787885
38453643001,0.99273795
38460931201,0.00016523867
38482355601,0.99090755
38482944004,0.0028781716
38710796102,0.68565655
38813192401,0.0007357106
38823584501,0.0004948378
38828704701,0.3149935
38882036303,0.08261234
38884523303,0.9750183
38895168402,7.07626e-06
38907088401,0.9794041
38915972501,0.7753799
38916880801,0.9410433
38928579101,0.31352204
38928698901,0.00058170594
38936374501,0.090064324
38936728001,0.005139967
38938234801,6.748907e-05
38943736501,0.33068714
38956470001,0.0009858232
38956548103,0.0004628402
38956733003,1.7047998e-05
38957019601,0.0024053918
38957352702,0.79894567
38957603501,0.035326216
38958027702,3.154409e-05
38964397501,0.8701759
38965089503,0.00037993325
38966979601,0.9602327
38966979602,0.9582659
38967796901,0.0005555665
38967902901,0.0008664746
38968293302,0.00025652294
38968293303,0.00063171715
38968293304,0.0011488288
38968406001,0.034186002
38968406004,0.00025127182
38973327501,0.8677731
38973494601,0.96932787
38974765904,0.4993885
39008315901,0.024599308
39013742002,7.648915e-06
39014207204,2.5084793e-07
39014902701,0.0009717645
39015054702,0.99564654
39021550001,0.14296181
39021912601,0.00026974545
39030588101,0.64761704
39042770302,0.0001580525
39043477701,0.00028837044
39072352903,0.87319165
39081767501,0.9813028
39081767502,0.00017331642
39174454004,1.7675619e-07
39174526001,0.7339667
39181283901,0.08757388
39188739001,0.049596235
39188798802,0.0007336756
39189425701,0.0015242056
39189524202,0.0031477024
39190306401,0.998516
39190306402,0.99949324
39190467002,2.3001219e-11
39194988001,0.99933213
39202492501,0.01782397
39202492502,0.09823321
39202492503,0.039942216
39270667701,0.9816892
39303086901,0.0015369802
39303285301,0.0013608815
39308647301,0.987004
39374762801,0.15283969
39422819607,2.7641338e-06
39422819608,1.8193255e-06
39423379001,0.840694
39423698105,0.41087845
39424416702,0.70523536
39427900401,0.18281671
39427958702,0.13685097
39428451701,0.8873665
39428451703,0.96724474
39433218702,4.3862659e-07
39433576002,0.99184287
39434031901,0.9699313
39434190102,0.5358223
39435605006,0.19805388
39435729401,0.98640513
39445526701,0.0031197444
39449001201,0.9874373
39456111901,0.9994192
39456260903,2.2118369e-05
39456260904,2.2542477e-05
39456288004,4.279492e-08
39459353002,4.483934e-06
39459416901,0.7571163
39459426002,0.0011964508
39465795201,0.004102447
39465797201,0.00063188636
39466088802,0.38319275
39466131401,0.9937955
39470219102,0.1398783
39471160506,2.5125116e-06
39471533201,0.88074034
39471614602,0.00029961063
39472987501,0.9840932
39481226301,0.00011571791
39481226302,0.0003062212
39483187602,0.6147471
39491277004,0.36795318
39491558303,0.73982203
39497269002,0.00021565518
39501170604,0.9587571
39506494702,0.47539806
39506618601,0.4030189
39551584601,0.98635036
39551599201,0.0025255687
39551599202,3.4420264e-05
39574267601,0.01350572
39574626502,0.005605811
39585561207,0.0007213723
39585705301,0.0029871387
39603767901,0.6686635
39610664101,0.98633516
39613960703,0.0008373516
39614288801,0.1297166
39617007601,0.08432318
39621349201,0.0027071738
39621753701,5.9040074e-05
39624496701,0.71101487
39624770001,0.5607136
39624770002,0.815118
39625543705,0.027795108
39636522602,1.45514e-05
39642179302,0.0495547
39646733002,0.0070002074
39653739902,0.00016120158
39653945901,0.9343941
39654389101,0.9968419
39664803601,0.004666637
39672022301,0.9562176
39690392701,0.6246157
39690460304,0.00019488484
39690628101,0.93497556
39690779201,0.99205947
39703122703,2.9003004e-06
39703232401,0.97353065
39704082303,0.003555608
39710897801,0.99245775
39713731901,0.0027303954
39716216201,0.20719066
39716261101,0.47956777
39771048501,0.18953286
39781653902,0.0003592702
39790433502,2.0348443e-06
40151315403,1.6576969e-05
40156111901,0.88592213
40156772201,0.79041344
40157397301,0.117085196
40160576206,1.0571545e-06
40160692302,0.0032464017
40160803902,0.8897399
40167060701,0.0012363101
40167609403,0.0062335157
40167800701,0.9515212
40172697304,1.6905913e-05
40177037001,0.7046194
40179595201,0.9689998
40182156702,0.22037216
40183362602,0.13032454
40185908804,0.02436377
40185908805,0.013729529
40185908806,0.010950231
40191380301,0.9975184
40191435702,0.79159594
40191608001,0.0062560756
40198062401,0.9989849
40198264101,0.020621687
40203032802,0.9591418
40208591104,0.14487453
40208591105,0.43333375
40211128901,0.99404824
40232963101,0.003048097
40245420401,0.0034135345
40245490901,0.7386488
40245695801,0.0076479185
40245713701,0.87371665
40246341803,0.17922309
40246930501,0.0056941463
40247471401,0.7125023
40247729204,0.8010024
40251280703,0.04717045
40251355701,0.964144
40251355702,0.97382915
40252725401,0.81734633
40258614101,0.27364692
40258614102,0.001394749
40258624001,0.029233202
40262134301,0.9491554
40262523401,0.11782663
40264677607,1.062182e-08
40264910601,0.21810101
40265106901,0.040281598
40267559901,0.001739938
40270895301,0.6106867
40271028001,0.9988707
40271155502,0.90967983
40271275802,9.017319e-05
40271275803,0.010821153
40271275804,0.00027542928
40274558804,0.1062765
40275905302,0.23640977
40278607005,0.007792189
40279311704,0.09419745
40279502301,0.16805483
40280028803,0.0052952725
40280028804,0.0057608555
40283749502,2.43477e-08
40284010606,0.000116043986
40284375204,0.015995601
40284583801,0.0027827558
40285466203,3.963942e-05
40288513001,0.78061175
40292001201,0.0001112118
40297013001,0.00065776677
40297079601,0.9590176
40297297201,0.0013902837
40301654403,0.00036266472
40301901402,0.1155006
40302986402,0.81954014
40304471502,0.075253814
40304471503,0.84067845
40307506702,0.99878496
40308377501,0.00027296043
40312524701,0.41625008
40313150604,0.00046024975
40322650502,0.2506186
40322738202,0.00024073423
40332051801,0.0014342559
40332051802,0.27832633
40332088805,3.51057e-06
40336436001,0.99853325
40336671602,4.7533294e-06
40336674402,0.25442088
40336742001,0.0019655284
40351167001,0.76852787
40356794903,2.5994414e-05
40356857801,0.5594857
40424173901,0.9811988
40434450701,1.0022405e-06
40437995307,1.0919999e-05
40441563501,0.00052905775
40443166301,0.013366494
40451664502,8.2957224e-11
40477056201,0.9766715
40477658205,0.99409544
40477792202,0.66210836
40479715101,0.6345357
40479715103,0.1439085
40479778401,0.047502466
40483253101,0.41018966
40484930201,0.0018916558
40492766102,0.7835077
40493349302,0.9211447
40493394702,0.30018714
40496996901,0.80682224
40512956003,0.99702746
40512956004,0.9816257
40536444701,0.9842896
40536509601,0.33342984
40536534002,6.36681e-05
40586283001,0.9944112
40586608902,0.57874876
40593091501,0.41141286
40677452001,1.8006223e-05
40677452002,4.4716567e-06
40677811702,1.4492086e-06
40678033801,0.060475305
40678033802,0.23419227
40686161801,0.16839235
40687225301,0.9909045
40687225302,0.96846706
40687484203,0.009610896
40687484204,0.3579371
40694161201,0.9993944
40694554701,0.9506862
40697674601,0.997715
40704486902,0.98890966
40704635703,0.003194523
40706490202,1.4261668e-06
40706644901,0.08868151
40706644902,0.523163
40706926502,0.98012996
40708997303,5.72431e-07
40708997304,5.472029e-07
40708999001,0.2143451
40712640801,0.9994393
40714593901,0.04932859
40714672301,0.3314151
40714672302,3.3344617e-07
40714772701,0.014457307
40714772702,0.00014390636
40716436803,0.07037804
40716550905,2.3944347e-05
40722536701,9.187563e-05
40726459701,1.6772409e-09
40766296101,0.15876186
40766364101,0.00018140943
40777226104,0.99306303
40782391702,0.77284986
40788235401,0.004346969
40792533602,0.013144965
40886781001,0.043018963
40886781002,0.39864293
40886781003,0.0014521442
40924801304,0.10292299
40933455502,0.3563103
40933621502,0.022707542
40933862402,0.00068132236
40951882603,0.23042016
40951882604,0.39538485
40955715801,0.80471003
40959237601,0.99761045
40964103101,0.004430367
40964252401,0.965452
40964996801,0.42428845
40970267001,0.39127588
40993433001,0.9935515
41022754501,0.04887063
41025404901,0.992149
41027154005,5.0733835e-08
41027154006,0.37111863
41033956303,0.00020381199
41034069502,0.9397198
41035498001,0.6297281
41035498005,0.9720367
41036747405,0.0011413444
41037198403,0.97124094
41037253601,0.6194867
41037295001,0.4274212
41038901401,0.98939556
41039709901,0.9592517
41039932703,0.9964916
41040227203,0.01511895
41183119203,0.00069933716
41197709402,0.017373296
41207084802,0.010795968
41214384201,0.82056594
41215149801,0.0053552864
41215312802,0.0003745504
41220923901,0.037675507
41221501301,0.99541616
41221648601,0.55037445
41246968102,0.00036734785
41247121201,0.998273
41252873901,0.08112051
41252873902,0.5440149
41265496701,0.36710125
41266024401,0.0019407091
41266024402,0.00018677794
41272654501,0.99441874
41272657702,0.81321967
41276125603,4.9120474e-05
41282055802,0.00023273431
41282204902,4.5817605e-06
41829735101,0.038001582
41838209901,2.007971e-05
41838748701,0.56673425
41846057901,0.46364632
41846101303,0.061526544
41857611902,0.42956743
41858092502,0.5853912
41858172601,0.0022886666
41858172602,0.013104449
41861387703,5.7942343e-06
41861873001,0.007773292
41861901801,0.9962063
41861901802,0.9845808
41865533301,0.022209294
41871749402,0.00041600066
41871749403,0.2953429
41871749404,0.22434793
41872149801,0.004511208
41873617801,0.7631275
42035080401,0.21661368
42042653101,0.98604393
42043377102,4.895977e-06
42043742001,0.06314756
42049042902,0.38253582
42056041503,7.309657e-07
42069904001,0.9614771
42069908301,0.9863464
42076165201,0.7946587
42077426501,0.017200818
42090326402,0.13782334
42090366802,5.275792e-05
42090366803,8.9252935e-05
42097126803,0.985992
42097126805,0.45619854
42097878801,0.9654309
42106323301,0.482405
42106552502,0.0032920262
42110746303,0.9518003
42110920401,0.07685716
42116363101,0.011727136
42116363102,0.77055585
42116736602,0.9796652
42116736603,0.94443303
42121534102,0.0034673985
42121569001,0.98196936
42122982202,0.89163136
42126079703,0.9350514
42128537201,0.06894662
42128750301,0.96949816
42128750303,0.9962364
42213910801,0.17800453
42239316904,7.0069445e-06
42248853201,0.51945096
42248973901,0.00036655075
42249840101,0.00084553985
42270231501,0.995074
42270489201,0.9346396
42302184705,0.9969447
42305589402,0.45664725
42305682402,0.02324666
42326404002,0.9968284
42326506602,0.09934663
42335177004,0.008979498
42335405201,0.9949067
42341997102,0.17038834
42376889604,4.5721734e-08
42399150903,3.8798763e-07
42406383901,0.0022131612
42406383902,0.655613
42413015301,0.12665848
42413137802,0.016348002
42413137803,0.073517896
42433038303,0.00028452364
42433038306,0.028024485
42433553309,1.7672377e-08
42433757602,0.9869451
42433757603,0.96946555
42436524101,0.9754292
42436524102,0.02880356
42441417101,0.28366902
42462205601,0.8916972
42462384803,0.98760706
42466817601,0.0065311627
42466890201,0.3712133
42471677202,0.77538836
42489936001,0.056973476
42495087801,0.9394736
42496104501,0.00024413527
42496104502,0.9821232
42499682601,0.93404096
42508321602,0.7486995
42508326401,0.06497458
42508326402,0.26696587
42508326801,0.6498737
42508330901,0.63103336
42508330902,0.96312326
42508330903,0.30499417
42508470201,0.41291648
42563899203,0.08565674
42564154001,0.98329055
42564191201,0.25448164
42565755604,0.0010539723
42569676401,0.00081518036
42585230101,0.06634263
42585616203,6.7690434e-07
42585719901,2.5247464e-05
42585780401,0.0015427535
42592453401,0.9607592
42592772601,0.96667486
42592772602,0.9873301
42594119402,0.0015530791
42594491701,0.1222491
42600631901,0.93406326
42601126401,0.5694915
42602113302,2.4131245e-05
42602213101,0.9788735
42602343001,0.3959515
42602578401,0.8124001
42602673205,0.22107188
42603247501,0.9978617
42603247502,0.9396957
42606995801,0.00017284988
42607358101,0.95204115
42607708001,0.95394915
42608031001,5.6585122e-05
42608031002,0.00015363548
42613004701,0.9755726
42613004702,0.9571439
42613416201,0.0033308435
42613416202,0.00024978182
42613426703,0.0009269252
42615621101,0.9449296
42619478302,1.4066835e-10
42619871701,0.68474036
42620625801,0.06482503
42620662801,0.73977757
42620731901,0.23447816
42620761301,0.91661435
42622734401,0.99823195
42623123201,0.88165945
42623198601,0.057110004
42623225604,1.3625368e-07
42626468401,4.1155607e-05
42627663706,0.01470798
42628194901,0.003646202
42632054701,0.15182805
42632652201,0.98927397
42632664302,0.062182195
42632664303,0.00012724756
42636372802,6.697431e-05
42640598101,0.13848437
42640639401,0.16230875
42641101301,0.068381734
42642237201,0.044352025
42642237202,0.99857116
42642293306,0.25125617
42642717601,0.9124387
42645301701,0.00036143963
42646326401,0.0003680617
42647544001,0.03935347
42648821601,0.00021013519
42649244801,0.5754179
42649722501,0.0025973113
42649722502,0.002435181
42653178903,0.06639051
42653363502,0.031604946
42654068402,0.009274089
42654118001,0.4376246
42654118002,0.00038511687
42660995204,0.58683467
42670732703,7.704325e-07
42670942501,0.6481722
42670942502,0.08297607
42674755901,0.027159674
42683417301,0.92658937
42683873303,0.0013249909
42683873304,0.005040342
42684080001,0.9595967
42687311001,0.90171456
42687525301,0.32941267
42687740001,0.99714464
42687740002,0.97831434
42689967402,7.921582e-07
42690423602,0.99375844
42690639601,0.601841
42696816603,0.568158
42697573101,0.45002314
42697586601,0.04391827
42701106003,0.0051275417
42701366501,0.09239306
42701848601,0.57145226
42703117101,0.42189413
42765949101,0.7169607
42766776601,0.96922785
42766776602,0.9681492
42766777601,0.7495539
42766777604,0.12065612
42908277401,0.9233249
42908330202,0.00018232211
42953053801,0.00046370132
43046925501,0.9019841
43069330902,1.5956663e-05
43069330903,2.0168683e-05
43070245002,0.0016079987
43090883701,0.972636
43091773401,0.0001906933
43091800701,0.014034104
43109523702,0.38245648
43110001502,0.0013141661
43110033204,1.7406512e-05
43138027802,0.56291306
43138031501,0.96145916
43586902102,0.23077062
44418909901,0.99850094
44419720801,0.10090397
44426887501,0.85616404
44426912601,0.65516365
44426912602,0.0019381718
44429859801,0.13633974
44429859802,0.00050678564
44442919301,0.0102906125
44447867501,0.0018410068
44447867502,0.11163044
44447867503,3.258811e-05
44448478801,0.4748801
44460887002,0.00436923
44470145001,3.2030006e-05
44470145002,3.8880873e-05
44470229601,0.034129217
44478951701,0.0003745279
44487724601,0.9252836
44488599901,0.03275121
44492663502,0.20848659
44500842301,0.1885709
44500842303,0.006724677
44521244701,0.84171116
44652214201,0.074238315
44652311001,0.9938508
44652311002,0.9172212
44654990501,0.99557257
44654990503,0.3132375
44667821001,0.013072679
44667821002,0.00040187984
44670309101,0.24316907
44670707001,0.8283798
44670707002,0.9785058
44687160101,0.67852724
44687238601,0.3649921
44687238602,0.09155171
44688127201,0.9852866
44688628001,0.99658763
44688638401,0.9149945
44688638402,0.92070735
44689810302,0.2782573
44690139001,0.9452993
44690469801,0.885011
44693121503,0.0032070866
44694034304,0.009229066
44695132901,0.24474639
44696551402,5.5743544e-07
44697163401,4.9004397e-05
44697763001,0.042311113
44698367501,1.6243934e-05
44700446001,0.0010284578
44700938001,0.77343565
44700938002,0.027275763
44700938003,0.43369138
44701434901,0.99652463
44701554601,0.98842674
44701554602,0.99834776
44702119503,0.00049770426
44702553803,0.013064782
44702621101,0.76445454
44702652802,0.646203
44703836302,0.39048672
44704224301,0.4423592
44704498803,0.0531522
44707555104,0.069864586
44708263601,0.00026969763
44708803401,0.9987663
44709216403,0.08972175
44709274601,0.35337022
44709430003,0.0026456383
44709488305,0.9884444
44709816702,0.0024893475
44709820401,0.9936621
44710734905,0.9109131
44711543501,0.9475362
44711543504,7.497581e-05
44712681908,0.00012526487
44713258101,0.880401
44713553504,4.614829e-05
44715555001,0.9433794
44717549601,0.5179672
44717549602,0.59546834
44718654702,0.07468173
44718897901,0.07355663
44718897902,0.060393367
44719328701,0.040415283
44719449903,6.0001516e-05
44719717002,0.17496449
44719717005,0.9675798
44722257801,0.45677683
44723020901,0.6736829
44723094501,0.3264094
44723132704,7.702534e-08
44726048801,0.9871841
44726323304,0.97592884
44726765301,0.80493677
44729155601,8.901609e-06
44729155602,5.5880937e-06
44729973001,0.6906097
44732810101,0.9574395
44733814101,0.00018350001
44733814102,0.00016129644
44735038102,0.0007352382
44741999901,0.9922248
44742020601,0.9899921
44742396207,4.564014e-07
44743060901,0.8889774
44745141201,0.1866958
44748816602,4.383595e-06
44750939001,0.023768166
44751113401,0.5418126
44753946801,0.9756378
44753980703,6.747839e-05
44754436203,0.00039102448
44754436204,0.00034855175
44754492301,0.0025666151
44754492302,6.784681e-05
44755787501,0.13099909
44757552104,0.9870149
44758338102,0.026131045
44763165502,0.25715303
44764986406,2.1248075e-05
44769727501,0.7681471
44770632701,0.0068292534
44772555402,0.6542853
44776342402,0.89074
44776342403,0.9746577
45143902603,0.011354233
45144079601,0.96630627
45144079602,0.98576444
45144079603,0.961192
45146621203,2.010707e-07
45149328902,0.21385431
45149787407,0.32163417
45156410103,0.5990779
45159641501,0.99766517
45159641503,0.000104538696
45159952801,0.8735894
45159952802,0.9740278
45160697001,0.99751234
45238853802,1.6151496e-05
45238853803,1.3320445e-05
45240743103,0.05018973
45241706301,2.241227e-06
45241706303,0.13311963
45241984301,0.9014234
45241984302,0.7334047
45243899103,2.13044e-15
45243899105,0.12224987
45246516203,0.30466977
45248174503,0.21907835
45248174504,0.18131389
45251672904,0.97948235
45251797604,2.4981128e-10
45252161101,1.9843887e-05
45252161102,6.9991374e-06
45253029406,4.6393186e-05
45253364001,0.0003877455
45263116103,0.024002954
45263126802,0.93498147
45266583701,0.53185964
45266583702,0.8741529
45268263605,1.3741652e-07
45307990401,0.0030079072
45308239401,0.00010310625
45309524703,0.10461651
45310065801,0.7090019
45325995104,5.5493216e-05
45326020901,0.97538674
45328891907,0.0019342739
45328891908,0.00042386778
45328952901,0.25413883
45425777804,2.568648e-05
45436597101,0.90813524
45461038201,0.60388297
45485803202,0.0054397727
45491988701,0.9546776
45496183505,0.70192057
45496183506,0.6727311
45651998702,3.1965568e-09
45653678201,0.007458928
45654083401,0.0009257518
45658861001,2.7568667e-05
45659278901,0.70589584
45659318702,0.63183653
45659345501,0.47334978
45659366401,0.2749929
45660992902,3.5620666e-05
45661078401,0.62749296
45662158601,0.842326
45662172001,0.8312232
45804844402,0.0016552574
45805764701,0.9919024
45809116902,4.155038e-06
45809366901,0.05627667
45812493801,0.0016327262
45812493802,0.0008412042
45827563301,0.00013930452
45827563302,6.963901e-05
45829078201,0.9971119
46312062701,0.00046674084
46312063801,0.046031002
46313466001,0.06323374
46316435801,0.13751704
46316622601,0.00016483785
46316729001,0.8951453
46317022401,0.9319169
46317022402,0.9923953
46321687201,5.355038e-06
46322506701,0.83596134
46322712001,0.9964715
46322712002,0.0009897084
46325234001,0.0070638387
46328355901,0.04189741
46328355902,0.0023785175
46339396705,0.09974207
46345068701,0.75786287
46345711601,0.39689374
46345711603,0.7660138
46345711604,0.9124868
46346554101,0.99495643
46352792201,0.9441643
46352792202,0.017914198
46353550101,0.0028632786
46353843201,0.9934756
46356805201,0.004660358
46359550501,0.49216628
46373260502,0.6478215
46373446901,0.5535668
46374251601,0.92320734
46377008201,0.8670094
46380770701,0.26387694
46383669101,0.19999339
46383933501,0.9434316
46388414201,0.66979444
46388423001,0.6346143
46392854301,0.94686294
46393241101,0.97572225
46396409001,0.6560869
46397544501,0.93914664
46404093701,0.9987073
46404796401,0.7010404
46418100801,0.025572246
46427637101,0.45986938
46427784301,0.4315365
46440584002,2.060359e-05
46440790602,0.45127964
46441560101,0.057410534
46442017001,0.99328095
46454776502,0.40623495
46455428302,0.9976336
46455428303,0.68343765
46458300202,6.768119e-05
46458427402,0.07261106
46458500501,0.8969422
46458854002,0.002622416
46458989601,0.02445558
46464121201,0.9895023
46499158703,0.990655
46502411801,0.00041461817
46535453601,0.4112443
46539308501,0.9990722
46543439101,0.83973783
46544621801,0.5266643
46548765001,0.9163406
46552476903,0.1598629
46557304501,0.9712029
46561682601,0.00017661255
46563493603,0.34197304
46564641301,0.99603003
46571187001,0.8461178
46571321001,0.8099939
46571717301,0.839546
46609661105,1.0015641e-06
46610192702,0.97460073
46616294301,4.175476e-05
46616302301,0.9432188
46668164802,0.6360246
46668903301,0.041125122
46790259802,0.98083067
46790437704,0.83355635
46793405201,0.9490606
46815069102,0.62373555
46815489501,0.104510404
46817615002,0.0048202863
46817819301,6.106205e-05
46817859902,0.0058680414
46817970501,0.09655811
46818816101,0.86690336
46821607901,0.0005997996
46821607904,0.1351103
46904638701,0.2289948
46910098202,0.99222773
46915009001,0.8669254
46923312302,0.6666844
46926071001,0.08008305
46926071002,0.12951763
46926566701,0.35466546
46936026401,0.020506524
46940092701,0.0023803082
46940092702,1.5899579e-05
46940662901,0.007322747
46944721201,0.8438336
46945129701,0.00968248
46945359502,0.5780803
46945511101,0.9027725
46947713801,0.9846065
46950693501,0.003361981
46955444501,0.56189823
46962027101,0.08496882
46962027102,0.006417912
46962869701,0.97407156
46965740001,0.015189456
46965740002,9.454985e-05
46966750801,0.934776
46969286201,0.0033244449
46969286202,0.30036703
46969286203,0.00027039176
46981066301,0.9854354
46981066302,0.94050443
46981179205,3.3306053e-05
46981268101,0.9113518
46987211805,0.07026853
46987681901,0.0022809445
47009736801,0.95657176
47010240101,0.0815395
47014731301,0.8441892
47018266201,6.416651e-06
47018266202,7.655476e-06
47018874504,0.06855632
47022060603,0.0041530146
47022060604,0.00024767336
47029179501,0.9867318
47029179502,0.9936931
47030342001,0.9366436
47032669801,0.9792366
47033668003,0.11688739
51662701404,1.344485e-07
51885366801,0.00077691977
52010082501,0.15250042
52202662202,0.00069501187
65026564501,0.97829026
65026564502,0.8574137
67504743810,0.94904876
67504743812,0.9834585
67791582702,0.007069446
68346032003,0.0005313833
68495592002,9.181371e-05
72413093403,6.7661966e-07
72569488401,0.0067757587
73227529802,0.4416501
73450558101,0.9982419
73450558601,0.99879766
73548785901,0.6459755
73587245602,3.200161e-05
73742523802,0.0005506552
73748696402,0.55917263
76661994103,2.0508517e-07
76723579601,0.0017566124
80510082205,5.7560403e-05
80586147301,2.1694812e-05
84278066801,0.92884326
90392977207,0.00014512229
100476507001,6.9557063e-07
110410011101,0.043917455
110410011102,4.2363074e-05
110477688701,0.0016493173
110677071902,0.9924623
110861508102,3.0694596e-06
110981975701,0.0025061676
110986944601,0.16362417
110986946101,0.2166104
120574527203,0.0012008683
120997343501,0.40697676
120997343502,7.5312026e-05
120997348501,0.3068935
120997348502,6.1516e-05
121059797201,0.02524063
121339554501,0.9141491
121639492401,0.71049887
121900635301,0.87813395
122146990202,0.0137402015
122425565905,0.13242804
122455164903,0.00737314
122455164904,0.0009934405
123252203301,0.024412567
123438404601,0.99926394
123438702601,0.99927145
123481032401,0.9955492
123697841106,9.812289e-06
131208749307,4.9216686e-07
131400428901,0.3732175
132249398101,1.5379313e-05
132249398102,1.6491082e-05
132249398104,8.6147475e-06
132249403601,1.3676621e-05
132249403602,1.4563033e-05
132590012601,0.6593087
132631597301,0.14777471
133157972501,0.017839454
133157972502,0.5457043
133160550401,7.209308e-05
133194648601,3.6394887e-08
133194648602,2.8279649e-06
133194648603,9.844561e-06
133194648604,0.000105886385
133194648605,5.255315e-06
133197258801,0.95602566
133532313901,0.43626648
133532313902,1.1996656e-05
133585607901,0.019136049
133780551201,0.43660444
133780551202,0.0045184153
133780552301,0.37510908
133780552302,0.002233543
134135128901,0.68756205
134344670907,9.828489e-05
134688048801,0.2438766
134694259001,0.9404696
135268414601,4.825329e-06
135350083301,0.108053654
135440442404,5.6210496e-08
140596584402,0.8800745
140599763501,0.93985224
141921455701,0.00011041106
142284626901,0.00019950548
142302019405,0.14609292
142346260801,0.99264526
142346260802,0.04411932
142395665402,0.68477046
151008818501,0.9177482
151183433907,2.6868204e-07
151325824001,0.99322915
151391111402,4.0971714e-05
151535546601,0.9965288
151838430102,1.2678831e-05
152922571201,0.9442731
152922576201,0.9472487
152997674502,8.215707e-09
153367841801,0.22902943
153367842601,0.10241954
154654972401,0.13702963
154666784102,0.0029979127
154720174701,0.94895774
154731732101,0.00010563576
154731732102,0.009295348
155309950301,0.0005791661
155614233407,5.227294e-06
156720533204,0.12105251
168830672607,1.6874004e-05
169108044701,0.09338987
169142746501,0.00010761194
169142746502,1.2004815e-05
169142747301,8.282001e-05
169142747302,9.724313e-06
169196215901,0.07764797
169317488301,0.62787336
169322625201,0.51065445
169704564901,0.00030629215
169704566001,0.00018809563
169704566002,0.1157797
169707298701,0.6862716
169868536603,0.88248
170129211101,0.6660149
170129211501,0.5645159
170244231301,2.7201615e-05
170244231302,0.0019469442
170342329301,0.97094595
170630724702,0.8889504
181587036301,0.14310525
192238422901,0.73071927
