astro_id,planet_score
146686601,0.96251786
146686602,0.55029744
187132401,0.0036545515
187599501,0.65950114
274305901,0.87429017
317876001,0.13603148
317889001,0.009459014
359579601,0.09549555
359698601,0.9582985
360669601,0.89982563
402988901,0.95791507
403061701,0.0041405465
403061702,0.0019193068
446702702,0.38236305
447174701,0.15595317
447673901,0.07045382
487162902,0.93525803
487657001,0.27035743
488161201,0.92458314
533697002,0.97732997
575113501,0.02443081
575113503,0.018918782
575563601,0.14924215
575563602,0.91350704
575563603,0.60174996
619318901,0.9889227
619318902,0.8326744
635590404,0.0027714986
639837301,0.86089313
703862601,0.9425653
704333601,0.010534333
704818901,0.7318183
704818902,0.94682485
748441901,0.4397892
748446301,0.10321309
791546903,0.060599864
791560602,0.1756729
880121802,0.90296966
924306901,0.77889717
924772802,0.00050058
925236802,0.99506724
967723901,0.007873457
967723902,0.016680779
967723903,0.018866125
968788801,0.84036505
968788802,0.8389696
969292101,0.8896904
1009597401,0.0075427038
1052573004,0.00028549237
1053441301,0.014748639
1139437301,0.062841564
1139923501,0.96428764
1139923502,0.9503265
1185668201,0.9443499
1317343201,0.04418083
1317833901,0.0051035937
1358861002,0.5204189
1358887203,0.022644509
1359346304,0.01597299
1359459601,0.88586956
1359459603,0.8965364
1404892901,0.8890298
1404892902,0.9158984
1405725501,0.18543793
1405740801,0.032431208
1446659202,0.32137525
1447062701,0.31666982
1447567501,0.0133395335
1532995001,0.26661673
1533976301,0.014000403
1534462401,0.4996843
1564162001,0.92850405
1564731001,0.42649794
1580072901,0.96743
1612399801,0.23114157
1612399802,0.74458104
1623657601,0.29296696
1635457001,0.15978794
1636086003,0.002116352
1643676902,0.025324626
1658550801,0.5110841
1666082901,0.17798826
1666604501,0.92361647
1711477001,0.99819154
1752487701,0.6948612
1753382302,0.050580844
1797236302,0.563533
1797258201,0.0659529
1798232703,0.101324014
1798271601,0.51578707
1882728601,0.96453696
1927452702,0.0021296288
1927473304,0.7525704
2062751702,0.016830085
2062751703,0.025760323
2062751704,0.028734893
2104670801,0.18366858
2126191108,0.021066146
2126207403,0.03981294
2135589701,0.9979473
2147845102,0.12546207
2169987801,0.00941778
2169987802,0.0070818034
2169987803,0.011155644
2169987804,0.026807386
2199901102,0.003104162
2208947308,0.000377098
2219374701,0.01240235
2219719008,0.0004285523
2229403703,3.6175963e-06
2230620701,0.018767826
2236170001,0.33311775
2236170603,0.0006968995
2240212202,0.16181736
2240340401,0.569151
2240340402,0.37137622
2248758202,0.23512983
2249717702,0.005033952
2257561501,0.16742697
2269306501,0.96163905
2278714003,0.19059974
2278733401,0.0024749239
2282054001,0.0031044115
2282582301,0.0035340732
2283563801,0.96705097
2288145801,0.01343328
2297574702,0.58236265
2298235402,0.0035304779
2299118901,0.003691307
2321110901,0.9014149
2325702201,0.74428666
2331537803,0.0002288503
2331839901,0.47208038
2340085901,0.027422506
2340186605,0.011246189
2349099503,0.1781045
2349156501,0.047056206
2349163301,0.0018058007
2349337001,0.92035186
2369119608,0.0017836455
2381892403,0.00011578065
2381892404,9.034841e-05
2382288001,0.09274144
2382633101,0.7974454
2382633102,0.09755119
2413763403,0.010168389
2414654901,0.9743164
2431354801,0.1108812
2431354802,0.15731256
2431354803,0.15433593
2431486803,0.00029268954
2431486804,0.000113130845
2431674302,0.68392533
2431698501,0.17567796
2431698502,0.11988598
2440905701,0.45104623
2456122501,0.0074436977
2456122502,0.14552468
2469352804,0.00021283382
2498578301,0.79182917
2506398602,6.320611e-07
2506399902,1.663331e-09
2511727304,0.00015584166
2515483101,0.0013351571
2515483102,0.001166186
2519562303,0.0021592765
2543370304,0.06542539
2558658502,9.243409e-05
2559088601,0.05313606
2559088602,0.27869758
2559934101,0.89860463
2560054501,0.7175956
2572286603,0.00022810914
2573502001,0.87480587
2585953003,0.55504256
2587869801,0.45579633
2598839001,0.25494352
2629696301,0.046982415
2630201102,0.007863754
2633388402,0.016655916
2668310702,1.7182349e-05
2670173501,0.9640806
2670932602,0.008455164
2670998901,0.24741727
2711759301,0.9922518
2712677601,0.0021677439
2712677602,0.0011521555
2755211904,2.7288565e-05
2755686901,0.99534166
2755720001,0.0015764819
2755720002,0.0009697134
2795010701,0.0012095703
2795010702,0.00078154716
2813740001,0.060506903
2813962203,0.0048257187
2813962204,0.0063390005
2845569801,0.81739956
2846479102,0.43236992
2850953202,0.02207017
2852637903,0.18863577
2860940301,0.9829411
2860940302,0.023585599
2884064201,0.0075191846
2884064202,0.28752294
2885271803,0.60898036
2885606601,0.04031718
2898001102,0.004088925
2931001401,0.0030491299
2973159301,0.58525074
2973919907,0.00012355878
2978129201,0.8244532
2978129202,0.9986305
2982926503,0.0074085235
2983350401,0.0004441018
2983448601,0.0013067191
2998401401,0.9500998
2998413101,0.31846717
2998413102,0.3930856
2998680801,0.9585542
3003143901,0.1964862
3014114101,0.6530853
3014130801,0.028163774
3014155401,0.15120982
3014626201,0.9768801
3014666201,0.0013707976
3018949201,0.016409766
3018949202,0.0038624273
3019337302,0.11431963
3026816802,0.95355713
3031174902,0.734544
3031368202,0.01782999
3031428201,0.55609775
3046805201,0.78475696
3046945402,0.0007299181
3053489302,0.16137238
3055760803,0.0010529341
3058004502,0.5781433
3058007201,0.92378134
3063992801,0.04845692
3071881101,0.12464908
3071881103,0.01155914
3071881104,0.018457908
3102001301,0.5133216
3103558401,0.98850816
3103575802,0.5000795
3110540201,0.5052033
3110540202,0.15775818
3110603901,0.4236354
3111950501,0.0013990779
3119795201,0.7448708
3120236902,2.4328463e-05
3132119001,0.98769975
3132142001,0.69340134
3133342702,0.00011460035
3140936101,0.0066201105
3141154101,0.0
3141154102,0.9417353
3142064902,0.020827204
3157252801,0.33514792
3167063202,0.1420496
3175297102,0.00051032915
3176004601,0.66458136
3179612006,0.16034335
3179929603,0.2141588
3179929604,0.30490527
3185258505,0.37472442
3185298001,0.9990802
3185298002,0.99471456
3187201101,0.16930327
3194381902,0.5637981
3194575303,3.5879054e-07
3203463001,0.2403753
3203463003,0.64887804
3213709901,0.0018253416
3222460802,0.021062907
3231889301,0.2084731
3232159104,0.0073753376
3232441901,0.9869991
3234812501,0.011426348
3245705601,0.059066582
3246227701,0.64543617
3256908001,0.03082695
3268340304,0.015379778
3268340307,0.030727517
3269099802,0.0005958906
3269552901,0.020733284
3269552902,0.92620826
3269953802,0.00058461336
3276522401,0.1426502
3276533002,0.0167125
3276533004,0.43954527
3280637501,0.7684372
3280637502,0.124218345
3307649701,0.18516593
3318030301,0.18276136
3318466001,0.9036775
3318512401,0.005866569
3334199001,0.970007
3335085001,0.0014288477
3335085002,0.009610946
3353118201,0.9909149
3362798301,0.88173723
3363285304,0.13031419
3364330102,0.0011044742
3370676108,0.029986516
3371460301,0.02892469
3373201704,0.00018310604
3377092703,0.20564964
3383635903,0.25644067
3384068301,0.9712809
3390475201,0.4993445
3390701001,0.9954768
3391691903,0.00038941918
3392745901,0.8913133
3393136902,0.0001685821
3393383702,0.16910587
3399912401,0.16493835
3400905505,0.40209317
3411844501,0.72515553
3417332101,0.005854065
3417332102,0.00201859
3424745501,0.032646455
3434489003,0.0025034954
3434489004,0.00075444556
3434489005,0.944104
3434667601,0.067948595
3441905501,0.014446094
3441973601,0.039429534
3441973602,0.119159155
3442555603,0.0037480772
3442733801,0.7963952
3447794201,0.29711327
3448817501,0.08350164
3448817502,0.0010850801
3448820401,0.4562265
3453778701,0.988241
3467188601,0.7708701
3488902701,0.9020599
3489887102,0.002194635
3492120601,0.5381147
3492623801,0.29732278
3505074004,0.32917473
3515144901,0.008451371
3515201401,0.43530464
3515201403,0.16607912
3515201404,0.6712852
3528137002,0.004504152
3531535801,0.99181765
3531545301,0.9814889
3531545302,0.16689332
3539425602,0.0038026911
3561454202,0.005487718
3561454203,0.012024706
3563221601,0.293423
3573729201,0.8488366
3577053401,0.0077176276
3577053402,0.5630455
3577053403,0.007581684
3577105201,0.09289709
3587746301,0.0244022
3587746302,0.013991792
3599902601,0.14885621
3599902602,0.15455586
3627371304,0.020891067
3659498501,0.95977265
3659548101,0.836575
3666336101,0.9901203
3666450101,0.8833931
3666450106,0.032001518
3676842402,0.96546817
3677387808,0.004355155
3692332901,0.86862016
3692332902,0.528468
3704799301,0.9758548
3705786301,0.034568947
3706298501,0.30007905
3706298502,0.0024452251
3719507701,0.9877615
3785931001,0.26323014
3789267501,0.78596056
3823037501,0.49371773
3823424101,0.93309116
3831648301,0.00016376596
3831648302,0.00013608648
3831650501,0.7127804
3831669101,0.0002126149
3831669102,0.00030061966
3832537201,0.011294035
3832537202,0.005371724
3832537204,0.06257281
3836271401,0.0191702
3842383401,0.98976034
3848340502,0.0395797
3848340503,0.019117953
3857102001,0.9994875
3857190802,0.09715987
3860367301,0.92827535
3871032102,0.017739302
3872898902,0.4204885
3872898904,0.5486577
3874032101,0.31806284
3874509601,0.09521627
3875475301,0.63363945
3875475302,0.5761739
3899057102,0.9503423
3947803802,0.0024748705
3960490901,0.99617505
3960825001,0.17887223
3964510301,0.12690829
3964510302,0.6425746
3964580201,0.5937191
3964596201,0.0025157938
3964596202,0.0025851831
3964596203,0.007547367
3964598901,0.0020227842
3964598902,0.0042938115
3964598903,0.0066615404
3964599101,0.0097627165
3964599102,0.025890904
3964599103,0.011352415
3964866401,0.00025754963
3964866402,0.00024980993
3964866403,0.0001356079
3965453201,0.00073224324
3965453202,0.0019678448
3965453203,0.0010640944
3965926901,0.0017049771
3965926902,0.012155691
3965926903,0.0033983667
3985732201,0.4015295
3985850701,0.99733317
4002980201,0.2536215
4002980202,0.06228962
4006122601,0.88461083
4007664701,0.011172886
4007664702,0.008682185
4015435201,0.36736172
4024771902,0.71939874
4049614402,0.5850633
4049614403,0.26154563
4049639801,0.0034410085
4053529007,0.008100276
4053530302,0.13074361
4054021301,0.2273531
4054091401,0.41038677
4054569402,0.48303023
4071509102,0.23993008
4071736501,0.94881326
4071736502,0.68079084
4074927402,0.98000586
4079750401,0.004936509
4079750402,0.7916561
4079755502,0.12048395
4087813603,0.8395271
4090461902,0.0006705324
4092452401,0.97254986
4092541804,0.0054620276
4097449901,0.07293867
4097584204,0.00056043535
4097584205,0.0010124957
4097584207,0.0010198109
4101147101,0.27727574
4103172102,0.006547906
4103282404,0.00017383424
4123125201,0.0012099853
4123917001,0.36396265
4124707301,0.44303927
4133885201,0.0020190312
4135932601,0.041444674
4138586402,0.00014516627
4150732601,0.18853392
4150874601,0.96884423
4159045304,0.009728857
4162249605,0.015065811
4162577901,0.19063805
4163071201,0.000505772
4163071202,0.014184422
4194266004,0.04980181
4195029201,0.5307069
4203595801,0.6075199
4204477601,0.08614591
4204477602,0.09500205
4214979601,0.90842134
4221337001,0.41362187
4221337004,0.21494392
4242423301,0.0009581107
4242423302,0.0005634297
4242492204,3.3173554e-05
4252370002,0.030630842
4265744501,0.9819458
4265744601,0.9843709
4266274701,0.1692648
4267727901,0.7374091
4268151601,0.75065
4268548501,0.054186326
4276855001,0.46236268
4277788301,0.0623282
4277788302,0.001164395
4317398502,0.30120987
4317398504,0.2772273
4318622401,0.32605615
4351491201,0.044336904
4351491203,0.0018508569
4351502401,0.94913095
4351502402,0.8416737
4351985201,0.02529078
4354192602,0.0014579674
4369702502,0.061899386
4392689601,0.09483178
4392689602,0.32025304
4392938201,0.4185337
4397781501,0.6874687
4397827401,0.09053083
4420128402,0.18154863
4432802502,0.02307136
4439556002,0.4066232
4440082102,0.8712562
4447659308,0.0009227829
4448257801,0.12174418
4448257802,0.13821173
4448257803,0.023700282
4459765301,0.17706639
4471851601,0.017128212
4472600001,0.7174615
4480103301,0.9930943
4483827501,0.91047215
4526160001,0.95527947
4526160002,0.91639614
4526169201,0.89017373
4526646101,0.16963138
4527133503,0.14971988
4534806301,0.0056203147
4570121102,0.7115328
4570163001,0.03708271
4614313301,0.19903027
4652070001,0.020683868
4654144401,0.0018112488
4654993101,0.0665659
4665897205,0.16437328
4666292102,0.1612684
4714868201,0.00021507972
4715124501,0.092760205
4715124502,0.39927864
4740221401,0.96580607
4740233701,0.95852244
4740749901,0.2181736
4741205501,0.99061686
4741205502,0.946853
4741205701,0.21036418
4741205702,0.20057793
4828220101,0.9246123
4828220103,0.46038768
4828273601,0.5744971
4829203002,0.0019589625
4870279902,0.0027121496
4870344602,0.0013776886
4871280601,0.67183965
4897900502,0.0003719073
4905823102,0.00021843682
4905823103,0.00017061953
4905977201,0.45439354
4912648805,0.0037445948
4912648806,0.0016199729
4913506001,0.15036047
4913793601,0.17012839
4921874606,0.00040987472
4929679601,0.0010940151
4929679602,0.0011576058
4939022301,0.89472127
4939990902,0.027440974
4953460001,0.0011283563
4953460002,0.00070007023
4954065603,0.0006312191
4954066306,0.00042814083
4954140202,0.0023852
4957545301,0.36344352
5001067201,0.21901795
5001068901,0.097862326
5001102201,0.09379947
5001765202,0.14813168
5030995301,0.5414552
5030995302,0.8717703
5037787401,0.10392509
5042097601,0.94264835
5085962001,0.16217996
5085962003,0.02162558
5128835901,0.5037359
5171914801,0.21941736
5257763902,0.0011925084
5344625701,0.028085202
5431124201,0.07430703
5432059804,0.011742896
5502166501,0.48507124
5502186202,0.0019475456
5515505102,0.0009327297
5516463201,0.032738443
5516463202,0.08464653
5518119901,0.08565513
5527110401,0.18868677
5527226202,0.9758556
5545249501,0.87581944
5545250301,0.13123189
5545426902,0.043433975
5545507402,0.019146722
5547289901,0.5354771
5547289902,0.034580775
5547432903,0.013769659
5549728103,0.000593427
5562237201,0.60041034
5565278504,0.0030031991
5570770602,0.0027143008
5574626201,0.9467968
5575808301,0.9635443
5575899202,3.1134567e-32
5584894004,0.0005068992
5591586001,0.3769022
5593112503,0.0052705854
5600446501,0.8759119
5626985801,0.036750592
5627065601,0.0122889215
5627482401,0.0027273428
5634727201,0.7679155
5643788502,0.80294275
5643825301,0.9164368
5649444901,0.03147363
5659416702,0.0009605081
5659617704,0.0046233623
5661352407,0.00026226096
5670177604,0.047588732
5673306902,0.42475572
5677316201,0.5799056
5686364903,0.027306292
5686364905,0.031742364
5686448101,0.04841198
5686939601,0.16555572
5686939602,0.01258749
5692699102,5.1053878e-05
5701501301,0.012008234
5701501302,0.17960092
5701929301,0.012777816
5709587101,0.4333477
5711132401,0.67264605
5711205901,0.9777614
5712239104,0.009047086
5721670401,0.0068539744
5721670402,0.00080852624
5723846602,0.007559712
5724783701,0.8839056
5727492901,0.26157445
5738102001,0.7194571
5741840401,0.0011503529
5741840402,0.0011325944
5741840403,0.0031559323
5741840404,0.0030773943
5754904201,0.891803
5769526201,0.02200444
5774550401,0.64398515
5777786802,0.408479
5784683004,0.5643421
5784944902,0.25639242
5800167503,0.5374782
5800281702,0.6691783
5805734802,0.0029439481
5806463601,0.09759025
5813672601,0.053148378
5813672602,0.007940796
5814217001,0.92156106
5814217002,0.04574261
5815915803,0.0001390758
5815915804,0.000103410726
5825911002,0.7605078
5837485301,0.047718167
5837485302,0.040533613
5837485303,0.45372543
5852494403,0.62732935
5857455101,0.00063930935
5865628302,0.34123102
5865628303,0.45120454
5865628304,0.64685357
5866378902,0.4502831
5876996601,0.83191293
5887774601,0.28797027
5887988502,0.7740846
5888902201,0.600981
5897340001,0.2720846
5905570003,0.27152032
5906064602,0.00025268886
5906076703,5.2711225e-06
5907142001,0.6730959
5941366101,0.979681
5943297001,0.9901726
5944023101,0.9713301
5944023102,0.7545433
5944753601,0.8744486
5955473401,0.27462754
5955473402,0.5044309
5956030402,1.021437e-05
5956983603,0.00185799
5965996401,0.20234665
5965996402,0.016962472
5966774301,0.033584803
5970269802,0.0043364093
5978675402,0.5547093
5979358401,0.6198377
5982349401,0.031697266
5991614302,0.0008787048
5997905301,0.8378646
5998056201,0.54780924
6007267401,0.62083775
6008380201,0.106944144
6008963601,0.67440355
6008963602,0.072873555
6008963603,0.2286264
6015938604,0.00057856226
6016002901,0.00031417285
6016002902,0.0002497323
6016700601,0.44489792
6016802201,0.012332209
6026872001,0.26490697
6027718501,0.37349227
6028377003,0.6640487
6030946801,0.32392067
6035637701,0.8140752
6036742901,0.0009075966
6036869001,0.034156807
6042874501,0.8792655
6043004303,0.0006661443
6043004304,0.005256243
6043375501,0.00097139896
6043375502,0.0011074004
6043909904,0.0006102274
6046288601,0.06933862
6053017901,0.028235495
6053541501,0.020025807
6053818401,0.9748531
6062971701,0.0029112787
6069763601,0.6171698
6074889101,0.034491178
6082305101,0.027020909
6089059903,0.0018791264
6089158202,0.05336423
6119174502,0.047956966
6144129701,0.2030467
6154771403,0.15839314
6154771404,0.0428157
6155090501,0.0012578786
6165397403,0.01939857
6165653403,0.015744355
6165653405,0.010693071
6178654902,0.044012714
6180657801,0.122739986
6180805201,0.7659957
6180805202,0.7726945
6192574301,0.010518762
6192574302,0.0010015517
6215724701,0.8052234
6217415803,0.16754256
6228904502,0.054299396
6241089002,0.011354727
6241093102,0.56138015
6241590201,0.61553043
6242032601,0.13666087
6253595402,8.110267e-05
6253595403,0.00055907946
6253971902,0.001654572
6254246401,0.03731887
6254246402,0.024449157
6261133301,0.9696711
6261323802,0.008654454
6265521202,0.04084788
6272611201,0.93664026
6272665702,0.18493207
6279045202,0.9182078
6280378905,0.055246003
6280674301,0.9270604
6280856501,0.4189233
6288299303,0.0017454237
6288299304,0.0015111036
6291912801,0.038850497
6299101801,0.6398623
6302337203,0.70420194
6302404701,0.08624692
6308923801,0.38813367
6309331503,0.000509332
6309331505,0.00023841734
6313590502,0.2973813
6313914303,0.6585884
6318435402,0.07808449
6318435404,0.03851573
6324683401,0.9236663
6326181102,0.3246062
6327267202,0.000666841
6332963401,0.28996095
6340819502,0.45064023
6341634501,0.5303659
6351354601,1.0980452e-05
6352203501,0.00041541734
6352203502,0.0016074547
6352379501,0.5451003
6359069701,0.033091806
6359214001,0.023522524
6361511001,0.039655305
6361919203,0.59878945
6368632901,0.2757746
6368776201,0.27541092
6376477803,0.0019042408
6376804901,0.033962872
6376807501,0.007542812
6376807502,0.04275551
6387572703,0.00026813213
6387572704,0.00026609626
6387866702,0.023970108
6387966304,0.16575103
6399136702,0.0008250626
6399459503,0.03225244
6412380401,0.19525282
6424210504,0.08859623
6434460401,0.6977741
6435212501,0.08127205
6435212502,0.25874957
6485866101,0.0010802305
6485866102,0.0016119522
6485866103,0.00082281197
6485866104,0.03279215
6485866105,0.035166044
6485866106,0.050901264
6525380401,0.85733765
6538582002,0.23379369
6586048304,0.00071123085
7375361601,0.82199883
7375607502,0.15138622
7392507002,0.003794273
7392507002,0.0037996678
7427155401,0.006905326
7427155407,0.84504986
7434621201,0.055985324
7434621201,0.055985324
7434621202,0.0017947898
7434621202,0.0017947898
7443700003,0.0011404379
7451108101,0.0052945963
7451922401,0.015346242
7459694901,0.15641788
7459694902,0.0711973
7482930601,0.0014835251
7507619201,0.8913827
7516057103,0.007342098
7522371801,0.4064326
7530608901,0.05012761
7530702201,0.057540152
7538565803,0.004057085
7538725301,0.46440607
7538917601,0.16653396
7539189001,0.46083248
7546329201,0.47605765
7561012505,0.00010982338
7568374001,0.9883936
7568374001,0.9901618
7575508203,0.0038908997
7575571607,0.00031781133
7591712304,0.11978108
7600180003,0.47467422
7605870901,0.07957255
7606518401,0.8314425
7606562302,0.31030416
7606612701,0.7264631
7606666902,0.44275638
7617356301,0.011342888
7631539701,0.96005434
7631618801,0.13380183
7631618802,0.0006846634
7638650802,0.8301852
7639159901,0.20893648
7639303301,0.8761399
7639303302,0.7517655
7644614602,0.045711875
7644614603,0.092271395
7644614604,0.17170699
7661644001,0.5592702
7675873301,0.6865686
7675873303,0.027633281
7676218301,0.12579307
7676567601,0.0033526875
7689270401,0.22221206
7689270402,0.959234
7792450201,0.9444345
7824594601,0.97294116
7837460901,0.020029608
7875409802,0.0062791104
7875903801,0.10060011
7912466701,0.013726809
7912507701,0.95179933
7912545601,0.02482101
7913292301,0.0028081
7926475902,0.16338615
7960579101,0.9997607
7971252002,0.14005688
7982089001,0.8150822
8004746701,0.34616652
8004867004,0.96173704
8324325901,0.5975328
8359092201,0.83592796
8382728801,0.6665801
8391827801,0.9012542
8463689001,0.16220997
8464525501,0.81806767
8474543001,0.35481814
8474787203,0.98319227
8475697403,5.5288692e-05
8475836301,0.007340536
8500576401,0.028445406
8501067001,0.64132047
8512562301,0.13726678
8535969701,0.42751345
8535969702,0.7022102
8536160701,0.8170067
8557710801,0.40685314
8563941501,0.0031650714
8564200602,0.035753127
8564269102,0.0005207336
8576045202,1.2713277e-05
8585618401,0.14216277
8585618402,0.5193694
8592489001,0.8487509
8602080602,0.0030219338
8603125301,0.0038849744
8625205701,0.35199532
8625205702,0.36800066
8625492902,0.0010884713
8632462302,0.22199127
8633423501,0.9628533
8633435102,0.29864043
8651144702,0.0004154583
8652128901,0.5809146
8663328001,0.26609835
8688852701,0.06129532
8688852702,0.002570504
8705532001,0.16798261
8705793603,0.019013664
8705793605,0.2469532
8716784101,0.16014688
8716784103,0.07847263
8726694203,0.008989461
8733387901,0.74744135
8754358902,0.032734223
8778408101,0.46742073
8788823901,0.3736808
8789967903,0.0005144623
8823309601,0.7677002
8833986501,0.87456256
8851497101,0.2786011
8851956101,0.15100071
8852008701,0.030486396
8852189402,0.04961842
8861191602,0.000294519
8881178201,0.9974253
8898627501,0.42939624
8898627502,0.17298281
8905393404,0.2719087
8905697201,0.010441277
8905697202,0.0008448718
8913706803,0.00026513942
8914097501,0.4187541
8924303201,0.97192353
8924303202,0.702623
8925222504,0.05427111
8925357001,0.014882827
8930756502,0.0049085384
8931838602,0.13988718
8941135101,0.40410417
8942065601,0.056144115
8956699101,0.16551636
8957784501,0.32471478
8957784502,0.01819394
8965832101,0.7901742
8974209201,0.6569379
8980662303,0.00044498636
8981040401,0.0025283657
8981040402,0.00067040464
8991306903,0.00010057285
8996784601,0.8146147
8997116301,0.20358983
9008303701,0.9852073
9008303702,0.0022595823
9016544001,0.770564
9022828902,0.03116595
9022853401,0.08909086
9022878501,0.6606579
9022890901,0.026216337
9023643801,0.7531717
9041772101,0.9497425
9042252402,0.43989852
9048609101,0.1674606
9049168001,0.07180531
9065882101,0.7034386
9066105801,0.10264369
9066127701,0.047811482
9066386302,0.08158809
9071694402,0.0018627298
9073074701,0.0014460214
9081432501,0.8755775
9081838502,0.26811075
9099943601,0.9343377
9100943301,0.34543803
9107170701,0.4350204
9107893601,0.8056543
9114721801,0.9108784
9124466901,0.97458297
9131653602,0.09074248
9131653604,0.28364247
9132419502,0.17136802
9141025802,0.0064430647
9141026002,0.04625194
9141422303,0.00014520997
9475348801,0.89753103
9475628901,0.8475335
9509231003,0.007911143
9517431301,0.83608544
9518324401,0.0033867392
9570260101,0.0053879847
9571788104,0.09369428
9572072601,0.6414312
9580433902,0.23834537
9580511005,0.016985688
9581394501,0.012703316
9584949203,0.015715318
9603923601,0.95425344
9647563801,0.9621517
9654057203,0.0056686793
9681050603,0.018964944
9681868001,0.047260087
9688924805,0.03435979
9708044101,0.028718363
9708421301,0.080675684
9710542301,0.0062956996
9710542302,0.11077169
9729263202,0.010208793
9729640903,0.00058549555
9769165301,0.86257106
9776252401,0.0009784556
9776699301,0.81849045
9788835703,0.8713562
9790248301,0.96474874
9799135801,0.7809349
9831842503,0.009142339
9831864401,0.081883475
10019081801,0.69741833
10019140201,0.44829896
10030598401,7.428031e-05
10030598402,9.197354e-05
10031003601,0.006156091
10056971004,0.010079977
10057104001,0.9019421
10057104002,0.7869003
10058843802,0.96370715
10058843804,0.020385096
10068997301,0.08312314
10069995501,0.9832146
10094739503,0.90833884
10094763201,0.003132338
10094797703,0.0153076835
10095808402,0.34167156
10095843301,0.2225578
10096215701,0.008429699
10096417101,0.08429539
10108020001,0.17827006
10108283401,0.0033367667
10119610201,0.07330072
10119610202,0.01836907
10132909501,9.658884e-07
10148655101,0.4426961
10161078302,0.7891503
10161080704,0.9089836
10186375301,0.17587411
10186596501,0.090508334
10199039201,0.95597696
10212986001,0.01616661
10224618801,0.90601206
10224618802,0.0393233
10224901702,0.33866116
10263813202,0.20480168
10264287001,0.00096486823
10264316301,0.0013958139
10264348201,0.0046756603
10274366302,3.811618e-05
10314524801,0.056407977
10325796706,0.00015512716
10353132902,1.0960546e-13
10364895801,0.9519716
10376367904,0.1782421
10376397901,0.0045884377
10390531901,0.108971044
10413925202,0.0066159307
10427433001,0.4885426
10441934105,0.005986542
10479034102,0.58582276
10480383401,0.45624882
10480383402,0.19099434
10493181301,0.8803019
10518842403,0.8575627
10519098404,0.49109805
10529676301,0.004081904
10529676302,0.036760706
10568487504,0.83622026
10837497602,0.0042366176
10837842705,0.0010324722
10859048002,0.094977856
10884591901,0.45090434
10886092801,0.014059074
10886419901,0.0014199523
10886419902,0.0018145619
10898348201,0.82623196
10898348202,0.9411914
10937635604,2.8029463e-05
10938015501,0.06945249
10938019301,0.043178916
10949837601,0.6419365
10950331601,0.8242712
10963396401,0.9563554
10987510902,0.076328956
11001893001,0.013970819
11035433901,0.05194686
11054170402,0.03695074
11061602801,0.00063527236
11062190401,0.9456642
11062805303,0.060401402
11062805304,0.1249697
11075892603,0.0039174794
11087920102,0.016968116
11102317801,0.9192627
11102719501,0.10985564
11126632602,0.25188145
11140384101,0.9494641
11144934701,0.023249801
11144934702,0.016352246
11150781601,0.85438347
11157210001,0.5585566
11162241502,0.81078684
11172093002,0.00039049712
11172279402,0.046515666
11172279403,0.16986221
11175985301,0.56413543
11176276901,0.1638534
11177023101,0.18848114
11177053903,0.7506385
11184523001,0.4144315
11188722501,0.89624363
11188877204,0.01228884
11188897502,0.0036872462
11196832301,0.50159127
11208954303,0.0023369559
11221303101,0.6412
11226066102,0.31038272
11226298602,0.07738403
11237798102,0.033620097
11257430701,0.09504893
11257592301,0.9336151
11257820204,0.004986054
11257820206,0.0046218853
11258650602,0.00016345026
11278457201,0.78357387
11289868301,0.38402197
11289874802,0.057279468
11316068701,0.04406324
11316097901,0.68466306
11326728502,0.0008036097
11326728503,0.00070341054
11339655703,0.4515138
11341112002,0.27965388
11351159103,0.029883489
11376871801,0.9728367
11376871802,0.7753612
11390038802,0.68147796
11413054201,0.0007432731
11413054202,0.0003572342
11413963201,0.996935
11413963202,0.006047654
11426827002,0.40387928
11793527401,0.4233577
11801117801,0.4545108
11801536001,0.2676722
11801607802,0.13425007
11805993502,0.0037557178
11813989304,0.021183562
11813989305,0.021724375
11813989306,0.009972078
11814710701,0.0063014124
11819609403,9.925298e-05
11819664401,0.6830737
11819664404,0.16226713
11819770903,3.075049e-05
11819824801,0.12496313
11820008001,0.0046257097
11828042701,0.73005044
11832157008,6.619343e-05
11832289607,0.5862115
11843969002,0.00021926839
11853010701,0.79779
11866683301,0.8341299
11879817401,0.4038158
11892274901,0.49221295
11898109002,0.0021666111
11904677202,0.09095385
11921955101,0.40928698
11922271301,0.035392687
11922514501,0.2176866
11933439101,0.8833774
11938562501,0.33763662
11938810101,0.61427534
11950168708,0.024161242
11950621401,0.12543048
11956086701,0.60207134
11962420701,0.009354029
11967724601,0.9687627
11987903601,0.7111758
11997553101,0.7193422
11998011201,0.3693514
11998113401,0.5522102
12027622801,6.173504e-05
12028115501,0.96799034
12034182301,0.29437485
12039326410,0.0055481005
12039326411,0.0011751476
12039326407,0.0010158801
12039326408,0.0046690055
12039326409,0.006115855
12039513701,0.045631226
12039513702,0.04942998
12039720501,0.78447
12039721702,0.012119643
12040021401,0.09844822
12061103001,0.4682344
12061103002,0.4756092
12081715301,0.013150172
12081715302,0.6912305
12093407101,0.012725772
12093761601,0.28836355
12094161401,0.9780983
12113719101,5.9611528e-05
12145433301,0.084932074
12158637201,0.92281926
12167517401,0.92893785
12200275401,0.92981285
12200597701,0.095267415
12200666501,0.99450594
12220988502,0.83329695
12242476801,0.0037933965
12243213301,0.9542178
12253794801,0.9618867
12264264401,0.99820304
12285400501,0.8962244
12317287902,0.007261041
12339813301,0.9665688
12350845102,0.00033640515
12381617802,0.010056705
12390795801,0.48114485
12390866501,0.7489782
12391973001,0.0030047838
12426094001,0.78123385
12426405501,0.84348357
12426405502,0.9158392
12426436303,3.206289e-05
12458398501,0.29436353
12459356401,0.49285042
12459356402,0.6990008
12479663401,0.70181036
12489976901,0.96015596
12510041603,6.963862e-07
12510943101,0.93264484
12522039801,0.030419819
12522220604,0.043723598
12522220605,0.0014568749
12522821001,0.9020008
12533032001,0.09553167
12533039501,0.3996985
12546033301,0.00018234715
12553900602,0.00015772466
12553900604,0.00044675288
12553921701,0.00018670165
12565600201,0.31874695
12565956701,0.5381187
12565956702,8.6351196e-05
12576085101,0.017095396
12596876401,0.028942717
12606428601,0.9548003
12606499301,0.29686657
12607327902,0.004839487
12607799201,0.7248642
12607810001,0.7684869
12630682801,0.2967731
12639315001,0.8098448
12656178701,0.88926655
14059590301,0.16453859
14068744601,0.0004224888
14079745901,0.00052524905
14093858001,0.974957
14094049302,0.00018767158
14128126001,0.302544
14128126002,0.69642687
14133479301,0.019068563
14141282301,0.9932486
14143575801,9.113435e-06
14147252101,0.023440965
14148039401,0.03629818
14148238601,0.84838176
14148498103,0.00010717074
14171216701,0.94952875
14175278701,0.19956042
14175577002,0.00023926861
14177059201,0.6422494
14180659802,0.00034630607
14181146904,9.280916e-05
14182800702,0.0004869348
14186670401,0.00043084446
14186670402,0.0001181524
14187156903,2.661705e-05
14208293201,0.01929502
14210530801,0.017367266
14210918504,0.12913352
14214784903,0.0026395372
14214784904,0.0039664092
14214822801,0.8417502
14214871202,0.57236725
14785851101,0.98433197
14787355302,0.0012771646
14884825503,0.0012916853
14910260201,0.2549569
14910260202,0.41510636
14917608001,0.21167932
14917608002,0.11889558
14917608003,0.129277
14919080201,0.038777478
14919514302,0.06776361
14922069301,0.17656548
14927061301,0.11718501
14927436702,0.03854298
14930274401,0.99716884
14930274402,0.9947305
14930817504,0.0007688382
14934986701,0.9993445
14934986702,0.9988784
14934986703,0.17652228
14939257402,0.49380705
14944716001,1.6848794e-38
14944716002,4.342522e-06
14949842501,0.00025348953
14949842502,0.000304649
14987370902,0.023133647
14993094602,8.936939e-05
15003020501,0.99939156
15003020502,0.9985807
15009886001,0.9985917
15010147201,0.4426615
15015126201,0.996201
15015126202,0.9954413
15020394201,0.02058655
15030038803,0.0005228001
15032061002,9.4994874e-08
15042980702,0.011556864
15044304601,0.1058383
15051620201,0.9761677
15052358402,0.010289679
15063635601,0.009875213
15063635602,0.01932999
15071886401,0.09123201
15086376801,0.1972154
15088003801,0.42151868
15104739403,0.00552559
15105371901,0.53088033
15118385001,0.0051556695
15118864503,0.014158387
15120148501,0.2880408
15129820905,0.009494874
15138784001,0.5331622
15138832401,0.009894194
15138832402,0.029622091
15153447503,2.8738293e-06
15160209601,0.12981309
15169357402,0.00015928208
15170787001,0.61990106
15212279301,0.003071671
15212279302,0.0006423071
15226473702,0.9723087
15235037301,0.60186696
15235037302,0.0724761
15245720301,0.33167377
15254053806,0.00036096742
15254053807,0.000225481
15254317001,0.8275829
15254700601,0.0075294278
15262595501,0.74290496
15266038501,0.415061
15289652401,0.0496
15289903601,0.25637138
15290875301,0.0021868567
15290875302,0.0010182254
15290889701,0.00018001962
15290889702,0.00022013787
15290889703,0.00091297156
15301725001,0.86741793
15345478201,0.34473246
15366956901,0.04844354
15419006804,1.8337169e-05
15419966501,0.25957438
15437834606,0.005327037
15439316701,0.9553458
15439316702,0.9334094
15439658101,0.0028438924
15439658102,0.0013196067
15439674601,0.0090179555
15439674602,0.0047965595
15451417007,2.2145778e-05
15452472302,0.088257454
15518488001,0.71843135
15518514202,0.049492173
15518514205,0.3784035
15518987401,0.5855244
15528599301,0.0017568273
15528599303,0.0076021706
15528612101,0.023556765
15538521202,0.034093205
15551479802,0.00024831927
15562018704,0.32946935
15562018706,0.55333775
15622784802,0.007949539
15622784804,0.024456173
15622784805,0.9948003
15622784809,0.9963832
15623636104,0.08170177
15632989001,0.024192357
15665276702,0.01676116
15666885101,0.90264106
15677513102,0.35339668
15706981801,0.0133129945
15706981802,0.0005827585
15719104502,0.0012049497
15806322501,0.5581099
15806322502,0.3761482
15809911601,0.12962621
15809958001,0.8631366
15814195101,0.9687771
15814195102,0.17711045
15815687801,0.3085967
15815893201,0.08629983
15815939202,0.0013394344
15815989102,0.0033172935
15860720701,0.52611643
15860722801,0.26135376
15860741901,0.015689338
15878178402,0.16990963
15878178403,0.70457935
15912169301,0.038753193
15924871502,0.5549145
15947215603,0.00051551586
15947227802,0.8433946
15948113801,0.59413564
15948113802,0.7516157
15948113803,0.6417925
15956590202,0.5648953
15969873701,0.88190645
15980342101,0.0057791737
15980342102,0.0022260495
16013434801,0.9844136
16036773402,0.14506662
16036773403,0.26765418
16066016301,0.30986208
16066515901,0.7757511
16066526601,0.16080713
16068880901,0.29011083
16084755501,0.49453807
16091601404,0.041242294
16099102201,0.7903029
16099102202,0.50895154
16099304901,0.0014014655
16103732001,0.64495903
16108228801,0.07862394
16108228802,0.0003844575
16108592104,0.003342339
16111060101,0.43589032
16125373001,0.83893883
16126004401,0.99128234
16134286001,0.99351174
16134286002,0.9268952
16143602901,0.003495659
16154166701,0.08152763
16154930501,0.9943692
16155008801,0.0021977255
16176108901,0.6644657
16176124703,0.13403475
16198132604,0.0002118787
16198826901,0.0064491117
16210735001,0.0015241313
16241062701,0.013667726
16242925701,0.4478639
16253832601,0.78647953
16255155401,0.26055104
16265142702,0.1710284
16266588403,0.25493744
16338814401,0.0015244305
16340585502,2.3400883e-06
16355726201,0.5983603
16356506601,0.845155
16356506602,0.020289527
16377210001,0.00030145736
16377210002,0.0107834805
16398864501,0.24163458
16696934602,4.132881e-05
16700979201,0.78008556
16708620102,3.4779002e-09
16730338202,0.99547285
16730403801,0.0014393319
16730403802,0.00069734955
16734243901,0.98316044
16734313302,0.5759496
16736542802,6.5295695e-05
16741596501,0.9969319
16741596502,0.9153624
16741889801,0.9929414
16752648502,0.7518538
16755489801,0.9946892
16755489804,0.041359007
16757013101,0.9857232
16757013102,5.1339724e-05
16757013103,0.48183197
16757119203,0.009509149
16760273802,0.00016251163
16760273803,0.00051458186
16760421701,0.09474195
16769439701,0.00026988366
16769572902,0.010063519
16771839802,0.011399579
16775073201,0.9580816
16775131902,0.0024188117
16775452301,0.7406248
16779396102,0.0039221435
16781194601,0.03078066
16781194602,0.02629109
16995573401,0.00041241976
16995573402,0.00029988046
17004831601,0.19470976
17023867602,0.0014676346
17024094203,0.13311082
17025467504,0.004196264
17032889101,0.022301488
17032889102,0.0013623982
17033096503,0.00054898835
17033757001,0.02065985
17033757002,0.014676822
17033757003,0.016513787
17033757004,0.034718223
17034101102,0.031977247
17042211401,0.95039916
17043049702,0.016767714
17050929001,0.013858926
17069188506,0.0014343597
17069237901,0.79080284
17076902501,0.50409985
17077392403,0.07381747
17085770202,0.00014485978
17097239601,0.6400543
17097994501,0.7241207
17106091801,0.76187986
17106337909,0.00014081853
17106451103,0.00210209
17129234303,0.0021838394
17138585501,0.87810165
17147300001,0.07549458
17147888202,0.084166065
17147888202,0.0024255316
17148036601,0.00969122
17153235801,0.26106024
17153235803,0.027817175
17153653001,0.96281826
17153653002,0.60260904
17154219001,0.9929512
17154409102,9.129821e-05
17163328601,0.013106783
17174562602,0.0071728257
17174562603,0.03232828
17189929108,0.0004925111
17195529805,0.00021749787
17196218101,0.06924496
17196218102,0.038657058
17196401501,0.059098396
17205337202,7.278596e-07
17205337202,0.29378754
17215521304,0.008954746
17220307703,0.0029419179
17220325201,0.75956005
17220325202,0.10296201
17250251405,0.00606959
17254841501,0.18921635
17263400901,0.97868747
17264424801,0.010524594
17271798203,0.90900487
17272238802,0.0061054663
17281527201,0.16970697
17281527202,0.050096072
17289329601,0.9949266
17349331402,0.0012342536
17354412401,0.008373836
17354412402,0.01548294
17354412403,0.001673126
17354483502,0.004180191
17364872701,0.2343211
17364872702,0.2649292
17365440201,0.07835888
17373887901,0.0013489777
17380768102,0.04005664
17381431501,0.7576914
17381431502,0.6216908
17381455001,0.20088644
17388516403,0.18265356
17389423101,0.02805524
17389423102,0.029278548
17389662202,0.42655492
17406818604,0.04446222
17412582205,0.0010789781
17413303503,0.00070921937
17418211001,0.90506375
17429111201,0.42647797
17429382701,0.0032055827
17572863401,0.9435756
17595347901,0.79385346
17602056201,0.013466002
17603913301,0.09032286
17610827402,0.0010387582
17610959901,0.64869726
17611105801,0.03605616
17616422501,0.27594182
17616676301,0.9930012
17687143801,0.99231154
17687143802,0.72495085
17687403401,0.026010025
17693612401,0.6058592
17695537902,0.0024759697
17702223203,0.0012471782
17707733601,0.9994068
17707745701,0.0054914663
17707745702,0.0052813706
17707747501,0.3321836
17707747502,0.09321078
17711698104,0.0006374842
17711955403,2.0269094e-06
17717368601,0.5810308
17724213003,6.147048e-05
17725470301,0.11306948
17728470202,0.11776108
17730836401,0.99823713
17730877701,0.84240735
17735477101,0.1553874
17738774502,0.00028043796
17738774503,0.0017107103
17904088001,0.24903834
17904198901,0.2727252
17912356001,0.0017091245
17912356002,0.0024528129
17912356003,0.064672075
17930792202,0.8997569
17938380501,0.8946568
17943740001,0.018300243
17943740002,0.1726919
17943740004,0.0002802918
17944028903,0.58961093
17957923302,0.0022080154
17958004502,0.012618636
17963906301,0.063036576
18134118402,0.5275101
18134186402,0.042794462
18157661202,0.0042781387
18179853901,0.1922412
18245089201,0.04897452
18892340101,0.049438376
18892340102,0.008766009
18916711201,0.8586772
18917239501,0.062037006
18918175801,0.019672114
18944799901,0.9277456
18969437501,0.99413884
18997220501,0.94610643
18997702801,0.9511481
19023050401,0.46438202
19050445101,0.74371123
19103675001,0.018666355
19103708201,0.9034373
19103708202,0.047945227
19135159105,0.0020165157
19142298701,0.9640706
19158371401,0.6401526
19174414201,0.28303847
19186209601,0.21273816
19186718302,0.0015853022
19212631102,0.8015284
19213189501,0.0032863498
19238090201,0.57189566
19239046901,0.5459637
19262673603,2.9581059e-05
19263556101,0.8744343
19289499801,0.0015811672
19289499802,0.002377987
19290685501,0.9631944
19299731603,0.9273885
19301306503,0.005699373
19304883601,0.0640753
19304883602,0.008456366
19305978503,0.21537301
19312463703,8.326978e-08
19316382401,0.003819247
19317415301,0.78080946
19324209701,0.97434807
19324209702,0.80620724
19324232102,0.86289686
19329729401,0.03871766
19329729402,0.020449372
19329739201,0.002126557
19329739202,0.0017910346
19330551701,0.1055308
19352855401,0.9633858
19358920203,5.1231978e-06
19359667302,0.63436353
19359680203,0.77229255
19365589404,5.94284e-05
19377820301,0.9750888
19377820302,0.94181037
19378772601,0.85866135
19378948901,0.04969904
19384952301,0.31504932
19394961705,0.0041389465
19396503501,0.985452
19410316602,0.5437809
19421013901,0.038882483
19426444101,0.0061945897
19433831001,0.38122532
19433831002,0.045404974
19433996701,0.37834087
19439116003,0.021626232
19439628702,0.728957
19440839001,0.13222468
19446649601,0.13806795
19447582901,0.9322647
19447582902,0.032793626
19459105101,0.26987955
19479865404,0.0528918
19487327602,0.0020217132
19503056401,0.95019686
19504658201,0.7353254
19510340103,0.003273505
19511848201,0.30639127
19516342001,0.74283785
19516427101,0.44852036
19516427103,0.12630998
19556847601,0.020800762
19557876001,0.099896014
19610149302,0.032899342
19611596801,0.4484068
19636348401,0.9676486
19637335601,0.83381283
19665444401,0.99459547
19665471101,0.87507665
19679343201,0.9652967
19680816201,0.73914725
19684734802,0.10713311
19690447702,0.012715658
19695427303,0.018434724
19695804302,0.0021201186
19697034102,0.39553487
19704547002,0.0057440475
19707467302,0.98710734
19745290601,0.101180784
19745799701,0.7841457
19746780001,0.1301277
19784795401,0.11633031
19784795402,0.018139062
19806823901,0.2186574
19806830001,0.032816447
19825741102,0.00052960805
19825772701,0.11142918
19884575902,0.0015087186
19885122601,0.48450002
19931894201,0.91031885
19957495301,0.97906744
19957531501,0.08552684
19983373801,0.84830755
19983373802,0.87834716
20010068801,0.65458775
20017246701,0.99466264
20017783901,0.32454482
20071837702,0.000247364
20071844301,0.505437
20095987302,0.26578757
20119314702,0.0036904074
20119776801,0.8649248
20120198901,0.92313284
20164131702,0.00011202169
20171847701,0.9274745
20171879901,0.76431453
20194192601,0.98362535
20194235501,0.009478285
20244560801,0.0036888928
20246185201,0.2535254
20681867404,0.00067397876
20697779102,0.002633627
20703226201,0.00052762905
20703226202,0.00031434864
20711385602,0.00082906714
20711942806,0.0152264135
20712481601,0.96719044
20712511201,0.58398265
20725890403,0.04718061
20725890404,0.061284248
20726417201,0.9967308
20734665902,0.23495044
20735276401,0.62242717
20742034902,0.24593239
20750831101,0.9464941
20752078601,0.96161157
20752159901,0.9210515
20752344501,0.0015599865
20755487201,0.9950181
20756381601,0.4715824
20756563501,0.87861204
20760243701,0.0024364132
20765451602,0.035190955
20765451603,0.030004537
20765455402,0.009467974
20766138101,0.38488773
20766664002,0.2198082
20769515203,0.4415853
20775736503,0.045126658
20775736504,0.48098648
20775746701,0.64733696
20779901301,0.15282802
20780616901,0.10970991
20780930202,0.5758977
20785898801,0.27167058
20786993003,0.03066436
20795453902,0.04974105
20797839101,0.96503264
20797845801,0.5562176
20798008701,0.103500515
20798258101,0.90335757
20798643301,0.001903775
20798953402,0.10569876
20799077002,0.0003371817
20803004902,0.68432266
20803778201,0.8801895
20810887901,0.95592576
20811480001,0.18442439
20815128102,0.009708035
20815513302,0.00010255973
20820384201,0.99673307
20820384203,0.11062498
20820384204,0.16834985
20823122404,0.2495938
20823122405,0.04133386
20829558601,0.9914136
20829696701,0.5760417
20829776001,0.98393536
20829796302,0.0854057
20830098501,0.00013091571
20830098502,0.00015201404
20832372501,0.95357186
20833033601,0.22245917
20833035301,0.9393259
20833304701,0.014943973
20833567901,0.9819165
20839872807,8.244101e-05
20843557301,0.8046567
20843828802,0.05773499
20844682303,0.00018527971
20844682304,0.00022026338
20848998201,0.99285465
20849184703,0.3774369
20849658702,0.04387697
20853519401,0.80581295
20857996901,0.9772439
20859451101,0.006906685
20859451102,0.0019703691
20863817306,0.00021987397
20864858501,0.9896059
20866976401,0.9424122
20866976402,0.923973
20871068001,0.9973786
20871941901,0.4574544
20876387001,0.007490277
20876387002,0.00038048133
20876538102,0.012041811
20877070601,0.99483347
20877097501,0.3776422
20877160503,0.0029181123
20881574804,6.0326176e-05
20882540501,0.0020992518
20882540502,0.0012118288
20882540503,0.0038299586
20882540504,0.00024211257
20882540505,0.0029560442
20883055802,0.00044104978
20885855301,0.98455065
20891756401,0.034027446
20891986001,0.8449089
20894301901,0.18906546
20895092801,0.0031854864
20895092802,0.0012860011
20895455901,0.15634671
20895507001,0.06240035
20900171701,0.01626795
20900301601,0.0042308215
20900301602,0.00070406584
20900324601,0.0006122113
20900324602,0.0006854079
21162288202,0.0024997513
21168779101,0.86602366
21168779102,0.49011806
21174262801,0.98832345
21177924002,0.014041554
21183129201,0.06585277
21186454501,0.02279542
21192554001,0.046405748
21193012101,0.22142345
21196596801,0.56748736
21197189801,0.90930593
21201552102,0.008182829
21212162202,0.025890127
21212162203,0.05361435
21212414002,0.00028197892
21216928501,0.82086676
21217568001,0.19340616
21218078501,0.7694098
21230498501,0.044168618
21230498502,0.06953407
21236733602,0.011634032
21237202202,0.7355648
21237309701,0.0733137
21237309702,0.016847873
21241550901,0.0014648438
21241550902,0.008639478
21241599002,1.4345807e-05
21241599802,1.2374525e-05
21241914001,0.27139032
21245264701,0.76178694
21245906901,0.34902808
21246152401,0.94020736
21251976401,0.7637613
21252856203,0.003278451
21253044103,0.022762815
21261208201,0.35359806
21261208202,0.019260768
21271137101,0.002431673
21276053501,0.0027945433
21276076902,0.9730454
21283521201,0.9984654
21284496701,0.26035637
21293936101,0.14117107
21299863202,0.00089217094
21302859304,0.023665257
21302859305,0.042928804
21302859307,0.0027189855
21311179602,0.0017722367
21319315301,0.3756257
21323016801,0.026267646
21323016802,0.0038602527
21323175402,0.24344386
21323673802,0.004569324
21323673803,0.007604896
21323673804,0.007312144
21323789301,0.95547837
21324029201,0.9936733
21324222802,0.0017348031
21330315405,0.0031377068
21334217404,0.0035304353
21343634902,0.00022069355
21344125101,0.04352352
21344177801,0.03649088
21344177802,0.00040165897
21347491201,0.13897945
21351426501,0.17680791
21351687301,0.7575861
21354540403,0.0009028137
21357923702,0.15401496
21358862903,0.016831819
21369280101,0.36308643
21370744201,0.40777978
21371612901,0.0038765715
21376117101,0.39680484
21379547201,0.66356707
21382085601,0.68545055
21383074701,0.8596608
21392214003,0.025577301
21392298602,1.9454726e-05
21395552101,0.98195684
21397819501,0.49730015
21401338602,0.000511557
21401400102,0.0007085976
21404624901,0.0032998717
21404624902,0.0056067114
21404773701,0.82597166
21405477303,0.0002666535
21408274201,0.017689489
21417636202,0.06031395
21417639501,0.018626656
21418818601,0.92415506
21419247401,0.014774997
21419247402,0.13712892
21424328701,0.9975043
21424340001,0.2390804
21424464601,0.5899149
21424625902,0.0028687404
21424810501,0.16928364
21425014301,0.5490945
21425357803,0.000117537646
21429895701,0.60395336
21430373501,0.008588974
21431374401,0.79782295
21431625001,0.091658875
21431625002,0.08026148
21433255602,0.16352758
21435519801,0.7821012
21436133101,0.98960656
21437504701,0.16013709
21437890502,0.06344236
21438904401,0.078167275
21441298902,0.00031785038
21441648702,0.0060656974
21441671801,0.14470765
21441803702,0.0014939151
21445435603,0.0028584509
21445547804,0.003994879
21448380701,0.03974908
21448380702,0.04385556
21449529207,0.0001396222
21453073701,0.96217257
21453333202,0.14482597
21453810603,0.0012271967
21560515901,0.8759301
21561507901,0.0005698784
21570371901,0.99174154
21613660801,0.9254087
21616553801,0.65062654
21619093401,0.014983141
21619093402,0.0036727514
21619579301,0.98502374
21630651001,0.003456575
21632808001,0.91552305
21634270201,0.09530195
21636770801,0.7933249
21638707302,0.002420026
21638871801,0.26939645
21638871802,0.4890743
21639474101,0.97056174
21641956201,0.00057148497
21644441801,0.9926968
21644554101,0.4811469
21646588602,0.02238169
21646621701,0.21429683
21646874601,0.056660973
21648036401,0.9647129
21651177801,0.02267608
21652075202,0.21886294
21652075203,0.1378127
21652663701,0.96998256
21654581201,0.94869804
21655239101,0.004333741
21655239102,0.009158375
21658400803,0.32265237
21658400804,0.002912991
21660914401,0.5776542
21661002701,0.6965642
21661142601,0.50981724
21663805201,0.9863174
21663983902,0.11994683
21666856302,0.006046809
21671727202,0.08280853
21672292401,0.2190945
21679508001,0.7434787
21686895903,0.00083653635
21687199401,0.02554564
21691211203,2.4024141e-08
21691556001,0.4203304
21693606903,0.1204613
21696909901,0.010096019
21697363101,0.72279286
21699533801,0.17533085
21699683101,0.009501582
21699693002,0.3991514
21701033302,0.0010839787
21701324901,0.031479858
21702837001,0.016675338
21702845301,0.04037335
21703675301,0.21376155
21703680601,0.011604274
21703680603,0.0091272285
21705936901,0.034304146
21705936902,0.011586527
21714502803,0.5652997
21715177601,0.122466356
21718318102,0.4835615
21718318103,0.6081081
21718450605,0.00086839614
21722071702,0.49429843
21725383001,0.58860624
21725383002,0.5252892
21735190001,0.0148669155
21735190002,0.008900221
21735190003,0.011174403
21736406701,0.4320259
21736721401,0.82248974
21736721402,0.9614302
21737488301,0.94263077
21738235901,0.0438991
21738722302,0.011907235
21739621401,0.97369564
21741759401,0.9992306
21744156804,0.78576124
21745976502,0.0009619701
21747858501,0.72806454
21747858502,0.15218107
21749660401,0.42375687
21749660402,0.31678584
21752990101,0.9799604
21754901301,0.5455823
21755040902,0.00029512317
21757087101,0.35800257
21758245801,0.9983449
21764073301,0.9189283
21765575201,0.040273655
21766073801,0.23842227
21766785401,0.029746495
21766785402,0.08190642
21766795201,0.0033932193
21766814401,0.0010057511
21766814402,0.0034147846
21767280102,0.7626303
21770006501,0.26575738
21778395101,0.017252587
21778746203,0.20608261
21780480001,0.03881726
21780482701,0.037078306
21780778101,0.01489091
21784508901,0.8382457
21784583201,0.13668834
21787561401,0.09639538
21793028904,0.31097776
21793186802,0.13947763
21793242001,0.48431203
21794109501,0.71050763
21794178201,0.03173655
21796264901,0.8943692
21798386401,0.1633064
21798923801,0.0013061654
21798923802,0.00021734336
21798937102,0.0012588492
21799960901,0.03608569
21800014702,0.05900524
21802995501,0.007094925
21802995502,0.006713947
21804892801,0.005055914
21804892802,0.00075782096
21807939301,0.6956861
21813361801,0.9288015
21813375701,0.04405949
21814393003,0.0003261007
21814527301,0.025275283
21816012105,5.497891e-05
21816239901,0.7023438
21817353103,0.089839526
21817823702,0.00011310244
21820998101,0.19887851
21821046702,0.4708301
21821046704,0.0065342668
21827103301,0.09871599
21827849501,0.5400693
21828186503,0.15058939
21828203401,0.00075569935
21828203402,0.0007423063
21828203403,0.0018910102
21828203404,0.0011509568
21832096401,0.0011068429
21832697003,9.252284e-05
21837793001,0.23065524
21839013001,0.93846494
21841795401,0.80769634
21842497303,0.000602258
21843045101,0.99168736
21843171101,0.61558026
21845215601,0.8651026
21846533601,0.008839545
21847121601,0.9627849
21847667403,0.008579971
21847697601,0.0042783017
21848394301,0.98389095
21855367103,0.89460415
21856004104,0.006374848
21856070101,0.96531326
21858952502,0.9509953
21863120303,0.020069148
21867923803,0.000344934
21869317701,0.5636059
21875366602,0.84412503
21877724901,0.003451603
21877724902,0.0028919165
21884606402,1.9364683e-05
21886819801,0.86362386
21918310301,0.77970093
21919496902,0.0112363845
21940674701,0.1824268
22039160504,0.0018137323
22039625901,0.78339684
22041468202,0.53710324
22041651201,0.050518267
22042174202,0.23672903
22042245602,0.001839183
22042245603,0.002830179
22043080101,0.04570418
22043718803,0.16645168
22047113103,0.0004224596
22047113104,0.0007915832
22047420901,0.026075946
22047833502,4.3097584e-06
22048045001,0.0006462551
22064680205,0.0005502334
22066768201,0.94007003
22067398002,0.011675083
22073610901,0.8459866
22077204801,0.048378143
22077204802,0.65272224
22077721501,0.67888415
22079800901,0.21574946
22079800902,0.36415124
22082898301,0.9501875
22082898302,0.524617
22085933102,0.009877459
22086766701,0.14658374
22086766702,0.027828969
22088892901,0.91608053
22090400508,0.00087342557
22093489901,0.16741246
22094523101,0.66864485
22096832202,0.048780944
22098420201,0.2022423
22101369103,0.0054361303
22103845101,0.10514592
22103845102,0.007996066
22103887801,0.00029756877
22103900703,0.04950842
22104909001,0.4410158
22106594501,0.15636735
22107750301,0.9188759
22108849601,0.5145715
22109782601,0.0030019465
22109983001,0.96844983
22110111605,0.00024687845
22110234201,0.8144042
22110733802,0.06379258
22110800501,0.4523386
22110851901,0.90317965
22115196201,0.008760451
22116154601,0.017199496
22116342001,0.011380972
22117902001,0.017824277
22117964501,0.9963703
22120066401,0.116504125
22120066402,0.0062551023
22120576801,0.55138123
22120977701,0.82557756
22123841301,0.33481407
22127652702,0.0015845812
22131354402,0.5741353
22133708704,0.025002016
22133708706,0.0041695978
22135424201,0.8174178
22143361801,0.8907654
22144415901,0.95552015
22151674001,0.98723197
22154093501,0.50006044
22156544701,0.5483746
22156788401,0.9206566
22157408101,0.65141237
22158378201,0.76956713
22159525701,0.26979643
22161997901,0.5279801
22162943901,0.30716953
22164094301,0.2560488
22167799501,0.02657345
22168049702,0.0057786773
22168220501,0.87152696
22168220502,0.007375926
22168673801,0.9857551
22169748701,0.9672753
22169765001,0.51426286
22172402301,0.49553725
22172402302,0.4568597
22173421501,0.116485134
22173674001,0.91331565
22174568201,0.16315237
22177719901,0.5391444
22177724601,0.38673595
22179856701,0.7111387
22180188201,0.07919474
22180501502,0.00509177
22180501503,0.00573973
22181043001,0.0010660063
22183805601,0.8113994
22184019601,0.0003960196
22184019602,0.00016472199
22184019603,0.00022495663
22184630701,0.84331715
22189569005,0.009637742
22189572802,0.00021667281
22191094301,0.29013473
22194201401,0.9141761
22194334601,0.5415335
22194347001,0.4565291
22200826501,0.87943566
22201201104,0.011717192
22205099901,0.076218896
22205726801,0.77947515
22208455703,0.0011239884
22208687801,0.1007976
22208918602,0.0005726597
22208918603,0.00070457644
22211641901,0.23511527
22212659301,0.004716367
22216033601,0.72813994
22216033602,0.64297146
22216570801,0.7678105
22216579101,0.5404233
22216579102,0.9232299
22218443806,0.00072767766
22221648305,0.004433334
22222977801,0.23553811
22223061701,0.96162117
22224039201,0.56194764
22226337501,0.96870697
22483758801,0.0022958985
22483758802,0.00048844964
22485147603,0.0010515138
22492891801,0.8554914
22493069501,0.98995614
22496451701,0.9720854
22498095001,0.4542133
22504037201,0.98562753
22507683501,0.07466077
22507683502,0.18838996
22510010602,8.9785666e-05
22511986801,0.35484654
22511986802,0.9527757
22511986803,0.9749732
22514644201,0.04272073
22514674901,0.00871334
22517492602,0.00021105846
22517855904,0.532846
22523551701,0.9859351
22524306902,0.64443034
22525381901,0.0811741
22532909603,0.15464106
22541044101,0.87717324
22541344601,0.9777053
22545250102,0.0028315978
22545250104,0.0014827313
22545675103,0.31531084
22574095501,0.8409926
22575075201,0.6232269
22582540101,0.0035071112
22582540102,0.002295893
22594300401,0.94314915
22594767401,0.64187175
22604745701,0.6683479
22638249902,0.07053184
22672232001,0.08806811
22672232002,0.05878857
22672232004,0.39242065
22683261501,0.9712849
22683287103,0.0020860443
22702617101,0.0008967804
22703128501,0.07026513
22703623401,0.017531555
22703623402,0.06483273
22713709301,0.92337126
22714156601,0.919161
22746079401,0.540507
22746581101,0.23388214
22746604201,0.41255647
22746612201,0.0004182847
22747060403,0.9989813
22747585002,0.0042228624
22747585003,0.0045669386
22769036401,0.2094622
22779793802,0.00013679966
22781298204,0.020063836
22789763201,0.15389548
22789779601,0.94499755
22812334101,0.9365772
22812804901,0.0076251314
22834291301,0.38946027
22834332601,0.6397517
22862957201,0.15029919
22862962201,0.00061649573
22873211903,0.5841318
22892300705,0.00074699963
22892747501,0.42955554
22893246301,0.17685525
22893257401,0.8324546
22893269302,0.31645483
22911825702,0.1347576
22911847001,0.58603495
22911847002,0.8258665
22911847003,0.10536973
22942425302,0.18392968
22942427801,0.010177554
22942482604,0.0020337058
22961976801,0.26632443
22962968601,0.89123416
22971606501,0.0046590064
22971646101,0.2162247
22972674801,0.0005622947
22972674802,0.0005146166
22972674803,0.05891053
22981724401,0.04150888
23002970302,0.0004518009
23002983901,0.0076012015
23004470901,0.88672584
23015290001,0.31523627
23035362101,0.41932562
23057082901,0.97026855
23058130401,1.3298601e-06
23079372001,0.8987554
23090832901,0.90495396
23102425101,0.26824284
23102425102,0.25027293
23102870601,0.89024293
23103886301,0.8490568
23107341601,0.52220225
23107350501,6.012061e-07
23112834801,0.7092343
23113689703,0.003733201
23125098401,0.97353154
23125142202,0.80318856
23125580901,0.044548582
23135126301,0.9742889
23135167201,0.028817872
23135171804,0.18931688
23135623801,0.5489075
23135659901,0.08294728
23136122801,0.5804933
23136122802,0.249707
23136122803,0.101043135
23146193401,0.50721806
23146193402,0.021794237
23146193403,0.0029207591
23157353201,0.9843129
23172100501,0.99613094
23172100502,0.99090636
23174490501,0.014730624
23177003201,0.98850006
23178018201,0.26239127
23178490102,0.24581172
23180188501,0.6107084
23190221601,0.97683287
23190221602,0.17771493
23197688301,0.86054957
23197743802,0.28349146
23209700402,0.15955357
23231213701,0.038855404
23243648101,0.98047763
23254876103,0.0002043464
23265254301,0.014740514
23276038102,0.23745212
23276887201,0.023828734
23285972001,0.01884486
23286914102,0.45526248
23286914104,0.14439297
23287386901,0.7203072
23298543101,0.008828033
23298545802,0.94358313
23299544601,0.0076273456
23300046202,0.81747466
23310541701,0.19208662
23310541702,0.0010968664
23311586404,0.9132805
23332010701,0.8892925
23355321002,0.6626398
23355354701,0.8282113
23355843001,0.94356257
23355843002,0.9830262
23356301702,0.050555456
23376269705,0.008134784
23377274401,0.7199633
23398218101,0.6749631
23410160201,0.99199027
23420323404,0.54035264
23431021405,0.7501149
23442220502,0.006213108
23442220503,0.0071074474
23453219601,0.17978513
23453966101,0.4670153
23463895601,0.9212649
23474773401,0.20794703
23496903003,0.18444107
23496903004,0.922726
23509219903,0.0023868182
23518729202,0.011195781
23519268102,0.0017252532
23520285401,0.34769225
23531881401,0.6662869
23541531501,0.8465438
23541623201,0.98947316
23542521601,0.7178469
23552279601,0.017759066
23553247401,0.007041223
23553303201,0.83776695
23563172401,0.0049865497
23563172402,0.010118653
23563172403,0.000336466
23564189001,0.0014422258
23564189002,0.04923019
23573923701,0.8229019
23583698801,0.85608244
23606851101,0.06138343
23629031201,0.0147592435
23629910601,0.41216865
23629910602,0.007885334
23629938301,0.7742268
23640949101,0.080483645
23640949102,0.00017321233
23672559601,0.048985045
23673050801,0.96734923
23683298401,0.00643555
23683818103,0.0014527842
23693775801,0.5643089
23694796301,0.022319589
23695303701,0.9727447
23716404801,0.007367318
23716458801,0.05670407
23716458802,0.7291945
23717288501,0.94885105
23795745101,0.046802323
23795745102,0.06781544
23796990004,9.013748e-05
23805885501,0.6204839
23805918001,0.9988176
23807039601,0.25747254
23809035801,0.0009775758
23809098302,0.37553054
23812303602,0.012819419
23812303603,0.00571933
23812380203,0.17373526
23812401603,0.017696869
23813118203,1.5479301e-10
23818056201,0.0037138746
23819575802,5.09195e-05
23819770901,0.98502016
23819770902,0.012905957
23822807301,0.42075485
23886995603,0.0001631784
24549381901,0.36065492
24549662103,1.1374468e-05
24552442202,8.1607504e-05
24552475402,0.00028435714
24556561301,0.9724282
24556863401,0.012872965
24557497101,0.10106814
24560385301,0.04995569
24564376002,0.024090586
24573035201,0.6041247
24576474701,0.9122321
24581040301,0.066707656
24583900004,0.046420846
24587862401,0.9115592
24588812404,4.1355037e-05
24593297202,0.020080933
24598067702,0.2892628
24600223201,0.0003061395
24600223202,0.00029433766
24600621501,0.07471097
24601170001,0.12977305
24601170002,0.95675254
24601849901,0.26734442
24601849902,0.0013331367
24601849903,0.15641953
24601849904,0.0016784077
24603533501,0.93997514
24603968601,0.24039114
24603968602,0.12318309
24603968603,0.38383728
24604617403,0.0361891
24605227504,0.006124233
24605394301,0.026378972
24605394302,0.17593707
24607585101,0.30840194
24607593601,0.92629266
24609526002,0.001897971
24611740101,0.79562175
24612322301,0.969504
24613706502,0.40127465
24614521102,7.041903e-05
24615293403,6.5808393e-07
24617485301,0.033974193
24617708302,0.003042483
24617945503,0.8230022
24618940801,0.16383033
24619891502,0.15682657
24620686901,0.9675465
24622419701,0.17638643
24624474101,0.004590171
24625720401,0.21073808
24625720402,0.01969334
24625811502,0.27341607
24627345901,0.1533295
24628859601,0.0056000627
24628859603,0.034445226
24633486901,0.8655959
24637396302,0.00085636013
24639354902,0.00013985927
24639639401,0.7183531
24639676501,0.9646113
24641295401,0.97832936
24641921101,0.020163974
24641921102,0.0120327845
24641921103,0.016411042
24641926001,0.017205913
24643969602,0.09289547
24645286103,0.51512116
24645296502,0.83771646
24650911201,0.84412307
24652557704,0.0014646621
24652579902,0.01390634
24655223401,0.00071287557
24655241401,0.03879658
24657290602,0.9656933
24658694001,0.19527411
24659711403,0.9855495
24660704601,0.051542692
24660704602,0.862958
24660776002,0.004090658
24661442601,0.8643073
24661690702,0.0008824107
24663933101,0.78912
24675923401,0.38792384
24687771701,0.9920364
24687793901,0.6068768
24688478702,0.00088845845
24691290901,0.8561293
24692315202,0.000585705
24702920902,0.00081642444
24703510304,0.25268555
24704045401,0.025276383
24704054801,0.005159661
24704089201,0.009365841
24704089202,0.009170181
24707346801,0.03988271
24714373101,0.04098036
24715235901,0.11893158
24719214304,0.0032468864
24719233201,0.0010409516
24719233202,0.0009786873
24719233203,0.08316001
24721732801,0.3962042
24722186901,0.29634896
24729893501,0.0056326017
24730371701,0.009703147
24735402302,0.009067414
24742043703,0.011278645
24742057301,0.959287
24744163501,0.1772946
24745174101,0.0080614695
24745174102,0.027425228
24748747801,0.009396978
24748749901,0.036750227
24749324801,0.0012879033
24749324802,0.028685827
24750520501,0.96899813
24757802801,0.6646396
24764919603,0.0032248453
24764919604,0.0066431216
24765332701,0.495347
24765332702,0.015790466
24769748502,0.7104511
24770252501,0.0036211307
24773016201,0.7717095
24773592201,0.6897792
24778146401,0.38642696
24778146402,0.7104999
24780832201,0.06488251
24781303801,0.0007596306
24785025603,0.60365987
24793347701,0.96095914
24793347702,0.9897803
25556746001,0.3529787
25556746003,0.0008316966
25558687201,0.8779917
25571712403,0.00014242344
25576031901,0.06285828
25576031902,0.0140858255
25576614501,0.66923964
25576684701,0.07489039
25576988707,0.00033772484
25578431601,2.48571e-06
25583238602,0.00029883214
25598969802,0.00070341205
25607453305,0.00060712633
25607453306,0.0002670957
25608610301,0.031701792
25621352802,0.020945683
25622677502,3.9771148e-14
25623995302,0.0070122983
25637446901,0.54418916
25637446902,0.18146364
25637446903,0.077595115
25638076101,0.16131301
25639025101,0.47945768
25654092301,0.0340857
25695422201,0.31235224
25695825401,0.23456421
25709323802,0.32703573
25724885602,0.0011070145
25726621001,0.00094792055
25726632304,0.028963292
25741194501,0.99367416
25741598902,0.011417335
25753472601,0.4957113
25754091102,0.3543125
25754091103,0.21901205
25754095701,0.02739021
25754095703,0.08337349
25754095706,0.011884586
25755065301,0.06603144
25755065302,0.0015263103
25757187203,0.06919686
25757707402,0.005730764
25761106302,0.00076409744
25764177801,0.10851828
25768437801,0.12425092
25768558601,0.4197769
25772023402,0.18829755
25773707302,0.0011551565
25773707304,0.35450006
25825209501,0.0007813989
25826069501,0.26912686
25826069502,0.19407421
25826202302,0.024730384
25842192501,0.0019720257
25842192502,0.002369838
25842192503,0.0002122589
25849045303,0.007791516
25858126001,0.37185103
25858126002,0.049285013
25858126006,0.005893006
25872013903,0.030772548
25872013904,0.026499245
25874292302,0.0026317567
25881341102,0.108345866
25881390301,0.104324475
25881390302,0.051845837
25889775501,0.8980702
25912451601,0.52114534
25912503502,0.17987962
25912503505,0.013667179
25919953404,0.023305327
25948133904,0.6922653
25948839702,0.006423849
25958968901,0.48478347
25963244204,0.7563443
25967529501,0.73647976
25970124201,0.7094606
25980273201,0.36062697
25994657402,0.123513535
26000432401,0.9995776
26004372301,0.98933524
26009174902,0.877988
26009712202,0.043813363
26009712203,0.0090898555
26009712204,0.95142114
26009771102,0.29206645
26009771103,0.14345518
26012982601,0.58874315
26013232701,0.0029413041
26013232702,0.004976391
26013233002,0.036758278
26016045303,0.0004808484
26016048201,0.37907997
26016048202,0.39057627
26019054701,0.041055232
26019054702,0.04524578
26024225701,0.20130114
26026059502,0.0036320686
26026893203,0.0037106893
26030427701,0.0007322992
26030427702,0.0006726311
26030429601,0.0067800283
26030429602,0.005980571
26035350703,0.0005144888
26035371004,0.002482508
26035371005,0.0033486628
26035384104,0.0152165275
26035384106,0.018403262
26035558604,0.0001758956
26041493001,0.0029050193
26042445704,0.01812821
26045968002,5.286611e-05
26046260902,0.0073479894
26046665901,0.009351651
26050411401,0.0034825278
26050411402,0.005117566
26050414701,0.01522888
26050634002,0.020022027
26051993801,0.5935811
26051993802,0.91267395
26054554501,0.9880563
26054617201,0.0012421934
26055984401,0.9841554
26055984403,0.0016825289
26060882002,0.9744942
26060922201,0.75086194
26060922203,0.05228344
26070853701,0.99950993
26074903401,0.15216194
26081593601,0.3610456
26091366601,0.71584517
26091681104,6.6271146e-05
26092100501,0.594874
26092577701,0.1730242
26092999002,0.02263727
26094918402,0.44054464
26095128901,0.7019853
26095128903,0.2758884
26095128904,0.66183543
26095158801,0.99999976
26096967001,0.040426545
26097151103,0.092904165
26098650401,0.013161045
26099532902,0.99642015
26105522601,0.98623383
26106049303,4.5992527e-07
26109007202,0.2440829
26117841001,0.001826956
26117841002,0.0011991594
26120389105,0.0027623137
26123942502,0.0023789068
26125771602,0.9415195
26130623704,0.8545139
26131421501,0.0018140194
26131421502,0.0015463325
26133274501,0.0731805
26142447704,0.0025425288
26144966803,0.0002129477
26144985201,0.3662694
26145163701,0.00043636066
26145163702,0.00016677745
26154570303,0.00019228009
26154596002,0.577751
26158021103,0.25519556
26158160601,0.0053355894
26158160602,0.0028510308
26158392003,0.3150579
26168060203,0.0054885237
26168060204,0.011140925
26172424303,2.2495404e-05
26174665703,9.054294e-05
26174687002,0.97146523
26177241101,0.9384507
26186740901,0.12635612
26187009103,0.030409092
26187163801,0.9394428
26187479401,0.4876158
26187515202,0.00095463166
26189900101,0.15402126
26190247803,0.0035077503
26190247804,0.0071862326
26191131102,0.00016288817
26193037704,4.0077794e-05
26195174804,0.023192259
26204521801,0.0009374751
26204521802,0.0034712222
26215523601,0.88933426
26215697801,0.9283602
26215706104,0.0040946966
26215782501,0.39354149
26216234603,0.010793992
26219093503,0.12481678
26238506402,0.0021792785
26238506403,0.0019435649
26245583901,0.26775852
26245758702,0.996615
26250828302,0.0009312237
26251692401,0.90971553
26252300102,0.013940823
26255335102,0.09265039
26255871603,0.004212291
26266623001,0.98021483
26270656001,0.0031868403
26270656002,0.00043958417
26271099101,0.25541165
26272820802,0.0036674803
26272820803,0.0010921301
26272918701,0.60236377
26282503603,0.0060251025
26283346001,0.075255215
26283346002,0.0911386
26283346003,0.012560537
26283346004,0.740874
26283346005,0.35326082
26291121401,0.56742454
26293961202,2.1489636e-07
26295481001,0.002664593
26295481002,0.006006877
26300317601,0.9986765
26303039202,0.5378719
26307226002,1.8009961e-09
26307226007,0.06640547
26307393401,0.06913211
26307961704,0.009587579
26307961705,0.0077527803
26307961706,0.007288489
26308038402,0.18688653
26308463105,0.04146162
26317656301,0.14296173
26319792502,0.05900537
26331062001,0.5341607
26331064703,0.675097
26331064704,0.51548684
26335061702,0.9924509
26335076104,0.0137197375
26348683307,0.0007104007
26349337102,0.193807
26349379603,0.0036127977
26357197102,0.18053505
26360788101,0.33197847
26362976301,0.21833189
26366173702,0.99337995
26366872402,0.036867708
26371177901,0.6031855
26371330502,0.05801552
26371330503,0.031307608
26371340501,0.5693175
26371340502,0.6030649
26371340504,0.6828388
26371563301,0.08783553
26374803301,0.9957736
26374838901,0.19986427
26376831801,0.010534737
26376831803,0.005141153
26378510801,0.15450592
26378517601,0.059262864
26378555502,0.00055157865
26387274202,0.7979644
26387429804,0.0030351442
26395378601,0.93847525
26395546001,0.72859347
26419743803,0.123045556
26421650602,0.022325454
26448794102,0.16814433
26449602903,0.0034532836
26450110701,0.027469452
26536978902,0.16127394
26541498205,0.00067115994
26551039701,0.97197366
26552021904,4.2328687e-05
26552562901,0.05583112
26565749303,0.015498219
26582101601,0.008810342
26641246801,0.24852465
26645577102,0.95204204
26645611903,0.1637699
26653025902,0.30042726
26669663701,0.00074514694
26670260503,0.012384009
26685660501,0.047473695
26701274602,0.008820571
26702505201,0.4528746
26714251904,0.22719905
26714771203,0.006694691
26714771204,0.004898807
26714771206,0.00018807889
26716638901,0.08223552
26716684501,0.031001404
26716684502,0.032385647
26716684503,0.029788071
26716684504,0.039776456
26716684505,0.05958933
26716684506,0.07177554
26716684508,0.24183492
26716693904,0.000263044
26716782501,0.35755408
26730331204,0.021698171
26730331205,0.014413168
26730331206,0.026464937
26730668703,0.000100701836
26730668704,0.00040693238
26730808301,0.12696525
26758046601,0.4410096
26759440502,0.9450161
26880788703,0.5734434
26974289504,3.5625442e-06
26979548101,0.012373679
26984992001,0.05648043
26991599001,0.08316659
26991610901,0.7407905
27028529701,0.3293597
27028529702,0.7406124
27034121401,0.9977604
27034331601,0.54987985
27042506203,0.011062711
27050417001,1.2573108e-19
27050491005,0.016122585
27055766601,1.2138368e-05
27055766602,3.5038876e-05
27152144201,0.16608636
27152203901,0.84023255
27155498801,0.006414172
27157468501,0.36245632
27163993103,0.0035454817
27172670301,0.037175328
27181132902,0.99435943
27185283702,0.00018229125
27185449202,0.06593914
27189259502,0.88289326
27190096001,0.08672783
27190324701,0.97089064
27190324702,0.77344257
27197246301,0.0055820807
27208686901,0.7439153
27208686902,0.0025723015
27212748401,0.028493103
27212748402,0.00062455476
27212958501,0.0012309329
27212958502,0.00078176503
27212995301,0.08511496
27219488301,0.877839
27219488302,4.1489207e-06
27219488303,0.9979838
27228581701,0.9541961
27235713401,0.99027354
27235713402,0.002544549
27242919602,0.006042973
27252754601,0.63175994
27256471803,0.04918908
27256471804,0.030428134
27276568603,0.017121509
27276863101,0.99849474
27277359501,0.05496979
27277359502,0.040074963
27277359503,0.20201157
27285353901,0.84695727
27285415703,0.0047220835
27286134003,0.36982957
27322473602,0.032522038
27326899101,0.15309355
27326899102,0.21536137
27326899103,0.7656584
27326899104,0.8441998
27327038903,0.0012131751
27332341801,0.8289442
27369985401,0.2596774
27398839501,0.015795084
27408221601,0.025346298
27415113501,0.99903
27446160001,0.26512653
27641558601,0.36959982
27643954201,0.0458535
27664743902,0.9074926
27683657902,7.298646e-05
27683743003,0.1429633
27686430801,0.65366745
27686430802,0.6260955
27690479601,0.8986095
27697729101,0.020370364
27697729102,0.005336573
27697854801,0.9874905
27701729001,0.07247847
27702250501,0.6390652
27703309601,0.73714995
27706982901,0.6996345
27710375202,0.0025884092
27710395501,0.95592827
27710844901,0.96995395
27714798503,0.32067809
27729898901,0.54443663
27730004501,0.54156387
27805099803,0.049850315
27805531504,2.3467446e-05
27818334201,0.9617425
27829662102,0.005862332
27840861901,0.09309553
27840861902,0.38088736
27840939002,0.00042518976
27851841601,0.048018787
27851841602,0.0017188421
27854284101,0.9859205
27854284105,0.76650006
27858939301,0.70733756
27859102702,0.3700594
27859364201,0.5703021
27868364102,0.0025566793
27868384401,0.9995072
27868384402,0.99855703
27872677001,0.98604834
27873012001,0.0026428744
27873012002,0.00097427453
27873095601,0.042029746
27873095602,0.020159988
27877694802,7.118985e-05
27878011701,0.98839426
27882343604,0.0006641053
27886178301,0.0020392784
27886182601,0.0014250609
27886182602,0.0007016737
27886274702,0.9946732
27886275001,0.9914978
27886277203,9.944181e-05
27886621101,0.99779487
27886622001,0.44955036
27889533801,0.32420674
27889570501,0.9919674
27889825503,1.1018432e-05
27899095402,0.9868624
27899166501,0.97056144
27908839501,0.3394837
27915500303,0.16917035
27924762801,0.1045679
27925025604,0.003366518
27925155803,0.003029421
27936139101,0.018921915
27942806305,0.8250868
27942972201,0.584855
27943008802,0.46945667
27943008803,0.0941724
27943042702,0.037444204
27951416304,0.07198096
27951615701,1.5803442e-07
27956970702,0.013358902
27956971802,0.0001699652
27957311101,0.022346932
27957459101,0.02105801
27957459102,0.011638505
27961363404,1.9817022e-05
27961595601,0.02022041
27961595602,0.0013875446
27979776201,0.28873557
27979817003,0.23253973
27995042301,0.0062582665
27995222801,0.9415124
27995222802,0.96792495
28005211402,0.16959798
28005269001,0.06296068
28005365101,0.9871745
28005365103,0.18945275
28009683001,0.59915584
28069973201,0.004349471
28090966801,0.008111155
28192762305,0.8907728
28197926501,0.93089205
28205019801,0.5674214
28205180302,0.009787391
28208557301,0.043315087
28209087502,0.000505351
28419483702,0.0047151814
28419483703,0.0104192225
28419676203,0.0003760121
28715696801,0.9668023
28732926701,0.96405554
28735439701,0.8633365
28740200901,0.346584
28740572701,0.02669768
28742668902,0.002207058
28742818402,2.2851757e-05
28743199002,0.0001315923
28749081302,0.042462047
28749174303,0.0002251038
28753093602,0.0017557269
28753435901,0.017124172
28758831903,3.087208e-05
28759118302,0.0060744267
28759118303,0.057783455
28764023204,0.0141066415
28764068003,0.00020232481
28764068502,0.00012185788
28764195402,0.0026531636
28771712302,0.9766533
28771712305,0.053587563
28795766002,0.10115764
28802749102,0.06598769
28806738601,0.91350025
28876984901,0.99928576
29029048001,0.28782016
29040817102,0.0014404034
29041097904,0.0004158834
29041097905,0.00012673227
29054777001,0.27983487
29055928001,0.048775844
29060531101,0.012495813
29069929902,0.0004819915
29070370202,0.07116453
29070402701,0.2088875
29070402703,0.051920846
29074019201,0.31321302
29083085001,0.22395173
29083403502,0.06336257
29083951201,0.038189102
29083951203,0.023545217
29095350408,0.00027520853
29095575303,0.018624144
29100079303,0.055324048
29100565601,0.775962
29100565602,0.5806672
29100565603,0.92638224
29110114603,0.2899766
29110228401,0.053972144
29110228402,0.13391252
29110228403,0.21975936
29110228404,0.18938534
29110592401,0.37991664
29132383101,0.93281245
29141720106,0.78263605
29142244001,0.18094231
29144913201,0.18750882
29151753701,0.5913334
29151760401,0.9904695
29152077301,0.009406688
29182529401,0.48480403
29212271704,0.0072770463
29212276901,0.0004997796
29212276902,0.0001653523
29212768701,0.0004128322
29221488101,0.7192572
29221493501,0.0043542664
29221493502,0.0057397466
29229480901,0.84127694
29229480902,0.24468686
29241156701,0.46260557
29241523402,0.3246456
29247930902,0.6926437
29251239901,7.882638e-09
29270577404,0.0010995737
29282490402,0.88836116
29308064101,0.14515662
29315430402,0.0025184234
29316626904,0.00020527557
29322246202,0.015642215
29324062304,0.0022504316
29324609001,0.105397165
29327303201,0.005325084
29343763701,0.18790329
29348090301,0.08067859
29348090302,0.01459901
29389805801,0.8906024
29396538402,0.004270959
29404794903,0.00050605956
29405213203,0.0022695658
29405213204,0.0017548548
29409296601,0.0006188279
29409296602,0.00018444928
29409382403,2.7782662e-06
29409382803,1.3240746e-06
29414726401,0.60113126
29414726402,0.15405127
29414726403,0.48203653
29414726404,0.13989298
29414807901,0.0048814225
29414807902,0.008706339
29415492801,0.90949166
29419561702,0.039119806
29419561703,0.00029947967
29420837802,3.2640783e-05
29429237301,0.9892875
29432731204,0.00052915234
29434148703,0.09721202
29439947401,0.64652973
29443845601,0.61265016
29443851901,0.099347614
29444175701,0.85556936
29460727001,0.62181956
29460732601,0.2084466
29468766501,0.39866927
29475193401,0.000119756645
29478154701,0.99232775
29483547602,0.00038233877
29486954902,0.8937245
29487345703,0.045265697
29489270701,0.741561
29492969502,0.28816327
29497805101,0.77331215
29497805102,0.68760735
29498156601,0.94492656
29498222201,0.9885089
29498228902,0.7617302
29504166101,0.1971109
29513104101,0.62241995
29516943101,0.18857172
29517639301,0.9595486
29536876701,0.2837163
29537350203,0.0045390325
29537501101,0.44127902
29559371202,0.97756493
29559925601,0.96427876
29559925602,0.017122302
29559925603,0.0061225872
29564674901,0.557972
29578046401,0.85410845
29755818303,0.00079041795
29755818304,0.00065871456
29756126902,0.0003281757
29770101304,0.0008307116
29771119701,0.021316478
29772274301,0.5775482
29782930801,0.4282086
29782930802,0.7555227
29783354301,0.009845816
29805684404,0.0058427304
29805991701,0.62698245
29805991702,0.0019641982
29806911401,0.97446954
29828173501,0.5626675
29838867101,0.116785124
29839044701,0.759877
29839044706,2.2488528e-05
29852037401,0.0038264703
29852843101,0.93710494
29862728501,0.0606467
29863442301,0.39099562
29863442302,0.49766922
29863487601,0.9806968
29871998303,0.001111494
29871998304,0.0026176202
29872318301,0.27726665
29894113901,0.68215185
29916232601,0.73359203
29917356101,0.0021135274
29917356102,0.23385103
29917356103,0.0028191223
29917440301,0.8164247
29927187501,0.9508099
29927274602,0.00022007627
29939926004,0.14210637
29949898201,0.96104574
29950712302,0.5388723
29971922903,0.0010140088
29972078402,0.0011318552
29972173801,0.67360723
29972871601,0.82669884
29977986802,0.019597556
29979965801,0.99928904
29987018701,0.026000183
29994528501,0.011269201
29994528502,0.012076286
29994528503,0.9611245
30003893501,0.9810754
30008705901,2.2531238e-05
30014106204,0.00062670244
30014106205,0.0024068307
30015908202,8.0890145e-10
30016476601,0.8330263
30016656205,0.020924684
30016759701,0.0129949
30016860901,0.502664
30028954301,0.11620998
30029319702,0.98786795
30030730501,0.49108642
30031613204,0.4774053
30032179801,0.6556252
30032649603,0.0008691246
30032649604,0.0015380417
30032683902,0.12998253
30037859601,8.4794054e-05
30044456803,0.055285048
30044862502,0.51534283
30052399801,0.6864109
30064108703,0.07201796
30071014401,0.4772524
30074436902,0.000890788
30074542704,0.000117721145
30075494602,0.03495906
30076192503,0.7785037
30080830101,0.9764355
30081008601,0.9762266
30081274101,0.98595065
30081274102,0.9822441
30087154501,0.965647
30087154502,0.0002725702
30087674601,0.32317048
30094897301,0.22270495
30094897302,0.6162483
30095543403,8.040003e-07
30109886907,0.0136838015
30115216901,0.99204844
30115379201,0.11820228
30116063801,0.09008777
30116063802,0.062318873
30125009301,0.9414252
30125334401,0.65412766
30130923101,0.005883534
30131311901,0.94465274
30139977901,0.2727736
30154499103,0.00011504499
30154920102,0.12998246
30155164401,0.9815969
30160961501,0.06540172
30161355903,0.1090236
30175063001,0.22096966
30175063002,0.09728659
30175294302,0.18443547
30189600401,0.013212393
30189603002,0.0210632
30194895401,0.0063207536
30194895402,0.00055504905
30195525702,0.627892
30195634201,0.7769311
30195634203,0.0020659924
30195635701,0.0026256205
30195635702,0.0007924269
30205475701,0.8956318
30205497401,0.048929982
30298713005,0.0010189746
30298848601,0.1501975
30301363001,0.18132323
30301363002,0.29496512
30301363003,0.04350018
30301708302,0.18469818
30314365601,0.0009370729
30314365602,0.17458753
30326438701,0.05489308
30326438703,0.1371903
30326870702,0.3537776
30337329902,0.23808423
30339007702,0.005771494
30346690901,0.6684012
30346867104,0.03169329
30346972501,0.51806283
30348573003,0.010554026
30348734302,0.00074184313
30353147001,0.34725806
30355737703,0.00025613158
30365284401,0.010595921
30365617801,0.9951859
30365717101,0.9501927
30371152901,0.36129034
30371572601,0.7469005
30378848702,0.01801834
30379358301,0.0006570731
30384110102,0.002734046
30384769801,0.9879602
30389946702,0.11083871
30390173001,0.59829307
30390173002,0.49254715
30399401101,0.19326338
30399951201,0.52672666
30399951202,0.3212828
30399951203,0.47710416
30406573202,0.0043086396
30406638001,0.04109391
30407181701,0.0048811175
30407182701,0.6987816
30407401202,0.024574852
30407503102,0.25052655
30407951901,0.66802174
30418255101,0.02269118
30419007501,0.49865642
30423779003,0.0008655658
30423787101,0.94829476
30424573801,0.8573729
30424590302,0.003072821
30427458401,0.0012906147
30427458402,0.00088456087
30432655001,0.7497477
30433113801,0.012356856
30444809701,0.7446027
30448101303,0.0018146768
30448178701,0.5940084
30448178702,0.5070895
30448178704,0.9032323
30454564202,0.20196164
30454785801,0.7822556
30466376101,0.3266934
30466376102,0.088753656
30466456901,0.8234488
30469061801,0.9977482
30469061802,0.9854622
30470641901,0.6879911
30470818201,0.5735323
30472961001,0.17522453
30473644201,0.33357438
30476876901,0.23613223
30477444401,0.9952113
30477444402,0.97011817
30484227701,0.18721353
30485533602,0.0005703648
30486265301,0.0010638877
30486265302,0.0010602219
30486265303,0.004058757
30486265304,0.0028193055
30486443401,0.16974841
30489838201,0.25228494
30490239003,0.0013363507
30490342801,0.22624315
30501828801,0.66637564
30501828802,0.6933427
30501837302,0.37278962
30518186301,0.99857676
30532210702,0.00015590082
30532369303,0.0061446913
30532857801,0.6967326
30532986802,0.35554552
30542400301,0.99899787
30542556602,0.06692178
30552180001,0.106768794
30552180002,0.3670787
30575655101,0.031835295
30620131104,0.3359922
30627151403,0.0068321717
30635759303,1.0643774e-05
30645349904,1.3395413e-05
30646658201,0.6541757
30657320101,0.08635427
30657320102,0.5856043
30657378602,1.9278366e-05
30657955001,1.24174785e-05
30663508801,0.9803413
30663508802,0.094481625
30663842701,0.05478768
30672323002,0.00082012976
30672377501,0.08182868
30673953702,0.00045903717
30677139301,0.00036121267
30677241102,0.0015110652
30679070201,0.54412645
30679543103,0.12122726
30682369201,0.0034479576
30689766403,0.014028426
30692926302,0.017847432
30692926303,0.109133154
30692926304,0.027298024
30705737802,0.038556647
30709150403,0.00046374227
30715884502,0.003534268
30715884503,0.0027663975
30715939602,3.7547554e-06
30732028202,0.00042343902
30732409801,0.22666442
30732748801,0.058762427
30739915702,3.479548e-05
30749068601,0.36965007
30749106901,0.04042345
30749112901,0.00041959184
30749239801,0.20115128
30935049801,0.052094646
30935054301,0.27314845
30935092101,0.9844679
30935092102,0.018797986
30941059801,0.076180324
30948580001,0.1640351
30948629204,1.5950372e-05
30948634103,0.0101455
30948634104,0.012973281
30954461202,0.05932024
30963618501,0.2785099
30965471901,0.97213167
30965761001,0.11289838
30965822101,0.7120554
30965953001,0.48481262
30974462701,0.001140723
30976004201,0.02098948
30979235701,0.9988293
30995649202,0.020167883
30996336201,0.9542468
30996340801,0.28920773
31009982901,0.63447505
31010281101,0.046077684
31010313601,0.9792306
31010421501,0.16524963
31017413306,0.037035286
31017948602,0.17928615
31018289901,0.13589396
31035510601,0.9592518
31041914304,0.00071987347
31041979501,0.70826286
31041979502,0.008536192
31042640401,0.63594216
31050716202,0.00011649649
31050716203,0.000146068
31050962601,0.0055863373
31051309701,0.14264172
31051309702,0.1023796
31065631301,0.041334864
31066279003,0.0015609473
31066294604,0.51946354
31073216103,0.0020303582
31073348401,0.91742444
31079639803,0.0005039172
31079639804,0.00041305955
31079659601,0.7656185
31080328201,0.0025421442
31085579702,0.53450364
31086235905,0.00252893
31095468503,0.06957448
31095512502,0.13420656
31095512503,0.25687057
31095512505,0.0152903525
31095622501,0.07129579
31095960601,0.08964346
31095960602,0.35007188
31095960604,0.50251573
31102893306,0.011901715
31103481801,0.8266318
31110694003,1.6635959e-05
31117500803,0.05312423
31124246002,0.0011306191
31139230601,0.0148184765
31139241705,0.08093625
31141311301,0.0042031747
31141311303,0.33837014
31153074105,0.09312224
31153074106,0.061082292
31153137204,0.092425846
31153423902,0.0181803
31156458102,0.21527298
31189217004,0.20374705
31195859401,0.92022103
31196300402,7.752648e-05
31226738103,0.0007785696
31238678201,0.8136119
31239040401,0.8057478
31239225801,0.63363224
31264122401,0.011955746
31275867301,0.13992947
31275884901,0.091205664
31287423601,0.23101701
31287423602,0.7310859
31287640404,0.0043446403
31299226201,0.7694061
31299280601,0.03037315
31300028601,0.55034095
31312069101,0.091211565
31312069102,0.13796167
31312389901,0.024795339
31312800101,0.300393
31324528502,0.00922206
31335382501,0.44431338
31348201604,0.019173516
31360103001,0.37999848
31360186501,0.72528416
31360332501,0.0009872137
31360332502,0.00023451462
31360332504,3.523248e-05
31371563702,0.008288023
31384116301,0.0683543
31384116302,0.020777205
31384355301,0.9759409
31384390703,0.15820406
31384390705,0.0052968618
31384645901,0.7432733
31394113801,0.9744596
31407379003,3.2201027e-05
31407379004,2.4643618e-05
31419413202,0.000990955
31443420602,0.25477535
31443586801,0.7549995
31444058201,0.0014822219
31444058202,0.002175676
31456224401,0.50793993
31456224402,0.3427033
31456540002,0.1165639
31486596201,0.98906845
31493998303,4.6510057e-05
31494107001,0.006526517
31494107002,0.008233416
31494111801,0.002471787
31494111802,0.0040406035
31508122701,0.8599775
31519888203,0.09989433
31528635401,0.085142605
31551522401,0.0031123238
31551522407,0.76455206
31552073101,0.029141374
31552916201,0.00027741032
31552916202,0.0016742379
31552916203,0.0015256971
31552916205,0.032370668
31554413001,0.5279339
31554555501,0.61945313
31564628603,0.87608063
31566869501,0.038912233
31576279901,0.004637298
31585451401,0.16246864
31585451402,0.34724322
31609788502,0.026327414
31634576701,0.076273814
31671014801,0.8494767
31685520601,0.7296673
31685520602,0.27828875
31685540401,0.025022784
31685540402,0.032251514
31685879501,0.09985639
31686730401,0.9256122
31715386201,0.24029762
31725062302,0.012308669
31804494102,0.009257865
31818199701,0.024718199
31818199702,0.018103339
31821351901,2.9132183e-05
32227262801,0.7930432
32227262803,0.7362741
32290232001,0.004135606
32290232002,0.004261607
32290232003,0.00404258
32300722302,0.0008502341
32300820904,0.0022923015
32306061402,2.4149394e-05
32306315602,0.71253943
32306337701,0.9145785
32313365901,0.021544179
32329547901,0.9988148
32335522503,0.39014974
32342670405,0.6861736
32342916601,0.55682045
32343234404,0.00018055741
32344319401,0.0048884777
32344319402,0.07015403
32344329103,2.9966595e-05
32346111801,0.41155824
32351102604,2.4604804e-05
32352156203,0.7700892
32352169403,0.0063827923
32356256401,0.056324653
32356372903,0.015497339
32362403904,1.7773827e-05
32364689601,0.00086619274
32364689602,0.00010804065
32364897501,0.07127817
32368510503,2.5919098e-05
32372755601,0.0014449777
32372755602,0.004989666
32373224603,0.00014541979
32376232101,0.27302286
32376427701,0.00088698417
32376427702,0.0005566651
32383694501,0.004698226
32383694502,0.009133006
32383694503,0.0047972524
32383743401,0.9701174
32383743403,0.99849844
32386421903,3.5218793e-05
32387642601,0.94787484
32387823602,0.00050863175
32396848403,4.7018268e-05
32396856601,0.0021147472
32396856602,0.0013047118
32398924701,0.047762148
32399241101,0.7739867
32400358301,0.975468
32401024105,0.55302066
32404819301,0.045624103
32411913502,0.00036021188
32412829502,0.056709256
32414433702,0.0017632927
32420035801,0.013997772
32420452301,0.96008486
32420575301,0.17358714
32420575302,0.46006623
32420822401,0.37063417
32420822402,0.01471779
32431692402,4.469906e-05
32432445403,0.01435186
32442452704,0.8989893
32442469603,0.005496406
32442833403,0.00029388105
32443497801,0.10247454
32443724004,0.0039319857
32449469804,0.00040677015
32450262801,0.5702512
32460755801,0.029413981
32460851409,0.10881276
32461281201,0.0004514349
32461281202,0.0004335486
32465481104,3.080544e-06
32474838902,0.57616204
32475731102,0.011275248
32475935204,0.1369992
32476072101,0.24014887
32477497902,0.6090124
32477497905,0.17059891
32485285301,0.87468964
32485285302,0.8376476
32489057101,0.024128422
32489057102,0.031563107
32489275701,0.54156053
32489361302,0.0015150964
32492783604,0.001586854
32501276804,0.003424329
32556374402,0.12836482
32556436601,0.12143421
32556436602,0.10272589
32571096402,0.025698287
32571096403,0.16785808
32571629603,0.0005603724
32584736001,0.97134376
32587099002,6.962128e-05
32587307601,0.00410269
32587307602,0.003707563
32588833501,0.16810812
32602282201,0.2419983
32612924502,0.0008620595
32612924504,0.00085718714
32622535503,0.79389906
32622535504,0.24637237
32638138401,0.698483
32640871801,0.9586261
32641199403,0.08879566
32641199404,0.036134005
32651018301,0.90868
32659876601,0.86971813
32659876602,0.7552037
32668934407,0.0001991669
32669214401,0.6930274
32669398801,0.97726816
32675196001,0.5499969
32676001002,0.0010127177
32676544401,0.45725095
32677189203,0.0007544153
32690667202,0.014200014
32705486401,0.82734376
32706790601,0.005854549
32706987204,0.00013621109
32707125401,0.008746355
32707125402,0.012562838
32730440601,0.0067437133
32738237101,0.6853155
32738237102,0.06727424
32738237103,0.36557832
32738995301,0.058370855
32739067303,0.20529744
32753630101,0.7411723
32784687701,0.4902526
32796910402,0.0009369353
32814130501,0.01241052
32814453803,6.666707e-05
32814799802,0.4812225
32815595301,0.8150873
32830675501,0.040475756
32830675503,0.0006699369
32845763901,0.9673118
32845763902,0.7740346
32862415802,8.2747894e-05
32878113301,0.044011913
32894674901,0.058760356
32909842101,0.2538301
32910447101,0.9816736
32925562201,0.9457946
32939977204,0.0015421722
32940118302,0.00034252278
32957299901,0.033339992
32957942701,0.84894234
32958050701,0.06749508
32972016201,0.86623806
32972016202,0.61700857
32972706401,0.020708272
32973392601,0.33447435
32984872201,0.52515304
33016782201,0.44172633
33017591802,0.010710978
33017594302,0.1712077
33035746001,0.15570068
33051467502,0.7754714
33051605001,0.0009078911
33080881201,0.2106851
33096295001,0.30733117
33096890201,0.9946472
33113133001,0.13467903
33125910901,0.03445404
33125910902,0.0073427423
33143630901,0.54210657
33158594701,0.034796126
33159736001,0.18450879
33176314802,0.27643785
33177386502,0.00044523267
33177387502,0.0018443872
33188966805,0.04932246
33189172901,0.37138954
33202650201,0.08200899
33202859802,0.010069159
33218409501,0.9165793
33218409506,0.001306049
33219007502,0.011108027
33219100502,0.22504048
33219394901,0.008367299
33244230008,0.0001896173
33244372401,0.76532507
33518625602,5.3781186e-08
33519369401,0.31305155
33520653102,0.43758863
33520653103,0.029724883
33540139101,0.011905523
33540210101,0.98821056
33554524001,0.66477484
33554524002,0.4033518
33556261502,0.00927725
33570153601,0.087237224
33570153602,0.6927492
33601247201,0.051129483
33601247202,0.03664559
33602313701,0.17412949
33613706502,0.0051774136
33614287701,0.053871427
33614287705,0.90908575
33614552001,0.0051977565
33657475801,0.7306304
33670052102,0.0059302542
33670730501,0.8083447
33685520901,0.7000759
33686333101,0.49300706
33696405901,0.0071548386
33696405902,0.00044452093
33697138001,0.40796083
33697191503,0.023903308
33712610301,0.050732553
33719302801,0.48835316
33719312802,0.14555526
33719535302,1.4950769e-05
33720058701,0.032394134
33720058703,0.059022747
33727469503,0.043865617
33734938102,0.017775908
33739324701,0.8831957
33739881902,0.0016437182
33740881301,0.84003705
33743756601,0.3203215
33743756602,0.000112349706
33756090701,0.6543139
33769074701,0.64122397
33780683201,0.9225311
33787999701,0.9429758
33788545601,0.88348
33794511901,0.63174665
33794511902,0.3084366
33795222901,0.5576359
33799519402,0.0012043138
33799519403,0.00092324073
33800923301,0.64048433
33809866701,0.9610869
33811950201,0.008156369
33823254301,0.82054037
33829381102,0.6435046
33835052701,0.95795894
33849206802,0.01195812
33849356703,0.0038522126
33863576701,0.6714763
33863576702,0.23671523
33873659101,0.0019412087
33873673301,0.46538216
33873673302,0.08002861
33873942601,0.024037793
33885756704,0.0019626375
33885997804,0.12031622
33901599101,0.783222
33927944001,0.90751445
33944248401,0.05390325
33955867801,0.6916748
33956336701,0.0029810253
33956342601,0.0019087718
33956454401,0.002173025
33956455101,0.006135731
33956484501,0.0011544124
33956545201,8.951112e-05
33956554206,0.17325918
33956558401,0.00015426867
33956558402,8.670094e-05
33956558403,5.3796994e-05
33956573901,3.450257e-05
33956573902,0.000114724084
33956574001,3.9062455e-05
33956574002,2.5360678e-05
33956798501,0.0012023717
33956798502,0.014619209
33956800601,8.1316866e-05
33956800602,8.700998e-05
33956800603,0.0018842167
33956805901,0.0032793893
33956807101,0.0443341
33956807701,0.00018607057
33956807702,0.0005080428
33956807703,0.03935489
33956812501,0.001907968
33956817001,0.00012436575
33956817002,0.00010237106
33956817003,0.00022350406
33956820001,0.0002114573
33956820002,0.00028059207
33956820003,0.003758475
33956824702,0.0
33956824703,1.8885796e-05
33956824705,1.4849514e-05
33956824708,2.2433136e-07
33956827001,0.001978207
33956832801,5.5620403e-05
33956994201,6.0363232e-05
33956994202,4.6516965e-05
33957015301,0.0045103445
33957015302,0.00087502267
33957026001,8.550408e-05
33957026002,0.00010239189
33957300901,0.1442228
33961188301,0.7611156
33963358402,3.6794223e-05
33968020301,0.019197939
33968020302,0.00043537485
33968055201,0.0032622335
33968213401,0.92916226
33968283004,1.9696789e-05
33968544502,0.030130977
33968544504,0.011393568
33968815801,0.426638
33968950202,0.47860256
33972309902,0.00688003
33973301301,0.9802106
33973301302,0.74921656
33973301303,0.73495114
33975272901,0.38094863
33975656101,0.1813601
33975889702,0.16549292
33983299501,0.09583655
33983649001,0.6368005
33991355001,0.4090499
33997920001,0.75930816
33999003801,0.00023380374
33999003802,0.0002661979
33999003803,0.0034558782
33999003804,0.0034184805
34009360401,0.013046158
34013076702,0.9069638
34013076703,0.010486727
34013076704,0.01409669
34016460202,0.28730628
34016616701,0.9372225
34017008002,0.7416416
34020604405,0.016757784
34027438401,0.19616954
34028148307,0.028199363
34028560001,0.70715755
34028802201,0.008093703
34050494501,0.064009786
34062040703,0.015841212
34062928903,0.014906362
34063019701,0.5591132
34063019702,0.35053608
34067038701,0.12913239
34067052301,0.00675696
34067092201,3.4601966e-05
34067135701,0.47131905
34084498402,0.064483054
34084582603,0.6055248
34084689101,0.110959336
34084689102,0.03991598
34086810801,0.7136204
34086831801,0.991967
34086991502,0.0001333594
34087762601,0.8492152
34087762602,0.527348
34088361401,0.90022665
34103148002,0.0015735085
34108527302,0.0024078467
34108771701,0.5295413
34114294302,0.0016311889
34114294303,0.0025300833
34125076101,0.9452602
34125818201,0.035155598
34125818202,0.00034
34125998901,0.3309559
34126184601,5.0539315e-05
34126184602,7.862849e-05
34126197001,5.1403153e-05
34126197002,9.21281e-05
34133886502,0.008941004
34138218301,0.0011744491
34138220901,0.00882178
34138220902,0.03164738
34138525601,0.9680687
34139966801,0.0068155
34147057401,0.84893423
34147057403,0.24934614
34147613001,0.9848991
34147927603,0.0013162361
34151302001,0.01867067
34151521401,0.04766848
34151521402,0.001811135
34151535501,0.013633898
34151535502,0.001079053
34152008201,0.48811388
34152033401,0.0048582717
34152033402,0.0008211252
34152033403,0.017383708
34159787501,0.7796268
34171016301,0.9911375
34171016304,0.21350764
34171577402,0.00317333
34180339901,0.72049725
34180340101,0.7964146
34180590801,0.87461436
34180590802,0.6779378
34181881101,0.8031826
34183842001,0.35329744
34191252203,0.68505406
34191720604,4.937563e-05
34191720606,0.00026867774
34195221801,0.08301425
34195503101,0.030293541
34195503102,0.054857712
34204300801,0.10938019
34204465701,0.960735
34205138703,0.030392172
34205138704,0.05053041
34213578102,0.110476084
34223289101,0.812542
34223686701,0.60534865
34225913701,0.0036138403
34225932401,0.0041774153
34225934401,0.008047114
34236051401,0.05045398
34236051402,0.43207636
34239922001,0.011432961
34239922002,0.0010407097
34246945501,0.6538959
34246945502,0.10773317
34247401001,0.97937596
34247401002,0.09745546
34255472301,0.1418106
34255632101,0.83757335
34256752902,0.00306754
34256752903,0.016846022
34256769501,0.9637614
34261796801,0.9469726
34268386002,0.40290472
34270269903,0.0026895695
34270269904,0.0015477441
34291558001,0.0157978
34303199501,0.9392827
34303480901,0.5687715
34311938102,0.0016924725
34316698301,0.5207796
34316698302,0.32165745
34325328205,0.0018866254
34326030702,0.014861683
34329605902,0.0011778927
34333867602,0.13912788
34336548101,0.32690856
34336548102,0.8773918
34336548104,0.26033264
34337716901,0.9157312
34337724601,0.8167954
34337745701,0.02862447
34337762402,0.47286382
34337834501,0.00024656826
34337834502,0.00011365929
34338368101,0.0038053968
34338368102,0.0024899277
34344943703,0.0057157115
34354122201,0.828753
34357397102,0.18715957
34357397104,0.6905088
34357397106,0.010262012
34357569402,0.87665415
34358582401,0.40610483
34358700001,0.9623185
34364733501,0.9318538
34364813603,0.89423287
34364945401,0.8355716
34365125505,0.0553351
34365219603,2.043659e-05
34368152403,0.0018545928
34368187801,0.52499783
34368487603,3.767064e-05
34375729902,0.0036533664
34376193202,0.2845759
34376436001,0.6431691
34379800101,0.24580754
34379949301,0.00045830503
34380086601,0.95922154
34385424001,0.92632514
34388482501,0.865787
34388482502,0.75519234
34403162701,0.7572887
34407735302,0.0016273801
34411135901,0.1026223
34411269001,0.003801778
34411575001,0.07981306
34423230001,0.9475149
34423441402,0.008378406
34425865701,0.00027103882
34433722504,7.8263256e-05
34433722506,0.00089305744
34433771301,0.007700356
34433870301,0.091238335
34433870302,0.02906248
34435187103,0.002087465
34439801801,0.9968856
34447050903,0.005388058
34458859903,0.011170387
34460040201,0.9618351
34460426301,0.010268196
34466759001,0.77021223
34467085401,0.40749192
34467085402,0.7809324
34467569401,0.5167158
34469160301,0.9062127
34479463202,0.003615733
34479692104,8.068273e-07
34483848801,0.93533814
34492558801,0.017752405
34492558802,0.02390164
34496460802,0.14640406
34496955003,0.0037218044
34497489301,0.83299595
34509282901,0.9562459
34509763401,0.111826666
34509763402,0.028242595
34517331502,0.013082782
34520447101,0.14132982
34537130801,0.14455682
34554436101,0.77531177
34554436103,0.87334085
34554812702,0.0009930665
34555184101,0.5826273
34555184102,0.043650422
34555192801,0.0036069562
34555390101,0.6334324
34582224601,0.662772
34634767701,0.9685299
34639827902,0.72353107
34640522601,0.22638142
34652034102,0.019142482
34660497801,0.18006338
34672609202,0.043375272
34672720101,0.043216214
34672720102,0.04134671
34672720901,0.23660861
34672792602,0.4762043
34674306203,0.6450677
34677039204,0.000107623884
34679228101,0.9974094
34679523601,0.5699469
34679674101,0.16269253
34681068601,0.1801866
34681288703,0.00012446629
34681395001,0.059445236
34682256401,0.036794588
34682501402,0.0013951608
34683058301,0.06332416
34683058302,0.043048028
34690292304,0.13315654
34691262301,0.9769291
34691262302,0.012226501
34695350801,0.5586475
34703035501,0.87354815
34704243201,0.018677412
34704243202,0.0032112892
34706869302,0.0011749166
34708176101,0.0015419518
34721352101,0.048984602
34728360101,0.9803547
34729037202,0.09753262
34736944701,0.009097156
34736944702,0.009290965
34746077901,0.004433939
34746554101,0.0064189006
34761353601,0.6100876
34761473301,0.11310561
34761473302,0.008562125
34762087002,0.07174013
34765644407,0.0013534593
34765691101,0.019942915
34765691102,0.10550957
34765706602,0.0003138867
34774338901,0.86414784
34778028501,0.9942551
34778558301,0.16673873
34778704101,0.032674357
34787326202,0.00093771523
34787435802,0.9756487
34800682402,0.0012028217
34804054501,0.8612281
34804243901,0.7952241
34804243902,0.4884604
34813042001,0.0068400363
34816801901,0.78637093
34817119901,0.98435277
34817645401,0.84291387
34825025901,0.73407763
34834137801,0.9036239
34834462207,0.0056353533
34840107101,0.09848395
34840107102,0.0004192869
34840107103,0.0026413233
34840107104,0.0011916431
34844886401,0.9442456
34845963501,0.91929364
34846082901,0.4709494
34855628102,0.8786373
34857057501,0.34009483
34857132608,0.0018255977
34869424701,0.44301197
34869926003,0.020418404
34876244101,0.6140154
34876345301,0.00954505
34877117902,0.9889492
34883961101,0.04200869
34884124202,3.328361e-05
34885229801,0.81578207
34885229803,0.13384742
34885360504,0.03068765
34889719902,0.005488303
34889867301,0.2894748
34895779302,1.4810539e-37
34897218401,0.9641328
34898480202,0.43496683
34898568201,0.304598
34899109903,0.0017390335
34899746702,0.007575763
34899761203,0.00021074373
34905944803,0.114386484
34909514901,0.9990471
34914500401,0.25207856
34915449001,0.54219586
34923744201,0.23211823
34924096101,0.109636344
34924366501,0.00041856035
34924593002,0.7955918
34926970102,5.626462e-06
34927000101,0.07994228
34927000102,0.14061563
34930944202,0.0024616315
34930944204,2.5715288e-10
34937159501,0.12538502
34937159502,0.0010459609
34937319201,0.0019470453
34937319202,0.0016866403
34940722801,0.00018239878
34943397602,0.19420353
34943397604,0.6356037
34948459501,0.40435237
34953966501,0.6121785
34953966502,0.52755016
34954340105,0.6441558
34954411201,0.35065097
34964460603,0.008372696
34964851002,0.0125840595
34967968101,4.9945047e-05
34974792902,0.32529527
34975139306,0.0014672569
34975697201,0.802686
34976705101,0.1796734
34978691601,0.9956559
34978691801,0.9947167
34980504401,0.903591
34983282402,0.00050891674
34986285201,0.17901817
34986542306,0.0014993909
34989255901,0.48437575
34996391402,0.004460975
34996426403,0.0007722445
35000584601,0.23541188
35014629601,0.23715346
35015411901,0.6271904
35027646202,0.0003186732
35027706202,0.04484
35029767702,0.01256704
35033350702,0.0009849907
35033613202,0.86189103
35035563201,0.018537777
35043133501,0.0030561737
35043133502,0.0045710425
35043133503,0.028533397
35043133504,0.081962146
35046762401,0.29305798
35047910101,0.15066883
35057599701,0.99314225
35067974502,0.0011860221
35074247502,0.01579784
35074371401,0.9958597
35076779401,0.17339535
35079640702,0.30740315
35080347202,0.003669465
35080347203,0.0010277928
35080469601,0.99546224
35080884002,0.0050313463
35080884004,0.013201521
35084283801,0.6065414
35084283802,0.83190006
35084633401,0.77928376
35085346601,0.8940625
35085351302,0.0016845458
35085871301,0.0032724326
35085952701,0.15539558
35086063103,0.0040370794
35093067201,0.002623997
35096515901,0.009323227
35109238501,0.99390244
35109482008,0.00043003564
35118188003,0.09795862
35118188004,0.23435006
35127512701,0.97048146
35128467801,0.93746907
35128529701,0.9801441
35200055801,0.34354177
35200331801,0.6434233
35201671601,0.6566081
35201690402,0.8592014
35208100106,0.18734421
35214110704,0.27093947
35222923701,0.18923475
35222926801,0.99530506
35222926802,0.9238952
35222926804,0.9520543
35494479401,0.10796099
35663935001,0.0062322696
35663935002,0.002719216
35667591201,0.54341245
35672996605,0.08748093
35673165502,0.005589249
35674784701,0.53137165
35674812701,0.4812154
35674812702,0.9863944
35684659401,0.38047817
35685023207,0.0036305238
35704416301,0.9932721
35710407107,6.6698565e-05
35710535202,0.0020239025
35720575001,0.024674004
35736262304,0.0022003455
35736262305,0.0014945819
35736262306,0.0014027428
35751024701,0.0070255953
35760973002,0.014597219
35765997203,0.0012966415
35766231601,0.8667693
35766231602,0.9831372
35770930001,0.97866416
35790947801,0.019442763
35791120202,0.5371678
35802074501,0.97278184
35802216901,0.0014878528
35802216902,0.0014290793
35802216903,0.00060264533
35804784102,0.0002745907
35807104902,0.77388555
35810812602,0.0019039139
35815476402,0.16195254
35815644202,0.017784353
35817632901,0.027090335
35829066803,0.06300731
35829066804,0.0036455905
35833558603,0.0031141597
35833558604,0.0031122728
35840238203,6.737043e-05
35899383104,2.4459636e-05
36008791501,0.05088595
36008811302,0.0030208218
36008887102,0.001049708
36021781301,0.008418464
36022222801,0.30151775
36032014601,0.3758872
36032455801,0.45942596
36039503701,0.97132313
36045755301,0.0038178945
36046316002,0.013719904
36054824702,7.062916e-05
36054824703,9.423248e-05
36060567001,0.5007723
36061757001,0.64958566
36069853903,0.13645798
36080075401,0.32403332
36084805604,0.056210387
36085112301,0.053453684
36085112302,0.0943296
36095173901,0.14042586
36095173902,0.0011076
36095868901,0.019929498
36103419601,0.7696611
36103419602,0.0032606944
36107451001,0.8910191
36107514601,0.061022166
36107514602,0.005818519
36108230204,0.0898554
36116866004,0.00013349595
36116875103,0.00014518965
36116875104,0.00013796365
36116900301,0.07376619
36116904201,0.94494843
36117072801,0.3543509
36117247901,0.9031497
36127261201,0.25305933
36133308901,0.31828558
36145892301,0.9942
36145892302,0.29383317
36147312501,0.04162211
36171360202,0.02849245
36171769701,0.7231874
36179375701,0.9240888
36185866701,0.0015335575
36185866702,0.00087643636
36186370501,0.0319927
36186370502,0.03170549
36195723703,0.0007579482
36195801301,0.0014588437
36203025201,0.15009034
36208509801,0.79563516
36208633303,0.0015249042
36208897901,0.03695078
36211110402,0.00024564055
36211110403,0.0003299992
36211346601,0.5909633
36212163901,0.007127151
36212242702,0.0005163431
36212242703,0.0005037978
36216542102,0.9250456
36223421902,0.00012048889
36223421903,0.00011973722
36224167401,0.04885108
36232245001,0.1411079
36232355002,0.024948558
36232355003,0.03567266
36232355004,0.06442506
36232651002,0.40359294
36232651004,0.19947581
36232773002,0.073404185
36238452701,0.7603455
36247892101,0.05895683
36248081501,0.67218596
36248365501,0.0028280085
36254444201,0.38322288
36254444202,0.26932782
36263133101,0.6068259
36265887103,0.0035939475
36266522904,0.045427814
36266522905,0.025132826
36270472201,0.8073008
36270988601,0.9956558
36270988603,0.0021493628
36273479503,0.88748205
36273577502,0.31421256
36275381201,0.80533826
36282250301,0.84704214
36282547001,0.004244528
36282547002,0.0033276798
36283395302,0.012703812
36294416601,0.0019038266
36294416602,0.19648264
36294440401,0.37695652
36294440402,0.00073601236
36301457701,0.82179344
36302476706,0.006512653
36308238301,0.82042253
36308617801,0.9744281
36314054702,0.07065579
36320794101,0.22683787
36320794102,0.37416816
36320794103,0.44899416
36321484301,0.010626722
36321759401,0.008343262
36322109602,0.3988869
36323171601,0.86921364
36326755601,0.025995785
36327032201,0.5884175
36327080203,0.0005398031
36337105701,0.00904278
36337231302,0.2593917
36337240301,0.9643856
36341472201,0.01823334
36344758501,0.6275025
36348116302,0.52753067
36348116303,0.6121534
36348116306,0.5413035
36352747501,0.26675397
36352858301,0.10508617
36360033001,0.0019980667
36360033002,0.00039390486
36361158305,0.004313807
36371002801,0.5509269
36373876501,0.9700243
36373876502,0.14354844
36379019501,0.8086015
36379071001,0.2461612
36379071002,0.018525416
36379566801,0.47077858
36379882103,0.035404455
36380507102,0.5688311
36380507104,0.1352685
36392558001,0.12687045
36393331302,0.00062763074
36397797801,0.41428405
36398418002,0.100407004
36401811703,8.3391125e-05
36410692902,0.00062817836
36410775301,0.99539465
36411583601,0.059296653
36413262801,0.82304704
36415342401,0.00096658565
36415342402,0.0103139635
36416385202,0.0003530453
36416490701,0.015145379
36427960901,0.32207683
36430211801,0.091997996
36432638403,0.0022639402
36432638404,0.009060857
36432704501,0.111795664
36435035401,0.23893633
36435264902,0.26060167
36435444301,0.02509711
36435462401,0.8024736
36454463302,0.0050374228
36454478304,0.66046524
36454523401,0.34720057
36454711201,0.0007405853
36454711202,0.0016324689
36454918901,0.54717547
36462547201,0.47464886
36464290004,0.042063966
36464600202,0.98458326
36478500901,0.44548067
36478500902,0.40811718
36478500903,0.5868597
36479758401,0.43406385
36479758402,0.057638947
36487354001,0.025638148
36487915501,0.096818514
36488054201,0.6195245
36488198001,0.4581222
36494463301,0.8066103
36494463302,0.038240127
36501436301,0.31222752
36532521703,0.03724128
36532562101,0.93774015
36546786701,0.8977744
36546910701,0.07386581
36555694502,0.0004994635
36566262301,0.80857855
36572172402,2.8020564e-05
36572727101,0.056173626
36573020702,0.1756868
36577423401,0.9392204
36589085601,0.35738477
36589718401,0.81570965
36595339605,0.0072895666
36595339606,0.0034840421
36599889601,0.05410085
36600046901,0.15032108
36694633201,0.93756723
36695394901,0.0746038
36695840901,0.00031355728
36695840902,0.0035623233
36705891203,0.002522687
36713674101,0.0006504658
36713674102,0.0009504224
36713674103,0.0021168825
36713674104,0.0014868111
36713674106,0.0019123389
36721580201,0.20383433
36721931201,0.6173197
36721958701,0.004548197
36722441201,0.0041445405
36731106001,0.14315818
36737894004,0.14709093
36747358301,0.85754764
36747663301,0.0017781049
36747663302,0.0019324549
36747812401,0.10645505
36747812402,0.6161141
36748491302,0.0014772648
36757208301,0.5413664
36757282501,0.41713813
36757806102,0.09819246
36766053402,0.00050624216
36767139701,0.13468748
36782403903,0.005650507
36783273701,0.1397259
36789557801,0.0018550184
36790475303,0.0670456
36797561603,0.0003056257
36808504701,0.88726705
36809595301,0.8061843
36847142601,0.09060789
36847142602,0.0063989745
36847142603,0.0030907702
36857403002,0.87834543
36874788203,0.00016485782
36874802403,0.00029201322
36875330301,0.63631517
36876173401,0.056938272
36885458503,0.01582356
36893059701,0.8577331
36893059702,0.72208774
36893454001,0.8648541
36893454002,0.53256106
36898885202,0.03337721
36900681701,0.90447134
36910254905,0.037208032
36922914301,0.49080044
36925302301,0.3419981
36932794701,0.99928814
36934506401,0.9987953
36977912701,0.8665128
36981850803,0.0014151816
36986473801,0.9957904
36996295501,0.6961944
37004042101,0.507561
37022670202,2.5880865e-05
37024349001,0.17012574
37246364501,0.29267994
37253040102,0.0011861494
37253040103,0.0009089152
37253486701,0.012918922
37253772901,0.68815446
37253773301,0.80593634
37258954001,0.9623103
37266297201,0.010613729
37266297202,0.011497234
37266342501,0.004036941
37267053501,0.45199063
37267063501,0.067796
37267063502,0.26202977
37267351104,0.03645298
37276861902,0.0018421657
37276896503,3.052266e-05
37277343501,0.9803099
37284782901,0.94770133
37285035701,0.024434933
37286911101,0.02214231
37290811001,0.0023067682
37297899306,0.000537401
37298707301,0.06963772
37301560401,0.01798281
37352305102,0.94776917
37359477101,0.76096874
37376857602,0.00010977391
37384385701,0.7742805
37392837401,0.30361763
37401666004,4.5361907e-05
37485899901,0.9734576
37486059001,0.41078502
37491198603,0.40164027
37503656702,0.5787413
37503656703,0.8274724
37505958701,0.9948372
37505958702,0.9835091
37508912402,0.0011386237
37509071701,0.51319265
37522151901,0.2509741
37522191803,0.49518365
37522254905,0.004581443
37522254906,0.0057234336
37522254907,0.019738482
37522268303,0.016135208
37522308001,0.989078
37522545301,0.76769847
37522545302,0.96358013
37527395301,0.964887
37613191501,0.099960245
37740736902,0.61219823
37775945505,0.066555515
37785944501,0.0012184067
37809361001,0.99539256
37834445701,0.92423016
37855542301,0.9907974
37856305901,0.53234774
37856305902,0.37889424
37866689001,0.032064565
37866689003,0.08165951
37874201801,0.8967708
37874634801,0.065835044
37874634802,0.008272272
37875221802,0.027189583
37886884902,0.650213
37923400201,0.3220796
37923400202,0.66516495
37924036001,0.22533645
37926673701,0.0020783378
37929030002,0.34680125
37934964301,0.00025643836
37935463503,0.0015017638
37940371801,0.34800515
37940792702,0.013168383
37940792703,0.071263656
37941054001,0.17686369
37961831901,0.94771665
37961831903,0.028907018
37972308601,0.9979087
37980177503,0.026301729
37980177504,0.025687138
37980419501,0.14327848
37980635802,9.654344e-05
37985274801,0.53387165
37986534701,0.61155045
37986534702,0.0041743238
37989769601,0.56166416
37990919501,0.060114782
37997324601,0.01245933
37997366801,0.0016175279
38000137401,0.79761374
38008474301,0.041520234
38008474302,0.033068303
38008474303,0.022161072
38008551702,0.7567027
38017354002,0.0009473608
38021153801,0.8986832
38032669301,0.8514697
38033014202,0.00085262593
38033014204,0.0011958613
38033437201,0.00041414454
38033437202,0.0009141604
38038582102,0.0054311054
38039496401,0.63808113
38041913901,0.03286113
38042259101,0.616416
38053978405,0.00056986976
38053978406,0.000844084
38065667301,0.3665679
38066437101,0.7764843
38071050103,0.0054618903
38077004701,0.008206895
38078325201,0.80933
38086277001,0.029216427
38087068801,0.98581356
38091027701,0.91923857
38091623502,0.00072913914
38091702701,0.5655134
38097651501,0.016466113
38099717802,0.048674166
38104850602,0.0014094319
38104850603,0.0012016662
38109183801,0.54289424
38114124601,0.62182873
38123214401,0.085773006
38123214402,0.11715607
38123745204,0.00670193
38132860101,0.39996278
38133345501,0.016211063
38135169604,8.946981e-05
38144788301,5.376713e-05
38144788302,2.6107326e-05
38154886602,0.014631858
38154886606,0.04200292
38155188001,0.6517404
38155985502,0.0017103624
38164772203,0.001404457
38172444401,0.34072363
38189791701,0.99291456
38190750205,0.0016954985
38190750206,0.0013127716
38191909001,0.87512815
38192119303,0.29321134
38192515602,0.009369182
38194976102,0.24713649
38197796401,0.13986011
38198711805,0.0014910972
38200958001,0.0007738603
38200958003,0.00021174554
38201108601,0.9838845
38201634801,0.7770485
38202842501,0.95326155
38204309802,0.027631417
38206916001,0.005832699
38206916002,0.0007506185
38207297301,0.0003930813
38207297302,0.00047781525
38207502502,0.5953669
38207504501,0.45299393
38214552103,0.0005376454
38214863502,0.0774751
38218954202,0.40957022
38219619302,0.9903065
38219944102,0.05797919
38225200201,0.17704841
38230868402,0.0016548336
38231035801,0.31887075
38231205201,0.00059124077
38231205202,0.00016683701
38231224302,0.7356552
38272885901,0.010611958
38282336802,0.00040593982
38282769901,0.16453892
38291581101,0.99251163
38318130001,0.7707509
38326621001,0.59374154
38326621002,0.072718434
38350309001,7.84328e-05
38352567802,0.001085314
38352567804,0.012168768
38359428206,0.00039680567
38359434101,0.007282562
38359434102,0.00083594216
38359436001,0.16460162
38359524203,0.00072574976
38371649601,0.00083602197
38372751002,0.83011043
38374689203,0.001288295
38401591501,0.107389346
38401824003,3.8948743e-05
38402184601,0.5166536
38406533702,0.007723921
38407312201,0.019683808
38407312202,0.00891975
38407462901,0.006797083
38407462902,0.041643325
38407470502,0.12297891
38414505401,0.13423157
38415584401,0.8232649
38415604302,0.054610867
38429880802,0.013460554
38434431002,8.344265e-05
38438583501,0.6001025
38438596901,0.042778194
38438622107,0.18972822
38438622108,0.0003854421
38438859701,0.10150176
38446538201,0.8081903
38446538202,0.23950201
38446538204,0.2859019
38453643001,0.9825001
38460931201,0.0012862909
38482355601,0.98821646
38482944004,0.0042881374
38710796102,0.048573405
38813192401,0.0081829345
38823584501,0.0021042135
38828704701,0.45278153
38882036303,0.05804233
38884523303,0.78845716
38895168402,0.00088450615
38907088401,0.8564486
38915972501,0.47091582
38916880801,0.06441324
38928579101,0.034244224
38928698901,0.0018485694
38936374501,0.25069624
38936728001,0.18780993
38938234801,0.018785765
38943736501,0.46481577
38956470001,0.062203895
38956548103,0.0018395332
38956733003,0.000106976535
38957019601,0.0052574533
38957352702,0.5022121
38957603501,0.17150393
38958027702,0.00030491324
38964397501,0.8079739
38965089503,0.000991695
38966979601,0.61794454
38966979602,0.020036798
38967796901,0.024421927
38967902901,0.048447844
38968293302,0.006763317
38968293303,0.0016358586
38968293304,0.0018323043
38968406001,0.12929593
38968406004,0.009075298
38973327501,0.41029122
38973494601,0.7462832
38974765904,0.0139179425
39008315901,0.34433547
39013742002,0.00013542105
39014207204,0.00015812415
39014902701,0.00021802016
39015054702,0.8208324
39021550001,0.5194031
39021912601,0.014372205
39030588101,0.0665422
39042770302,0.0044361446
39043477701,0.0045268247
39072352903,0.2675611
39081767501,0.92677116
39081767502,0.00018210307
39174454004,0.00018216098
39174526001,0.9580885
39181283901,0.6588437
39188739001,0.0030195024
39188798802,0.020557383
39189425701,0.3051852
39189524202,0.05347785
39190306401,0.9945859
39190306402,0.97862625
39190467002,1.260323e-10
39194988001,0.99871325
39202492501,0.46019623
39202492502,0.593535
39202492503,0.5502694
39270667701,0.33406264
39303086901,0.0004903045
39303285301,0.13679
39308647301,0.8994038
39374762801,0.74493945
39422819607,2.2171818e-05
39422819608,2.4014449e-05
39423379001,0.70472956
39423698105,0.20809577
39424416702,0.21808663
39427900401,0.20797676
39427958702,0.0735526
39428451701,0.8335765
39428451703,0.57966924
39433218702,2.043852e-05
39433576002,0.400741
39434031901,0.9464285
39434190102,0.0048152613
39435605006,0.08548993
39435729401,0.9111483
39445526701,0.011498813
39449001201,0.90595716
39456111901,0.9995838
39456260903,0.0005129178
39456260904,0.00054905977
39456288004,6.349973e-05
39459353002,0.0017608376
39459416901,0.29560837
39459426002,0.061709378
39465795201,0.01239069
39465797201,0.023187593
39466088802,0.01540734
39466131401,0.7119455
39470219102,0.0027816733
39471160506,0.00015372492
39471533201,0.08602324
39471614602,0.00064193516
39472987501,0.9884963
39481226301,0.009131836
39481226302,0.0043935855
39483187602,0.05659088
39491277004,0.07035823
39491558303,0.6631412
39497269002,0.0135338595
39501170604,0.98663867
39506494702,0.090427
39506618601,0.41764432
39551584601,0.99634486
39551599201,0.021860745
39551599202,0.00133443
39574267601,0.06050881
39574626502,0.00047758856
39585561207,0.0470292
39585705301,0.36710593
39603767901,0.9364888
39610664101,0.9924926
39613960703,0.058923475
39614288801,0.47034964
39617007601,0.4923763
39621349201,0.002863077
39621753701,0.0040250174
39624496701,0.7369903
39624770001,0.12349785
39624770002,0.12896197
39625543705,0.054280054
39636522602,0.008671058
39642179302,0.074506804
39646733002,0.033763386
39653739902,0.0013635339
39653945901,0.74082017
39654389101,0.98296297
39664803601,0.16577238
39672022301,0.8909006
39690392701,0.4084112
39690460304,0.007067639
39690628101,0.7440977
39690779201,0.9785936
39703122703,0.0013925941
39703232401,0.7259513
39704082303,0.0021717025
39710897801,0.93631417
39713731901,0.15586996
39716216201,0.36850882
39716261101,0.7981853
39771048501,0.7470391
39781653902,0.0029977364
39790433502,0.012840769
40151315403,0.0071869357
40156111901,0.5056088
40156772201,0.900796
40157397301,0.27595314
40160576206,2.6814192e-05
40160692302,0.009809423
40160803902,0.32733345
40167060701,0.007273095
40167609403,0.013146366
40167800701,0.982643
40172697304,0.0010763429
40177037001,0.7156531
40179595201,0.5248542
40182156702,0.21942845
40183362602,0.17005241
40185908804,0.005328782
40185908805,0.0046168263
40185908806,0.0043247556
40191380301,0.99695516
40191435702,0.68985826
40191608001,0.091898754
40198062401,0.99973935
40198264101,0.17706327
40203032802,0.27046636
40208591104,0.016631154
40208591105,0.059346247
40211128901,0.90615875
40232963101,0.029524669
40245420401,0.15303487
40245490901,0.3067911
40245695801,0.2658044
40245713701,0.20277798
40246341803,0.0017496602
40246930501,0.17456444
40247471401,0.32599917
40247729204,0.019044189
40251280703,0.019195523
40251355701,0.27247256
40251355702,0.18854922
40252725401,0.67007047
40258614101,0.24083509
40258614102,0.010613206
40258624001,0.02929433
40262134301,0.95520747
40262523401,0.524002
40264677607,4.774973e-06
40264910601,0.048782907
40265106901,0.29828456
40267559901,0.0018586805
40270895301,0.8593517
40271028001,0.9920397
40271155502,0.61345583
40271275802,0.0006778527
40271275803,0.0032959979
40271275804,0.0045136916
40274558804,0.36744437
40275905302,0.38038924
40278607005,0.008256164
40279311704,0.42762187
40279502301,0.7398631
40280028803,0.11741776
40280028804,0.16615464
40283749502,1.3793536e-05
40284010606,0.0012006153
40284375204,0.05192497
40284583801,0.049917087
40285466203,0.003280501
40288513001,0.6913765
40292001201,0.008273457
40297013001,0.0015295941
40297079601,0.95319825
40297297201,0.13398688
40301654403,0.0010658134
40301901402,0.043893438
40302986402,0.15282343
40304471502,0.2855548
40304471503,0.10054792
40307506702,0.9762054
40308377501,0.00094804575
40312524701,0.40580392
40313150604,0.019658688
40322650502,0.02754104
40322738202,0.001572544
40332051801,0.00047768786
40332051802,0.06347021
40332088805,0.00034386068
40336436001,0.9144007
40336671602,0.0023908685
40336674402,0.08574667
40336742001,0.0049453247
40351167001,0.32601926
40356794903,0.0034866035
40356857801,0.7788487
40424173901,0.5407694
40434450701,0.00043250705
40437995307,0.0007548927
40441563501,0.5161159
40443166301,0.40865505
40451664502,9.374458e-09
40477056201,0.4507995
40477658205,0.6995739
40477792202,0.020106677
40479715101,0.93833154
40479715103,0.585746
40479778401,0.2075128
40483253101,0.63960683
40484930201,0.024888763
40492766102,0.042246256
40493349302,0.96952003
40493394702,0.39084154
40496996901,0.26981202
40512956003,0.62797076
40512956004,0.67247385
40536444701,0.9321628
40536509601,0.31200767
40536534002,0.003182847
40586283001,0.9879304
40586608902,0.8054673
40593091501,0.5191922
40677452001,0.00044586472
40677452002,0.0002988989
40677811702,2.9444263e-05
40678033801,0.06056295
40678033802,0.25683486
40686161801,0.20724772
40687225301,0.6976956
40687225302,0.16748026
40687484203,0.12374089
40687484204,0.23049174
40694161201,0.99963224
40694554701,0.90854836
40697674601,0.99151635
40704486902,0.32810637
40704635703,0.0002302777
40706490202,0.00025284293
40706644901,0.2613461
40706644902,0.045079187
40706926502,0.1598487
40708997303,6.924836e-05
40708997304,7.466121e-05
40708999001,0.13968258
40712640801,0.999579
40714593901,0.00058844924
40714672301,0.28258288
40714672302,0.00095042726
40714772701,0.014836133
40714772702,0.0014016805
40716436803,0.15167402
40716550905,0.0010441722
40722536701,0.0021906146
40726459701,0.0005253884
40766296101,0.011174601
40766364101,0.11375035
40777226104,0.5588035
40782391702,0.008230843
40788235401,0.16524053
40792533602,0.0007875882
40886781001,0.07039892
40886781002,0.5476585
40886781003,0.18037254
40924801304,0.33405024
40933455502,0.8536755
40933621502,0.012758114
40933862402,0.021354642
40951882603,0.021963382
40951882604,0.072217055
40955715801,0.6454533
40959237601,0.9743784
40964103101,0.026630532
40964252401,0.29333255
40964996801,0.18477504
40970267001,0.14941466
40993433001,0.9947529
41022754501,0.3105483
41025404901,0.51354784
41027154005,5.053123e-13
41027154006,0.1870201
41033956303,0.002153403
41034069502,0.116033286
41035498001,0.025043437
41035498005,0.5419522
41036747405,0.7651685
41037198403,0.8964796
41037253601,0.459005
41037295001,0.24134313
41038901401,0.6828998
41039709901,0.5088603
41039932703,0.99445987
41040227203,0.004088725
41183119203,0.024793303
41197709402,0.33088323
41207084802,0.04726802
41214384201,0.98114747
41215149801,0.10035866
41215312802,0.046694193
41220923901,0.027621154
41221501301,0.9938552
41221648601,0.309236
41246968102,0.0019785257
41247121201,0.9984794
41252873901,0.28534326
41252873902,0.82480806
41265496701,0.1951576
41266024401,0.011891514
41266024402,0.0043789344
41272654501,0.9667286
41272657702,0.26791877
41276125603,0.0011421705
41282055802,0.013878026
41282204902,4.5240926e-05
41829735101,0.52670145
41838209901,0.0016936848
41838748701,0.6591531
41846057901,0.9551542
41846101303,0.13644268
41857611902,0.021463739
41858092502,0.037384678
41858172601,0.071827926
41858172602,0.038892176
41861387703,0.00050458167
41861873001,0.16701767
41861901801,0.8222378
41861901802,0.4433679
41865533301,0.15057282
41871749402,0.003477233
41871749403,0.008895243
41871749404,0.021402141
41872149801,0.013432349
41873617801,0.61654264
42035080401,0.32609382
42042653101,0.8445141
42043377102,0.00032367004
42043742001,0.47034866
42049042902,0.044474404
42056041503,3.002081e-05
42069904001,0.5123849
42069908301,0.014379894
42076165201,0.4167384
42077426501,0.06924398
42090326402,0.019840308
42090366802,0.002374756
42090366803,0.0020442633
42097126803,0.037401192
42097126805,0.21659335
42097878801,0.99303585
42106323301,0.49109983
42106552502,0.003527809
42110746303,0.10746465
42110920401,0.16659309
42116363101,0.039192986
42116363102,0.11873059
42116736602,0.5255615
42116736603,0.7704337
42121534102,0.06680698
42121569001,0.7511625
42122982202,0.856519
42126079703,0.021941928
42128537201,0.042892702
42128750301,0.98709863
42128750303,0.89310116
42213910801,0.018638713
42239316904,0.00987846
42248853201,0.8017885
42248973901,0.007305988
42249840101,0.010245605
42270231501,0.79682326
42270489201,0.9143484
42302184705,0.99200493
42305589402,0.34276465
42305682402,0.0014474092
42326404002,0.72591746
42326506602,0.20796552
42335177004,0.18533076
42335405201,0.95920956
42341997102,0.016212653
42376889604,0.00079791463
42399150903,0.00020041762
42406383901,0.018620124
42406383902,0.76883316
42413015301,0.08267652
42413137802,0.031490546
42413137803,0.027080921
42433038303,0.0015286653
42433038306,0.0004891836
42433553309,0.00015318017
42433757602,0.63639563
42433757603,0.7541754
42436524101,0.7721068
42436524102,0.09319871
42441417101,0.08731035
42462205601,0.38961768
42462384803,0.40503278
42466817601,0.25915208
42466890201,0.8897794
42471677202,0.0468139
42489936001,0.038747728
42495087801,0.9765445
42496104501,0.00096864166
42496104502,0.974392
42499682601,0.5771678
42508321602,0.89182067
42508326401,0.09440564
42508326402,0.19874159
42508326801,0.73522466
42508330901,0.9060232
42508330902,0.93826544
42508330903,0.8029089
42508470201,0.095156364
42563899203,0.23682615
42564154001,0.97946966
42564191201,0.03630554
42565755604,0.002373708
42569676401,0.009977187
42585230101,0.108382486
42585616203,5.9853437e-07
42585719901,0.0020914732
42585780401,0.005146652
42592453401,0.68960285
42592772601,0.7125127
42592772602,0.94104385
42594119402,0.43770924
42594491701,0.50237507
42600631901,0.9892392
42601126401,0.67684585
42602113302,0.00066659006
42602213101,0.61889553
42602343001,0.7830079
42602578401,0.7156479
42602673205,0.010683746
42603247501,0.9937914
42603247502,0.9427612
42606995801,0.0017075276
42607358101,0.8963753
42607708001,0.81587285
42608031001,0.005646535
42608031002,0.012060335
42613004701,0.7090835
42613004702,0.8696237
42613416201,0.0068263165
42613416202,0.0026920123
42613426703,0.024345376
42615621101,0.7272881
42619478302,4.720486e-06
42619871701,0.81412303
42620625801,0.41853264
42620662801,0.27448747
42620731901,0.21486679
42620761301,0.81301934
42622734401,0.7925226
42623123201,0.7390146
42623198601,0.055623278
42623225604,6.941316e-05
42626468401,0.0025571191
42627663706,0.24154207
42628194901,0.16168492
42632054701,0.20924366
42632652201,0.9263759
42632664302,0.032353885
42632664303,0.003835111
42636372802,0.026645493
42640598101,0.4626527
42640639401,0.17226599
42641101301,0.2705436
42642237201,0.22461534
42642237202,0.35145226
42642293306,0.05386628
42642717601,0.6157225
42645301701,0.0122474525
42646326401,0.04482859
42647544001,0.041094586
42648821601,0.029415635
42649244801,0.42476967
42649722501,0.013409771
42649722502,0.018736575
42653178903,0.051410206
42653363502,0.90992296
42654068402,0.00842502
42654118001,0.3225193
42654118002,0.00072497624
42660995204,0.009999194
42670732703,4.592915e-05
42670942501,0.18931219
42670942502,0.1926215
42674755901,0.04756902
42683417301,0.97028416
42683873303,0.004747199
42683873304,0.001569981
42684080001,0.916753
42687311001,0.46434188
42687525301,0.15643975
42687740001,0.9958801
42687740002,0.80125105
42689967402,3.061187e-05
42690423602,0.3363827
42690639601,0.7309693
42696816603,0.02222117
42697573101,0.43392244
42697586601,0.49990615
42701106003,0.028545251
42701366501,0.1174867
42701848601,0.4906441
42703117101,0.8679753
42765949101,0.3772236
42766776601,0.13436155
42766776602,0.107692346
42766777601,0.7802945
42766777604,0.9260063
42908277401,0.97926986
42908330202,0.00078142947
42953053801,0.0050270483
43046925501,0.79774743
43069330902,0.006248544
43069330903,0.0070899012
43070245002,0.25769046
43090883701,0.5449507
43091773401,0.0020985443
43091800701,0.070143245
43109523702,0.59178185
43110001502,0.07683894
43110033204,0.0016199697
43138027802,0.061836664
43138031501,0.10742531
43586902102,0.024156393
44418909901,0.99903286
44419720801,0.55255544
44426887501,0.3463488
44426912601,0.9651491
44426912602,0.008494504
44429859801,0.14879668
44429859802,0.0058932607
44442919301,0.029574854
44447867501,0.00447112
44447867502,0.044420253
44447867503,0.0001890508
44448478801,0.9607346
44460887002,0.04402413
44470145001,0.00055624096
44470145002,0.0008593562
44470229601,0.246407
44478951701,0.01719369
44487724601,0.42743647
44488599901,0.032692052
44492663502,0.0028313717
44500842301,0.020615261
44500842303,0.0034194079
44521244701,0.30515048
44652214201,0.18911967
44652311001,0.76263094
44652311002,0.0038150805
44654990501,0.99088633
44654990503,0.07035017
44667821001,0.035812587
44667821002,0.0056046997
44670309101,0.010692711
44670707001,0.16185799
44670707002,0.14099713
44687160101,0.8467184
44687238601,0.2470629
44687238602,0.0058129383
44688127201,0.8556483
44688628001,0.96901983
44688638401,0.026676731
44688638402,0.13307415
44689810302,0.28519496
44690139001,0.8200583
44690469801,0.5901209
44693121503,0.000504195
44694034304,0.038496166
44695132901,0.6546437
44696551402,6.46505e-05
44697163401,0.557768
44697763001,0.04352672
44698367501,0.002058452
44700446001,0.08653298
44700938001,0.71827835
44700938002,0.0058561075
44700938003,0.15046021
44701434901,0.92733383
44701554601,0.4414385
44701554602,0.84530765
44702119503,0.092331916
44702553803,0.014458166
44702621101,0.78498447
44702652802,0.6190245
44703836302,0.07813208
44704224301,0.77972895
44704498803,0.040888026
44707555104,0.028883697
44708263601,0.002285112
44708803401,0.9672153
44709216403,0.17549741
44709274601,0.8642382
44709430003,0.004593396
44709488305,0.7659187
44709816702,0.029601257
44709820401,0.9854724
44710734905,0.7717533
44711543501,0.4229194
44711543504,0.00023794718
44712681908,0.047695365
44713258101,0.7921112
44713553504,3.2743974e-05
44715555001,0.79529744
44717549601,0.8731718
44717549602,0.6509125
44718654702,0.01590913
44718897901,0.03476599
44718897902,0.023108836
44719328701,0.009416669
44719449903,0.00042961864
44719717002,0.34923524
44719717005,0.14996916
44722257801,0.14858371
44723020901,0.6594989
44723094501,0.2992023
44723132704,6.124833e-05
44726048801,0.97550845
44726323304,0.25029486
44726765301,0.6289247
44729155601,6.558862e-05
44729155602,0.00011601231
44729973001,0.15669844
44732810101,0.17567243
44733814101,0.0016818213
44733814102,0.0023496698
44735038102,0.00035468084
44741999901,0.959538
44742020601,0.92981696
44742396207,0.00014890826
44743060901,0.8787975
44745141201,0.1357853
44748816602,0.0009561174
44750939001,0.04617614
44751113401,0.875814
44753946801,0.99323505
44753980703,0.07251315
44754436203,0.0016307145
44754436204,0.001334051
44754492301,0.018198254
44754492302,0.0029114643
44755787501,0.11278542
44757552104,0.09134809
44758338102,0.021672897
44763165502,0.14056459
44764986406,0.00014195917
44769727501,0.46361893
44770632701,0.17919436
44772555402,0.06522334
44776342402,0.355844
44776342403,0.43902478
45143902603,0.0076430957
45144079601,0.38042808
45144079602,0.3200227
45144079603,0.15250193
45146621203,0.00036305768
45149328902,0.009557402
45149787407,0.038900748
45156410103,0.7874
45159641501,0.9731122
45159641503,0.0007826647
45159952801,0.23788598
45159952802,0.94766456
45160697001,0.99784374
45238853802,0.00041789818
45238853803,0.00046614974
45240743103,0.061613984
45241706301,0.023328383
45241706303,0.10538635
45241984301,0.63273185
45241984302,0.10555669
45243899103,0.02584994
45243899105,0.016772714
45246516203,0.95150304
45248174503,0.014959662
45248174504,0.019857207
45251672904,0.05274002
45251797604,0.0001607331
45252161101,0.0005233668
45252161102,0.00038405665
45253029406,0.0012885405
45253364001,0.0026930838
45263116103,0.029587751
45263126802,0.0069520953
45266583701,0.012620353
45266583702,0.09967677
45268263605,2.4159874e-05
45307990401,0.15267073
45308239401,0.0009846018
45309524703,0.18934998
45310065801,0.9164263
45325995104,0.0003942055
45326020901,0.99752015
45328891907,0.0008066431
45328891908,0.0012968907
45328952901,0.68219405
45425777804,0.0011372956
45436597101,0.43378094
45461038201,0.17378847
45485803202,0.67148054
45491988701,0.8863804
45496183505,0.010015609
45496183506,0.008440638
45651998702,5.719474e-07
45653678201,0.18344623
45654083401,0.008048913
45658861001,0.0020617822
45659278901,0.4541212
45659318702,0.15873787
45659345501,0.90863913
45659366401,0.5248215
45660992902,0.0007218641
45661078401,0.4113717
45662158601,0.5724175
45662172001,0.15586586
45804844402,0.008669711
45805764701,0.9130964
45809116902,3.428521e-05
45809366901,0.10940457
45812493801,0.013570302
45812493802,0.008958409
45827563301,0.0030056206
45827563302,0.004931337
45829078201,0.99306035
46312062701,0.00018770459
46312063801,0.15327746
46313466001,0.18656638
46316435801,0.060545042
46316622601,0.008860989
46316729001,0.9901342
46317022401,0.9742202
46317022402,0.9911601
46321687201,0.0011334388
46322506701,0.103655584
46322712001,0.8620977
46322712002,0.018636007
46325234001,0.017001975
46328355901,0.043013427
46328355902,0.007196612
46339396705,0.28665727
46345068701,0.5257861
46345711601,0.4195484
46345711603,0.32645878
46345711604,0.6277593
46346554101,0.9944165
46352792201,0.9735956
46352792202,0.17293674
46353550101,0.03747744
46353843201,0.9556631
46356805201,0.1696476
46359550501,0.22984232
46373260502,0.7951897
46373446901,0.72542286
46374251601,0.97033554
46377008201,0.59408987
46380770701,0.08362706
46383669101,0.31214204
46383933501,0.9646158
46388414201,0.7226041
46388423001,0.5343212
46392854301,0.77414453
46393241101,0.8363906
46396409001,0.503646
46397544501,0.5870938
46404093701,0.99552673
46404796401,0.98479676
46418100801,0.25870705
46427637101,0.9418108
46427784301,0.47414142
46440584002,0.00015268449
46440790602,0.022911826
46441560101,0.20386189
46442017001,0.9338986
46454776502,0.43629503
46455428302,0.9763892
46455428303,0.4987065
46458300202,0.0002875341
46458427402,0.015976151
46458500501,0.7412166
46458854002,0.00074578903
46458989601,0.15306272
46464121201,0.690857
46499158703,0.5348941
46502411801,0.0075560533
46535453601,0.3815238
46539308501,0.96923304
46543439101,0.78496677
46544621801,0.6399558
46548765001,0.4234054
46552476903,0.025465464
46557304501,0.32994908
46561682601,0.0032166156
46563493603,0.017107567
46564641301,0.99456996
46571187001,0.60187954
46571321001,0.64150786
46571717301,0.81049424
46609661105,0.00014433
46610192702,0.5974192
46616294301,0.0003407095
46616302301,0.87445194
46668164802,0.9752703
46668903301,0.011016954
46790259802,0.25873855
46790437704,0.45416522
46793405201,0.6383159
46815069102,0.609784
46815489501,0.037471704
46817615002,0.0009920567
46817819301,0.004986282
46817859902,0.0033321364
46817970501,0.060140572
46818816101,0.104146995
46821607901,0.0038970788
46821607904,0.012841524
46904638701,0.6808916
46910098202,0.8726501
46915009001,0.115530096
46923312302,0.8994589
46926071001,0.1071011
46926071002,0.054017805
46926566701,0.35868755
46936026401,0.054577634
46940092701,0.010125892
46940092702,0.000604729
46940662901,0.046711672
46944721201,0.88044816
46945129701,0.0940504
46945359502,0.5865501
46945511101,0.7105267
46947713801,0.9937226
46950693501,0.024735605
46955444501,0.6983942
46962027101,0.09267049
46962027102,0.018227091
46962869701,0.96322644
46965740001,0.05199533
46965740002,0.00069673476
46966750801,0.9435256
46969286201,0.05653323
46969286202,0.018558463
46969286203,0.0024854564
46981066301,0.89362764
46981066302,0.6752648
46981179205,0.00028984348
46981268101,0.7065575
46987211805,0.007113146
46987681901,0.0028671157
47009736801,0.73005193
47010240101,0.23299551
47014731301,0.8646378
47018266201,0.0031365901
47018266202,0.00182526
47018874504,0.013305662
47022060603,0.002361209
47022060604,0.0010399951
47029179501,0.91533536
47029179502,0.97420424
47030342001,0.57416993
47032669801,0.95551014
47033668003,0.1822949
51662701404,8.05414e-05
51885366801,0.004084337
52010082501,0.5845225
52202662202,0.021701273
65026564501,0.9980611
65026564502,0.953379
67504743810,0.2552153
67504743812,0.26915753
67791582702,0.1756672
68346032003,0.0064818133
68495592002,0.0006273696
72413093403,4.5011558e-07
72569488401,0.17957689
73227529802,0.884748
73450558101,0.99571735
73450558601,0.9902058
73548785901,0.9587223
73587245602,0.0001306172
73742523802,0.011932445
73748696402,0.34636766
76661994103,3.0834296e-06
76723579601,0.2011407
80510082205,0.000134259
80586147301,0.0011100001
84278066801,0.95892876
90392977207,0.0018577066
100476507001,0.0003742243
110410011101,0.22956687
110410011102,0.0010253574
110477688701,0.0017552866
110677071902,0.997086
110861508102,0.00053514476
110981975701,0.03250239
110986944601,0.74485755
110986946101,0.77659726
120574527203,0.0013712278
120997343501,0.6263607
120997343502,0.001964382
120997348501,0.5914808
120997348502,0.0018201201
121059797201,0.06267976
121339554501,0.610552
121639492401,0.9939084
121900635301,0.98513204
122146990202,0.04444381
122425565905,0.5801957
122455164903,0.04484906
122455164904,0.4777948
123252203301,0.0075467513
123438404601,0.9973361
123438702601,0.9978357
123481032401,0.99700576
123697841106,0.00033056265
131208749307,0.00011954224
131400428901,0.93777
132249398101,0.00048457857
132249398102,0.0005081218
132249398104,0.00031242776
132249403601,0.00047701842
132249403602,0.00049898395
132590012601,0.63867
132631597301,0.06632773
133157972501,0.026166817
133157972502,0.7144443
133160550401,0.0055860076
133194648601,5.6909295e-05
133194648602,0.00010277188
133194648603,0.0003225119
133194648604,0.0006785934
133194648605,0.00053229916
133197258801,0.9570169
133532313901,0.5844774
133532313902,0.001176403
133585607901,0.055127826
133780551201,0.70917356
133780551202,0.01789929
133780552301,0.6478056
133780552302,0.013521965
134135128901,0.7118972
134344670907,0.00400646
134688048801,0.9173134
134694259001,0.8777882
135268414601,3.9797695e-05
135350083301,0.6619068
135440442404,5.676246e-05
140596584402,0.15634403
140599763501,0.97014534
141921455701,0.00015591289
142284626901,0.0015626365
142302019405,0.87892926
142346260801,0.9969382
142346260802,0.0060428223
142395665402,0.6816906
151008818501,0.8668268
151183433907,0.000106678606
151325824001,0.8673007
151391111402,0.0020636548
151535546601,0.9957184
151838430102,0.002604092
152922571201,0.9899631
152922576201,0.98769987
152997674502,1.2982317e-05
153367841801,0.68063194
153367842601,0.612369
154654972401,0.49772763
154666784102,0.0023646767
154720174701,0.9758159
154731732101,0.0025705174
154731732102,0.03405247
155309950301,0.007807721
155614233407,0.0002441403
156720533204,0.1134512
168830672607,7.300883e-05
169108044701,0.0032470482
169142746501,0.0015687661
169142746502,0.000363205
169142747301,0.0012108773
169142747302,0.0003189853
169196215901,0.12167735
169317488301,0.62406075
169322625201,0.15882377
169704564901,0.0022763184
169704566001,0.0012775034
169704566002,0.07955956
169707298701,0.85533696
169868536603,0.94215757
170129211101,0.68457067
170129211501,0.67189956
170244231301,0.00021943067
170244231302,0.0010970938
170342329301,0.9770082
170630724702,0.4116939
181587036301,0.14076932
192238422901,0.5641027
