astro_id,planet_score
146686601,0.745268
146686602,0.6217921
187132401,0.0070098834
187599501,0.91501445
274305901,0.8994882
317876001,0.053110294
317889001,0.0109493965
359579601,0.17924549
359698601,0.82274586
360669601,0.8654185
402988901,0.9924899
403061701,0.010267715
403061702,0.009587531
446702702,0.5172464
447174701,0.16801353
447673901,0.03309226
487162902,0.86559504
487657001,0.19069906
488161201,0.98719484
533697002,0.98892665
575113501,0.12755814
575113503,0.01338442
575563601,0.18194385
575563602,0.58101916
575563603,0.8212755
619318901,0.9934394
619318902,0.6402239
635590404,0.0008454509
639837301,0.41111284
703862601,0.6137919
704333601,0.0069678896
704818901,0.2074177
704818902,0.6797018
748441901,0.76380026
748446301,0.13580376
791546903,0.21493706
791560602,0.22905044
880121802,0.89419997
924306901,0.85999185
924772802,0.0004225821
925236802,0.99844754
967723901,0.010848364
967723902,0.0059136455
967723903,0.024511255
968788801,0.9398712
968788802,0.7990822
969292101,0.9306998
1009597401,0.0026093465
1052573004,0.0010788272
1053441301,0.016953636
1139437301,0.4498837
1139923501,0.9763267
1139923502,0.9565401
1185668201,0.9353276
1317343201,0.24009888
1317833901,0.007297714
1358861002,0.81291854
1358887203,0.24552247
1359346304,0.0074359025
1359459601,0.7149222
1359459603,0.9061229
1404892901,0.7777886
1404892902,0.9430958
1405725501,0.80162054
1405740801,0.016694898
1446659202,0.550424
1447062701,0.4646188
1447567501,0.0072919666
1532995001,0.77179134
1533976301,0.031889398
1534462401,0.7022324
1564162001,0.8513894
1564731001,0.752505
1580072901,0.9573049
1612399801,0.67608386
1612399802,0.6678811
1623657601,0.2808412
1635457001,0.14625539
1636086003,0.0018877818
1643676902,0.0064948387
1658550801,0.9270146
1666082901,0.19418226
1666604501,0.94188464
1711477001,0.99728286
1752487701,0.5948933
1753382302,0.046046294
1797236302,0.05487783
1797258201,0.17364195
1798232703,0.013372725
1798271601,0.62701964
1882728601,0.9822511
1927452702,0.01965118
1927473304,0.9253771
2062751702,0.032177642
2062751703,0.035742596
2062751704,0.021709591
2104670801,0.40419897
2126191108,0.008137802
2126207403,0.024872988
2135589701,0.9993087
2147845102,0.7158113
2169987801,0.021006456
2169987802,0.017572524
2169987803,0.013074142
2169987804,0.0394176
2199901102,0.0020578487
2208947308,0.0013288293
2219374701,0.0061635617
2219719008,0.0003044703
2229403703,0.00041452335
2230620701,0.0051055956
2236170001,0.27307895
2236170603,0.0027769739
2240212202,0.19709969
2240340401,0.57818264
2240340402,0.7093542
2248758202,0.6742699
2249717702,0.09803406
2257561501,0.20496817
2269306501,0.9820216
2278714003,0.39760768
2278733401,0.001690731
2282054001,0.0016447817
2282582301,0.0036359408
2283563801,0.978924
2288145801,0.056665372
2297574702,0.18845272
2298235402,0.010152025
2299118901,0.014738516
2321110901,0.8423466
2325702201,0.5309932
2331537803,0.0005716755
2331839901,0.53659594
2340085901,0.009595224
2340186605,0.0076376866
2349099503,0.2240998
2349156501,0.043165855
2349163301,0.002365606
2349337001,0.90868604
2369119608,0.0009072593
2381892403,0.0032940076
2381892404,0.002074049
2382288001,0.64677817
2382633101,0.58505046
2382633102,0.26737776
2413763403,0.008912074
2414654901,0.9784037
2431354801,0.21329206
2431354802,0.21842045
2431354803,0.22955988
2431486803,0.0044140387
2431486804,0.0025122622
2431674302,0.97370356
2431698501,0.73209363
2431698502,0.42848894
2440905701,0.86796886
2456122501,0.0034549606
2456122502,0.11195287
2469352804,0.0012866003
2498578301,0.8428031
2506398602,2.2296854e-06
2506399902,1.2584014e-08
2511727304,0.0018403592
2515483101,0.00066178915
2515483102,0.0006332461
2519562303,0.0040675104
2543370304,0.5900282
2558658502,0.00030792961
2559088601,0.029824032
2559088602,0.11879958
2559934101,0.9678629
2560054501,0.8443551
2572286603,0.0012012977
2573502001,0.95466894
2585953003,0.8909948
2587869801,0.08623339
2598839001,0.8153395
2629696301,0.029264204
2630201102,0.1220076
2633388402,0.010182754
2668310702,0.00015947157
2670173501,0.9816589
2670932602,0.031852543
2670998901,0.15940411
2711759301,0.99477273
2712677601,0.0038168784
2712677602,0.003098608
2755211904,0.0006181035
2755686901,0.99512947
2755720001,0.0016155777
2755720002,0.0011920934
2795010701,0.0029945858
2795010702,0.0034486894
2813740001,0.14822602
2813962203,0.0017456564
2813962204,0.009627373
2845569801,0.97566515
2846479102,0.4479626
2850953202,0.17136563
2852637903,0.13639931
2860940301,0.9579673
2860940302,0.02424479
2884064201,0.0068493127
2884064202,0.17798388
2885271803,0.50463045
2885606601,0.06789554
2898001102,0.02143775
2931001401,0.0020846713
2973159301,0.57739496
2973919907,0.0008718507
2978129201,0.963206
2978129202,0.99866176
2982926503,0.0062407996
2983350401,2.1406071e-05
2983448601,5.3476582e-05
2998401401,0.93950564
2998413101,0.48981106
2998413102,0.20214126
2998680801,0.89775074
3003143901,0.18101719
3014114101,0.87395924
3014130801,0.026571352
3014155401,0.20473121
3014626201,0.97672325
3014666201,0.0032781826
3018949201,0.013519621
3018949202,0.008080292
3019337302,0.061483417
3026816802,0.9644221
3031174902,0.5937223
3031368202,0.015733501
3031428201,0.68075967
3046805201,0.6865065
3046945402,0.0009073952
3053489302,0.3449114
3055760803,0.00074620545
3058004502,0.543902
3058007201,0.939558
3063992801,0.052724812
3071881101,0.20210594
3071881103,0.18117413
3071881104,0.3077766
3102001301,0.49125963
3103558401,0.9893143
3103575802,0.461955
3110540201,0.5747565
3110540202,0.7029719
3110603901,0.75856656
3111950501,0.0049319654
3119795201,0.7014754
3120236902,0.00012152097
3132119001,0.97794956
3132142001,0.205494
3133342702,0.6155659
3140936101,0.035817783
3141154101,0.0
3141154102,0.8640936
3142064902,0.024375064
3157252801,0.33411488
3167063202,0.11699526
3175297102,0.0008012332
3176004601,0.969002
3179612006,0.1998976
3179929603,0.04974395
3179929604,0.17830856
3185258505,0.67239547
3185298001,0.9972185
3185298002,0.99896204
3187201101,0.19297825
3194381902,0.9298568
3194575303,0.0009771183
3203463001,0.4927859
3203463003,0.3697338
3213709901,0.003482292
3222460802,0.0014545465
3231889301,0.122213826
3232159104,0.0014440232
3232441901,0.99563134
3234812501,0.04236676
3245705601,0.092394374
3246227701,0.717673
3256908001,0.011235771
3268340304,0.0024277887
3268340307,0.011703424
3269099802,0.0008633589
3269552901,0.0069814934
3269552902,0.9835345
3269953802,0.0012299154
3276522401,0.16637814
3276533002,0.029660726
3276533004,0.6728466
3280637501,0.808593
3280637502,0.41758442
3307649701,0.23717064
3318030301,0.20492685
3318466001,0.80350214
3318512401,0.010360081
3334199001,0.9893941
3335085001,0.0024872597
3335085002,0.022353334
3353118201,0.9148403
3362798301,0.99520075
3363285304,0.4190677
3364330102,0.00460417
3370676108,0.07226049
3371460301,0.4381191
3373201704,0.001131531
3377092703,0.39939725
3383635903,0.1733407
3384068301,0.9883084
3390475201,0.6237249
3390701001,0.96983904
3391691903,0.0016600984
3392745901,0.92117304
3393136902,0.00018455606
3393383702,0.214088
3399912401,0.19975257
3400905505,0.73499745
3411844501,0.6648269
3417332101,0.0076553547
3417332102,0.0038810726
3424745501,0.049615666
3434489003,0.0023777098
3434489004,0.0024106759
3434489005,0.96576434
3434667601,0.077071995
3441905501,0.04718219
3441973601,0.080394626
3441973602,0.28599727
3442555603,0.009239435
3442733801,0.90054876
3447794201,0.37132075
3448817501,0.103201084
3448817502,0.0148391435
3448820401,0.59089625
3453778701,0.9374488
3467188601,0.92577106
3488902701,0.79886
3489887102,0.036187522
3492120601,0.648594
3492623801,0.5706646
3505074004,0.43232447
3515144901,0.018378882
3515201401,0.9410195
3515201403,0.51189643
3515201404,0.7126695
3528137002,0.19603193
3531535801,0.99004096
3531545301,0.9865102
3531545302,0.1997466
3539425602,0.0229642
3561454202,0.01304207
3561454203,0.048351884
3563221601,0.37017667
3573729201,0.9188157
3577053401,0.0026086878
3577053402,0.5430326
3577053403,0.006442673
3577105201,0.7721054
3587746301,0.018359238
3587746302,0.0084485775
3599902601,0.16306825
3599902602,0.09817284
3627371304,0.36387688
3659498501,0.9383423
3659548101,0.80239314
3666336101,0.9614391
3666450101,0.793063
3666450106,0.39086318
3676842402,0.9385325
3677387808,0.0023759615
3692332901,0.9320534
3692332902,0.6408145
3704799301,0.97848684
3705786301,0.08976594
3706298501,0.2945183
3706298502,0.019922268
3719507701,0.9903502
3785931001,0.4081416
3789267501,0.7862083
3823037501,0.94965374
3823424101,0.894164
3831648301,7.592816e-05
3831648302,5.6246045e-05
3831650501,0.84750056
3831669101,0.00025614502
3831669102,0.00028304668
3832537201,0.0102041075
3832537202,0.0017994082
3832537204,0.9136259
3836271401,0.016202707
3842383401,0.9899748
3848340502,0.0061624264
3848340503,0.009630224
3857102001,0.99909616
3857190802,0.08976822
3860367301,0.94925755
3871032102,0.536707
3872898902,0.68157935
3872898904,0.25854748
3874032101,0.7539832
3874509601,0.33337206
3875475301,0.6949754
3875475302,0.62801987
3899057102,0.7495797
3947803802,0.05132341
3960490901,0.9627112
3960825001,0.23015364
3964510301,0.050896987
3964510302,0.990915
3964580201,0.8461281
3964596201,0.0036636244
3964596202,0.003492499
3964596203,0.01601025
3964598901,0.002545384
3964598902,0.0049157515
3964598903,0.011105541
3964599101,0.007125358
3964599102,0.045068674
3964599103,0.013403437
3964866401,0.00018973356
3964866402,0.00013055753
3964866403,0.00020835623
3965453201,0.0009387099
3965453202,0.0037079179
3965453203,0.001279952
3965926901,0.0013700187
3965926902,0.013247556
3965926903,0.0027949444
3985732201,0.18843246
3985850701,0.99570775
4002980201,0.06833252
4002980202,0.092782415
4006122601,0.9141481
4007664701,0.0117535
4007664702,0.016117327
4015435201,0.57689905
4024771902,0.8876268
4049614402,0.50442123
4049614403,0.33651742
4049639801,0.0012166072
4053529007,0.00043444993
4053530302,0.106480256
4054021301,0.4521459
4054091401,0.4400689
4054569402,0.971429
4071509102,0.11683171
4071736501,0.95388794
4071736502,0.90882456
4074927402,0.99152035
4079750401,0.0051935175
4079750402,0.7496786
4079755502,0.047199525
4087813603,0.74299395
4090461902,0.010204769
4092452401,0.9849991
4092541804,0.0022559525
4097449901,0.057967715
4097584204,0.0013508061
4097584205,0.0030433696
4097584207,0.0022075905
4101147101,0.5386201
4103172102,0.005750425
4103282404,0.00069415994
4123125201,0.008193154
4123917001,0.37275353
4124707301,0.62994254
4133885201,0.026408516
4135932601,0.49484766
4138586402,0.00036060752
4150732601,0.25892502
4150874601,0.99488825
4159045304,0.049450748
4162249605,0.0016594033
4162577901,0.30211133
4163071201,0.00043020115
4163071202,0.01706653
4194266004,0.16764589
4195029201,0.887401
4203595801,0.8620709
4204477601,0.0053969733
4204477602,0.011671047
4214979601,0.8555025
4221337001,0.024587758
4221337004,0.109495334
4242423301,0.0005992297
4242423302,0.0005340302
4242492204,0.0010380247
4252370002,0.018962538
4265744501,0.990695
4265744601,0.9972722
4266274701,0.38304105
4267727901,0.745648
4268151601,0.96586734
4268548501,0.053319734
4276855001,0.30368063
4277788301,0.16446169
4277788302,0.0057307696
4317398502,0.334091
4317398504,0.05118993
4318622401,0.60146815
4351491201,0.024680598
4351491203,0.0030981668
4351502401,0.88614583
4351502402,0.93980825
4351985201,0.004870554
4354192602,0.005859024
4369702502,0.06896142
4392689601,0.05017966
4392689602,0.3040074
4392938201,0.5751741
4397781501,0.9784813
4397827401,0.11141892
4420128402,0.17961498
4432802502,0.087291226
4439556002,0.32206085
4440082102,0.957048
4447659308,0.00064595795
4448257801,0.08995518
4448257802,0.004957944
4448257803,0.025354141
4459765301,0.27998278
4471851601,0.014510378
4472600001,0.86400986
4480103301,0.9984571
4483827501,0.93789834
4526160001,0.99523336
4526160002,0.9445596
4526169201,0.9901753
4526646101,0.22735791
4527133503,0.61751384
4534806301,0.0052880887
4570121102,0.87142843
4570163001,0.037102792
4614313301,0.075321145
4652070001,0.20158885
4654144401,0.7156133
4654993101,0.14314507
4665897205,0.5067635
4666292102,0.09515579
4714868201,0.00017937417
4715124501,0.1570648
4715124502,0.44210455
4740221401,0.9662822
4740233701,0.951562
4740749901,0.29599097
4741205501,0.98802954
4741205502,0.97284883
4741205701,0.14568803
4741205702,0.5013556
4828220101,0.9025156
4828220103,0.10868358
4828273601,0.9359698
4829203002,0.004027468
4870279902,0.0070665837
4870344602,0.0010523158
4871280601,0.58320665
4897900502,0.00013935102
4905823102,0.0008483206
4905823103,0.000800391
4905977201,0.4361809
4912648805,0.07739349
4912648806,0.0021164077
4913506001,0.7385451
4913793601,0.8655863
4921874606,0.005774402
4929679601,0.0017092024
4929679602,0.0015806891
4939022301,0.9319073
4939990902,0.049981307
4953460001,0.0009198747
4953460002,0.0012116919
4954065603,0.011649918
4954066306,0.002886786
4954140202,0.008352372
4957545301,0.87266475
5001067201,0.11815489
5001068901,0.052473985
5001102201,0.16741805
5001765202,0.64197797
5030995301,0.6509923
5030995302,0.883326
5037787401,0.66221666
5042097601,0.8238605
5085962001,0.03917185
5085962003,0.023306524
5128835901,0.39834473
5171914801,0.12214856
5257763902,0.0016885839
5344625701,0.029724997
5431124201,0.019917158
5432059804,0.003503046
5502166501,0.81678253
5502186202,0.008187096
5515505102,0.031663764
5516463201,0.04576878
5516463202,0.14074406
5518119901,0.32073897
5527110401,0.55088556
5527226202,0.9706158
5545249501,0.7623084
5545250301,0.083175376
5545426902,0.007260246
5545507402,0.012921704
5547289901,0.91196173
5547289902,0.5072832
5547432903,0.020209067
5549728103,0.00076934986
5562237201,0.7258801
5565278504,0.02973484
5570770602,0.017490773
5574626201,0.9299875
5575808301,0.9492728
5575899202,6.5811624e-24
5584894004,0.003310529
5591586001,0.9106762
5593112503,0.008646797
5600446501,0.9186039
5626985801,0.06301573
5627065601,0.009098776
5627482401,0.0059207203
5634727201,0.95505184
5643788502,0.63725364
5643825301,0.74339825
5649444901,0.014628452
5659416702,0.00088133087
5659617704,0.003819757
5661352407,0.0009564158
5670177604,0.024489364
5673306902,0.64765644
5677316201,0.8867994
5686364903,0.0270569
5686364905,0.007577425
5686448101,0.00204654
5686939601,0.073392086
5686939602,0.011052363
5692699102,0.0002979438
5701501301,0.19690202
5701501302,0.33168432
5701929301,0.009765088
5709587101,0.74138296
5711132401,0.11376435
5711205901,0.98026925
5712239104,0.16694205
5721670401,0.0021407746
5721670402,0.012104124
5723846602,0.04097264
5724783701,0.8489799
5727492901,0.47478083
5738102001,0.86740243
5741840401,0.0074720443
5741840402,0.007921853
5741840403,0.0037640943
5741840404,0.008317045
5754904201,0.9804936
5769526201,0.10873322
5774550401,0.61159706
5777786802,0.79883045
5784683004,0.6874318
5784944902,0.61192715
5800167503,0.97255725
5800281702,0.897209
5805734802,0.0050617335
5806463601,0.08641132
5813672601,0.024543205
5813672602,0.012227474
5814217001,0.9078807
5814217002,0.095976934
5815915803,0.0006461045
5815915804,0.00094792753
5825911002,0.8114264
5837485301,0.033121537
5837485302,0.025510551
5837485303,0.50988203
5852494403,0.43806446
5857455101,0.00060878776
5865628302,0.28407425
5865628303,0.6616749
5865628304,0.6776534
5866378902,0.3395606
5876996601,0.8997624
5887774601,0.12104542
5887988502,0.9665527
5888902201,0.8648872
5897340001,0.31260762
5905570003,0.90895605
5906064602,0.00035632733
5906076703,9.347004e-05
5907142001,0.9266043
5941366101,0.9681866
5943297001,0.99477625
5944023101,0.9776292
5944023102,0.46272168
5944753601,0.8573236
5955473401,0.9134719
5955473402,0.7009514
5956030402,0.008779686
5956983603,0.0007699048
5965996401,0.54985356
5965996402,0.4940697
5966774301,0.038427632
5970269802,0.016496263
5978675402,0.65148044
5979358401,0.55200857
5982349401,0.10930046
5991614302,0.03665866
5997905301,0.56565285
5998056201,0.44392225
6007267401,0.65715563
6008380201,0.018805973
6008963601,0.9517223
6008963602,0.504042
6008963603,0.7403019
6015938604,0.0027136004
6016002901,0.0012123106
6016002902,0.00119516
6016700601,0.88404953
6016802201,0.020961376
6026872001,0.21627863
6027718501,0.32360855
6028377003,0.63361907
6030946801,0.4636313
6035637701,0.7671916
6036742901,0.000797356
6036869001,0.03359265
6042874501,0.5695747
6043004303,0.00097488513
6043004304,0.0039316565
6043375501,0.0008964595
6043375502,0.0007617215
6043909904,0.0013758454
6046288601,0.08846361
6053017901,0.015341822
6053541501,0.012449095
6053818401,0.9868998
6062971701,0.0043645375
6069763601,0.9104852
6074889101,0.01976779
6082305101,0.025077993
6089059903,0.014086938
6089158202,0.014780652
6119174502,0.28480327
6144129701,0.2197112
6154771403,0.20314667
6154771404,0.12227026
6155090501,0.004666303
6165397403,0.0218785
6165653403,0.023074394
6165653405,0.01589608
6178654902,0.15720831
6180657801,0.0808141
6180805201,0.619401
6180805202,0.9689183
6192574301,0.008986719
6192574302,0.0037814707
6215724701,0.96775424
6217415803,0.3929791
6228904502,0.6413209
6241089002,0.02807036
6241093102,0.7358219
6241590201,0.8362867
6242032601,0.076429226
6253595402,0.0003611265
6253595403,0.0018147738
6253971902,0.0020650437
6254246401,0.07891612
6254246402,0.032805897
6261133301,0.90372455
6261323802,0.030023035
6265521202,0.1684379
6272611201,0.89038146
6272665702,0.607695
6279045202,0.6003777
6280378905,0.07563865
6280674301,0.9487662
6280856501,0.34728533
6288299303,0.0021517007
6288299304,0.0015908293
6291912801,0.0018785469
6299101801,0.44511625
6302337203,0.46314174
6302404701,0.96698415
6308923801,0.14943421
6309331503,0.0008826062
6309331505,0.00026459273
6313590502,0.80367243
6313914303,0.9585844
6318435402,0.37280774
6318435404,0.48205885
6324683401,0.9610078
6326181102,0.98556256
6327267202,0.00075541285
6332963401,0.76198345
6340819502,0.97299844
6341634501,0.6268558
6351354601,2.2708304e-05
6352203501,0.0004457705
6352203502,0.0017201675
6352379501,0.91241187
6359069701,0.016155893
6359214001,0.004280632
6361511001,0.02523829
6361919203,0.8196485
6368632901,0.34685144
6368776201,0.29811418
6376477803,0.0044105146
6376804901,0.016886994
6376807501,0.008026424
6376807502,0.020862002
6387572703,0.00090562477
6387572704,0.0028570895
6387866702,0.19314595
6387966304,0.75214285
6399136702,0.0044398373
6399459503,0.06157758
6412380401,0.10522548
6424210504,0.13070919
6434460401,0.16925626
6435212501,0.054012693
6435212502,0.28146672
6485866101,0.001597806
6485866102,0.0018136437
6485866103,0.0013816904
6485866104,0.023889285
6485866105,0.17321643
6485866106,0.04797965
6525380401,0.76241195
6538582002,0.3293178
6586048304,0.008013102
7375361601,0.53693944
7375607502,0.18465494
7392507002,0.0051554795
7392507002,0.0051607625
7427155401,0.005590335
7427155407,0.9444779
7434621201,0.022794768
7434621201,0.022794768
7434621202,0.0013345339
7434621202,0.0013345339
7443700003,0.007082983
7451108101,0.0035493562
7451922401,0.02282967
7459694901,0.073219776
7459694902,0.073773146
7482930601,0.02205403
7507619201,0.6834176
7516057103,0.005966826
7522371801,0.94333
7530608901,0.05466285
7530702201,0.46530494
7538565803,0.006464293
7538725301,0.77665234
7538917601,0.20185691
7539189001,0.6915346
7546329201,0.530197
7561012505,0.00041279625
7568374001,0.96800864
7568374001,0.9682596
7575508203,0.0091002025
7575571607,0.0026242544
7591712304,0.2602082
7600180003,0.9472856
7605870901,0.31754568
7606518401,0.66628724
7606562302,0.9164556
7606612701,0.87287825
7606666902,0.69183314
7617356301,0.11756959
7631539701,0.9754033
7631618801,0.13427
7631618802,0.015176842
7638650802,0.85391134
7639159901,0.38321018
7639303301,0.8921115
7639303302,0.9268636
7644614602,0.00883568
7644614603,0.04586741
7644614604,0.041580454
7661644001,0.6695141
7675873301,0.54295605
7675873303,0.0047281287
7676218301,0.2779789
7676567601,0.034111664
7689270401,0.21768706
7689270402,0.33311903
7792450201,0.98247874
7824594601,0.98979306
7837460901,0.02218384
7875409802,0.16310352
7875903801,0.122791916
7912466701,0.009843642
7912507701,0.99013513
7912545601,0.048630193
7913292301,0.005943941
7926475902,0.2836899
7960579101,0.99882966
7971252002,0.46367976
7982089001,0.8499231
8004746701,0.44234675
8004867004,0.9739358
8324325901,0.82665384
8359092201,0.9021021
8382728801,0.8831086
8391827801,0.88247615
8463689001,0.26135996
8464525501,0.91912717
8474543001,0.9599835
8474787203,0.9835684
8475697403,0.0008222976
8475836301,0.0024595084
8500576401,0.039975602
8501067001,0.749561
8512562301,0.8555917
8535969701,0.1393532
8535969702,0.266124
8536160701,0.72062355
8557710801,0.2559361
8563941501,0.008106821
8564200602,0.034060247
8564269102,0.00048193414
8576045202,0.0001365148
8585618401,0.27969474
8585618402,0.7098279
8592489001,0.90290844
8602080602,0.0071573597
8603125301,0.0028004714
8625205701,0.067681886
8625205702,0.8420356
8625492902,0.0010153753
8632462302,0.45697817
8633423501,0.9686951
8633435102,0.32946256
8651144702,0.0016633688
8652128901,0.7133431
8663328001,0.38172868
8688852701,0.19027992
8688852702,0.025435686
8705532001,0.20422639
8705793603,0.04706879
8705793605,0.8513045
8716784101,0.1977481
8716784103,0.5667074
8726694203,0.010736096
8733387901,0.94591254
8754358902,0.2344181
8778408101,0.34418148
8788823901,0.5300818
8789967903,0.0010522559
8823309601,0.77589196
8833986501,0.94928175
8851497101,0.2538304
8851956101,0.18325046
8852008701,0.044994753
8852189402,0.040660664
8861191602,0.0007882845
8881178201,0.98991793
8898627501,0.92586374
8898627502,0.6431658
8905393404,0.031907886
8905697201,0.020070015
8905697202,0.0051512136
8913706803,0.0008161253
8914097501,0.29880974
8924303201,0.98556817
8924303202,0.88849175
8925222504,0.1327122
8925357001,0.17059037
8930756502,0.038821097
8931838602,0.62319255
8941135101,0.4786563
8942065601,0.06597102
8956699101,0.8076025
8957784501,0.15011604
8957784502,0.013833356
8965832101,0.9863333
8974209201,0.6967606
8980662303,0.0037014913
8981040401,0.0046925163
8981040402,0.0017605253
8991306903,0.0031252457
8996784601,0.9296826
8997116301,0.62917876
9008303701,0.9966673
9008303702,0.07266146
9016544001,0.8390036
9022828902,0.008723144
9022853401,0.10311054
9022878501,0.94819564
9022890901,0.025716279
9023643801,0.9276343
9041772101,0.96083736
9042252402,0.18357308
9048609101,0.20307016
9049168001,0.020319844
9065882101,0.26884493
9066105801,0.16167441
9066127701,0.116982944
9066386302,0.23710023
9071694402,0.12210114
9073074701,0.0014310197
9081432501,0.85594213
9081838502,0.8600677
9099943601,0.9698108
9100943301,0.2806447
9107170701,0.2372985
9107893601,0.8555979
9114721801,0.94479746
9124466901,0.9820373
9131653602,0.04389419
9131653604,0.2041497
9132419502,0.21333644
9141025802,0.033375975
9141026002,0.054445077
9141422303,0.00034706044
9475348801,0.8463152
9475628901,0.85800725
9509231003,0.021550272
9517431301,0.6550954
9518324401,0.0054633133
9570260101,0.0032544492
9571788104,0.06954207
9572072601,0.94268364
9580433902,0.33187875
9580511005,0.07657336
9581394501,0.029062605
9584949203,0.008239543
9603923601,0.98393446
9647563801,0.99553394
9654057203,0.01618054
9681050603,0.015003414
9681868001,0.12381452
9688924805,0.36706007
9708044101,0.09956021
9708421301,0.46843892
9710542301,0.015653988
9710542302,0.054448195
9729263202,0.025549795
9729640903,0.0021179672
9769165301,0.8774748
9776252401,0.0011617102
9776699301,0.92926025
9788835703,0.93711174
9790248301,0.92942744
9799135801,0.8378999
9831842503,0.016502006
9831864401,0.6157106
10019081801,0.7178287
10019140201,0.80814296
10030598401,8.0462574e-05
10030598402,5.4761458e-05
10031003601,0.007336143
10056971004,0.039164156
10057104001,0.8512567
10057104002,0.1678259
10058843802,0.8463002
10058843804,0.008284516
10068997301,0.039592683
10069995501,0.98700964
10094739503,0.64412504
10094763201,0.0016739178
10094797703,0.0031261644
10095808402,0.120598316
10095843301,0.91922224
10096215701,0.017945591
10096417101,0.29960534
10108020001,0.15458257
10108283401,0.0018644595
10119610201,0.01333895
10119610202,0.004389281
10132909501,1.1133105e-05
10148655101,0.27236032
10161078302,0.98158735
10161080704,0.99133074
10186375301,0.33775482
10186596501,0.49563462
10199039201,0.97727704
10212986001,0.0133733265
10224618801,0.8543995
10224618802,0.31963468
10224901702,0.8020324
10263813202,0.12907572
10264287001,0.0011006291
10264316301,0.0007198649
10264348201,0.014127865
10274366302,9.161198e-05
10314524801,0.23205814
10325796706,0.0014449655
10353132902,2.2241675e-09
10364895801,0.987277
10376367904,0.22732235
10376397901,0.010537749
10390531901,0.109648906
10413925202,0.014185497
10427433001,0.056506295
10441934105,0.0006730848
10479034102,0.8965239
10480383401,0.024131846
10480383402,0.17950518
10493181301,0.8429819
10518842403,0.89490664
10519098404,0.7383343
10529676301,0.0068782596
10529676302,0.041764908
10568487504,0.8869409
10837497602,0.0036249412
10837842705,0.00039913543
10859048002,0.4056826
10884591901,0.22137721
10886092801,0.002754852
10886419901,0.0011570739
10886419902,0.0017978739
10898348201,0.8422945
10898348202,0.99051076
10937635604,7.613635e-05
10938015501,0.24842696
10938019301,0.15716763
10949837601,0.4419684
10950331601,0.86380625
10963396401,0.971007
10987510902,0.15983981
11001893001,0.0060182046
11035433901,0.039647106
11054170402,0.48946095
11061602801,0.00031890522
11062190401,0.91700673
11062805303,0.1452741
11062805304,0.11025427
11075892603,0.002121583
11087920102,0.02518357
11102317801,0.94917303
11102719501,0.1849596
11126632602,0.151708
11140384101,0.9626381
11144934701,0.037479784
11144934702,0.020996807
11150781601,0.79299814
11157210001,0.6326189
11162241502,0.45662138
11172093002,0.017722998
11172279402,0.39929566
11172279403,0.21268073
11175985301,0.8422079
11176276901,0.16125908
11177023101,0.2589856
11177053903,0.74132085
11184523001,0.8140303
11188722501,0.97121406
11188877204,0.053223807
11188897502,0.012031528
11196832301,0.43979737
11208954303,0.00045957568
11221303101,0.69154716
11226066102,0.34132236
11226298602,0.094768494
11237798102,0.02557158
11257430701,0.03487822
11257592301,0.83425635
11257820204,0.018130343
11257820206,0.015525052
11258650602,0.001027885
11278457201,0.82020104
11289868301,0.5833706
11289874802,0.15878707
11316068701,0.07182113
11316097901,0.75936776
11326728502,0.029653028
11326728503,0.017311726
11339655703,0.7171345
11341112002,0.84819186
11351159103,0.32541624
11376871801,0.9615577
11376871802,0.89150715
11390038802,0.058485493
11413054201,0.00048545812
11413054202,0.0008911355
11413963201,0.9952055
11413963202,0.05439799
11426827002,0.04792112
11793527401,0.44105864
11801117801,0.09764693
11801536001,0.109236374
11801607802,0.16648844
11805993502,0.007907956
11813989304,0.029451843
11813989305,0.08934788
11813989306,0.01461518
11814710701,0.0022976503
11819609403,0.0014366369
11819664401,0.6426132
11819664404,0.41925502
11819770903,0.00075509783
11819824801,0.45359924
11820008001,0.0019964683
11828042701,0.84689623
11832157008,5.482907e-05
11832289607,0.9461533
11843969002,0.00028945875
11853010701,0.78402704
11866683301,0.9786137
11879817401,0.04470699
11892274901,0.69314
11898109002,0.019722369
11904677202,0.19565488
11921955101,0.41262186
11922271301,0.10633594
11922514501,0.2784796
11933439101,0.8942948
11938562501,0.7647925
11938810101,0.97372025
11950168708,0.041283548
11950621401,0.25208116
11956086701,0.9835137
11962420701,0.0046660705
11967724601,0.83215183
11987903601,0.64022225
11997553101,0.56945795
11998011201,0.9977266
11998113401,0.13435669
12027622801,0.4618353
12028115501,0.97545797
12034182301,0.7135766
12039326410,0.0147262635
12039326411,0.003992763
12039326407,0.0022293562
12039326408,0.0066660815
12039326409,0.09625219
12039513701,0.24297625
12039513702,0.6354884
12039720501,0.40711156
12039721702,0.0045620706
12040021401,0.09175478
12061103001,0.50905246
12061103002,0.77253973
12081715301,0.018044038
12081715302,0.37869033
12093407101,0.0106198415
12093761601,0.20952438
12094161401,0.99027854
12113719101,0.00041571507
12145433301,0.14211954
12158637201,0.9788624
12167517401,0.9973809
12200275401,0.6639198
12200597701,0.13937232
12200666501,0.9916509
12220988502,0.7666707
12242476801,0.011585451
12243213301,0.9555718
12253794801,0.9521433
12264264401,0.9941332
12285400501,0.9311456
12317287902,0.020357717
12339813301,0.93490833
12350845102,0.0033797573
12381617802,0.02039951
12390795801,0.3535958
12390866501,0.7904058
12391973001,0.006078495
12426094001,0.88431674
12426405501,0.85214686
12426405502,0.96815497
12426436303,7.286813e-05
12458398501,0.63010246
12459356401,0.81355554
12459356402,0.2855456
12479663401,0.79714894
12489976901,0.98776186
12510041603,0.00065987464
12510943101,0.9590808
12522039801,0.08205813
12522220604,0.03171432
12522220605,0.022181625
12522821001,0.8780292
12533032001,0.1396919
12533039501,0.9292612
12546033301,0.0006773957
12553900602,0.0012573175
12553900604,0.0043956847
12553921701,0.0008170479
12565600201,0.2645222
12565956701,0.5900268
12565956702,0.032859903
12576085101,0.008538761
12596876401,0.025378702
12606428601,0.98500615
12606499301,0.3530882
12607327902,0.005349903
12607799201,0.87546915
12607810001,0.4693834
12630682801,0.44080225
12639315001,0.9147958
12656178701,0.90560204
14059590301,0.13919069
14068744601,1.5676425e-06
14079745901,0.00017103659
14093858001,0.9688201
14094049302,0.00054412
14128126001,0.1386596
14128126002,0.72192436
14133479301,0.01612451
14141282301,0.9933216
14143575801,1.1500078e-05
14147252101,0.014426571
14148039401,0.07633961
14148238601,0.71325594
14148498103,0.0015703035
14171216701,0.9474644
14175278701,0.55565566
14175577002,0.0041191857
14177059201,0.6216846
14180659802,0.011128661
14181146904,0.0004119588
14182800702,0.0300496
14186670401,0.00053076213
14186670402,0.0012092941
14187156903,0.00012624232
14208293201,0.0064281663
14210530801,0.00811705
14210918504,0.13564757
14214784903,0.00418311
14214784904,0.008967997
14214822801,0.87261504
14214871202,0.80202216
14785851101,0.9703193
14787355302,0.037708502
14884825503,0.00044393513
14910260201,0.15419671
14910260202,0.20121713
14917608001,0.14067823
14917608002,0.1479412
14917608003,0.19444525
14919080201,0.012316295
14919514302,0.56885415
14922069301,0.21979253
14927061301,0.10230798
14927436702,0.47894067
14930274401,0.9977831
14930274402,0.99864227
14930817504,0.0071815047
14934986701,0.99934715
14934986702,0.99908054
14934986703,0.80767673
14939257402,0.86310554
14944716001,7.067334e-21
14944716002,1.5780559e-08
14949842501,0.0005223084
14949842502,0.0012198215
14987370902,0.01731144
14993094602,0.0029231024
15003020501,0.9993074
15003020502,0.9988525
15009886001,0.9985316
15010147201,0.3607379
15015126201,0.99871683
15015126202,0.99829286
15020394201,0.0744208
15030038803,0.00060352957
15032061002,8.5719554e-10
15042980702,0.016279992
15044304601,0.034441743
15051620201,0.99185
15052358402,0.008391075
15063635601,0.02622523
15063635602,0.12754464
15071886401,0.0753224
15086376801,0.65566194
15088003801,0.7751115
15104739403,0.0289112
15105371901,0.47132745
15118385001,0.004859906
15118864503,0.17751719
15120148501,0.91805327
15129820905,0.012287951
15138784001,0.56277806
15138832401,0.0067411903
15138832402,0.036799043
15153447503,0.0005238487
15160209601,0.116945006
15169357402,0.0003233301
15170787001,0.66927004
15212279301,0.021553345
15212279302,0.0020651245
15226473702,0.9913829
15235037301,0.78615516
15235037302,0.09200818
15245720301,0.50115144
15254053806,0.004698847
15254053807,0.0011253048
15254317001,0.9353461
15254700601,0.0056972234
15262595501,0.8351267
15266038501,0.20373014
15289652401,0.6064148
15289903601,0.28033882
15290875301,0.004965235
15290875302,0.026578946
15290889701,0.00031188663
15290889702,0.0033116308
15290889703,0.0018101413
15301725001,0.9250793
15345478201,0.6431103
15366956901,0.41606286
15419006804,0.00033867094
15419966501,0.24472028
15437834606,0.0031554692
15439316701,0.94923747
15439316702,0.75335217
15439658101,0.0031570026
15439658102,0.0020006893
15439674601,0.008314258
15439674602,0.0053955503
15451417007,0.0023822726
15452472302,0.16972797
15518488001,0.7054403
15518514202,0.07929376
15518514205,0.19574247
15518987401,0.4479951
15528599301,0.0038728148
15528599303,0.002979287
15528612101,0.06148082
15538521202,0.1595684
15551479802,0.00038729428
15562018704,0.8839183
15562018706,0.63763076
15622784802,0.028411536
15622784804,0.05326098
15622784805,0.9889213
15622784809,0.98464864
15623636104,0.06365555
15632989001,0.034501452
15665276702,0.085680924
15666885101,0.8836866
15677513102,0.84362864
15706981801,0.036617406
15706981802,0.0053145406
15719104502,0.02493495
15806322501,0.9648707
15806322502,0.72601783
15809911601,0.15316653
15809958001,0.49132475
15814195101,0.9810048
15814195102,0.2220675
15815687801,0.54177624
15815893201,0.54470474
15815939202,0.01692525
15815989102,0.0028016828
15860720701,0.41212007
15860722801,0.16376844
15860741901,0.01944606
15878178402,0.07114334
15878178403,0.9470395
15912169301,0.11340573
15924871502,0.96125257
15947215603,0.0024451357
15947227802,0.90951914
15948113801,0.3241823
15948113802,0.7306001
15948113803,0.67385066
15956590202,0.68538654
15969873701,0.9461474
15980342101,0.0057058255
15980342102,0.0037793894
16013434801,0.9888659
16036773402,0.12959832
16036773403,0.4916401
16066016301,0.8665358
16066515901,0.93416995
16066526601,0.1965101
16068880901,0.6791903
16084755501,0.87464124
16091601404,0.009318803
16099102201,0.71168286
16099102202,0.8175723
16099304901,0.0020394644
16103732001,0.6243873
16108228801,0.14777672
16108228802,0.0032528455
16108592104,0.006247751
16111060101,0.23365206
16125373001,0.9138651
16126004401,0.77969855
16134286001,0.9971391
16134286002,0.9933877
16143602901,0.005105057
16154166701,0.16055734
16154930501,0.99773955
16155008801,0.002262333
16176108901,0.6812813
16176124703,0.09005027
16198132604,0.0013157811
16198826901,0.028684255
16210735001,0.0013985224
16241062701,0.06899143
16242925701,0.6046583
16253832601,0.77880096
16255155401,0.40186512
16265142702,0.3503024
16266588403,0.35239914
16338814401,0.0022054347
16340585502,2.3316728e-05
16355726201,0.5142152
16356506601,0.63884217
16356506602,0.03439586
16377210001,0.00058490207
16377210002,0.0068884613
16398864501,0.31046516
16696934602,0.00024653776
16700979201,0.87374514
16708620102,0.005002147
16730338202,0.9962606
16730403801,0.00094696746
16730403802,0.0005098945
16734243901,0.9715788
16734313302,0.099661514
16736542802,0.0004910918
16741596501,0.999203
16741596502,0.937891
16741889801,0.9680481
16752648502,0.968211
16755489801,0.9957425
16755489804,0.032712683
16757013101,0.92485636
16757013102,4.4988752e-05
16757013103,0.13837299
16757119203,0.012465901
16760273802,0.00094906817
16760273803,0.0011301022
16760421701,0.08650386
16769439701,0.00069760566
16769572902,0.19777513
16771839802,0.08495485
16775073201,0.9290925
16775131902,0.0014917832
16775452301,0.43211746
16779396102,0.001941267
16781194601,0.025784263
16781194602,0.045741886
16995573401,0.0012852348
16995573402,0.0011467788
17004831601,0.7401891
17023867602,0.0017647723
17024094203,0.36878064
17025467504,0.060940217
17032889101,0.048665788
17032889102,0.025228199
17033096503,0.005384247
17033757001,0.011559875
17033757002,0.013463505
17033757003,0.14396803
17033757004,0.15711217
17034101102,0.15396522
17042211401,0.96367204
17043049702,0.19712417
17050929001,0.0037337376
17069188506,0.027877247
17069237901,0.49023896
17076902501,0.5833526
17077392403,0.3039419
17085770202,0.00017301689
17097239601,0.7746818
17097994501,0.6950488
17106091801,0.8692956
17106337909,0.0023654292
17106451103,0.0033289026
17129234303,0.021318309
17138585501,0.9665159
17147300001,0.0017200041
17147888202,0.0045531923
17147888202,0.21662803
17148036601,0.00539146
17153235801,0.9110236
17153235803,0.36489716
17153653001,0.8027269
17153653002,0.5724127
17154219001,0.983727
17154409102,0.00022665775
17163328601,0.019004878
17174562602,0.012842278
17174562603,0.032338865
17189929108,0.00066768494
17195529805,0.00017527615
17196218101,0.057230208
17196218102,0.033707198
17196401501,0.32497722
17205337202,1.9432225e-06
17205337202,0.8721394
17215521304,0.040863328
17220307703,0.00466604
17220325201,0.56606597
17220325202,0.12514715
17250251405,0.19983737
17254841501,0.0038377775
17263400901,0.979867
17264424801,0.018380076
17271798203,0.9578912
17272238802,0.012205182
17281527201,0.81419563
17281527202,0.7979951
17289329601,0.9990075
17349331402,0.075599074
17354412401,0.00958822
17354412402,0.033993326
17354412403,0.009366062
17354483502,0.0072956746
17364872701,0.13463646
17364872702,0.3484042
17365440201,0.04418381
17373887901,0.002374688
17380768102,0.04565197
17381431501,0.7182024
17381431502,0.49877977
17381455001,0.2461208
17388516403,0.03254514
17389423101,0.015704999
17389423102,0.021754708
17389662202,0.030846937
17406818604,0.10859458
17412582205,0.006668715
17413303503,0.001117215
17418211001,0.85833293
17429111201,0.41995883
17429382701,0.0017778121
17572863401,0.9713746
17595347901,0.8360612
17602056201,0.0061492343
17603913301,0.1846723
17610827402,0.011491347
17610959901,0.6089104
17611105801,0.14475624
17616422501,0.89484715
17616676301,0.9932596
17687143801,0.99527764
17687143802,0.73990124
17687403401,0.010137059
17693612401,0.35446295
17695537902,0.008629849
17702223203,0.002107616
17707733601,0.9992901
17707745701,0.0011422299
17707745702,0.0021810122
17707747501,0.1252625
17707747502,0.28114262
17711698104,0.0007842416
17711955403,2.02258e-05
17717368601,0.8575832
17724213003,0.010468888
17725470301,0.09114646
17728470202,0.40928635
17730836401,0.9988194
17730877701,0.86471707
17735477101,0.060617045
17738774502,0.0021334891
17738774503,0.005898558
17904088001,0.3658312
17904198901,0.050645865
17912356001,0.0004247533
17912356002,0.00042310086
17912356003,0.030336596
17930792202,0.8660644
17938380501,0.77583677
17943740001,0.011573739
17943740002,0.40166503
17943740004,0.0015900171
17944028903,0.81122756
17957923302,0.031649202
17958004502,0.013552645
17963906301,0.106028445
18134118402,0.637367
18134186402,0.015521711
18157661202,0.014303766
18179853901,0.5393886
18245089201,0.03738321
18892340101,0.06752362
18892340102,0.02550731
18916711201,0.9749716
18917239501,0.116056725
18918175801,0.118013225
18944799901,0.97743887
18969437501,0.99797326
18997220501,0.9286944
18997702801,0.97459733
19023050401,0.8382054
19050445101,0.925885
19103675001,0.0152023295
19103708201,0.9008231
19103708202,0.05458524
19135159105,0.0028938912
19142298701,0.94623214
19158371401,0.66605467
19174414201,0.39148977
19186209601,0.23716398
19186718302,0.0021778273
19212631102,0.86696047
19213189501,0.004199187
19238090201,0.9167205
19239046901,0.6370433
19262673603,0.0018388013
19263556101,0.96389174
19289499801,0.0012648558
19289499802,0.0013697323
19290685501,0.97128165
19299731603,0.9096592
19301306503,0.05018535
19304883601,0.020972693
19304883602,0.0062927157
19305978503,0.40088958
19312463703,0.002155864
19316382401,0.0027287903
19317415301,0.82033646
19324209701,0.97141224
19324209702,0.74017555
19324232102,0.96450526
19329729401,0.021632513
19329729402,0.011961964
19329739201,0.002788111
19329739202,0.0015341339
19330551701,0.23917994
19352855401,0.9865059
19358920203,0.0010223313
19359667302,0.69566846
19359680203,0.4326838
19365589404,0.00094172196
19377820301,0.9282436
19377820302,0.9610301
19378772601,0.6817821
19378948901,0.050751273
19384952301,0.11933036
19394961705,0.0046724402
19396503501,0.98490256
19410316602,0.5618094
19421013901,0.08045462
19426444101,0.06214524
19433831001,0.7127203
19433831002,0.3456977
19433996701,0.3519219
19439116003,0.002764353
19439628702,0.92983854
19440839001,0.06397114
19446649601,0.6919789
19447582901,0.9680588
19447582902,0.05529911
19459105101,0.6114283
19479865404,0.7487365
19487327602,0.09043351
19503056401,0.96241343
19504658201,0.9646193
19510340103,0.006248252
19511848201,0.5663039
19516342001,0.039823804
19516427101,0.5291005
19516427103,0.18515666
19556847601,0.0040102266
19557876001,0.10779905
19610149302,0.1224704
19611596801,0.3447442
19636348401,0.98023295
19637335601,0.7153145
19665444401,0.9860075
19665471101,0.9683518
19679343201,0.9750406
19680816201,0.8560786
19684734802,0.31963605
19690447702,0.010790473
19695427303,0.022457985
19695804302,0.0016663553
19697034102,0.6555824
19704547002,0.0057641454
19707467302,0.9756836
19745290601,0.2543241
19745799701,0.8426309
19746780001,0.5109304
19784795401,0.16403483
19784795402,0.023977682
19806823901,0.07197084
19806830001,0.008014301
19825741102,0.0036819524
19825772701,0.14266047
19884575902,0.15742293
19885122601,0.5651342
19931894201,0.89567673
19957495301,0.97676146
19957531501,0.14307217
19983373801,0.6879549
19983373802,0.8674138
20010068801,0.8184932
20017246701,0.99493295
20017783901,0.5854797
20071837702,0.00188449
20071844301,0.78962314
20095987302,0.9517464
20119314702,0.002687481
20119776801,0.91387373
20120198901,0.88309985
20164131702,0.00022174788
20171847701,0.9554872
20171879901,0.8898771
20194192601,0.9872198
20194235501,0.02598618
20244560801,0.0048097926
20246185201,0.88487035
20681867404,0.013460126
20697779102,0.046185978
20703226201,0.00042442678
20703226202,0.00041363036
20711385602,0.019902091
20711942806,0.10001992
20712481601,0.98902833
20712511201,0.8948333
20725890403,0.06897223
20725890404,0.058734
20726417201,0.9949477
20734665902,0.4215863
20735276401,0.91894996
20742034902,0.006657537
20750831101,0.9249321
20752078601,0.80565006
20752159901,0.97168463
20752344501,0.0030186446
20755487201,0.99293727
20756381601,0.4882016
20756563501,0.86709714
20760243701,0.004341549
20765451602,0.007628728
20765451603,0.008810991
20765455402,0.20719327
20766138101,0.38003367
20766664002,0.3035292
20769515203,0.68273544
20775736503,0.040736783
20775736504,0.49409875
20775746701,0.5973388
20779901301,0.08082032
20780616901,0.5207717
20780930202,0.46604112
20785898801,0.28239766
20786993003,0.014418275
20795453902,0.02257259
20797839101,0.9663476
20797845801,0.5863615
20798008701,0.19882146
20798258101,0.9209368
20798643301,0.0012877304
20798953402,0.01601282
20799077002,0.0021776182
20803004902,0.8907619
20803778201,0.9160645
20810887901,0.97132516
20811480001,0.45400953
20815128102,0.21794373
20815513302,0.00097532425
20820384201,0.99567974
20820384203,0.73441887
20820384204,0.86664313
20823122404,0.086422816
20823122405,0.026257403
20829558601,0.9859308
20829696701,0.5381506
20829776001,0.99595815
20829796302,0.2114947
20830098501,0.000245725
20830098502,0.0002251872
20832372501,0.8123007
20833033601,0.37797758
20833035301,0.8408978
20833304701,0.039077766
20833567901,0.97049874
20839872807,0.00022140262
20843557301,0.78958076
20843828802,0.37419313
20844682303,0.0041117556
20844682304,0.005055403
20848998201,0.98570585
20849184703,0.9416498
20849658702,0.34082752
20853519401,0.91784686
20857996901,0.97516644
20859451101,0.0045722076
20859451102,0.0014479819
20863817306,0.00062088127
20864858501,0.9785953
20866976401,0.8868311
20866976402,0.79008245
20871068001,0.9988564
20871941901,0.7869151
20876387001,0.0016477429
20876387002,0.00043295635
20876538102,0.031033508
20877070601,0.98722106
20877097501,0.6220962
20877160503,0.02245053
20881574804,0.00031962004
20882540501,0.00430064
20882540502,0.0014386596
20882540503,0.019882077
20882540504,0.00076216034
20882540505,0.005433593
20883055802,0.0012373041
20885855301,0.99522626
20891756401,0.014488402
20891986001,0.91696924
20894301901,0.48396042
20895092801,0.0062201396
20895092802,0.0026331395
20895455901,0.19587219
20895507001,0.13695592
20900171701,0.007435072
20900301601,0.009846368
20900301602,0.0058198273
20900324601,0.0006060195
20900324602,0.0007127881
21162288202,0.0057848217
21168779101,0.8956567
21168779102,0.34753677
21174262801,0.9936976
21177924002,0.42490622
21183129201,0.46108773
21186454501,0.06280466
21192554001,0.029103909
21193012101,0.66343695
21196596801,0.60001016
21197189801,0.9560629
21201552102,0.07791266
21212162202,0.032550916
21212162203,0.3361871
21212414002,0.00024809391
21216928501,0.79483175
21217568001,0.36708248
21218078501,0.9410829
21230498501,0.043430995
21230498502,0.032342397
21236733602,0.16320118
21237202202,0.91671485
21237309701,0.06283121
21237309702,0.02101672
21241550901,0.002072433
21241550902,0.013714272
21241599002,0.00011242534
21241599802,9.226217e-05
21241914001,0.077643
21245264701,0.67748654
21245906901,0.36366937
21246152401,0.9090051
21251976401,0.463622
21252856203,0.0053565325
21253044103,0.0067078783
21261208201,0.64094007
21261208202,0.20121256
21271137101,0.002503734
21276053501,0.006183991
21276076902,0.9165835
21283521201,0.985276
21284496701,0.5235789
21293936101,0.46094328
21299863202,0.008047234
21302859304,0.02257391
21302859305,0.01207888
21302859307,0.0051617324
21311179602,0.0006381627
21319315301,0.2648849
21323016801,0.023160426
21323016802,0.010352179
21323175402,0.10229183
21323673802,0.008298932
21323673803,0.0015947458
21323673804,0.0021088675
21323789301,0.9745943
21324029201,0.99126107
21324222802,0.00089590123
21330315405,0.008979996
21334217404,0.085793264
21343634902,0.0005496315
21344125101,0.025869567
21344177801,0.0086933635
21344177802,0.0008524319
21347491201,0.4716094
21351426501,0.3691853
21351687301,0.92454034
21354540403,0.00016172545
21357923702,0.92718214
21358862903,0.017506598
21369280101,0.7609426
21370744201,0.79311675
21371612901,0.0053536347
21376117101,0.6623413
21379547201,0.42081153
21382085601,0.9605789
21383074701,0.87116724
21392214003,0.07630754
21392298602,0.00024012005
21395552101,0.99771214
21397819501,0.4918953
21401338602,0.0025827838
21401400102,0.0061697615
21404624901,0.0017592743
21404624902,0.0024745776
21404773701,0.9846985
21405477303,0.0013165734
21408274201,0.017750347
21417636202,0.0074998625
21417639501,0.017926801
21418818601,0.96531546
21419247401,0.0057372493
21419247402,0.3895563
21424328701,0.99526274
21424340001,0.093920894
21424464601,0.19146913
21424625902,0.003033746
21424810501,0.31811532
21425014301,0.39593863
21425357803,0.0013448988
21429895701,0.8728909
21430373501,0.008209428
21431374401,0.79589987
21431625001,0.012314587
21431625002,0.050718464
21433255602,0.1346694
21435519801,0.32726574
21436133101,0.9928825
21437504701,0.64305675
21437890502,0.036843378
21438904401,0.06072917
21441298902,3.073617e-05
21441648702,0.008031538
21441671801,0.0969208
21441803702,0.0016331365
21445435603,0.0065075774
21445547804,0.0085476665
21448380701,0.10955807
21448380702,0.1266443
21449529207,0.000501816
21453073701,0.95464826
21453333202,0.09583701
21453810603,0.0018216468
21560515901,0.9415064
21561507901,0.0037396776
21570371901,0.99713254
21613660801,0.97594815
21616553801,0.6885096
21619093401,0.009225672
21619093402,0.003215824
21619579301,0.9922138
21630651001,0.0017136079
21632808001,0.9295617
21634270201,0.46773693
21636770801,0.9606522
21638707302,0.01118877
21638871801,0.27387884
21638871802,0.5631826
21639474101,0.9863977
21641956201,0.001211412
21644441801,0.9993044
21644554101,0.94774216
21646588602,0.012667899
21646621701,0.26529816
21646874601,0.05140905
21648036401,0.9650307
21651177801,0.015802948
21652075202,0.6373422
21652075203,0.4360422
21652663701,0.9091428
21654581201,0.8124256
21655239101,0.0036866267
21655239102,0.011384857
21658400803,0.34146112
21658400804,0.0011434843
21660914401,0.89949834
21661002701,0.45899373
21661142601,0.40472585
21663805201,0.98270357
21663983902,0.09559756
21666856302,0.055211604
21671727202,0.0095938705
21672292401,0.26889697
21679508001,0.43214917
21686895903,0.0014631487
21687199401,0.05538906
21691211203,0.00016936037
21691556001,0.2253373
21693606903,0.43808448
21696909901,0.0061262394
21697363101,0.9629734
21699533801,0.086524956
21699683101,0.021081105
21699693002,0.4178282
21701033302,0.0014009445
21701324901,0.061324682
21702837001,0.0063676164
21702845301,0.012025859
21703675301,0.74668014
21703680601,0.007124525
21703680603,0.0065930607
21705936901,0.009874772
21705936902,0.0062088324
21714502803,0.8875397
21715177601,0.022720672
21718318102,0.37500724
21718318103,0.9751115
21718450605,0.002144901
21722071702,0.9602147
21725383001,0.7916151
21725383002,0.68596524
21735190001,0.017912358
21735190002,0.01252492
21735190003,0.008713396
21736406701,0.5915162
21736721401,0.9471853
21736721402,0.9328945
21737488301,0.8560592
21738235901,0.04015878
21738722302,0.02749959
21739621401,0.9084608
21741759401,0.9995646
21744156804,0.81857073
21745976502,0.00059985137
21747858501,0.70199376
21747858502,0.6092333
21749660401,0.29531193
21749660402,0.2559358
21752990101,0.9283416
21754901301,0.5551542
21755040902,0.00020011119
21757087101,0.9678086
21758245801,0.99679995
21764073301,0.5702749
21765575201,0.41123027
21766073801,0.75319904
21766785401,0.009609969
21766785402,0.67580795
21766795201,0.0025443824
21766814401,0.0006261269
21766814402,0.010116088
21767280102,0.9695171
21770006501,0.31290013
21778395101,0.008161263
21778746203,0.8198918
21780480001,0.13640416
21780482701,0.12125748
21780778101,0.0067982236
21784508901,0.8264135
21784583201,0.00859572
21787561401,0.1834426
21793028904,0.3621785
21793186802,0.9201388
21793242001,0.18377072
21794109501,0.7382989
21794178201,0.025262687
21796264901,0.8956529
21798386401,0.20645808
21798923801,0.002083688
21798923802,0.005022458
21798937102,0.027003149
21799960901,0.014189338
21800014702,0.14408822
21802995501,0.025838485
21802995502,0.055128098
21804892801,0.010122197
21804892802,0.024887694
21807939301,0.790262
21813361801,0.98256487
21813375701,0.039528616
21814393003,0.0010468932
21814527301,0.002678746
21816012105,0.00078738347
21816239901,0.8623587
21817353103,0.010405511
21817823702,0.0010161166
21820998101,0.5218451
21821046702,0.08409888
21821046704,0.059267323
21827103301,0.06252457
21827849501,0.88633466
21828186503,0.16596706
21828203401,0.0009297763
21828203402,0.0008814803
21828203403,0.0030344268
21828203404,0.0012322301
21832096401,0.0074838926
21832697003,0.0015285297
21837793001,0.3356473
21839013001,0.96886045
21841795401,0.68648976
21842497303,0.0006421733
21843045101,0.99592507
21843171101,0.45713988
21845215601,0.857064
21846533601,0.003907102
21847121601,0.9804544
21847667403,0.03689583
21847697601,0.005530944
21848394301,0.9841612
21855367103,0.985827
21856004104,0.007855985
21856070101,0.9788014
21858952502,0.9829148
21863120303,0.01687727
21867923803,0.005852608
21869317701,0.90584856
21875366602,0.19546896
21877724901,0.000292871
21877724902,0.0003193632
21884606402,2.4974538e-06
21886819801,0.81615776
21918310301,0.33992818
21919496902,0.0016831177
21940674701,0.23577955
22039160504,0.0029358198
22039625901,0.71342134
22041468202,0.6134565
22041651201,0.17108056
22042174202,0.49868494
22042245602,0.013997977
22042245603,0.0033072922
22043080101,0.001798363
22043718803,0.20846935
22047113103,0.0032754338
22047113104,0.005626441
22047420901,0.079256125
22047833502,3.1953476e-07
22048045001,0.0007327765
22064680205,0.001628096
22066768201,0.9423579
22067398002,0.013081837
22073610901,0.94576687
22077204801,0.018302532
22077204802,0.5279025
22077721501,0.73571527
22079800901,0.1547228
22079800902,0.26983526
22082898301,0.94793063
22082898302,0.78097045
22085933102,0.074848
22086766701,0.08521094
22086766702,0.046333123
22088892901,0.95940286
22090400508,0.0047198534
22093489901,0.20665045
22094523101,0.8931965
22096832202,0.20643438
22098420201,0.20734654
22101369103,0.0052948515
22103845101,0.072161496
22103845102,0.064610876
22103887801,0.00037491164
22103900703,0.000965655
22104909001,0.6963323
22106594501,0.07085582
22107750301,0.97475964
22108849601,0.5060422
22109782601,0.0020153394
22109983001,0.99541664
22110111605,0.00011438302
22110234201,0.69674736
22110733802,0.04322054
22110800501,0.39685217
22110851901,0.8634055
22115196201,0.010855354
22116154601,0.014707022
22116342001,0.028747197
22117902001,0.25451452
22117964501,0.99852777
22120066401,0.19583297
22120066402,0.021094007
22120576801,0.4061432
22120977701,0.9646421
22123841301,0.8834328
22127652702,0.0024013415
22131354402,0.66739726
22133708704,0.015590503
22133708706,0.062485944
22135424201,0.9141297
22143361801,0.93237203
22144415901,0.9860131
22151674001,0.9937162
22154093501,0.37012672
22156544701,0.93011266
22156788401,0.7723739
22157408101,0.55848813
22158378201,0.84314567
22159525701,0.5263906
22161997901,0.9332778
22162943901,0.54659516
22164094301,0.34840807
22167799501,0.011571673
22168049702,0.006543796
22168220501,0.78348994
22168220502,0.14037241
22168673801,0.98222464
22169748701,0.9498684
22169765001,0.49376452
22172402301,0.4368398
22172402302,0.3592965
22173421501,0.17971128
22173674001,0.8268862
22174568201,0.19803609
22177719901,0.7701218
22177724601,0.26168475
22179856701,0.8211315
22180188201,0.077789634
22180501502,0.011728859
22180501503,0.005996892
22181043001,0.002658176
22183805601,0.7701335
22184019601,0.0005234032
22184019602,0.0005577309
22184019603,0.00043749422
22184630701,0.8275115
22189569005,0.009199135
22189572802,0.0007630806
22191094301,0.8947146
22194201401,0.97166926
22194334601,0.66789764
22194347001,0.40873316
22200826501,0.8545345
22201201104,0.012057693
22205099901,0.028582213
22205726801,0.3641394
22208455703,0.0009699094
22208687801,0.17291747
22208918602,0.0009046272
22208918603,0.0010469601
22211641901,0.39275274
22212659301,0.0020747643
22216033601,0.7550829
22216033602,0.107560776
22216570801,0.5940225
22216579101,0.54305816
22216579102,0.82357264
22218443806,0.0013730736
22221648305,0.0018114396
22222977801,0.6264802
22223061701,0.8875917
22224039201,0.41215023
22226337501,0.9743547
22483758801,0.01009353
22483758802,0.005201787
22485147603,0.0011270503
22492891801,0.9634094
22493069501,0.9848979
22496451701,0.96039
22498095001,0.34632054
22504037201,0.99606055
22507683501,0.3347609
22507683502,0.8443783
22510010602,0.0008917666
22511986801,0.504831
22511986802,0.9693804
22511986803,0.9835154
22514644201,0.4843435
22514674901,0.0034159485
22517492602,0.0007068425
22517855904,0.6193098
22523551701,0.9849653
22524306902,0.41513157
22525381901,0.07292402
22532909603,0.5373742
22541044101,0.9578475
22541344601,0.98126787
22545250102,0.0018382173
22545250104,0.020395735
22545675103,0.45218506
22574095501,0.86539537
22575075201,0.99141777
22582540101,0.0038703028
22582540102,0.0043403124
22594300401,0.9966084
22594767401,0.947497
22604745701,0.8798903
22638249902,0.5094158
22672232001,0.023319498
22672232002,0.6031752
22672232004,0.5811989
22683261501,0.981461
22683287103,0.0017676821
22702617101,0.0020335882
22703128501,0.07176672
22703623401,0.009422625
22703623402,0.051483598
22713709301,0.85770106
22714156601,0.6971209
22746079401,0.7582654
22746581101,0.25131792
22746604201,0.17826295
22746612201,0.00023778068
22747060403,0.98623985
22747585002,0.0027742907
22747585003,0.0029848858
22769036401,0.08265071
22779793802,0.00024150875
22781298204,0.013886937
22789763201,0.18699525
22789779601,0.9726687
22812334101,0.625024
22812804901,0.002142428
22834291301,0.6030313
22834332601,0.972645
22862957201,0.18436857
22862962201,0.0013821233
22873211903,0.8242584
22892300705,0.00075967255
22892747501,0.31406894
22893246301,0.31714445
22893257401,0.75185615
22893269302,0.17994983
22911825702,0.48684472
22911847001,0.8885325
22911847002,0.8188089
22911847003,0.8231008
22942425302,0.24547479
22942427801,0.007870134
22942482604,0.005037007
22961976801,0.42272785
22962968601,0.8384297
22971606501,0.034170236
22971646101,0.43002534
22972674801,0.0002984097
22972674802,0.00046443177
22972674803,0.6886985
22981724401,0.06945638
23002970302,0.0038319514
23002983901,0.004290659
23004470901,0.4575646
23015290001,0.5152143
23035362101,0.79772
23057082901,0.9247649
23058130401,1.7826933e-05
23079372001,0.9305928
23090832901,0.933389
23102425101,0.023457551
23102425102,0.018717078
23102870601,0.9560579
23103886301,0.9316596
23107341601,0.9993056
23107350501,2.018317e-08
23112834801,0.551123
23113689703,0.008158148
23125098401,0.97669697
23125142202,0.83880484
23125580901,0.12895943
23135126301,0.9217266
23135167201,0.08297286
23135171804,0.1304723
23135623801,0.958148
23135659901,0.08835303
23136122801,0.4181762
23136122802,0.19221419
23136122803,0.071299255
23146193401,0.21821377
23146193402,0.0135237975
23146193403,0.0023046636
23157353201,0.96382606
23172100501,0.9944253
23172100502,0.9827443
23174490501,0.17899594
23177003201,0.9617056
23178018201,0.4570275
23178490102,0.08767893
23180188501,0.31275168
23190221601,0.95751894
23190221602,0.20102087
23197688301,0.91836995
23197743802,0.5362059
23209700402,0.65670115
23231213701,0.1814896
23243648101,0.91103697
23254876103,0.0024397664
23265254301,0.005509845
23276038102,0.88710034
23276887201,0.046530824
23285972001,0.02747907
23286914102,0.6754606
23286914104,0.58937174
23287386901,0.9084362
23298543101,0.008491916
23298545802,0.9378229
23299544601,0.008605615
23300046202,0.9188179
23310541701,0.13434596
23310541702,0.01020666
23311586404,0.83837193
23332010701,0.6854279
23355321002,0.88020885
23355354701,0.8475119
23355843001,0.67428565
23355843002,0.8864425
23356301702,0.43057442
23376269705,0.030083325
23377274401,0.67689145
23398218101,0.63900065
23410160201,0.992482
23420323404,0.32544884
23431021405,0.9767935
23442220502,0.006893402
23442220503,0.00358924
23453219601,0.15133196
23453966101,0.3806124
23463895601,0.99713933
23474773401,0.08366583
23496903003,0.5018272
23496903004,0.97421646
23509219903,0.0032507158
23518729202,0.0440859
23519268102,0.0038376527
23520285401,0.7646273
23531881401,0.7647213
23541531501,0.69372076
23541623201,0.9762306
23542521601,0.803663
23552279601,0.019129211
23553247401,0.00850996
23553303201,0.7598395
23563172401,0.009023259
23563172402,0.02928839
23563172403,0.004350613
23564189001,0.0032985576
23564189002,0.03835231
23573923701,0.94972837
23583698801,0.6583839
23606851101,0.07588619
23629031201,0.007668583
23629910601,0.88229495
23629910602,0.0023254429
23629938301,0.81653714
23640949101,0.101041734
23640949102,0.0002591317
23672559601,0.023071116
23673050801,0.67176086
23683298401,0.0057273638
23683818103,0.00048690222
23693775801,0.86354303
23694796301,0.02514332
23695303701,0.96296006
23716404801,0.0035348714
23716458801,0.09250275
23716458802,0.71082324
23717288501,0.9611585
23795745101,0.07466915
23795745102,0.048911598
23796990004,0.00033555238
23805885501,0.61536294
23805918001,0.99818844
23807039601,0.034320384
23809035801,0.00048902095
23809098302,0.05219882
23812303602,0.29811075
23812303603,0.09743308
23812380203,0.14008419
23812401603,0.6874719
23813118203,1.3131737e-09
23818056201,0.0012693236
23819575802,0.0017040716
23819770901,0.9175466
23819770902,0.09148135
23822807301,0.23030105
23886995603,0.0013235497
24549381901,0.32187417
24549662103,0.0015587063
24552442202,0.00042430547
24552475402,0.00038307748
24556561301,0.9322546
24556863401,0.0027351903
24557497101,0.22207294
24560385301,0.03719986
24564376002,0.033617742
24573035201,0.6599364
24576474701,0.95037687
24581040301,0.244036
24583900004,0.010486158
24587862401,0.9586364
24588812404,0.0007100992
24593297202,0.20941418
24598067702,0.66549295
24600223201,0.00010677138
24600223202,0.00012014893
24600621501,0.11588899
24601170001,0.07540924
24601170002,0.92591965
24601849901,0.12583113
24601849902,0.0039308365
24601849903,0.15432173
24601849904,0.015069242
24603533501,0.9799182
24603968601,0.14743116
24603968602,0.2059802
24603968603,0.6666401
24604617403,0.019591361
24605227504,0.040666774
24605394301,0.022334225
24605394302,0.22877552
24607585101,0.13099618
24607593601,0.71687967
24609526002,0.003909589
24611740101,0.84356153
24612322301,0.9727443
24613706502,0.52742976
24614521102,0.00021154579
24615293403,0.0011615471
24617485301,0.0032146832
24617708302,0.2861908
24617945503,0.9448763
24618940801,0.279429
24619891502,0.008832064
24620686901,0.95342547
24622419701,0.22356044
24624474101,0.003043497
24625720401,0.74864817
24625720402,0.27965707
24625811502,0.17873453
24627345901,0.630623
24628859601,0.035630237
24628859603,0.1121918
24633486901,0.7337055
24637396302,0.01887379
24639354902,0.0007844506
24639639401,0.7317046
24639676501,0.82485443
24641295401,0.9687882
24641921101,0.024270495
24641921102,0.0099985525
24641921103,0.023164686
24641926001,0.017373871
24643969602,0.24652468
24645286103,0.80179757
24645296502,0.84781724
24650911201,0.8871749
24652557704,0.004130161
24652579902,0.020249382
24655223401,0.00063237234
24655241401,0.029691845
24657290602,0.7824264
24658694001,0.36000556
24659711403,0.997044
24660704601,0.023110209
24660704602,0.85633403
24660776002,0.013756728
24661442601,0.9948837
24661690702,0.021770284
24663933101,0.97678626
24675923401,0.8849812
24687771701,0.9956405
24687793901,0.6883142
24688478702,0.0074866754
24691290901,0.8647987
24692315202,0.0014023378
24702920902,0.0008865857
24703510304,7.2037874e-05
24704045401,0.04571063
24704054801,0.008130051
24704089201,0.011007091
24704089202,0.0065599266
24707346801,0.040797733
24714373101,0.015778026
24715235901,0.05575698
24719214304,0.0017399258
24719233201,0.0012916664
24719233202,0.001272241
24719233203,0.255375
24721732801,0.9909608
24722186901,0.4503723
24729893501,0.018816609
24730371701,0.0033568908
24735402302,0.006245063
24742043703,0.017295504
24742057301,0.98048246
24744163501,0.5651318
24745174101,0.0041731307
24745174102,0.026736401
24748747801,0.00735591
24748749901,0.020817174
24749324801,0.00072896766
24749324802,0.05426279
24750520501,0.95501006
24757802801,0.7429421
24764919603,0.055014253
24764919604,0.03530745
24765332701,0.51769537
24765332702,0.055865508
24769748502,0.7924401
24770252501,0.01125628
24773016201,0.7699576
24773592201,0.79923946
24778146401,0.4799307
24778146402,0.76180774
24780832201,0.030784057
24781303801,0.0003661497
24785025603,0.93739647
24793347701,0.97084075
24793347702,0.98684967
25556746001,0.20135139
25556746003,0.017633421
25558687201,0.9622669
25571712403,0.001480591
25576031901,0.01904169
25576031902,0.0015995054
25576614501,0.55964106
25576684701,0.063898906
25576988707,0.00013689155
25578431601,1.7382417e-08
25583238602,0.004020763
25598969802,0.0024373631
25607453305,0.002563521
25607453306,0.0007660842
25608610301,0.050369512
25621352802,0.03596543
25622677502,4.0957424e-12
25623995302,0.0024580893
25637446901,0.65612537
25637446902,0.7421562
25637446903,0.32022485
25638076101,0.081225276
25639025101,0.50633633
25654092301,0.027483776
25695422201,0.16072609
25695825401,0.17092125
25709323802,0.7918174
25724885602,0.0010940817
25726621001,0.0017766159
25726632304,0.01595887
25741194501,0.99855727
25741598902,0.03707132
25753472601,0.20539124
25754091102,0.39969903
25754091103,0.22976275
25754095701,0.023799226
25754095703,0.0719434
25754095706,0.009816636
25755065301,0.04212844
25755065302,0.018556023
25757187203,0.029080207
25757707402,0.81826025
25761106302,0.0018927945
25764177801,0.08380717
25768437801,0.045108892
25768558601,0.88013047
25772023402,0.23604354
25773707302,0.0018379594
25773707304,0.73348564
25825209501,0.00029749234
25826069501,0.12738825
25826069502,0.5692576
25826202302,0.43012446
25842192501,0.0015592134
25842192502,0.0061867717
25842192503,0.00044721755
25849045303,0.0027443082
25858126001,0.5283876
25858126002,0.19970872
25858126006,0.01225127
25872013903,0.020755464
25872013904,0.04328054
25874292302,0.018227931
25881341102,0.030322947
25881390301,0.14558735
25881390302,0.10463989
25889775501,0.98365396
25912451601,0.97025317
25912503502,0.28902566
25912503505,0.035232347
25919953404,0.0050882613
25948133904,0.9533769
25948839702,0.004931938
25958968901,0.07867751
25963244204,0.6745008
25967529501,0.8925285
25970124201,0.87718695
25980273201,0.8735841
25994657402,0.6087456
26000432401,0.99917275
26004372301,0.97422475
26009174902,0.9242359
26009712202,0.016501984
26009712203,0.012469978
26009712204,0.9709254
26009771102,0.52597255
26009771103,0.64665836
26012982601,0.39375582
26013232701,0.002382443
26013232702,0.0466046
26013233002,0.13821185
26016045303,0.0011156074
26016048201,0.25524658
26016048202,0.30103928
26019054701,0.03114947
26019054702,0.033966586
26024225701,0.36572585
26026059502,0.033325512
26026893203,0.00047489876
26030427701,0.0010126071
26030427702,0.0009751891
26030429601,0.0047226404
26030429602,0.003964685
26035350703,0.0011247251
26035371004,0.006763209
26035371005,0.007779322
26035384104,0.014303209
26035384106,0.01467888
26035558604,0.0013692892
26041493001,0.001553261
26042445704,0.20040053
26045968002,0.00024943188
26046260902,0.10643051
26046665901,0.036095563
26050411401,0.0004784707
26050411402,0.00065618695
26050414701,0.017660338
26050634002,0.11778171
26051993801,0.28615487
26051993802,0.9404285
26054554501,0.99613094
26054617201,0.0008145271
26055984401,0.98697805
26055984403,0.0098593375
26060882002,0.9965836
26060922201,0.48170403
26060922203,0.15440294
26070853701,0.99933976
26074903401,0.4254382
26081593601,0.8443994
26091366601,0.9155656
26091681104,0.0005849829
26092100501,0.56820565
26092577701,0.7565036
26092999002,0.058216207
26094918402,0.87402636
26095128901,0.81491256
26095128903,0.8495195
26095128904,0.7793414
26095158801,0.9974711
26096967001,0.02498409
26097151103,0.25760224
26098650401,0.0864942
26099532902,0.9903628
26105522601,0.985678
26106049303,0.00046957683
26109007202,0.070812374
26117841001,0.0034954457
26117841002,0.0027153739
26120389105,0.021801326
26123942502,0.002519172
26125771602,0.8147165
26130623704,0.8537565
26131421501,0.0048514362
26131421502,0.0047987476
26133274501,0.22726208
26142447704,0.0025377772
26144966803,0.0030648713
26144985201,0.2420734
26145163701,0.00064533245
26145163702,0.00095334393
26154570303,0.0015087364
26154596002,0.37736392
26158021103,0.6024222
26158160601,0.0017716213
26158160602,0.0014215217
26158392003,0.84752923
26168060203,0.010413291
26168060204,0.013163112
26172424303,0.0008895038
26174665703,0.0002766686
26174687002,0.9862488
26177241101,0.919909
26186740901,0.11929355
26187009103,0.03237082
26187163801,0.9610876
26187479401,0.65819705
26187515202,0.00020532812
26189900101,0.24987008
26190247803,0.013186263
26190247804,0.01738871
26191131102,0.0005547031
26193037704,0.21015064
26195174804,0.042846575
26204521801,0.0010897557
26204521802,0.0040939376
26215523601,0.960831
26215697801,0.96891207
26215706104,0.014295787
26215782501,0.8847679
26216234603,0.0037839995
26219093503,0.13180265
26238506402,0.0047295704
26238506403,0.003585779
26245583901,0.71203744
26245758702,0.9977342
26250828302,0.002740737
26251692401,0.92456764
26252300102,0.10072206
26255335102,0.13357875
26255871603,0.0013983141
26266623001,0.97218215
26270656001,0.01113567
26270656002,0.0020493406
26271099101,0.033743367
26272820802,0.014733742
26272820803,0.009974464
26272918701,0.6618385
26282503603,0.010097808
26283346001,0.057782207
26283346002,0.07670245
26283346003,0.0057406444
26283346004,0.40437788
26283346005,0.55571234
26291121401,0.50385165
26293961202,3.1980286e-05
26295481001,0.0019641516
26295481002,0.008257149
26300317601,0.9983846
26303039202,0.9569485
26307226002,1.6900834e-09
26307226007,0.049366087
26307393401,0.012180849
26307961704,0.20487154
26307961705,0.029512469
26307961706,0.060913723
26308038402,0.059465334
26308463105,0.01768382
26317656301,0.058470275
26319792502,0.042070124
26331062001,0.84611285
26331064703,0.8982527
26331064704,0.8436497
26335061702,0.99918026
26335076104,0.013071528
26348683307,0.0011807827
26349337102,0.95514244
26349379603,0.002007614
26357197102,0.23459816
26360788101,0.66895366
26362976301,0.29054323
26366173702,0.98769593
26366872402,0.014640828
26371177901,0.49535054
26371330502,0.03260978
26371330503,0.01672459
26371340501,0.3901909
26371340502,0.5257472
26371340504,0.4304639
26371563301,0.0715155
26374803301,0.9956142
26374838901,0.8091084
26376831801,0.0033199207
26376831803,0.0013615445
26378510801,0.08717012
26378517601,0.12408778
26378555502,0.0004256772
26387274202,0.89499605
26387429804,0.0032037804
26395378601,0.9664941
26395546001,0.470802
26419743803,0.086055905
26421650602,0.05356841
26448794102,0.21279682
26449602903,0.007121776
26450110701,0.14302981
26536978902,0.48204166
26541498205,0.019036118
26551039701,0.96799344
26552021904,0.0005299228
26552562901,0.012188378
26565749303,0.12890162
26582101601,0.0038571393
26641246801,0.39025944
26645577102,0.9764798
26645611903,0.6837154
26653025902,0.21211718
26669663701,0.00047053388
26670260503,0.020874701
26685660501,0.03574475
26701274602,0.201184
26702505201,0.28360868
26714251904,0.07647926
26714771203,0.041456692
26714771204,0.037811857
26714771206,0.00075915555
26716638901,0.016762422
26716684501,0.014710654
26716684502,0.010627215
26716684503,0.010804839
26716684504,0.02148693
26716684505,0.0276941
26716684506,0.020233348
26716684508,0.14063185
26716693904,0.0009236159
26716782501,0.8298915
26730331204,0.018075962
26730331205,0.025301578
26730331206,0.030633599
26730668703,0.000117439406
26730668704,0.00018639422
26730808301,0.4000777
26758046601,0.19348317
26759440502,0.9716806
26880788703,0.26817313
26974289504,2.0010171e-05
26979548101,0.006850428
26984992001,0.020525184
26991599001,0.27431366
26991610901,0.62566054
27028529701,0.2922691
27028529702,0.73056626
27034121401,0.99813974
27034331601,0.81014645
27042506203,0.071155496
27050417001,5.7981465e-14
27050491005,0.014084698
27055766601,4.9690317e-07
27055766602,1.0923553e-05
27152144201,0.20193094
27152203901,0.93574554
27155498801,0.020809162
27157468501,0.23217817
27163993103,0.0028200457
27172670301,0.0066864965
27181132902,0.99999976
27185283702,0.00026590843
27185449202,0.039519247
27189259502,0.8116954
27190096001,0.057613656
27190324701,0.93291223
27190324702,0.7848
27197246301,0.07257748
27208686901,0.30986574
27208686902,0.0067583458
27212748401,0.004789546
27212748402,0.00035364335
27212958501,0.0033163417
27212958502,0.0037794649
27212995301,0.1874172
27219488301,0.7966865
27219488302,0.0009799615
27219488303,0.99307716
27228581701,0.92859006
27235713401,0.9924739
27235713402,0.10071481
27242919602,0.0067046974
27252754601,0.76452804
27256471803,0.40172565
27256471804,0.06333595
27276568603,0.004818311
27276863101,0.9994512
27277359501,0.08649357
27277359502,0.057030756
27277359503,0.72794586
27285353901,0.968221
27285415703,0.0038453292
27286134003,0.724658
27322473602,0.13989747
27326899101,0.096527845
27326899102,0.13636573
27326899103,0.72991496
27326899104,0.42053038
27327038903,0.00041882807
27332341801,0.88600326
27369985401,0.32622686
27398839501,0.008195813
27408221601,0.059903163
27415113501,0.998252
27446160001,0.77508444
27641558601,0.13337998
27643954201,0.8434003
27664743902,0.7099612
27683657902,0.0002858879
27683743003,0.4616946
27686430801,0.8969438
27686430802,0.84779084
27690479601,0.9057098
27697729101,0.009305131
27697729102,0.0031079536
27697854801,0.89163584
27701729001,0.069455005
27702250501,0.6275058
27703309601,0.45147473
27706982901,0.7502261
27710375202,0.00010692387
27710395501,0.9854661
27710844901,0.93941903
27714798503,0.21552645
27729898901,0.6661745
27730004501,0.79933244
27805099803,0.023712909
27805531504,0.00010012813
27818334201,0.9435291
27829662102,0.06665457
27840861901,0.182813
27840861902,0.7357266
27840939002,0.00042386088
27851841601,0.031651795
27851841602,0.0017871552
27854284101,0.9938998
27854284105,0.9456621
27858939301,0.12116374
27859102702,0.6405401
27859364201,0.6856798
27868364102,0.010810826
27868384401,0.99956554
27868384402,0.99835396
27872677001,0.9329324
27873012001,0.0011815183
27873012002,0.0026396797
27873095601,0.029624498
27873095602,0.0067082928
27877694802,0.00051120576
27878011701,0.91885805
27882343604,0.0059311097
27886178301,0.000548693
27886182601,0.0025868302
27886182602,0.001978986
27886274702,0.9973532
27886275001,0.9964079
27886277203,0.0011831123
27886621101,0.9964066
27886622001,0.6253352
27889533801,0.1337971
27889570501,0.9897989
27889825503,0.0033232474
27899095402,0.81735903
27899166501,0.9664024
27908839501,0.8083414
27915500303,0.21574995
27924762801,0.060189255
27925025604,0.0023465191
27925155803,0.05148505
27936139101,0.0074396892
27942806305,0.89337564
27942972201,0.05729864
27943008802,0.5595784
27943008803,0.7728597
27943042702,0.34177047
27951416304,0.0055530793
27951615701,1.2902752e-06
27956970702,0.08015631
27956971802,0.0014618123
27957311101,0.011906025
27957459101,0.012090082
27957459102,0.0064195027
27961363404,7.820411e-05
27961595601,0.02618314
27961595602,0.005488727
27979776201,0.8973345
27979817003,0.06327415
27995042301,0.008069672
27995222801,0.92829764
27995222802,0.96053624
28005211402,0.38860255
28005269001,0.121216
28005365101,0.98972476
28005365103,0.2131451
28009683001,0.34655622
28069973201,0.0030410204
28090966801,0.029835705
28192762305,0.91930354
28197926501,0.9384998
28205019801,0.8358673
28205180302,0.2163308
28208557301,0.19768506
28209087502,0.0021023948
28419483702,0.0048412406
28419483703,0.010509363
28419676203,0.0049647545
28715696801,0.92264116
28732926701,0.8864143
28735439701,0.91323024
28740200901,0.20568177
28740572701,0.0031075494
28742668902,0.036520526
28742818402,0.00041507918
28743199002,0.0043163127
28749081302,0.018578647
28749174303,0.0009178599
28753093602,0.0139969615
28753435901,0.010389634
28758831903,0.00014644806
28759118302,0.00081479305
28759118303,0.006606951
28764023204,0.040398933
28764068003,0.0008291671
28764068502,0.00025796882
28764195402,0.008349157
28771712302,0.9201337
28771712305,0.43856972
28795766002,0.19715095
28802749102,0.006451422
28806738601,0.8854916
28876984901,0.99972254
29029048001,0.83957547
29040817102,0.012647564
29041097904,0.0003203987
29041097905,0.0001853396
29054777001,0.8181191
29055928001,0.50335485
29060531101,0.005285185
29069929902,0.0002806533
29070370202,0.63299406
29070402701,0.60971254
29070402703,0.2611493
29074019201,0.86746097
29083085001,0.4153832
29083403502,0.039308604
29083951201,0.0107100345
29083951203,0.0071136365
29095350408,0.000658978
29095575303,0.0113066835
29100079303,0.0475662
29100565601,0.88891095
29100565602,0.15200427
29100565603,0.93931437
29110114603,0.55967945
29110228401,0.035332892
29110228402,0.06555138
29110228403,0.05005134
29110228404,0.07936485
29110592401,0.7242925
29132383101,0.6569082
29141720106,0.9944563
29142244001,0.23247889
29144913201,0.05216564
29151753701,0.5462255
29151760401,0.9816159
29152077301,0.0063660736
29182529401,0.6572471
29212271704,0.0064120544
29212276901,0.0004952411
29212276902,0.00060404686
29212768701,0.0010588362
29221488101,0.73339313
29221493501,0.0036129786
29221493502,0.0090511255
29229480901,0.5889636
29229480902,0.22354907
29241156701,0.9679087
29241523402,0.679024
29247930902,0.9795958
29251239901,1.474888e-08
29270577404,0.004946979
29282490402,0.2629464
29308064101,0.060909912
29315430402,0.002621421
29316626904,0.00012459737
29322246202,0.57573014
29324062304,0.042829245
29324609001,0.04502415
29327303201,0.0011552109
29343763701,0.3523009
29348090301,0.07563925
29348090302,0.040955245
29389805801,0.8844505
29396538402,0.0074361456
29404794903,0.001814046
29405213203,0.008883845
29405213204,0.005431917
29409296601,0.0027098758
29409296602,0.0011484937
29409382403,0.0010677874
29409382803,5.0278686e-06
29414726401,0.5029309
29414726402,0.36294916
29414726403,0.61971676
29414726404,0.53654784
29414807901,0.010491025
29414807902,0.0034263374
29415492801,0.9893027
29419561702,0.095499724
29419561703,0.00034674467
29420837802,0.00026419797
29429237301,0.9958919
29432731204,0.00049591647
29434148703,0.68248254
29439947401,0.7558494
29443845601,0.75657797
29443851901,0.26953384
29444175701,0.8863018
29460727001,0.8419438
29460732601,0.29372245
29468766501,0.79802924
29475193401,0.0035875987
29478154701,0.98812884
29483547602,0.008554215
29486954902,0.96808976
29487345703,0.17450592
29489270701,0.66447496
29492969502,0.13016668
29497805101,0.6792952
29497805102,0.41608933
29498156601,0.9586353
29498222201,0.9804144
29498228902,0.6213731
29504166101,0.21310776
29513104101,0.8326648
29516943101,0.5690838
29517639301,0.983687
29536876701,0.92287594
29537350203,0.012607507
29537501101,0.79623014
29559371202,0.99320143
29559925601,0.9738192
29559925602,0.009992839
29559925603,0.005148951
29564674901,0.54708254
29578046401,0.8718319
29755818303,0.0024736086
29755818304,0.0021822345
29756126902,0.0034180605
29770101304,0.0008251461
29771119701,0.005155279
29772274301,0.524167
29782930801,0.865512
29782930802,0.396921
29783354301,0.008559708
29805684404,0.0018442564
29805991701,0.5827511
29805991702,0.02229945
29806911401,0.9742139
29828173501,0.7083811
29838867101,0.7574678
29839044701,0.60132027
29839044706,0.00043853093
29852037401,0.0016418102
29852843101,0.9514174
29862728501,0.03566439
29863442301,0.2170395
29863442302,0.550754
29863487601,0.9456563
29871998303,0.019436559
29871998304,0.0051583326
29872318301,0.4587514
29894113901,0.96070564
29916232601,0.7274521
29917356101,0.0020461394
29917356102,0.07682178
29917356103,0.0018457911
29917440301,0.8888423
29927187501,0.82926506
29927274602,0.00028906236
29939926004,0.27592307
29949898201,0.98424226
29950712302,0.6924451
29971922903,0.017915158
29972078402,0.0027373498
29972173801,0.47714847
29972871601,0.7599538
29977986802,0.010184677
29979965801,0.99958986
29987018701,0.034884967
29994528501,0.0012424015
29994528502,0.0009889369
29994528503,0.9397613
30003893501,0.9572284
30008705901,4.0019967e-07
30014106204,0.019087313
30014106205,0.08447865
30015908202,8.492096e-14
30016476601,0.96533024
30016656205,0.0073504047
30016759701,0.03126553
30016860901,0.8544091
30028954301,0.25614327
30029319702,0.96479034
30030730501,0.67962575
30031613204,0.8495188
30032179801,0.40402207
30032649603,0.0022212868
30032649604,0.0035908306
30032683902,0.16218027
30037859601,1.3171872e-07
30044456803,0.33898723
30044862502,0.096258305
30052399801,0.40980217
30064108703,0.119367294
30071014401,0.552892
30074436902,0.005086054
30074542704,0.00043967902
30075494602,0.5734325
30076192503,0.97885406
30080830101,0.90196574
30081008601,0.957067
30081274101,0.9914051
30081274102,0.95328635
30087154501,0.94767964
30087154502,0.032857273
30087674601,0.8809567
30094897301,0.8762158
30094897302,0.428031
30095543403,5.876553e-06
30109886907,0.040153388
30115216901,0.9966535
30115379201,0.10223633
30116063801,0.035797905
30116063802,0.16675773
30125009301,0.78834254
30125334401,0.9473067
30130923101,0.0024418088
30131311901,0.977563
30139977901,0.75999683
30154499103,0.0011416513
30154920102,0.13819776
30155164401,0.9773656
30160961501,0.03628584
30161355903,0.3131397
30175063001,0.034758747
30175063002,0.087674424
30175294302,0.47734976
30189600401,0.005669018
30189603002,0.07532212
30194895401,0.022930628
30194895402,0.0025267114
30195525702,0.442814
30195634201,0.8664817
30195634203,0.0055291704
30195635701,0.0012422021
30195635702,0.0011741818
30205475701,0.9658351
30205497401,0.34589183
30298713005,0.00087862305
30298848601,0.02687008
30301363001,0.85799915
30301363002,0.81682855
30301363003,0.43603086
30301708302,0.16045251
30314365601,0.0008171414
30314365602,0.218315
30326438701,0.039501503
30326438703,0.21507148
30326870702,0.9485646
30337329902,0.31550273
30339007702,0.010442027
30346690901,0.7067912
30346867104,0.018271156
30346972501,0.6027333
30348573003,0.0067564994
30348734302,0.0008540479
30353147001,0.19570552
30355737703,0.0021159807
30365284401,0.0107420115
30365617801,0.9856081
30365717101,0.9531493
30371152901,0.52643996
30371572601,0.6819116
30378848702,0.19761425
30379358301,0.00037215833
30384110102,0.014399371
30384769801,0.891081
30389946702,0.74736196
30390173001,0.5479009
30390173002,0.7464834
30399401101,0.29334554
30399951201,0.9297732
30399951202,0.60442156
30399951203,0.5212236
30406573202,0.0015448327
30406638001,0.0096033905
30407181701,0.0024688581
30407182701,0.58406967
30407401202,0.09491115
30407503102,0.66608524
30407951901,0.93352187
30418255101,0.012865155
30419007501,0.40166983
30423779003,0.0009057126
30423787101,0.8564614
30424573801,0.68681926
30424590302,0.050585218
30427458401,0.0017121622
30427458402,0.001513406
30432655001,0.948861
30433113801,0.0073513733
30444809701,0.25335595
30448101303,0.0029925576
30448178701,0.67906225
30448178702,0.82010823
30448178704,0.6753117
30454564202,0.40107065
30454785801,0.83369476
30466376101,0.12603228
30466376102,0.05437327
30466456901,0.84460676
30469061801,0.9982855
30469061802,0.9777646
30470641901,0.8627109
30470818201,0.78000134
30472961001,0.06853162
30473644201,0.048443794
30476876901,0.21777444
30477444401,0.99679524
30477444402,0.98569185
30484227701,0.85308087
30485533602,0.011556874
30486265301,0.00295082
30486265302,0.0029985008
30486265303,0.017461175
30486265304,0.031469572
30486443401,0.21565993
30489838201,0.80049765
30490239003,0.0097488295
30490342801,0.3882276
30501828801,0.54256135
30501828802,0.55845314
30501837302,0.88925904
30518186301,0.957645
30532210702,0.00028199697
30532369303,0.009014394
30532857801,0.8688971
30532986802,0.05427388
30542400301,0.99954176
30542556602,0.049156416
30552180001,0.2502339
30552180002,0.13258885
30575655101,0.19067194
30620131104,0.1350512
30627151403,5.9118724e-05
30635759303,0.00081581087
30645349904,6.43563e-05
30646658201,0.7294802
30657320101,0.029340822
30657320102,0.17118482
30657378602,0.00017413581
30657955001,7.232569e-07
30663508801,0.9805015
30663508802,0.93074566
30663842701,0.51719606
30672323002,0.05518014
30672377501,0.17162006
30673953702,0.001935252
30677139301,0.0004167994
30677241102,0.01197137
30679070201,0.3462911
30679543103,0.7934714
30682369201,0.0014209431
30689766403,0.0044645644
30692926302,0.3368675
30692926303,0.100073785
30692926304,0.12909202
30705737802,0.5477637
30709150403,0.0028667024
30715884502,0.009477229
30715884503,0.0072970493
30715939602,1.1216053e-08
30732028202,0.012685954
30732409801,0.57279193
30732748801,0.15273109
30739915702,0.00020513318
30749068601,0.2090464
30749106901,0.017387595
30749112901,0.0009540144
30749239801,0.31918156
30935049801,0.34001324
30935054301,0.74961245
30935092101,0.98586047
30935092102,0.34465834
30941059801,0.59802526
30948580001,0.43316418
30948629204,7.497305e-05
30948634103,0.007508902
30948634104,0.005185475
30954461202,0.36911765
30963618501,0.06694593
30965471901,0.9515207
30965761001,0.22109424
30965822101,0.7089977
30965953001,0.20395285
30974462701,0.0058171256
30976004201,0.037511904
30979235701,0.99916863
30995649202,0.16873315
30996336201,0.98667216
30996340801,0.17247273
31009982901,0.78194517
31010281101,0.37875286
31010313601,0.99149936
31010421501,0.20080268
31017413306,0.10715158
31017948602,0.5907278
31018289901,0.3005419
31035510601,0.98415816
31041914304,0.0023110823
31041979501,0.41400898
31041979502,0.008612281
31042640401,0.753827
31050716202,0.0004017765
31050716203,0.0004850375
31050962601,0.0033217783
31051309701,0.025261674
31051309702,0.035180658
31065631301,0.038244892
31066279003,0.0021841552
31066294604,0.70451415
31073216103,0.0015946084
31073348401,0.92762595
31079639803,0.00064567366
31079639804,0.0011476522
31079659601,0.92813617
31080328201,0.0011948589
31085579702,0.56404954
31086235905,0.06002536
31095468503,0.031560108
31095512502,0.29652342
31095512503,0.43313906
31095512505,0.01341745
31095622501,0.2931969
31095960601,0.035416458
31095960602,0.23941344
31095960604,0.25792688
31102893306,0.10481557
31103481801,0.8447229
31110694003,0.0011723196
31117500803,0.96091187
31124246002,0.0033829315
31139230601,0.022179663
31139241705,0.14883114
31141311301,0.00074966584
31141311303,0.054640293
31153074105,0.8355223
31153074106,0.06187277
31153137204,0.31525669
31153423902,0.061140727
31156458102,0.62012994
31189217004,0.6119369
31195859401,0.92188835
31196300402,0.00012486064
31226738103,0.0004461628
31238678201,0.9123129
31239040401,0.96244454
31239225801,0.92178714
31264122401,0.0051375926
31275867301,0.05160769
31275884901,0.14925964
31287423601,0.42238957
31287423602,0.8704766
31287640404,0.01693166
31299226201,0.5056064
31299280601,0.34268644
31300028601,0.797761
31312069101,0.46663257
31312069102,0.5699448
31312389901,0.045092713
31312800101,0.106841356
31324528502,0.005732776
31335382501,0.39496937
31348201604,0.2514698
31360103001,0.8465771
31360186501,0.7355131
31360332501,0.00091989944
31360332502,0.0013399686
31360332504,0.00036046922
31371563702,0.006009734
31384116301,0.28534618
31384116302,0.19479582
31384355301,0.9491023
31384390703,0.16513805
31384390705,0.002496712
31384645901,0.93018836
31394113801,0.99293435
31407379003,6.395896e-05
31407379004,5.22443e-05
31419413202,0.010707692
31443420602,0.6760519
31443586801,0.74685323
31444058201,0.003551413
31444058202,0.0024553065
31456224401,0.42259192
31456224402,0.65144867
31456540002,0.090145566
31486596201,0.95184124
31493998303,0.00045193732
31494107001,0.010190642
31494107002,0.045304142
31494111801,0.0030315772
31494111802,0.010816325
31508122701,0.93134546
31519888203,0.40307528
31528635401,0.41392505
31551522401,0.0038929367
31551522407,0.5323632
31552073101,0.010573629
31552916201,0.00019308801
31552916202,0.0014600554
31552916203,0.0005768842
31552916205,0.020433865
31554413001,0.79360086
31554555501,0.48497185
31564628603,0.97550327
31566869501,0.02339166
31576279901,0.005678823
31585451401,0.14000972
31585451402,0.70609397
31609788502,0.028622163
31634576701,0.40577587
31671014801,0.791348
31685520601,0.56134194
31685520602,0.39352238
31685540401,0.043292247
31685540402,0.34809366
31685879501,0.18858564
31686730401,0.8953907
31715386201,0.76648647
31725062302,0.016516587
31804494102,0.18497215
31818199701,0.011659512
31818199702,0.004206463
31821351901,7.126886e-05
32227262801,0.84276366
32227262803,0.9526494
32290232001,0.002963444
32290232002,0.0032275429
32290232003,0.002989367
32300722302,0.00025010036
32300820904,0.0029485007
32306061402,0.021441681
32306315602,0.4013936
32306337701,0.86852294
32313365901,0.008758387
32329547901,0.9953198
32335522503,0.7787719
32342670405,0.95836115
32342916601,0.828048
32343234404,0.0020153713
32344319401,0.013550665
32344319402,0.48811156
32344329103,0.0008587922
32346111801,0.31151062
32351102604,8.450364e-05
32352156203,0.9868444
32352169403,0.0031259866
32356256401,0.6611413
32356372903,0.013861555
32362403904,7.381808e-05
32364689601,0.00025617666
32364689602,8.3229424e-05
32364897501,0.25504625
32368510503,0.0013695913
32372755601,0.003843422
32372755602,0.05366466
32373224603,0.001225639
32376232101,0.1103314
32376427701,0.0036031953
32376427702,0.0034757573
32383694501,0.0017823459
32383694502,0.0041322433
32383694503,0.00402064
32383743401,0.8489509
32383743403,0.9978678
32386421903,0.0003454117
32387642601,0.93445694
32387823602,0.002670774
32396848403,0.00058965484
32396856601,0.0043059303
32396856602,0.0050674556
32398924701,0.059344355
32399241101,0.82155764
32400358301,0.96102726
32401024105,0.20368278
32404819301,0.18746045
32411913502,0.00023067422
32412829502,0.75304204
32414433702,0.0013927431
32420035801,0.010131991
32420452301,0.52040946
32420575301,0.70796996
32420575302,0.4109779
32420822401,0.35291088
32420822402,0.031058526
32431692402,0.000101363934
32432445403,0.013931016
32442452704,0.7884134
32442469603,0.005312012
32442833403,0.00035571706
32443497801,0.33375692
32443724004,0.030512018
32449469804,0.0005186174
32450262801,0.7312664
32460755801,0.011264003
32460851409,0.9909135
32461281201,0.0015205884
32461281202,0.0039776745
32465481104,0.00015439182
32474838902,0.13584973
32475731102,0.004026517
32475935204,0.093394354
32476072101,0.13948326
32477497902,0.74440587
32477497905,0.9333877
32485285301,0.76858985
32485285302,0.877612
32489057101,0.026337609
32489057102,0.026112478
32489275701,0.40140393
32489361302,0.073114954
32492783604,0.004897359
32501276804,0.0067726043
32556374402,0.47020727
32556436601,0.19544077
32556436602,0.4894376
32571096402,0.23762852
32571096403,0.21181992
32571629603,0.0032299722
32584736001,0.9859968
32587099002,0.0050475732
32587307601,0.005232012
32587307602,0.003953083
32588833501,0.2040146
32602282201,0.37719297
32612924502,0.0008800548
32612924504,0.024221195
32622535503,0.16897766
32622535504,0.17790893
32638138401,0.2736423
32640871801,0.9622891
32641199403,0.72909737
32641199404,0.47918317
32651018301,0.98950446
32659876601,0.6056351
32659876602,0.23793721
32668934407,0.00017749376
32669214401,0.79201084
32669398801,0.9893758
32675196001,0.7043889
32676001002,0.0013531198
32676544401,0.6985669
32677189203,0.0028670866
32690667202,0.081405796
32705486401,0.897662
32706790601,0.001973397
32706987204,0.0014017859
32707125401,0.005519226
32707125402,0.019291101
32730440601,0.011428417
32738237101,0.766353
32738237102,0.10310259
32738237103,0.82507384
32738995301,0.05910604
32739067303,0.37163553
32753630101,0.7967957
32784687701,0.885737
32796910402,0.0016752442
32814130501,0.011785375
32814453803,0.0002613611
32814799802,0.85956055
32815595301,0.9584321
32830675501,0.018578287
32830675503,0.00084597594
32845763901,0.97912097
32845763902,0.81007886
32862415802,0.0120269
32878113301,0.14357764
32894674901,0.020168377
32909842101,0.7784103
32910447101,0.95424145
32925562201,0.9724665
32939977204,0.0010469392
32940118302,0.0002590826
32957299901,0.0055351867
32957942701,0.9680576
32958050701,0.71397316
32972016201,0.7450021
32972016202,0.90799016
32972706401,0.0190146
32973392601,0.21059363
32984872201,0.7296353
33016782201,0.65955484
33017591802,0.05367071
33017594302,0.21788022
33035746001,0.03549459
33051467502,0.8964818
33051605001,0.0016080233
33080881201,0.2132911
33096295001,0.2581955
33096890201,0.99352646
33113133001,0.081519246
33125910901,0.02714771
33125910902,0.008525173
33143630901,0.36255226
33158594701,0.06307751
33159736001,0.1981099
33176314802,0.3554535
33177386502,0.0026926822
33177387502,0.043696467
33188966805,0.014573871
33189172901,0.8596101
33202650201,0.16200341
33202859802,0.021137968
33218409501,0.93350154
33218409506,0.0074275
33219007502,0.07477064
33219100502,0.12724862
33219394901,0.04666895
33244230008,0.0015621874
33244372401,0.8053348
33518625602,1.7488913e-06
33519369401,0.39236307
33520653102,0.69528604
33520653103,0.12773272
33540139101,0.013835282
33540210101,0.99327725
33554524001,0.772962
33554524002,0.6704306
33556261502,0.015163539
33570153601,0.88651216
33570153602,0.8761191
33601247201,0.25224903
33601247202,0.14475667
33602313701,0.15825109
33613706502,0.009550769
33614287701,0.14896643
33614287705,0.54415417
33614552001,0.0056407372
33657475801,0.82617015
33670052102,0.013526187
33670730501,0.9278045
33685520901,0.8144493
33686333101,0.22101507
33696405901,0.008430629
33696405902,0.0028789714
33697138001,0.7086915
33697191503,0.012300933
33712610301,0.035187453
33719302801,0.7217837
33719312802,0.5386237
33719535302,0.00012462446
33720058701,0.015255147
33720058703,0.03296147
33727469503,0.47373238
33734938102,0.15451269
33739324701,0.92717093
33739881902,0.055867806
33740881301,0.8987685
33743756601,0.35327443
33743756602,0.0004411762
33756090701,0.54227275
33769074701,0.77273923
33780683201,0.9152145
33787999701,0.93172646
33788545601,0.90844536
33794511901,0.60503536
33794511902,0.86143434
33795222901,0.5881275
33799519402,0.0011410542
33799519403,0.0040669087
33800923301,0.7540183
33809866701,0.98408705
33811950201,0.016803723
33823254301,0.87304217
33829381102,0.36827838
33835052701,0.8719367
33849206802,0.009979686
33849356703,0.004196192
33863576701,0.80254966
33863576702,0.04688126
33873659101,0.001024401
33873673301,0.18325286
33873673302,0.1326332
33873942601,0.07746919
33885756704,0.028149799
33885997804,0.06877479
33901599101,0.9792234
33927944001,0.9816901
33944248401,0.09164832
33955867801,0.32861584
33956336701,0.0029585504
33956342601,0.0042025093
33956454401,0.0010860903
33956455101,0.0029382766
33956484501,0.0016670435
33956545201,0.00019312749
33956554206,0.21641652
33956558401,9.006636e-05
33956558402,7.970338e-05
33956558403,5.2631643e-05
33956573901,4.916161e-05
33956573902,0.00013445629
33956574001,3.371825e-05
33956574002,4.7720827e-05
33956798501,0.0029606894
33956798502,0.021233937
33956800601,0.00012860305
33956800602,0.00026453103
33956800603,0.0007841089
33956805901,0.0033930514
33956807101,0.042469125
33956807701,0.00027182663
33956807702,0.00035163047
33956807703,0.03574229
33956812501,0.0016162022
33956817001,0.00011143278
33956817002,3.2701566e-05
33956817003,3.4055087e-05
33956820001,0.00022150206
33956820002,0.00035387848
33956820003,0.003065089
33956824702,1.0
33956824703,1.8473673e-05
33956824705,1.270732e-05
33956824708,4.361133e-07
33956827001,0.004794525
33956832801,9.160454e-05
33956994201,5.4036627e-05
33956994202,0.00014574447
33957015301,0.00398536
33957015302,0.0065684933
33957026001,8.668963e-05
33957026002,0.00051668123
33957300901,0.07134888
33961188301,0.8294622
33963358402,0.00084493746
33968020301,0.023352854
33968020302,0.0049169906
33968055201,0.003262833
33968213401,0.96828294
33968283004,0.0005481624
33968544502,0.042390246
33968544504,0.029003298
33968815801,0.300029
33968950202,0.3417047
33972309902,0.016483882
33973301301,0.9345441
33973301302,0.78432167
33973301303,0.8897879
33975272901,0.64622015
33975656101,0.43846717
33975889702,0.2374255
33983299501,0.6125204
33983649001,0.6598586
33991355001,0.8342577
33997920001,0.679378
33999003801,0.00042328722
33999003802,0.0005210319
33999003803,0.012304609
33999003804,0.021896286
34009360401,0.0072758985
34013076702,0.9103223
34013076703,0.019871451
34013076704,0.0075769243
34016460202,0.67548925
34016616701,0.7861081
34017008002,0.8064035
34020604405,0.005610972
34027438401,0.19073361
34028148307,0.0040381365
34028560001,0.85603297
34028802201,0.0026171873
34050494501,0.100418925
34062040703,0.0125725
34062928903,0.009854962
34063019701,0.6615576
34063019702,0.5930472
34067038701,0.065697655
34067052301,0.006991514
34067092201,4.5637273e-05
34067135701,0.3172696
34084498402,0.25622028
34084582603,0.4831702
34084689101,0.46626148
34084689102,0.1289983
34086810801,0.7219073
34086831801,0.9979942
34086991502,0.0006178181
34087762601,0.91419363
34087762602,0.9230258
34088361401,0.9758462
34103148002,0.0076458226
34108527302,0.006172994
34108771701,0.7493678
34114294302,0.0013157933
34114294303,0.0037897632
34125076101,0.8754318
34125818201,0.06916796
34125818202,0.0018718881
34125998901,0.110081404
34126184601,4.988993e-05
34126184602,8.8423025e-05
34126197001,4.420479e-05
34126197002,0.000103835155
34133886502,0.0052231504
34138218301,0.003306036
34138220901,0.039656527
34138220902,0.026896294
34138525601,0.99195296
34139966801,0.036489476
34147057401,0.8509155
34147057403,0.6498245
34147613001,0.9840655
34147927603,0.003919439
34151302001,0.08498341
34151521401,0.084333524
34151521402,0.081863046
34151535501,0.026732344
34151535502,0.032184787
34152008201,0.082786806
34152033401,0.010970691
34152033402,0.007362118
34152033403,0.098011196
34159787501,0.91951346
34171016301,0.98881346
34171016304,0.016777799
34171577402,0.040431395
34180339901,0.9386532
34180340101,0.96151954
34180590801,0.92706215
34180590802,0.17337808
34181881101,0.9411642
34183842001,0.6886004
34191252203,0.5696289
34191720604,0.00028488424
34191720606,0.00034523787
34195221801,0.15381725
34195503101,0.031850792
34195503102,0.04132668
34204300801,0.079878055
34204465701,0.95997024
34205138703,0.021142555
34205138704,0.08763256
34213578102,0.048418634
34223289101,0.9219366
34223686701,0.8494612
34225913701,0.004050878
34225932401,0.0069319494
34225934401,0.011934297
34236051401,0.04016739
34236051402,0.47887933
34239922001,0.062264323
34239922002,0.0017754905
34246945501,0.62180674
34246945502,0.49669957
34247401001,0.9682211
34247401002,0.5234113
34255472301,0.23675703
34255632101,0.69958293
34256752902,0.0032434552
34256752903,0.06551152
34256769501,0.7636189
34261796801,0.8994393
34268386002,0.9326965
34270269903,0.0032044926
34270269904,0.0065895747
34291558001,0.01688505
34303199501,0.9122496
34303480901,0.58777314
34311938102,0.0028561656
34316698301,0.55031836
34316698302,0.3304269
34325328205,0.0050765444
34326030702,0.12970953
34329605902,0.0152799245
34333867602,0.65572804
34336548101,0.75977814
34336548102,0.94407207
34336548104,0.39330232
34337716901,0.9541553
34337724601,0.4921199
34337745701,0.011084479
34337762402,0.61759377
34337834501,0.00013173958
34337834502,9.358149e-05
34338368101,0.0015580903
34338368102,0.0022793482
34344943703,0.023332162
34354122201,0.68684614
34357397102,0.6363345
34357397104,0.89275587
34357397106,0.025452811
34357569402,0.48536053
34358582401,0.31324592
34358700001,0.988555
34364733501,0.8767928
34364813603,0.94888633
34364945401,0.9334658
34365125505,0.021665566
34365219603,0.0014082944
34368152403,0.0038897444
34368187801,0.599567
34368487603,0.0053601894
34375729902,0.014419608
34376193202,0.5540571
34376436001,0.5579334
34379800101,0.524426
34379949301,0.0006017546
34380086601,0.9252467
34385424001,0.96112484
34388482501,0.888533
34388482502,0.8471407
34403162701,0.8545387
34407735302,0.0018407995
34411135901,0.14145836
34411269001,0.026133342
34411575001,0.3236135
34423230001,0.93741876
34423441402,0.0075517357
34425865701,0.00030361462
34433722504,7.535866e-05
34433722506,0.0011320501
34433771301,0.026628178
34433870301,0.20809929
34433870302,0.10602568
34435187103,0.0018842461
34439801801,0.99870574
34447050903,0.01013043
34458859903,0.0099567
34460040201,0.95530254
34460426301,0.011783614
34466759001,0.9414045
34467085401,0.42694438
34467085402,0.6122645
34467569401,0.8146047
34469160301,0.9363799
34479463202,0.011839577
34479692104,5.6569414e-05
34483848801,0.90922016
34492558801,0.008438869
34492558802,0.009907088
34496460802,0.2692953
34496955003,0.077945545
34497489301,0.8066554
34509282901,0.9387556
34509763401,0.11248335
34509763402,0.19051176
34517331502,0.004858849
34520447101,0.13126233
34537130801,0.1769014
34554436101,0.15817533
34554436103,0.409419
34554812702,0.0008159614
34555184101,0.5352424
34555184102,0.026966894
34555192801,0.0016446632
34555390101,0.34609386
34582224601,0.89411974
34634767701,0.989094
34639827902,0.96965986
34640522601,0.5027896
34652034102,0.011319782
34660497801,0.23108618
34672609202,0.015201561
34672720101,0.013844846
34672720102,0.006778699
34672720901,0.6048537
34672792602,0.9513327
34674306203,0.6135398
34677039204,0.00031113287
34679228101,0.9979697
34679523601,0.69319415
34679674101,0.10270787
34681068601,0.048744515
34681288703,0.0014068537
34681395001,0.29164848
34682256401,0.02804775
34682501402,0.0024931733
34683058301,0.008217962
34683058302,0.047139313
34690292304,0.059773996
34691262301,0.98868155
34691262302,0.050866894
34695350801,0.6700534
34703035501,0.95940256
34704243201,0.0055083605
34704243202,0.004245384
34706869302,0.010239541
34708176101,0.0007383595
34721352101,0.082919054
34728360101,0.85440814
34729037202,0.17517032
34736944701,0.006767271
34736944702,0.006501104
34746077901,0.022883322
34746554101,0.0021613974
34761353601,0.6091967
34761473301,0.091810085
34761473302,0.029746167
34762087002,0.1097059
34765644407,0.0038278794
34765691101,0.107789405
34765691102,0.031203702
34765706602,0.0003226865
34774338901,0.8100533
34778028501,0.9676788
34778558301,0.20457831
34778704101,0.01288159
34787326202,0.001059342
34787435802,0.94180065
34800682402,0.0005619369
34804054501,0.8168953
34804243901,0.6885984
34804243902,0.74213403
34813042001,0.003743673
34816801901,0.86169606
34817119901,0.8970069
34817645401,0.9951847
34825025901,0.8397436
34834137801,0.93603706
34834462207,0.04329932
34840107101,0.03792197
34840107102,1.9648549e-05
34840107103,0.0016118073
34840107104,0.0010786225
34844886401,0.8728281
34845963501,0.96371067
34846082901,0.9165291
34855628102,0.90179414
34857057501,0.8995168
34857132608,0.001985561
34869424701,0.6452646
34869926003,0.12246008
34876244101,0.6110867
34876345301,0.028203145
34877117902,0.98950994
34883961101,0.12827778
34884124202,0.00088325096
34885229801,0.5575857
34885229803,0.23522902
34885360504,0.013682646
34889719902,0.016114416
34889867301,0.05247324
34895779302,0.0
34897218401,0.99346787
34898480202,0.6657478
34898568201,0.34481603
34899109903,0.007477388
34899746702,0.97620356
34899761203,0.00044757465
34905944803,0.059326265
34909514901,0.99862444
34914500401,0.63076955
34915449001,0.5241269
34923744201,0.23060568
34924096101,0.33299282
34924366501,0.00064598914
34924593002,0.5245575
34926970102,3.1680887e-05
34927000101,0.029849093
34927000102,0.04338425
34930944202,0.005256292
34930944204,8.891834e-07
34937159501,0.116262175
34937159502,0.015913963
34937319201,0.0013315513
34937319202,0.001244518
34940722801,0.00010794544
34943397602,0.39549434
34943397604,0.5390469
34948459501,0.19147117
34953966501,0.3820625
34953966502,0.55732286
34954340105,0.09229968
34954411201,0.5160435
34964460603,0.013595329
34964851002,0.0062868414
34967968101,0.0002742729
34974792902,0.11618897
34975139306,0.0015844757
34975697201,0.5373205
34976705101,0.21307665
34978691601,0.99604344
34978691801,0.9937689
34980504401,0.9730873
34983282402,0.008362457
34986285201,0.3233493
34986542306,0.001810542
34989255901,0.11819819
34996391402,0.072161905
34996426403,0.0012771424
35000584601,0.4039079
35014629601,0.6848125
35015411901,0.884151
35027646202,0.0018796081
35027706202,0.29480866
35029767702,0.0081791505
35033350702,0.0066896533
35033613202,0.4644497
35035563201,0.007098128
35043133501,0.004259342
35043133502,0.005601684
35043133503,0.06014535
35043133504,0.16018043
35046762401,0.27359563
35047910101,0.26392752
35057599701,0.9945826
35067974502,0.006863254
35074247502,0.013773905
35074371401,0.9935417
35076779401,0.2121915
35079640702,0.25877446
35080347202,0.0015103694
35080347203,0.0029938796
35080469601,0.99534625
35080884002,0.0046897554
35080884004,0.01433121
35084283801,0.11295912
35084283802,0.4944546
35084633401,0.84227675
35085346601,0.9529412
35085351302,0.0070726736
35085871301,0.0031170296
35085952701,0.18942851
35086063103,0.003143581
35093067201,0.8992985
35096515901,0.024824383
35109238501,0.9971787
35109482008,0.00035231392
35118188003,0.2367286
35118188004,0.6683538
35127512701,0.9290649
35128467801,0.97170705
35128529701,0.9757568
35200055801,0.26921752
35200331801,0.32865864
35201671601,0.8485493
35201690402,0.82113326
35208100106,0.05151236
35214110704,0.69178575
35222923701,0.24798684
35222926801,0.9972928
35222926802,0.99624145
35222926804,0.8497932
35494479401,0.026624689
35663935001,0.002269744
35663935002,0.0023959505
35667591201,0.6782139
35672996605,0.047237262
35673165502,0.0017855617
35674784701,0.336134
35674812701,0.08741144
35674812702,0.99726284
35684659401,0.7003786
35685023207,0.007543217
35704416301,0.9896086
35710407107,0.0011103551
35710535202,0.005247059
35720575001,0.031318236
35736262304,0.0017913044
35736262305,0.0016573529
35736262306,0.00053740595
35751024701,0.0025152185
35760973002,0.012200185
35765997203,0.005350421
35766231601,0.83658326
35766231602,0.98746014
35770930001,0.98669946
35790947801,0.016561147
35791120202,0.7736718
35802074501,0.98346233
35802216901,0.0038231693
35802216902,0.004500189
35802216903,0.0033365104
35804784102,8.084873e-05
35807104902,0.36078107
35810812602,0.0103189545
35815476402,0.20201997
35815644202,0.00017295638
35817632901,0.010803914
35829066803,0.012798317
35829066804,0.011974009
35833558603,0.03212796
35833558604,0.030984541
35840238203,0.1089899
35899383104,0.00015356188
36008791501,0.09308651
36008811302,0.001982089
36008887102,0.022290561
36021781301,0.007950477
36022222801,0.7996573
36032014601,0.09334409
36032455801,0.33657086
36039503701,0.9705394
36045755301,0.015464307
36046316002,0.011247885
36054824702,0.0005072002
36054824703,0.00070188387
36060567001,0.73451746
36061757001,0.8691165
36069853903,0.050050028
36080075401,0.20323977
36084805604,0.3045059
36085112301,0.04813174
36085112302,0.3945571
36095173901,0.47551256
36095173902,0.030624107
36095868901,0.043791663
36103419601,0.6368581
36103419602,0.023808556
36107451001,0.87702215
36107514601,0.0580654
36107514602,0.015565359
36108230204,0.7967366
36116866004,0.00027105416
36116875103,0.0030015474
36116875104,0.005040668
36116900301,0.040324565
36116904201,0.8586065
36117072801,0.60878706
36117247901,0.82763916
36127261201,0.07051979
36133308901,0.41989586
36145892301,0.98709214
36145892302,0.7488339
36147312501,0.0778862
36171360202,0.15061873
36171769701,0.89977646
36179375701,0.9738712
36185866701,0.0038523707
36185866702,0.003572499
36186370501,0.0077765193
36186370502,0.016626906
36195723703,0.00079375785
36195801301,0.0021463386
36203025201,0.1515204
36208509801,0.99345374
36208633303,0.0056220572
36208897901,0.18840049
36211110402,0.0005617103
36211110403,0.0007511482
36211346601,0.6487022
36212163901,0.012543578
36212242702,0.0019540868
36212242703,0.0015502578
36216542102,0.98154366
36223421902,0.00057310273
36223421903,0.00045026827
36224167401,0.030957347
36232245001,0.77550405
36232355002,0.047356475
36232355003,0.009335906
36232355004,0.046412084
36232651002,0.58975685
36232651004,0.05919152
36232773002,0.22819462
36238452701,0.9615233
36247892101,0.117427446
36248081501,0.77099407
36248365501,0.0021366214
36254444201,0.29086465
36254444202,0.52141887
36263133101,0.8782515
36265887103,0.009407049
36266522904,0.039014556
36266522905,0.06303882
36270472201,0.8555487
36270988601,0.9949149
36270988603,0.021019088
36273479503,0.57115483
36273577502,0.11283878
36275381201,0.91180325
36282250301,0.97441304
36282547001,0.0039001862
36282547002,0.0035117667
36283395302,0.034391943
36294416601,0.0019175373
36294416602,0.35688218
36294440401,0.44825682
36294440402,0.0010643824
36301457701,0.62301105
36302476706,0.17060013
36308238301,0.9748991
36308617801,0.9636417
36314054702,0.019422874
36320794101,0.3764402
36320794102,0.6793238
36320794103,0.94119334
36321484301,0.027445272
36321759401,0.005319034
36322109602,0.5836296
36323171601,0.77984357
36326755601,0.1347889
36327032201,0.3224879
36327080203,0.0002649158
36337105701,0.008224443
36337231302,0.19537216
36337240301,0.8892493
36341472201,0.008928434
36344758501,0.8591347
36348116302,0.058214646
36348116303,0.17171547
36348116306,0.8113581
36352747501,0.6994267
36352858301,0.33245954
36360033001,0.0021272025
36360033002,0.0031264038
36361158305,0.011113129
36371002801,0.42777824
36373876501,0.98373574
36373876502,0.75494397
36379019501,0.893625
36379071001,0.06758964
36379071002,0.029948818
36379566801,0.71730083
36379882103,0.030345801
36380507102,0.5369052
36380507104,0.83419746
36392558001,0.6942173
36393331302,0.0262169
36397797801,0.86958057
36398418002,0.14983438
36401811703,0.0015230139
36410692902,0.0002749269
36410775301,0.99305797
36411583601,0.10465548
36413262801,0.5352259
36415342401,0.0015971235
36415342402,0.009197917
36416385202,0.0042817835
36416490701,0.012172773
36427960901,0.54943544
36430211801,0.18637109
36432638403,0.00081417995
36432638404,0.008646667
36432704501,0.12444613
36435035401,0.22007586
36435264902,0.57246053
36435444301,0.012801267
36435462401,0.8264171
36454463302,0.015736744
36454478304,0.71300435
36454523401,0.52800685
36454711201,0.00092768646
36454711202,0.0025934263
36454918901,0.93690896
36462547201,0.7990771
36464290004,0.030842345
36464600202,0.85027057
36478500901,0.19996975
36478500902,0.6175422
36478500903,0.7737902
36479758401,0.43603903
36479758402,0.20974845
36487354001,0.09980164
36487915501,0.16341874
36488054201,0.9388137
36488198001,0.26035503
36494463301,0.67791194
36494463302,0.2541049
36501436301,0.8877142
36532521703,0.25752273
36532562101,0.66822827
36546786701,0.71971846
36546910701,0.057197455
36555694502,0.0041361093
36566262301,0.8395909
36572172402,0.0002189699
36572727101,0.05929419
36573020702,0.83999443
36577423401,0.89237386
36589085601,0.786382
36589718401,0.93060184
36595339605,0.020927705
36595339606,0.005862695
36599889601,0.08167283
36600046901,0.25079858
36694633201,0.9747301
36695394901,0.5590805
36695840901,0.00019191395
36695840902,0.00619212
36705891203,0.014675451
36713674101,0.0010117049
36713674102,0.0012535951
36713674103,0.0032280898
36713674104,0.002407785
36713674106,0.0027724546
36721580201,0.43496752
36721931201,0.93288994
36721958701,0.0021721818
36722441201,0.0019822232
36731106001,0.09294986
36737894004,0.29165497
36747358301,0.79985714
36747663301,0.0005438006
36747663302,0.0022496171
36747812401,0.88583
36747812402,0.8662193
36748491302,0.011174028
36757208301,0.73573357
36757282501,0.50621843
36757806102,0.7541796
36766053402,0.0011903165
36767139701,0.018134499
36782403903,0.012667511
36783273701,0.0152476095
36789557801,0.00035997492
36790475303,0.009565274
36797561603,0.0013626808
36808504701,0.7730681
36809595301,0.5331631
36847142601,0.2132714
36847142602,0.0063215126
36847142603,0.00844697
36857403002,0.92498076
36874788203,0.000522551
36874802403,0.0023057957
36875330301,0.47256148
36876173401,0.22751959
36885458503,0.07101433
36893059701,0.30234095
36893059702,0.8884754
36893454001,0.5514944
36893454002,0.5297538
36898885202,0.06948883
36900681701,0.90890115
36910254905,0.0011808231
36922914301,0.84061325
36925302301,0.9072223
36932794701,0.999148
36934506401,0.9994837
36977912701,0.955165
36981850803,0.0009461929
36986473801,0.99257857
36996295501,0.9685402
37004042101,0.68335474
37022670202,0.00022019257
37024349001,0.20653127
37246364501,0.0006346052
37253040102,0.025574204
37253040103,0.023892192
37253486701,0.0070473407
37253772901,0.80839014
37253773301,0.67994356
37258954001,0.89664704
37266297201,0.0061551766
37266297202,0.0062932638
37266342501,0.030724071
37267053501,0.20826346
37267063501,0.13876595
37267063502,0.6540617
37267351104,0.23290512
37276861902,0.03493147
37276896503,0.00018016134
37277343501,0.8941844
37284782901,0.9907823
37285035701,0.008924194
37286911101,0.010473925
37290811001,0.0047988226
37297899306,0.0002331263
37298707301,0.08425016
37301560401,0.0049216603
37352305102,0.95110565
37359477101,0.61322224
37376857602,0.005768621
37384385701,0.6841231
37392837401,0.21329693
37401666004,8.8870775e-06
37485899901,0.7297137
37486059001,0.3795865
37491198603,0.8253205
37503656702,0.8604369
37503656703,0.8348553
37505958701,0.99736845
37505958702,0.996894
37508912402,0.028990764
37509071701,0.05501204
37522151901,0.4588662
37522191803,0.642668
37522254905,0.009999362
37522254906,0.0017118575
37522254907,0.008097127
37522268303,0.0023986772
37522308001,0.9541173
37522545301,0.8117184
37522545302,0.91844636
37527395301,0.97630924
37613191501,0.08302887
37740736902,0.5519359
37775945505,0.10479804
37785944501,0.00249605
37809361001,0.9908075
37834445701,0.831666
37855542301,0.98156345
37856305901,0.3002472
37856305902,0.57244384
37866689001,0.020138228
37866689003,0.025760159
37874201801,0.9116736
37874634801,0.05313215
37874634802,0.01758523
37875221802,0.08486229
37886884902,0.33645135
37923400201,0.76672053
37923400202,0.9451786
37924036001,0.39496267
37926673701,0.002167642
37929030002,0.731698
37934964301,0.028164756
37935463503,0.0024244785
37940371801,0.71351284
37940792702,0.019214649
37940792703,0.0665329
37941054001,0.8868144
37961831901,0.77984333
37961831903,0.1553919
37972308601,0.99230367
37980177503,0.0072307372
37980177504,0.011169627
37980419501,0.41585094
37980635802,0.00056177075
37985274801,0.8777152
37986534701,0.4821424
37986534702,0.03334419
37989769601,0.56517005
37990919501,0.21071966
37997324601,0.04310285
37997366801,0.0059058415
38000137401,0.8358739
38008474301,0.03963003
38008474302,0.028602032
38008474303,0.02623886
38008551702,0.7727114
38017354002,0.018666051
38021153801,0.8239789
38032669301,0.9094493
38033014202,0.0016066507
38033014204,0.0006203308
38033437201,0.0006790248
38033437202,0.005528451
38038582102,0.09429482
38039496401,0.3249976
38041913901,0.043570586
38042259101,0.9324106
38053978405,0.0017334694
38053978406,0.0016457799
38065667301,0.19587848
38066437101,0.80667645
38071050103,0.022632923
38077004701,0.010100208
38078325201,0.8645299
38086277001,0.045136772
38087068801,0.9836326
38091027701,0.90529406
38091623502,0.01630852
38091702701,0.8820534
38097651501,0.008119397
38099717802,0.023062354
38104850602,0.0058895824
38104850603,0.0033179084
38109183801,0.12702806
38114124601,0.7518927
38123214401,0.1410974
38123214402,0.31256077
38123745204,0.033367902
38132860101,0.2950901
38133345501,0.020960892
38135169604,0.00055903284
38144788301,5.6666257e-05
38144788302,5.3240954e-05
38154886602,0.1363687
38154886606,0.03002466
38155188001,0.33798608
38155985502,0.0006743583
38164772203,0.004593268
38172444401,0.21842729
38189791701,0.993299
38190750205,0.003960203
38190750206,0.0032358735
38191909001,0.92465276
38192119303,0.77924603
38192515602,0.07187167
38194976102,0.49796602
38197796401,0.060179118
38198711805,0.0004685536
38200958001,0.0002926143
38200958003,0.00064391474
38201108601,0.934471
38201634801,0.91024303
38202842501,0.95357764
38204309802,0.00085314136
38206916001,0.0022304954
38206916002,0.00059244037
38207297301,0.0018551236
38207297302,0.0021025878
38207502502,0.9045379
38207504501,0.6463401
38214552103,0.0048825345
38214863502,0.060864937
38218954202,0.20428292
38219619302,0.99337476
38219944102,0.028668309
38225200201,0.25512835
38230868402,0.0037915315
38231035801,0.7524362
38231205201,0.0007322263
38231205202,0.00081370835
38231224302,0.90593076
38272885901,0.0154357515
38282336802,0.0004759321
38282769901,0.19902095
38291581101,0.9895767
38318130001,0.7156287
38326621001,0.75011104
38326621002,0.5437574
38350309001,0.0024419127
38352567802,0.0064936853
38352567804,0.064427726
38359428206,0.014283375
38359434101,0.018047579
38359434102,0.0056590927
38359436001,0.1998212
38359524203,0.0049088127
38371649601,0.00085506064
38372751002,0.9571001
38374689203,0.0049321186
38401591501,0.5002076
38401824003,0.00284908
38402184601,0.23073581
38406533702,0.13296206
38407312201,0.23134083
38407312202,0.1122435
38407462901,0.022002777
38407462902,0.053381342
38407470502,0.60738724
38414505401,0.1663785
38415584401,0.98936546
38415604302,0.0048761303
38429880802,0.40179342
38434431002,0.0006642184
38438583501,0.9127886
38438596901,0.05261143
38438622107,0.037584994
38438622108,0.0008026275
38438859701,0.48340666
38446538201,0.93165576
38446538202,0.65745956
38446538204,0.7388868
38453643001,0.9852959
38460931201,0.0011501273
38482355601,0.781784
38482944004,0.019015463
38710796102,0.20110814
38813192401,0.007085801
38823584501,0.0025884078
38828704701,0.38515934
38882036303,0.052089013
38884523303,0.8153321
38895168402,0.00054488896
38907088401,0.62502277
38915972501,0.9380532
38916880801,0.16134934
38928579101,0.0465964
38928698901,0.0033713593
38936374501,0.2554935
38936728001,0.066185184
38938234801,0.0073926137
38943736501,0.7812024
38956470001,0.042405527
38956548103,0.0027863213
38956733003,0.00062526745
38957019601,0.0054153735
38957352702,0.88185436
38957603501,0.13876985
38958027702,0.0008023431
38964397501,0.4504353
38965089503,0.005464795
38966979601,0.4747149
38966979602,0.21005924
38967796901,0.024265092
38967902901,0.008847741
38968293302,0.033753436
38968293303,0.009698196
38968293304,0.008404427
38968406001,0.09959583
38968406004,0.0072627026
38973327501,0.20787117
38973494601,0.92244107
38974765904,0.15094753
39008315901,0.6627553
39013742002,0.00069940847
39014207204,0.0014565494
39014902701,0.0003707455
39015054702,0.9012585
39021550001,0.9091589
39021912601,0.007368094
39030588101,0.21599391
39042770302,0.003640628
39043477701,0.0068958984
39072352903,0.7949666
39081767501,0.86107004
39081767502,0.00048231924
39174454004,0.0006569888
39174526001,0.91913867
39181283901,0.66397065
39188739001,0.0002462554
39188798802,0.023119187
39189425701,0.003989636
39189524202,0.05311639
39190306401,0.9982712
39190306402,0.9810998
39190467002,9.2927836e-12
39194988001,0.99920446
39202492501,0.65590936
39202492502,0.42940238
39202492503,0.3946357
39270667701,0.4601256
39303086901,0.016181337
39303285301,0.16880216
39308647301,0.97176605
39374762801,0.74135876
39422819607,0.00032851374
39422819608,0.0003764832
39423379001,0.2900881
39423698105,0.43183288
39424416702,0.78644896
39427900401,0.740666
39427958702,0.08308757
39428451701,0.89951956
39428451703,0.9488638
39433218702,8.033229e-05
39433576002,0.99509794
39434031901,0.96821165
39434190102,0.012522478
39435605006,0.11419448
39435729401,0.91357875
39445526701,0.0072326274
39449001201,0.88296175
39456111901,0.9992731
39456260903,0.0036183891
39456260904,0.0033425307
39456288004,0.0010187356
39459353002,0.0017464878
39459416901,0.7504043
39459426002,0.05653986
39465795201,0.024900883
39465797201,0.010740661
39466088802,0.016659223
39466131401,0.8646134
39470219102,0.16238657
39471160506,0.0019788088
39471533201,0.4103577
39471614602,0.002834582
39472987501,0.99567527
39481226301,0.0006316735
39481226302,0.0062247976
39483187602,0.52915806
39491277004,0.7508238
39491558303,0.6911446
39497269002,0.0074541196
39501170604,0.9862786
39506494702,0.14732276
39506618601,0.36612716
39551584601,0.9956053
39551599201,0.05404141
39551599202,0.01268677
39574267601,0.13729174
39574626502,0.00043521757
39585561207,0.008178357
39585705301,0.36446276
39603767901,0.93267596
39610664101,0.98587334
39613960703,0.043736268
39614288801,0.043738477
39617007601,0.16941774
39621349201,0.02203225
39621753701,0.0041133417
39624496701,0.65848154
39624770001,0.18746069
39624770002,0.2028144
39625543705,0.1192582
39636522602,0.0016114055
39642179302,0.25736436
39646733002,0.07873101
39653739902,0.0030589814
39653945901,0.9335676
39654389101,0.97669446
39664803601,0.20155953
39672022301,0.5615798
39690392701,0.9513556
39690460304,0.007736969
39690628101,0.62172365
39690779201,0.87354636
39703122703,0.0062329955
39703232401,0.96564776
39704082303,0.005979286
39710897801,0.88980603
39713731901,0.18861501
39716216201,0.4778767
39716261101,0.9022418
39771048501,0.4999268
39781653902,0.0046129324
39790433502,0.006352343
40151315403,0.005784746
40156111901,0.9778349
40156772201,0.9809347
40157397301,0.86492807
40160576206,0.003550617
40160692302,0.01112952
40160803902,0.9645005
40167060701,0.0028908446
40167609403,0.008583597
40167800701,0.9959805
40172697304,0.02654192
40177037001,0.8851118
40179595201,0.9403428
40182156702,0.3771009
40183362602,0.21608989
40185908804,0.029057968
40185908805,0.02440793
40185908806,0.023781717
40191380301,0.9907127
40191435702,0.35104385
40191608001,0.085021265
40198062401,0.99990606
40198264101,0.034020163
40203032802,0.86250365
40208591104,0.010213889
40208591105,0.012838255
40211128901,0.99301213
40232963101,0.016737351
40245420401,0.03376009
40245490901,0.21686448
40245695801,0.2384154
40245713701,0.49226537
40246341803,0.0060133524
40246930501,0.22396694
40247471401,0.44501117
40247729204,0.10136225
40251280703,0.044471897
40251355701,0.73296857
40251355702,0.90188205
40252725401,0.8873485
40258614101,0.21075626
40258614102,0.010295418
40258624001,0.06205719
40262134301,0.93928
40262523401,0.62628835
40264677607,0.00019361508
40264910601,0.16371751
40265106901,0.5301673
40267559901,0.004064592
40270895301,0.83792156
40271028001,0.97653323
40271155502,0.94125897
40271275802,0.0002959165
40271275803,0.005708091
40271275804,0.0016949967
40274558804,0.28784612
40275905302,0.47042575
40278607005,0.12618533
40279311704,0.07767803
40279502301,0.64645964
40280028803,0.79013604
40280028804,0.20413513
40283749502,5.1842664e-05
40284010606,0.0055670715
40284375204,0.0044565303
40284583801,0.058382783
40285466203,0.0026585744
40288513001,0.76479656
40292001201,0.019748045
40297013001,0.00074721576
40297079601,0.8853865
40297297201,0.1663928
40301654403,0.0010840608
40301901402,0.15536064
40302986402,0.123172864
40304471502,0.75709707
40304471503,0.5512195
40307506702,0.9976178
40308377501,0.0011739266
40312524701,0.49539554
40313150604,0.2918118
40322650502,0.043479662
40322738202,0.075939834
40332051801,0.0038468852
40332051802,0.08107816
40332088805,0.0010499962
40336436001,0.94984204
40336671602,0.0014386757
40336674402,0.14940166
40336742001,0.01542311
40351167001,0.48011044
40356794903,0.029969985
40356857801,0.57049537
40424173901,0.35401928
40434450701,0.0002694854
40437995307,0.00029006833
40441563501,0.9869805
40443166301,0.9812275
40451664502,4.170756e-06
40477056201,0.3187674
40477658205,0.7655155
40477792202,0.23936024
40479715101,0.6986881
40479715103,0.13929938
40479778401,0.15516041
40483253101,0.030208603
40484930201,0.013306037
40492766102,0.07696215
40493349302,0.96443164
40493394702,0.42587346
40496996901,0.06237152
40512956003,0.9642895
40512956004,0.8811761
40536444701,0.6856503
40536509601,0.711402
40536534002,0.0023957575
40586283001,0.9521133
40586608902,0.6847982
40593091501,0.7253404
40677452001,0.0017732595
40677452002,0.0015321547
40677811702,0.00023192885
40678033801,0.020836964
40678033802,0.36333463
40686161801,0.058608226
40687225301,0.76937777
40687225302,0.5004467
40687484203,0.10414394
40687484204,0.8332859
40694161201,0.99971956
40694554701,0.987158
40697674601,0.9977768
40704486902,0.50324446
40704635703,0.001121946
40706490202,0.0048439135
40706644901,0.32548162
40706644902,0.45329446
40706926502,0.77694297
40708997303,0.0025789377
40708997304,0.0027478319
40708999001,0.5955318
40712640801,0.99974054
40714593901,0.0019242824
40714672301,0.16146727
40714672302,0.06921673
40714772701,0.025649356
40714772702,0.007729034
40716436803,0.5219815
40716550905,0.0038834673
40722536701,0.0009617617
40726459701,0.00016690437
40766296101,0.00089802773
40766364101,0.019198207
40777226104,0.6646125
40782391702,0.083137326
40788235401,0.20048778
40792533602,0.017163355
40886781001,0.07503056
40886781002,0.7140496
40886781003,0.19297479
40924801304,0.30483425
40933455502,0.9268505
40933621502,0.041830212
40933862402,0.02674443
40951882603,0.0075702854
40951882604,0.013598583
40955715801,0.5234636
40959237601,0.9907274
40964103101,0.024115225
40964252401,0.29108825
40964996801,0.46163854
40970267001,0.17180175
40993433001,0.99173623
41022754501,0.07836831
41025404901,0.9349753
41027154005,1.5018947e-09
41027154006,0.06839051
41033956303,0.0013903952
41034069502,0.19132118
41035498001,0.41956177
41035498005,0.6578067
41036747405,0.97382075
41037198403,0.9421434
41037253601,0.43421802
41037295001,0.34587342
41038901401,0.93918735
41039709901,0.36331785
41039932703,0.9988379
41040227203,0.18583402
41183119203,0.025023874
41197709402,0.74403465
41207084802,0.4524441
41214384201,0.99333835
41215149801,0.085153766
41215312802,0.0074789734
41220923901,0.23996213
41221501301,0.9860007
41221648601,0.44475725
41246968102,0.042709928
41247121201,0.9938552
41252873901,0.22232798
41252873902,0.24220516
41265496701,0.7468766
41266024401,0.01100057
41266024402,0.0069386587
41272654501,0.9367144
41272657702,0.1686445
41276125603,0.0024460738
41282055802,0.014749854
41282204902,1.6365682e-05
41829735101,0.39024588
41838209901,0.004179118
41838748701,0.97935015
41846057901,0.9925309
41846101303,0.17526078
41857611902,0.09631992
41858092502,0.25706294
41858172601,0.01018004
41858172602,0.025226062
41861387703,0.0030131422
41861873001,0.5281989
41861901801,0.76873803
41861901802,0.34631327
41865533301,0.057745233
41871749402,0.008529405
41871749403,0.004708516
41871749404,0.009877686
41872149801,0.019643249
41873617801,0.89311236
42035080401,0.5659788
42042653101,0.9278579
42043377102,0.00031234795
42043742001,0.5510419
42049042902,0.1444473
42056041503,0.00035362938
42069904001,0.67922074
42069908301,0.12156753
42076165201,0.86172354
42077426501,0.032821923
42090326402,0.20572567
42090366802,0.0019759496
42090366803,0.0015555989
42097126803,0.29971802
42097126805,0.363486
42097878801,0.99346006
42106323301,0.39876956
42106552502,0.01582085
42110746303,0.20146571
42110920401,0.20391788
42116363101,0.0528172
42116363102,0.34836733
42116736602,0.9224082
42116736603,0.94543815
42121534102,0.08033798
42121569001,0.38240725
42122982202,0.9565822
42126079703,0.4356141
42128537201,0.050603166
42128750301,0.98808753
42128750303,0.97308934
42213910801,0.04237551
42239316904,0.0051083323
42248853201,0.9510667
42248973901,0.0025852423
42249840101,0.005333035
42270231501,0.93253237
42270489201,0.98715395
42302184705,0.9965191
42305589402,0.6429838
42305682402,0.0060609095
42326404002,0.9589558
42326506602,0.42863145
42335177004,0.24861142
42335405201,0.97405225
42341997102,0.049992606
42376889604,0.0017053155
42399150903,0.0021726019
42406383901,0.0091647515
42406383902,0.89236635
42413015301,0.053927146
42413137802,0.03448303
42413137803,0.002667213
42433038303,0.0022666205
42433038306,0.00323415
42433553309,0.005824528
42433757602,0.553015
42433757603,0.76217985
42436524101,0.25865382
42436524102,0.05505059
42441417101,0.25946373
42462205601,0.07838995
42462384803,0.74290186
42466817601,0.12836985
42466890201,0.9367708
42471677202,0.091205694
42489936001,0.1412455
42495087801,0.9852976
42496104501,0.0026022536
42496104502,0.9615708
42499682601,0.8589303
42508321602,0.7148229
42508326401,0.06270311
42508326402,0.14049606
42508326801,0.46034035
42508330901,0.6968881
42508330902,0.8959924
42508330903,0.5273139
42508470201,0.48856163
42563899203,0.075428784
42564154001,0.9996332
42564191201,0.03719575
42565755604,0.047182012
42569676401,0.007660298
42585230101,0.38681486
42585616203,0.0008070321
42585719901,0.0013245024
42585780401,0.00719301
42592453401,0.86766446
42592772601,0.86238766
42592772602,0.8940284
42594119402,0.99661297
42594491701,0.45491794
42600631901,0.97085315
42601126401,0.83236676
42602113302,0.0029835158
42602213101,0.56051123
42602343001,0.8666946
42602578401,0.6799351
42602673205,0.14813197
42603247501,0.99291503
42603247502,0.97122025
42606995801,0.005044173
42607358101,0.91215086
42607708001,0.7020216
42608031001,0.001149025
42608031002,0.0015679547
42613004701,0.2039473
42613004702,0.9613318
42613416201,0.011014952
42613416202,0.024023313
42613426703,0.017216643
42615621101,0.8282563
42619478302,7.748479e-05
42619871701,0.7508031
42620625801,0.19012882
42620662801,0.2842047
42620731901,0.52859265
42620761301,0.81952566
42622734401,0.7476918
42623123201,0.9648457
42623198601,0.6577126
42623225604,0.0012607954
42626468401,0.0013880677
42627663706,0.45177
42628194901,0.19589972
42632054701,0.27199864
42632652201,0.9675067
42632664302,0.012174446
42632664303,0.0036730696
42636372802,0.022583494
42640598101,0.30500567
42640639401,0.11350699
42641101301,0.41305175
42642237201,0.42643723
42642237202,0.2492202
42642293306,0.18593182
42642717601,0.98420286
42645301701,0.0041008615
42646326401,0.034615677
42647544001,0.4818985
42648821601,0.14778817
42649244801,0.5195255
42649722501,0.008918604
42649722502,0.014101193
42653178903,0.11444797
42653363502,0.08730466
42654068402,0.018039223
42654118001,0.25209907
42654118002,0.0348681
42660995204,0.0072828718
42670732703,0.0016059112
42670942501,0.22267352
42670942502,0.18024416
42674755901,0.20640668
42683417301,0.967361
42683873303,0.006910687
42683873304,0.008387551
42684080001,0.9727014
42687311001,0.83154786
42687525301,0.32671458
42687740001,0.9965314
42687740002,0.94877815
42689967402,0.00017105302
42690423602,0.92959565
42690639601,0.55044323
42696816603,0.30041385
42697573101,0.58261615
42697586601,0.16739106
42701106003,0.21957608
42701366501,0.1084801
42701848601,0.97018707
42703117101,0.84733677
42765949101,0.670089
42766776601,0.04619136
42766776602,0.14638798
42766777601,0.8008803
42766777604,0.8364969
42908277401,0.9842659
42908330202,0.0017758026
42953053801,0.002116133
43046925501,0.25234753
43069330902,0.009163443
43069330903,0.016394574
43070245002,0.19110312
43090883701,0.94979
43091773401,0.0017155677
43091800701,0.1100169
43109523702,0.4887647
43110001502,0.030377315
43110033204,0.009731229
43138027802,0.10141096
43138031501,0.10422063
43586902102,0.0050296714
44418909901,0.99274147
44419720801,0.5971195
44426887501,0.20657736
44426912601,0.9153528
44426912602,0.010276174
44429859801,0.007941217
44429859802,0.0024331629
44442919301,0.026554827
44447867501,0.014039352
44447867502,0.12758343
44447867503,0.0006272951
44448478801,0.8411124
44460887002,0.06100009
44470145001,0.00044891489
44470145002,0.00022810043
44470229601,0.38699672
44478951701,0.028310383
44487724601,0.89911306
44488599901,0.0691949
44492663502,0.036930934
44500842301,0.007389118
44500842303,0.0026535906
44521244701,0.7026602
44652214201,0.08295342
44652311001,0.90824246
44652311002,0.1387406
44654990501,0.9712182
44654990503,0.07521885
44667821001,0.030924598
44667821002,0.0013382245
44670309101,0.007215733
44670707001,0.7557578
44670707002,0.45675856
44687160101,0.8704282
44687238601,0.13315062
44687238602,0.17578651
44688127201,0.9576874
44688628001,0.9602242
44688638401,0.11882491
44688638402,0.18251558
44689810302,0.55936253
44690139001,0.7293011
44690469801,0.47809386
44693121503,0.00045931622
44694034304,0.42391643
44695132901,0.4525882
44696551402,0.00033296784
44697163401,0.12558798
44697763001,0.006629195
44698367501,0.0011681346
44700446001,0.13528202
44700938001,0.7673961
44700938002,0.009772314
44700938003,0.17140573
44701434901,0.9878727
44701554601,0.9407328
44701554602,0.87420255
44702119503,0.308551
44702553803,0.034686953
44702621101,0.35889927
44702652802,0.57782435
44703836302,0.7705705
44704224301,0.69446397
44704498803,0.027574949
44707555104,0.031837113
44708263601,0.0023302122
44708803401,0.9954678
44709216403,0.04762143
44709274601,0.8986228
44709430003,0.015054396
44709488305,0.80186194
44709816702,0.018394403
44709820401,0.9759222
44710734905,0.7752136
44711543501,0.67320484
44711543504,0.0009536675
44712681908,0.03955245
44713258101,0.81823385
44713553504,0.000584792
44715555001,0.8141658
44717549601,0.8783339
44717549602,0.5531639
44718654702,0.018510224
44718897901,0.04808589
44718897902,0.018032005
44719328701,0.024634462
44719449903,0.0070252274
44719717002,0.13530529
44719717005,0.49764696
44722257801,0.50758636
44723020901,0.82105017
44723094501,0.47584426
44723132704,0.0005842676
44726048801,0.93708944
44726323304,0.65849805
44726765301,0.7109759
44729155601,6.808394e-05
44729155602,5.2465915e-05
44729973001,0.1482464
44732810101,0.009220183
44733814101,0.0015015353
44733814102,0.010865533
44735038102,0.0066623455
44741999901,0.9925672
44742020601,0.9922197
44742396207,0.002579365
44743060901,0.90058184
44745141201,0.07948976
44748816602,0.00075575436
44750939001,0.33707306
44751113401,0.9105536
44753946801,0.9915945
44753980703,0.06599093
44754436203,0.0012576622
44754436204,0.0011368827
44754492301,0.022384828
44754492302,0.0049556755
44755787501,0.18411988
44757552104,0.5259497
44758338102,0.19935367
44763165502,0.3183464
44764986406,0.0011852817
44769727501,0.9640374
44770632701,0.22708672
44772555402,0.041895725
44776342402,0.9510204
44776342403,0.5210909
45143902603,0.011044237
45144079601,0.5715747
45144079602,0.51319546
45144079603,0.7281631
45146621203,0.00025354998
45149328902,0.012064252
45149787407,0.07255651
45156410103,0.83626664
45159641501,0.96355104
45159641503,0.0007043557
45159952801,0.89594066
45159952802,0.82134086
45160697001,0.9990132
45238853802,0.0021174825
45238853803,0.0017892843
45240743103,0.20614114
45241706301,0.0071843206
45241706303,0.24529521
45241984301,0.6191642
45241984302,0.36349043
45243899103,0.99991894
45243899105,0.026139768
45246516203,0.93139094
45248174503,0.009385422
45248174504,0.02043162
45251672904,0.030045584
45251797604,5.5793615e-05
45252161101,0.0005480567
45252161102,0.00027596683
45253029406,0.0049643423
45253364001,0.0017181669
45263116103,0.06386832
45263126802,0.02343026
45266583701,0.05017814
45266583702,0.2133341
45268263605,7.974348e-05
45307990401,0.18610421
45308239401,0.00066115847
45309524703,0.17422561
45310065801,0.85885996
45325995104,0.0010330385
45326020901,0.99857974
45328891907,0.0017339648
45328891908,0.0051866597
45328952901,0.9192561
45425777804,0.0289728
45436597101,0.54710865
45461038201,0.6001948
45485803202,0.8065136
45491988701,0.8032575
45496183505,0.04595668
45496183506,0.042984217
45651998702,3.6125068e-06
45653678201,0.23942252
45654083401,0.0046958844
45658861001,0.001191688
45659278901,0.72417045
45659318702,0.39140302
45659345501,0.9744083
45659366401,0.21684915
45660992902,0.004957156
45661078401,0.7834225
45662158601,0.8069512
45662172001,0.80236435
45804844402,0.009048648
45805764701,0.9384755
45809116902,5.41901e-05
45809366901,0.101404764
45812493801,0.009044419
45812493802,0.011656379
45827563301,0.0024616471
45827563302,0.006004071
45829078201,0.9923971
46312062701,0.0054391464
46312063801,0.31584507
46313466001,0.55978936
46316435801,0.08802992
46316622601,0.0032848294
46316729001,0.9914009
46317022401,0.93678063
46317022402,0.99323684
46321687201,0.0012204716
46322506701,0.3951126
46322712001,0.777882
46322712002,0.004931473
46325234001,0.04695166
46328355901,0.132468
46328355902,0.09351101
46339396705,0.4892364
46345068701,0.5920529
46345711601,0.41229114
46345711603,0.55330324
46345711604,0.33134654
46346554101,0.995447
46352792201,0.9694676
46352792202,0.4683713
46353550101,0.022326427
46353843201,0.960939
46356805201,0.2135929
46359550501,0.58938044
46373260502,0.9511675
46373446901,0.73971575
46374251601,0.90236473
46377008201,0.23397177
46380770701,0.15737332
46383669101,0.33992144
46383933501,0.97743213
46388414201,0.95116556
46388423001,0.90376806
46392854301,0.93683124
46393241101,0.91921043
46396409001,0.42332894
46397544501,0.48066697
46404093701,0.9972982
46404796401,0.91197324
46418100801,0.2873991
46427637101,0.41061568
46427784301,0.8504069
46440584002,0.0002886262
46440790602,0.078939244
46441560101,0.7631243
46442017001,0.99171233
46454776502,0.2022884
46455428302,0.949103
46455428303,0.8096846
46458300202,0.0004518788
46458427402,0.11366436
46458500501,0.899874
46458854002,0.006544174
46458989601,0.06237462
46464121201,0.85333365
46499158703,0.7684831
46502411801,0.012205036
46535453601,0.41959503
46539308501,0.99288976
46543439101,0.7754766
46544621801,0.7887976
46548765001,0.76044554
46552476903,0.015590106
46557304501,0.122739844
46561682601,0.0029163545
46563493603,0.12336618
46564641301,0.99493045
46571187001,0.9281637
46571321001,0.93687636
46571717301,0.8743194
46609661105,0.0007267249
46610192702,0.60905606
46616294301,0.00017616505
46616302301,0.9205393
46668164802,0.94304585
46668903301,0.03980606
46790259802,0.3375655
46790437704,0.37078717
46793405201,0.4438452
46815069102,0.89550745
46815489501,0.5678073
46817615002,0.010974816
46817819301,0.001189616
46817859902,0.003914319
46817970501,0.28557128
46818816101,0.76589423
46821607901,0.012672152
46821607904,0.009953053
46904638701,0.5898935
46910098202,0.90654284
46915009001,0.46122658
46923312302,0.9502507
46926071001,0.09007348
46926071002,0.5896696
46926566701,0.73522145
46936026401,0.023559626
46940092701,0.030838523
46940092702,0.0033389162
46940662901,0.19345725
46944721201,0.94017184
46945129701,0.10117764
46945359502,0.0847709
46945511101,0.6064688
46947713801,0.9920678
46950693501,0.01007749
46955444501,0.7519864
46962027101,0.09854295
46962027102,0.04454926
46962869701,0.9071327
46965740001,0.11153381
46965740002,0.012490777
46966750801,0.9547263
46969286201,0.0531999
46969286202,0.0019285731
46969286203,0.009110818
46981066301,0.9282451
46981066302,0.93430835
46981179205,0.00057229464
46981268101,0.8317918
46987211805,0.0052830554
46987681901,0.0018891897
47009736801,0.8630911
47010240101,0.078626916
47014731301,0.8658847
47018266201,0.00030706002
47018266202,0.00023663831
47018874504,0.009818094
47022060603,0.0020648676
47022060604,0.0010173799
47029179501,0.7624121
47029179502,0.94384634
47030342001,0.7880021
47032669801,0.9736183
47033668003,0.48727533
51662701404,0.0005720775
51885366801,0.0034042243
52010082501,0.48088753
52202662202,0.026057398
65026564501,0.99793315
65026564502,0.9750831
67504743810,0.18120661
67504743812,0.043884125
67791582702,0.22155811
68346032003,1.365251e-07
68495592002,0.003542479
72413093403,0.0005974059
72569488401,0.2317798
73227529802,0.93061435
73450558101,0.9933564
73450558601,0.9629542
73548785901,0.97563964
73587245602,0.0009516259
73742523802,0.017375642
73748696402,0.61621
76661994103,0.0012572851
76723579601,0.07554855
80510082205,0.0014031192
80586147301,0.0006651871
84278066801,0.9846116
90392977207,0.0014076764
100476507001,0.019000582
110410011101,0.35486838
110410011102,0.04080064
110477688701,0.0040471954
110677071902,0.99859196
110861508102,0.0004192288
110981975701,0.078773975
110986944601,0.7415363
110986946101,0.77775556
120574527203,0.0012649941
120997343501,0.58455753
120997343502,0.02227442
120997348501,0.545852
120997348502,0.022730485
121059797201,0.065698676
121339554501,0.886839
121639492401,0.94728506
121900635301,0.97982043
122146990202,0.108847216
122425565905,0.55235374
122455164903,0.04076416
122455164904,0.49506226
123252203301,0.0026078369
123438404601,0.98108333
123438702601,0.9718687
123481032401,0.9978682
123697841106,0.0005000977
131208749307,0.00028677224
131400428901,0.29700324
132249398101,0.0019925556
132249398102,0.002078961
132249398104,0.0028624802
132249403601,0.0019451249
132249403602,0.002006073
132590012601,0.72195643
132631597301,0.15847985
133157972501,0.07950165
133157972502,0.7339074
133160550401,0.003801239
133194648601,9.1990405e-05
133194648602,0.00010664254
133194648603,0.00033200157
133194648604,0.00085423945
133194648605,0.00055399566
133197258801,0.9525231
133532313901,0.79586005
133532313902,0.058479365
133585607901,0.082326874
133780551201,0.7334281
133780551202,0.23819268
133780552301,0.66826564
133780552302,0.1289527
134135128901,0.21959686
134344670907,0.0050138137
134688048801,0.9564276
134694259001,0.71928763
135268414601,5.2320844e-05
135350083301,0.6028553
135440442404,0.0009394889
140596584402,0.47742188
140599763501,0.96374756
141921455701,0.00021792675
142284626901,0.0006445166
142302019405,0.9287728
142346260801,0.9951898
142346260802,0.05443012
142395665402,0.05851466
151008818501,0.90401274
151183433907,0.0008080122
151325824001,0.81017
151391111402,0.0008302755
151535546601,0.9972505
151838430102,0.0013944295
152922571201,0.9856389
152922576201,0.9780181
152997674502,0.0002330596
153367841801,0.59036744
153367842601,0.5023286
154654972401,0.7417337
154666784102,0.02747876
154720174701,0.987628
154731732101,0.0026099735
154731732102,0.1324967
155309950301,0.011745486
155614233407,0.00023408339
156720533204,0.0129410615
168830672607,0.0030834351
169108044701,0.0034939866
169142746501,0.0012881731
169142746502,0.00048043215
169142747301,0.0009853859
169142747302,0.00042800352
169196215901,0.28489944
169317488301,0.8477693
169322625201,0.1062726
169704564901,0.0016832039
169704566001,0.0009852774
169704566002,0.10003469
169707298701,0.9497552
169868536603,0.31921315
170129211101,0.2822203
170129211501,0.267066
170244231301,0.00060396286
170244231302,0.0030439321
170342329301,0.9602971
170630724702,0.9402079
181587036301,0.19357549
192238422901,0.97988254
