astro_id,planet_score
146686601,0.87474229
146686602,0.626491828
187132401,0.00553066774
187599501,0.85047158
274305901,0.8884212619999999
317876001,0.1519671708
317889001,0.01020963842
359579601,0.126613425
359698601,0.846208032
360669601,0.88682832
402988901,0.975106336
403061701,0.0061499742
403061702,0.00375642808
446702702,0.276407312
447174701,0.13928639
447673901,0.0458233538
487162902,0.8972205540000001
487657001,0.48639799000000006
488161201,0.9748064700000001
533697002,0.9811988700000001
575113501,0.136700672
575113503,0.029214774200000005
575563601,0.24163037799999998
575563602,0.592686812
575563603,0.686025976
619318901,0.96506856
619318902,0.79064986
635590404,0.0026754464
639837301,0.5858761180000001
703862601,0.800101684
704333601,0.00783294698
704818901,0.452085166
704818902,0.864614486
748441901,0.473893346
748446301,0.1214023708
791546903,0.1748762588
791560602,0.20317589800000002
880121802,0.928519554
924306901,0.880859364
924772802,0.000409878856
925236802,0.9962337160000001
967723901,0.006259429360000001
967723902,0.00798566716
967723903,0.0183799718
968788801,0.91719489
968788802,0.827153454
969292101,0.9204941099999999
1009597401,0.0257863157
1052573004,0.0009483704299999999
1053441301,0.022347023799999997
1139437301,0.31056504679999997
1139923501,0.9674792059999999
1139923502,0.969647836
1185668201,0.948839392
1317343201,0.26605162
1317833901,0.0058430556
1358861002,0.725889466
1358887203,0.10468644705999999
1359346304,0.00942162976
1359459601,0.749710424
1359459603,0.9112527199999999
1404892901,0.766407692
1404892902,0.9108587699999999
1405725501,0.387593318
1405740801,0.0205593216
1446659202,0.577116164
1447062701,0.3774473
1447567501,0.00999041286
1532995001,0.45275730599999997
1533976301,0.022861542800000002
1534462401,0.648122832
1564162001,0.8827533940000001
1564731001,0.593866766
1580072901,0.9719581099999999
1612399801,0.552027074
1612399802,0.64651096
1623657601,0.286083498
1635457001,0.155730636
1636086003,0.0039740945400000005
1643676902,0.07698498708
1658550801,0.7834975780000001
1666082901,0.1869930012
1666604501,0.915195446
1711477001,0.99570208
1752487701,0.578838436
1753382302,0.06439209100000001
1797236302,0.360846186
1797258201,0.095873312
1798232703,0.0447007468
1798271601,0.604441812
1882728601,0.968874352
1927452702,0.0058481535
1927473304,0.666709174
2062751702,0.0184181637
2062751703,0.025697697499999998
2062751704,0.022131567900000003
2104670801,0.474241138
2126191108,0.02069576172
2126207403,0.0604959296
2135589701,0.9971876139999999
2147845102,0.6739341160000001
2169987801,0.00990963306
2169987802,0.00821782132
2169987803,0.0101693778
2169987804,0.02191483784
2199901102,0.00255567888
2208947308,0.0026387358459999998
2219374701,0.007920047080000001
2219719008,0.000481543346
2229403703,8.715893824e-05
2230620701,0.026375587540000002
2236170001,0.431335374
2236170603,0.004855273968
2240212202,0.182189196
2240340401,0.607549208
2240340402,0.5984566179999999
2248758202,0.462088142
2249717702,0.0220772513
2257561501,0.188821478
2269306501,0.981227244
2278714003,0.318751756
2278733401,0.0024862908
2282054001,0.0021160388799999997
2282582301,0.0036884837400000003
2283563801,0.9760789859999999
2288145801,0.0322422802
2297574702,0.45034137999999996
2298235402,0.005228960560000001
2299118901,0.00887686768
2321110901,0.8380721400000001
2325702201,0.604262634
2331537803,0.000257307576
2331839901,0.559335966
2340085901,0.015075808400000001
2340186605,0.03767709172
2349099503,0.20282022400000002
2349156501,0.052841487
2349163301,0.0018613752399999999
2349337001,0.94933811
2369119608,0.00216081087
2381892403,0.0008645750786
2381892404,0.000560478476
2382288001,0.41500942399999996
2382633101,0.68908192
2382633102,0.12234021219999999
2413763403,0.0313912606
2414654901,0.9740018579999999
2431354801,0.1829426992
2431354802,0.277812226
2431354803,0.23864904400000003
2431486803,0.0018322173319999999
2431486804,0.001301561789
2431674302,0.777331526
2431698501,0.363125908
2431698502,0.276422844
2440905701,0.720333508
2456122501,0.00578716636
2456122502,0.18911260400000002
2469352804,0.000810343762
2498578301,0.746976148
2506398602,0.07438127012477999
2506399902,9.522342720104e-06
2511727304,0.011452580672
2515483101,0.0007485665240000001
2515483102,0.0007246418100000001
2519562303,0.00448850848
2543370304,0.29090323799999995
2558658502,0.000324368068
2559088601,0.043677543
2559088602,0.155338646
2559934101,0.942633736
2560054501,0.7995441999999999
2572286603,0.0009514057859999999
2573502001,0.9244801819999999
2585953003,0.7662053440000001
2587869801,0.294414422
2598839001,0.46450356
2629696301,0.08354815060000001
2630201102,0.037805540432000004
2633388402,0.010238356260000001
2668310702,5.30503956e-05
2670173501,0.957522552
2670932602,0.065919766
2670998901,0.270349168
2711759301,0.992949464
2712677601,0.001862887148
2712677602,0.00129733052
2755211904,0.0003621523044
2755686901,0.9933472179999999
2755720001,0.00113409612
2755720002,0.000832631224
2795010701,0.001346398802
2795010702,0.001210727452
2813740001,0.0674817098
2813962203,0.002633070026
2813962204,0.0062513280000000004
2845569801,0.912143014
2846479102,0.3741196184
2850953202,0.10600601800000001
2852637903,0.15831964599999998
2860940301,0.975046652
2860940302,0.0261968376
2884064201,0.006559070119999999
2884064202,0.419919786
2885271803,0.613140634
2885606601,0.0688937428
2898001102,0.007418449959999999
2931001401,0.00366775832
2973159301,0.5526401360000001
2973919907,0.0020576296408
2978129201,0.81169962
2978129202,0.998905482
2982926503,0.01038062262
2983350401,0.048640173120200005
2983448601,0.0112604327884
2998401401,0.93646321
2998413101,0.454611266
2998413102,0.2446280674
2998680801,0.9391239519999999
3003143901,0.25150300200000003
3014114101,0.826040778
3014130801,0.031547558399999995
3014155401,0.255696048
3014626201,0.97555505
3014666201,0.00188472752
3018949201,0.01118002484
3018949202,0.00420322754
3019337302,0.0875322888
3026816802,0.9617679859999999
3031174902,0.641424844
3031368202,0.01485404092
3031428201,0.713598682
3046805201,0.656283392
3046945402,0.0010047347540000002
3053489302,0.20429575299999997
3055760803,0.001445315368
3058004502,0.47766321000000006
3058007201,0.9072075959999999
3063992801,0.1620557764
3071881101,0.21905459
3071881103,0.06788496194
3071881104,0.12246741042
3102001301,0.505608014
3103558401,0.986397212
3103575802,0.638777874
3110540201,0.49732412400000003
3110540202,0.33792916999999995
3110603901,0.575389728
3111950501,0.01011978548
3119795201,0.81143798
3120236902,4.31471694e-05
3132119001,0.9817578619999999
3132142001,0.588245768
3133342702,0.13815818087
3140936101,0.0174606181
3141154101,0.0
3141154102,0.927924208
3142064902,0.04063826734
3157252801,0.300665112
3167063202,0.198716554
3175297102,0.0007423567980000001
3176004601,0.814451412
3179612006,0.18250128999999998
3179929603,0.2021717986
3179929604,0.404388156
3185258505,0.28202640614819996
3185298001,0.99792194
3185298002,0.996928752
3187201101,0.187099938
3194381902,0.8346072
3194575303,0.0001975390174272
3203463001,0.368324186
3203463003,0.60409293
3213709901,0.00302150716
3222460802,0.0164058587
3231889301,0.40683751919999994
3232159104,0.00322777676
3232441901,0.9915769539999999
3234812501,0.020531566600000002
3245705601,0.058227214799999996
3246227701,0.543100956
3256908001,0.0154454752
3268340304,0.008100281300000001
3268340307,0.152654448
3269099802,0.000775031542
3269552901,0.02407015828
3269552902,0.9491563120000001
3269953802,0.000719622904
3276522401,0.34171870800000004
3276533002,0.027191381199999996
3276533004,0.588389268
3280637501,0.779562072
3280637502,0.292595457
3307649701,0.2059892948
3318030301,0.202604556
3318466001,0.87231547
3318512401,0.02196500452
3334199001,0.983221472
3335085001,0.0023040732000000003
3335085002,0.08221618693999999
3353118201,0.958138298
3362798301,0.964918136
3363285304,0.303558276
3364330102,0.00316096882
3370676108,0.06439555948
3371460301,0.32890083
3373201704,0.00356259706
3377092703,0.1766460028
3383635903,0.17664682599999998
3384068301,0.971532032
3390475201,0.6636808820000001
3390701001,0.942685648
3391691903,0.0019627062544
3392745901,0.886904122
3393136902,0.000292218766
3393383702,0.193827628
3399912401,0.185278546
3400905505,0.44959947600000005
3411844501,0.6613657820000001
3417332101,0.01196040264
3417332102,0.01045643052
3424745501,0.0433713716
3434489003,0.00208538596
3434489004,0.001212220312
3434489005,0.942030288
3434667601,0.070369188
3441905501,0.0258331686
3441973601,0.0610681028
3441973602,0.15236040639999998
3442555603,0.00829361486
3442733801,0.8483913519999999
3447794201,0.357904342
3448817501,0.08552651879999999
3448817502,0.006120795720000001
3448820401,0.563396366
3453778701,0.9539148159999999
3467188601,0.8193117839999999
3488902701,0.8651790500000001
3489887102,0.01670988702
3492120601,0.68602026
3492623801,0.45701846799999996
3505074004,0.396836084
3515144901,0.01659943472
3515201401,0.807800028
3515201403,0.371949018
3515201404,0.70006069
3528137002,0.06468600494
3531535801,0.9906320019999999
3531545301,0.985439678
3531545302,0.258462624
3539425602,0.00906233164
3561454202,0.007530834179999999
3561454203,0.030668081660000002
3563221601,0.385444856
3573729201,0.891145606
3577053401,0.00520482372
3577053402,0.59338589
3577053403,0.0210811945
3577105201,0.43172294319999993
3587746301,0.01611377972
3587746302,0.00822035646
3599902601,0.124394776
3599902602,0.128811668
3627371304,0.2188990854
3659498501,0.95642608
3659548101,0.797792576
3666336101,0.983695112
3666450101,0.799670756
3666450106,0.1584941816
3676842402,0.9535815120000001
3677387808,0.014683320699999999
3692332901,0.8815792200000001
3692332902,0.3737646
3704799301,0.97691432
3705786301,0.0581180586
3706298501,0.42087455599999996
3706298502,0.015099610020000001
3719507701,0.99149458
3785931001,0.385590074
3789267501,0.8085797639999999
3823037501,0.8126716540000001
3823424101,0.948394864
3831648301,0.0001028364814
3831648302,8.12732578e-05
3831650501,0.762617062
3831669101,0.000182783048
3831669102,0.000292613062
3832537201,0.0104496945
3832537202,0.0029705578
3832537204,0.468335352
3836271401,0.0327048354
3842383401,0.989635338
3848340502,0.01788214024
3848340503,0.0153663819
3857102001,0.998357156
3857190802,0.10538615700000001
3860367301,0.9518058440000001
3871032102,0.181649056
3872898902,0.447437272
3872898904,0.493892664
3874032101,0.7377383679999999
3874509601,0.1209291326
3875475301,0.60673698
3875475302,0.622302734
3899057102,0.9180759500000001
3947803802,0.0330676971
3960490901,0.982007778
3960825001,0.205218004
3964510301,0.061776473799999995
3964510302,0.914458668
3964580201,0.741888466
3964596201,0.0018577903399999997
3964596202,0.0018372231539999998
3964596203,0.011171667
3964598901,0.001580288354
3964598902,0.0029773172000000002
3964598903,0.00854212548
3964599101,0.007436270640000001
3964599102,0.0381973854
3964599103,0.01735260316
3964866401,0.00033414448
3964866402,0.00011395439100000001
3964866403,8.504562180000001e-05
3965453201,0.000512554196
3965453202,0.00249760346
3965453203,0.000696245316
3965926901,0.0009237430379999999
3965926902,0.012766156800000001
3965926903,0.001760891374
3985732201,0.2685697148
3985850701,0.99649058
4002980201,0.1131644798
4002980202,0.0834158322
4006122601,0.9297516180000001
4007664701,0.012137748
4007664702,0.00934696144
4015435201,0.660992654
4024771902,0.782502738
4049614402,0.344000683
4049614403,0.30785612999999995
4049639801,0.00335324376
4053529007,0.0082422017
4053530302,0.13522835900000002
4054021301,0.549302488
4054091401,0.40594610600000003
4054569402,0.821622554
4071509102,0.186640081
4071736501,0.9451103160000001
4071736502,0.778251866
4074927402,0.988240032
4079750401,0.008054696160000001
4079750402,0.759387472
4079755502,0.127172935
4087813603,0.8063186
4090461902,0.00532143946
4092452401,0.9846108579999999
4092541804,0.00362524262
4097449901,0.069188959
4097584204,0.001181287836
4097584205,0.00175058058
4097584207,0.0015672866
4101147101,0.38995449400000004
4103172102,0.00585925392
4103282404,0.001068363242
4123125201,0.026939016059999998
4123917001,0.368472526
4124707301,0.536194288
4133885201,0.02259757144
4135932601,0.13159781939999998
4138586402,0.0013870335672000003
4150732601,0.220835816
4150874601,0.9880752300000001
4159045304,0.0160214332
4162249605,0.018800945240000002
4162577901,0.484458436
4163071201,0.00031754971800000004
4163071202,0.01021573066
4194266004,0.110461636132
4195029201,0.7525107799999999
4203595801,0.746969936
4204477601,0.029826897260000002
4204477602,0.052083840199999995
4214979601,0.8853451760000001
4221337001,0.1538769978
4221337004,0.0794644218
4242423301,0.0007081556
4242423302,0.000528553328
4242492204,0.00037448771080000003
4252370002,0.0234351784
4265744501,0.9888503280000001
4265744601,0.99260149
4266274701,0.481773866
4267727901,0.7699371939999999
4268151601,0.9164956999999999
4268548501,0.052965452999999996
4276855001,0.5084384959999999
4277788301,0.1500764092
4277788302,0.012038323180000001
4317398502,0.262802046
4317398504,0.093545297
4318622401,0.603122548
4351491201,0.030308204
4351491203,0.00270071884
4351502401,0.8913864119999999
4351502402,0.898201118
4351985201,0.012989827199999998
4354192602,0.0077935336008
4369702502,0.0735043714
4392689601,0.067591908
4392689602,0.262388786
4392938201,0.509816972
4397781501,0.8889140400000001
4397827401,0.1388485148
4420128402,0.10192456060000002
4432802502,0.052552937200000004
4439556002,0.338907626
4440082102,0.9219091800000001
4447659308,0.00188280091
4448257801,0.1003333684
4448257802,0.0460313631
4448257803,0.03322849196
4459765301,0.301863372
4471851601,0.0196025745
4472600001,0.8631274
4480103301,0.995785616
4483827501,0.8971173480000001
4526160001,0.98500321
4526160002,0.933653788
4526169201,0.923854352
4526646101,0.15160831079999998
4527133503,0.378820326
4534806301,0.006669238080000001
4570121102,0.8330365040000001
4570163001,0.08393465180000001
4614313301,0.124805103
4652070001,0.0798695202
4654144401,0.23297412548000002
4654993101,0.132270306
4665897205,0.600917044
4666292102,0.1749408072
4714868201,0.00012653719
4715124501,0.10657252619999999
4715124502,0.33577214148
4740221401,0.96133281
4740233701,0.9602960960000001
4740749901,0.285376914
4741205501,0.99018224
4741205502,0.9691349779999999
4741205701,0.19573767
4741205702,0.263561654
4828220101,0.929220662
4828220103,0.202381833
4828273601,0.8018238820000001
4829203002,0.00241929356
4870279902,0.00470544304
4870344602,0.001050169806
4871280601,0.6177693879999999
4897900502,0.00022221565020000001
4905823102,0.001070644803
4905823103,0.0010699032080000001
4905977201,0.369820612
4912648805,0.16270565836
4912648806,0.03578708172
4913506001,0.45355909800000005
4913793601,0.45018715
4921874606,0.021688081024
4929679601,0.001037150152
4929679602,0.000982700154
4939022301,0.9199692660000001
4939990902,0.1091990772
4953460001,0.000672491822
4953460002,0.0005845816100000001
4954065603,0.0031588217139999998
4954066306,0.01812209666
4954140202,0.00334691156
4957545301,0.726120134
5001067201,0.333709518
5001068901,0.1227050382
5001102201,0.1014474312
5001765202,0.52283187
5030995301,0.5868076139999999
5030995302,0.892925426
5037787401,0.441602264
5042097601,0.88755532
5085962001,0.09531648200000001
5085962003,0.030147863399999995
5128835901,0.37200535
5171914801,0.169225712
5257763902,0.00154361498
5344625701,0.0190556422
5431124201,0.0495907674
5432059804,0.01155757508
5502166501,0.7246994360000001
5502186202,0.004153849980000001
5515505102,0.01828260864
5516463201,0.0942301824
5516463202,0.1031655914
5518119901,0.173136556
5527110401,0.428309302
5527226202,0.9760123159999999
5545249501,0.84591692
5545250301,0.1067952746
5545426902,0.3767280382
5545507402,0.0197519448
5547289901,0.709694454
5547289902,0.231707215
5547432903,0.01194491164
5549728103,0.0003252362588
5562237201,0.7693726160000001
5565278504,0.03143427822
5570770602,0.0061101728800000005
5574626201,0.9484421600000001
5575808301,0.9594312300000001
5575899202,1.3166074442029085e-24
5584894004,0.004289064946
5591586001,0.63789224
5593112503,0.00540099816
5600446501,0.908160374
5626985801,0.047281596800000006
5627065601,0.014892945099999999
5627482401,0.00450877514
5634727201,0.9018870079999999
5643788502,0.7013803839999999
5643825301,0.824450086
5649444901,0.08298723400000001
5659416702,0.000643392328
5659617704,0.00460604172
5661352407,0.0023988401119999997
5670177604,0.07489158939999999
5673306902,0.625907016
5677316201,0.5480760659999999
5686364903,0.0489988026
5686364905,0.033499124199999994
5686448101,0.02102700148
5686939601,0.1800594872
5686939602,0.0129538082
5692699102,0.000104487967
5701501301,0.1976587508
5701501302,0.30767287
5701929301,0.01308954984
5709587101,0.5946628
5711132401,0.350065131
5711205901,0.9860415359999999
5712239104,0.04128522208
5721670401,0.0030345849
5721670402,0.004444497468
5723846602,0.014087470599999999
5724783701,0.8267283519999999
5727492901,0.40951302199999995
5738102001,0.8391757999999999
5741840401,0.0024861655080000004
5741840402,0.0026271885199999996
5741840403,0.002677695128
5741840404,0.003094922846
5754904201,0.9640507680000001
5769526201,0.0491971571
5774550401,0.7327783959999999
5777786802,0.609487312
5784683004,0.528676542
5784944902,0.63002538
5800167503,0.718497438
5800281702,0.79975034
5805734802,0.0032432646199999997
5806463601,0.140091989
5813672601,0.0426732592
5813672602,0.01118533038
5814217001,0.902886764
5814217002,0.0985620408
5815915803,0.0002768774654
5815915804,0.0003494508186
5825911002,0.820542902
5837485301,0.0408117172
5837485302,0.026646383200000002
5837485303,0.48981206200000005
5852494403,0.617994756
5857455101,0.0011971379540000001
5865628302,0.22880302600000002
5865628303,0.366615728
5865628304,0.699903782
5866378902,0.42088781399999997
5876996601,0.9039721199999999
5887774601,0.256297196
5887988502,0.894471312
5888902201,0.7861425
5897340001,0.34891408
5905570003,0.673815552
5906064602,0.00066471065
5906076703,2.49511899e-05
5907142001,0.779867434
5941366101,0.962302032
5943297001,0.986179492
5944023101,0.966002492
5944023102,0.46825266800000004
5944753601,0.7738538939999999
5955473401,0.630053472
5955473402,0.687817648
5956030402,0.00177336375
5956983603,0.001327492
5965996401,0.29399007
5965996402,0.148240978
5966774301,0.0329204308
5970269802,0.0076817842599999995
5978675402,0.7484274959999999
5979358401,0.5659350200000001
5982349401,0.12187527020000002
5991614302,0.00840300798
5997905301,0.69961657
5998056201,0.57721259
6007267401,0.657314698
6008380201,0.25059919740000003
6008963601,0.832700142
6008963602,0.343312211
6008963603,0.384274538
6015938604,0.0013668412120000002
6016002901,0.0005250335140000001
6016002902,0.000430547072
6016700601,0.754618744
6016802201,0.0172111452
6026872001,0.295090554
6027718501,0.458683232
6028377003,0.495053814
6030946801,0.49642168600000003
6035637701,0.78098076
6036742901,0.000786626424
6036869001,0.0376102004
6042874501,0.7838843000000001
6043004303,0.000846438226
6043004304,0.00488126506
6043375501,0.000633725178
6043375502,0.001169763446
6043909904,0.00259718544
6046288601,0.09828750280000001
6053017901,0.01784458858
6053541501,0.019037212300000002
6053818401,0.9847395999999999
6062971701,0.00519348122
6069763601,0.83102608
6074889101,0.025419281999999998
6082305101,0.026245250799999998
6089059903,0.004269425552
6089158202,0.097705177
6119174502,0.22003443260000002
6144129701,0.398914896
6154771403,0.1228304616
6154771404,0.0921165128
6155090501,0.00237548478
6165397403,0.0275349088
6165653403,0.02275783346
6165653405,0.01161144542
6178654902,0.09628258599999999
6180657801,0.2519947832
6180805201,0.7800518719999999
6180805202,0.7084924
6192574301,0.007351567339999999
6192574302,0.00159754082
6215724701,0.9366259579999999
6217415803,0.46020350400000004
6228904502,0.34052681819999997
6241089002,0.023989932
6241093102,0.62745715
6241590201,0.70939894
6242032601,0.22618415719999999
6253595402,0.000145079987
6253595403,0.0009649270919999999
6253971902,0.00259177502
6254246401,0.086601026
6254246402,0.0460572056
6261133301,0.9397571020000001
6261323802,0.01189177622
6265521202,0.0620750902
6272611201,0.8351908160000001
6272665702,0.6318002739999999
6279045202,0.806545532
6280378905,0.0485249494
6280674301,0.9412123680000001
6280856501,0.407897792
6288299303,0.001620951044
6288299304,0.00138518168
6291912801,0.011868037311999998
6299101801,0.4912679452
6302337203,0.7425840499999999
6302404701,0.722686454
6308923801,0.23086691999999998
6309331503,0.000649189156
6309331505,0.00021013239400000002
6313590502,0.567098672
6313914303,0.87625249
6318435402,0.1897555898
6318435404,0.23108213379999998
6324683401,0.9415791779999999
6326181102,0.6836183419999999
6327267202,0.00050977312
6332963401,0.5969037399999999
6340819502,0.8283375919999999
6341634501,0.6819415400000001
6351354601,0.00020830858360000002
6352203501,0.000329399586
6352203502,0.00168707174
6352379501,0.62349122
6359069701,0.025416287399999998
6359214001,0.00927926692
6361511001,0.036639214399999995
6361919203,0.782028704
6368632901,0.34551831
6368776201,0.263822176
6376477803,0.0057713129200000005
6376804901,0.023916549399999997
6376807501,0.0068219176399999994
6376807502,0.0267395548
6387572703,0.00049633677
6387572704,0.0009362135279999999
6387866702,0.086018631
6387966304,0.49246756999999997
6399136702,0.0016913887500000003
6399459503,0.028593200879999996
6412380401,0.372211842
6424210504,0.0743311242
6434460401,0.49220694
6435212501,0.0951853006
6435212502,0.261353756
6485866101,0.0012357020600000002
6485866102,0.0016188080799999997
6485866103,0.00075284728
6485866104,0.0155675863
6485866105,0.04812532314
6485866106,0.02484524994
6525380401,0.8515135300000001
6538582002,0.273239746
6586048304,0.002407237256
7375361601,0.6968937040000001
7375607502,0.170528294
7392507002,0.00533056822
7427155401,0.0056066903799999995
7427155407,0.8984293019999999
7434621201,0.0297678882
7434621202,0.00112366656
7443700003,0.003488383404
7451108101,0.00438379392
7451922401,0.013347722000000001
7459694901,0.12369736439999998
7459694902,0.0683023478
7482930601,0.02858569862
7507619201,0.641273622
7516057103,0.005102984092
7522371801,0.764383602
7530608901,0.15012089199999998
7530702201,0.2575277844
7538565803,0.004595477748
7538725301,0.634983794
7538917601,0.187133198
7539189001,0.630828028
7546329201,0.572815296
7561012505,0.002154603814
7568374001,0.98608902
7575508203,0.005572841902
7575571607,0.001448548752
7591712304,0.191138508
7600180003,0.62377792
7605870901,0.247038906
7606518401,0.692492488
7606562302,0.7157503540000001
7606612701,0.70882953
7606666902,0.644680844
7617356301,0.0643690232
7631539701,0.9711478899999999
7631618801,0.15573678200000002
7631618802,0.01117365026
7638650802,0.742932636
7639159901,0.347303238
7639303301,0.912667288
7639303302,0.872651484
7644614602,0.01520885658
7644614603,0.0367337996
7644614604,0.0628045958
7661644001,0.71766217
7675873301,0.59812809
7675873303,0.01269251594
7676218301,0.270240722
7676567601,0.0295545979
7689270401,0.33044635
7689270402,0.756277892
7792450201,0.9697094419999999
7824594601,0.983453308
7837460901,0.0208111984
7875409802,0.04212909288
7875903801,0.1542615732
7912466701,0.00778963714
7912507701,0.979470072
7912545601,0.047349455400000004
7913292301,0.00367080038
7926475902,0.251931408
7960579101,0.999540964
7971252002,0.223877642
7982089001,0.8206619700000001
8004746701,0.481928824
8004867004,0.970774008
8324325901,0.7889182619999999
8359092201,0.803326618
8382728801,0.791840774
8391827801,0.90655051
8463689001,0.2442528714
8464525501,0.934042016
8474543001,0.8269642380000001
8474787203,0.9896981779999999
8475697403,0.0002168094344
8475836301,0.00541784804
8500576401,0.045933681
8501067001,0.659519404
8512562301,0.541821482
8535969701,0.35057616999999996
8535969702,0.650367206
8536160701,0.76610367
8557710801,0.32419767
8563941501,0.00554891118
8564200602,0.0173744541408
8564269102,0.000471037056
8576045202,4.4550500599999996e-05
8585618401,0.20020257199999997
8585618402,0.610052692
8592489001,0.869186476
8602080602,0.00399025648
8603125301,0.00401581902
8625205701,0.26585109520000005
8625205702,0.70182831
8625492902,0.0008328449160000001
8632462302,0.244394248
8633423501,0.9626055860000001
8633435102,0.359568592
8651144702,0.000820022954
8652128901,0.772468072
8663328001,0.348975116
8688852701,0.110775608
8688852702,0.00806821964
8705532001,0.188807574
8705793603,0.138905777
8705793605,0.3818030754
8716784101,0.149578037
8716784103,0.269461334
8726694203,0.00729373044
8733387901,0.875470938
8754358902,0.12810497459999998
8778408101,0.596488836
8788823901,0.466170684
8789967903,0.0022418039599999997
8823309601,0.8122462260000001
8833986501,0.90395033
8851497101,0.258803228
8851956101,0.169723658
8852008701,0.0333001868
8852189402,0.044501317400000004
8861191602,0.000444677132
8881178201,0.9955960059999999
8898627501,0.732185034
8898627502,0.45566317000000006
8905393404,0.2996345272
8905697201,0.008977567580000002
8905697202,0.0017885745000000002
8913706803,0.00117453563
8914097501,0.300977292
8924303201,0.9831432259999999
8924303202,0.7999003179999999
8925222504,0.0667384686
8925357001,0.0759912238
8930756502,0.01316873898
8931838602,0.225651534
8941135101,0.546585176
8942065601,0.0708484748
8956699101,0.5358072079999999
8957784501,0.159964412
8957784502,0.01229401074
8965832101,0.9391288080000001
8974209201,0.790931274
8980662303,0.0044793325086
8981040401,0.00305689392
8981040402,0.0008607053620000001
8991306903,0.0007552165724
8996784601,0.853152286
8997116301,0.49245861399999996
9008303701,0.9874629800000001
9008303702,0.04076981766
9016544001,0.842853502
9022828902,0.0369622634
9022853401,0.0687110542
9022878501,0.79526481
9022890901,0.0368534812
9023643801,0.8708179279999999
9041772101,0.956273764
9042252402,0.389637268
9048609101,0.18821114
9049168001,0.0963265868
9065882101,0.522947352
9066105801,0.1014841544
9066127701,0.2094437992
9066386302,0.22858293999999998
9071694402,0.15050041535999997
9073074701,0.0011971292680000001
9081432501,0.8813013780000001
9081838502,0.657462374
9099943601,0.9644022879999999
9100943301,0.311536178
9107170701,0.249298216
9107893601,0.721475328
9114721801,0.897846678
9124466901,0.9787858140000001
9131653602,0.057760346799999994
9131653604,0.1518110332
9132419502,0.19471714
9141025802,0.019890771928
9141026002,0.0325415446
9141422303,0.0006570645779999999
9475348801,0.865080152
9475628901,0.6804383900000001
9509231003,0.0548576002
9517431301,0.716988848
9518324401,0.0045897245
9570260101,0.004209797600000001
9571788104,0.165710946
9572072601,0.877388674
9580433902,0.352421618
9580511005,0.0441272666
9581394501,0.050258024199999994
9584949203,0.013753168199999999
9603923601,0.97723411
9647563801,0.9850706
9654057203,0.056630126460000006
9681050603,0.033287496459999996
9681868001,0.14560811140000002
9688924805,0.1141388776
9708044101,0.1772910286
9708421301,0.3059267088
9710542301,0.00789380792
9710542302,0.1332263756
9729263202,0.059719452400000005
9729640903,0.001046799128
9769165301,0.91777048
9776252401,0.000996735
9776699301,0.8900391320000001
9788835703,0.898873966
9790248301,0.9540845900000001
9799135801,0.829568072
9831842503,0.0147442184
9831864401,0.226752144
10019081801,0.784773954
10019140201,0.571998146
10030598401,4.54100892e-05
10030598402,3.98943656e-05
10031003601,0.007056251719999999
10056971004,0.028004867
10057104001,0.8578127459999999
10057104002,0.45342179800000004
10058843802,0.889299194
10058843804,0.0234192946
10068997301,0.0425382339
10069995501,0.973077462
10094739503,0.8234619479999999
10094763201,0.00364396746
10094797703,0.0100017013
10095808402,0.2674916072
10095843301,0.5926147740000001
10096215701,0.01346370112
10096417101,0.23193059800000002
10108020001,0.222776914
10108283401,0.00223275682
10119610201,0.0293498508
10119610202,0.006635123520000001
10132909501,0.0009992274184400002
10148655101,0.346081468
10161078302,0.9407556639999999
10161080704,0.971280986
10186375301,0.218134439
10186596501,0.3492478008
10199039201,0.970213306
10212986001,0.016478419299999998
10224618801,0.875363242
10224618802,0.20125013259999996
10224901702,0.575818628
10263813202,0.32972008599999997
10264287001,0.000740265284
10264316301,0.0007086634740000001
10264348201,0.00739607972
10274366302,6.0208865799999996e-05
10314524801,0.11907135660000001
10325796706,0.004636149992
10353132902,4.63904444068e-10
10364895801,0.93988388
10376367904,0.203810122
10376397901,0.007701597740000001
10390531901,0.172130716
10413925202,0.007728776580000001
10427433001,0.664801847
10441934105,0.0026039502200000003
10479034102,0.793644392
10480383401,0.1705570772
10480383402,0.249284988
10493181301,0.90613776
10518842403,0.8810421399999999
10519098404,0.708420704
10529676301,0.00434753664
10529676302,0.054768443599999994
10568487504,0.807405796
10837497602,0.0031719815800000002
10837842705,0.0011297181659999998
10859048002,0.3252583452
10884591901,0.5008399640000001
10886092801,0.01227558852
10886419901,0.001016321334
10886419902,0.001286842232
10898348201,0.859903216
10898348202,0.966906024
10937635604,6.942308304e-05
10938015501,0.13190356279999998
10938019301,0.0868519126
10949837601,0.696851194
10950331601,0.8789872479999999
10963396401,0.960952694
10987510902,0.1085988332
11001893001,0.02014125552
11035433901,0.07182896
11054170402,0.40155365600000004
11061602801,0.000496753476
11062190401,0.8591084560000001
11062805303,0.1830573518
11062805304,0.199892218
11075892603,0.0032444400200000003
11087920102,0.0637922012
11102317801,0.9534320019999999
11102719501,0.146767098
11126632602,0.231177652
11140384101,0.944508954
11144934701,0.0448010254
11144934702,0.022651087
11150781601,0.744952562
11157210001,0.6164639120000001
11162241502,0.417582026
11172093002,0.003929425626
11172279402,0.1220799838
11172279403,0.165681956
11175985301,0.679764028
11176276901,0.146080962
11177023101,0.22091816400000003
11177053903,0.8377524199999999
11184523001,0.637776812
11188722501,0.9199090639999999
11188877204,0.01800477898
11188897502,0.004738490180000001
11196832301,0.6284910079999999
11208954303,0.003147137056
11221303101,0.737477324
11226066102,0.32646179000000003
11226298602,0.1652109528
11237798102,0.027859095
11257430701,0.068144515
11257592301,0.8420918000000001
11257820204,0.02068487188
11257820206,0.017568749959999998
11258650602,0.00033345735900000003
11278457201,0.750973048
11289868301,0.516772296
11289874802,0.22222668199999998
11316068701,0.141008237
11316097901,0.8368315839999999
11326728502,0.01591230674
11326728503,0.018197814168
11339655703,0.680534418
11341112002,0.63333639
11351159103,0.1832272678
11376871801,0.979019446
11376871802,0.86117659
11390038802,0.40098225460000003
11413054201,0.000398094792
11413054202,0.00039713479
11413963201,0.9954045879999999
11413963202,0.023952789800000002
11426827002,0.19938363460000003
11793527401,0.362221804
11801117801,0.33760913000000004
11801536001,0.31741233680000003
11801607802,0.15202278
11805993502,0.00902432398
11813989304,0.0425574444
11813989305,0.05894858160000001
11813989306,0.022064162000000002
11814710701,0.004010729034
11819609403,0.000573310582
11819664401,0.5416423499999999
11819664404,0.2354782807
11819770903,0.00029680554540000004
11819824801,0.23266562699999999
11820008001,0.0031433825
11828042701,0.801504134
11832157008,0.00023606173200000003
11832289607,0.686186056
11843969002,0.000196079802
11853010701,0.751961424
11866683301,0.9422447139999999
11879817401,0.201535588
11892274901,0.630330676
11898109002,0.01304900166
11904677202,0.1557502684
11921955101,0.51102157
11922271301,0.0773336694
11922514501,0.2407238
11933439101,0.924132932
11938562501,0.5271787480000001
11938810101,0.868882964
11950168708,0.09632025970000001
11950621401,0.289903768
11956086701,0.8033972620000001
11962420701,0.0099401655
11967724601,0.891920726
11987903601,0.730553318
11997553101,0.740552426
11998011201,0.851598278
11998113401,0.554443666
12027622801,0.322982018128
12028115501,0.872973912
12034182301,0.54781025
12039326407,0.0027898006600000002
12039326408,0.00456196477
12039326409,0.050839948306000006
12039326410,0.013242794828
12039326411,0.003296876612
12039513701,0.09891452619999999
12039513702,0.1658286638
12039720501,0.588716474
12039721702,0.02201024572
12040021401,0.139371518
12061103001,0.707492794
12061103002,0.64748397
12081715301,0.016464512999999997
12081715302,0.73514831
12093407101,0.013855794100000002
12093761601,0.30247933800000004
12094161401,0.9788053980000001
12113719101,0.012337509528599999
12145433301,0.1266340788
12158637201,0.909760472
12167517401,0.971599758
12200275401,0.7714591900000001
12200597701,0.1020869998
12200666501,0.990474914
12220988502,0.6411315980000001
12242476801,0.007673542899999999
12243213301,0.94667543
12253794801,0.9546517619999999
12264264401,0.9964778479999999
12285400501,0.926885012
12317287902,0.03830528928
12339813301,0.952838536
12350845102,0.00431077749
12381617802,0.01087934428
12390795801,0.420150474
12390866501,0.76578386
12391973001,0.00264217674
12426094001,0.8304901179999999
12426405501,0.8133287899999999
12426405502,0.9396090539999999
12426436303,4.868639200000001e-05
12458398501,0.57903647
12459356401,0.73529438
12459356402,0.712102376
12479663401,0.6741178999999999
12489976901,0.980563216
12510041603,0.0001337754109
12510943101,0.893091568
12522039801,0.1497669278
12522220604,0.0648097568
12522220605,0.00926431834
12522821001,0.9022414400000001
12533032001,0.1139853612
12533039501,0.7344821720000001
12546033301,0.000323821442
12553900602,0.0005041564179999999
12553900604,0.0027436792520000005
12553921701,0.0011262563999999999
12565600201,0.34831673199999996
12565956701,0.472157962
12565956702,0.013737275999199999
12576085101,0.0110325597
12596876401,0.0304212096
12606428601,0.969673978
12606499301,0.315797294
12607327902,0.00494585022
12607799201,0.816983894
12607810001,0.6669079
12630682801,0.37493181
12639315001,0.90917376
12656178701,0.8582279780000001
14059590301,0.163062222
14068744601,0.0034437207425
14079745901,0.00026634403643800003
14093858001,0.96856504
14094049302,0.0002451656752
14128126001,0.29047314599999996
14128126002,0.681562816
14133479301,0.014895191200000001
14141282301,0.99253112
14143575801,1.15546734e-05
14147252101,0.0218199263
14148039401,0.11614907859999998
14148238601,0.79684416
14148498103,0.0004851861974
14171216701,0.955566842
14175278701,0.36163741800000004
14175577002,0.00115178584
14177059201,0.652276306
14180659802,0.0033439596539999996
14181146904,0.002865079952
14182800702,0.006914936420000001
14186670401,0.00041546971999999996
14186670402,0.00134206281
14187156903,5.4216834000000005e-05
14208293201,0.014248147459999999
14210530801,0.014012876939999998
14210918504,0.09821661699999999
14214784903,0.0034661867640000004
14214784904,0.006471724828
14214822801,0.877682068
14214871202,0.6063357500000001
14785851101,0.970741574
14787355302,0.010909926779999999
14884825503,0.001460332602
14910260201,0.26730316800000004
14910260202,0.29574541600000004
14917608001,0.29060686599999996
14917608002,0.27133694999999997
14917608003,0.293757234
14919080201,0.027868989
14919514302,0.25991631099999996
14922069301,0.200402758
14927061301,0.117168042
14927436702,0.14118985160000003
14930274401,0.9975593460000001
14930274402,0.9971951539999999
14930817504,0.00382135382
14934986701,0.9989337299999999
14934986702,0.9989031159999999
14934986703,0.5445587080000001
14939257402,0.586335238
14944716001,1.4134668014396386e-21
14944716002,0.0052309562932932934
14949842501,0.000289048558
14949842502,0.000492416348
14987370902,0.02931468786
14993094602,0.0006642599460000001
15003020501,0.999401898
15003020502,0.9986056299999999
15009886001,0.99873674
15010147201,0.407898572
15015126201,0.9974396999999999
15015126202,0.995584448
15020394201,0.0408014208
15030038803,0.012879689053999999
15032061002,1.6360153355469998e-05
15042980702,0.0077403333800000005
15044304601,0.041354428166
15051620201,0.9877714400000001
15052358402,0.0072852575199999995
15063635601,0.0166673098
15063635602,0.06316455
15071886401,0.10059847699999999
15086376801,0.5298013
15088003801,0.662253578
15104739403,0.0199568522
15105371901,0.481222716
15118385001,0.0038631108800000003
15118864503,0.1316701602
15120148501,0.592652862
15129820905,0.0199717716
15138784001,0.5767665120000001
15138832401,0.01388790386
15138832402,0.0473686594
15153447503,0.00010934764556
15160209601,0.12977658720000002
15169357402,0.00021466723799999998
15170787001,0.5669893659999999
15212279301,0.0087804396
15212279302,0.0007465468279999999
15226473702,0.9854004639999999
15235037301,0.5994474719999999
15235037302,0.0531292483
15245720301,0.425364144
15254053806,0.003372974904
15254053807,0.0015726408399999998
15254317001,0.8931858739999999
15254700601,0.00518189018
15262595501,0.725643182
15266038501,0.26379517799999996
15289652401,0.22655628400000002
15289903601,0.23797638399999999
15290875301,0.0030859749399999997
15290875302,0.006940980219999999
15290889701,0.000180832688
15290889702,0.001052897918
15290889703,0.001069742772
15301725001,0.916026014
15345478201,0.735713982
15366956901,0.238770746
15419006804,0.00023805616479999998
15419966501,0.310497236
15437834606,0.0044331657966
15439316701,0.961297594
15439316702,0.831425118
15439658101,0.00198426944
15439658102,0.000931468322
15439674601,0.00590195428
15439674602,0.0027366878200000004
15451417007,0.0005205132022
15452472302,0.0607800794
15518488001,0.630754614
15518514202,0.085442827
15518514205,0.400445528
15518987401,0.6318424119999999
15528599301,0.0024004301
15528599303,0.0092518739992
15528612101,0.043698156
15538521202,0.0945885288
15551479802,0.001276347454
15562018704,0.78151712
15562018706,0.395123458
15622784802,0.010148121460000001
15622784804,0.031482710600000005
15622784805,0.97234008
15622784809,0.97915522
15623636104,0.06615975186
15632989001,0.0345605436
15665276702,0.1452956628
15666885101,0.8822498920000001
15677513102,0.665598874
15706981801,0.0174640613
15706981802,0.0018224808200000002
15719104502,0.01579896294
15806322501,0.645863074
15806322502,0.529032546
15809911601,0.19526685800000002
15809958001,0.698410388
15814195101,0.966106714
15814195102,0.201481756
15815687801,0.595470642
15815893201,0.368713322
15815939202,0.004411449948
15815989102,0.02239305616
15860720701,0.395929064
15860722801,0.180411586
15860741901,0.0166151752
15878178402,0.11194761319999999
15878178403,0.833132558
15912169301,0.2322529598
15924871502,0.706187696
15947215603,0.0009215176739999999
15947227802,0.761390474
15948113801,0.37743953399999997
15948113802,0.673247966
15948113803,0.664426418
15956590202,0.538018568
15969873701,0.903736578
15980342101,0.00592722484
15980342102,0.00243348626
16013434801,0.9889550399999999
16036773402,0.117505314
16036773403,0.28872652800000004
16066016301,0.54596944
16066515901,0.877521958
16066526601,0.18139089
16068880901,0.48331366600000003
16084755501,0.759450946
16091601404,0.02067308858
16099102201,0.746594932
16099102202,0.74808464
16099304901,0.0021411809
16103732001,0.721410294
16108228801,0.100280118
16108228802,0.00189911614
16108592104,0.0036580832
16111060101,0.362666616
16125373001,0.8902797579999999
16126004401,0.886688042
16134286001,0.995317008
16134286002,0.9089797519999999
16143602901,0.00413515144
16154166701,0.14856424399999998
16154930501,0.99620897
16155008801,0.00188229448
16176108901,0.7234498
16176124703,0.302391464
16198132604,0.00206891399
16198826901,0.009561677979999999
16210735001,0.00134513996
16241062701,0.030764729600000002
16242925701,0.49219747199999997
16253832601,0.795013882
16255155401,0.274149546
16265142702,0.3333566
16266588403,0.332267416
16338814401,0.0018212794800000001
16340585502,0.0023704820486600002
16355726201,0.65750423
16356506601,0.687957342
16356506602,0.0367910442
16377210001,0.000302337786
16377210002,0.00725812616
16398864501,0.24458987
16696934602,8.424675740000001e-05
16700979201,0.76537101
16708620102,0.0010119325448234243
16730338202,0.9950441380000001
16730403801,0.001144973332
16730403802,0.00055689071
16734243901,0.986155198
16734313302,0.2666180448
16736542802,0.00014465078540000002
16741596501,0.9983042440000001
16741596502,0.9334874120000001
16741889801,0.98283846
16752648502,0.76264569
16755489801,0.99585516
16755489804,0.026377886100000004
16757013101,0.9583887280000001
16757013102,0.0001129697352
16757013103,0.228440302
16757119203,0.023238871799999998
16760273802,0.0006231181196
16760273803,0.000984980098
16760421701,0.1076902336
16769439701,0.002080920064
16769572902,0.10723378019999999
16771839802,0.041331949160000006
16775073201,0.9327080459999999
16775131902,0.00495467878
16775452301,0.514771364
16779396102,0.00412932394
16781194601,0.0511768526
16781194602,0.0345555326
16995573401,0.000556952348
16995573402,0.00045469230199999996
17004831601,0.583272832
17023867602,0.0015738975499999999
17024094203,0.20005535439999997
17025467504,0.01701704416
17032889101,0.027963033800000002
17032889102,0.00712603738
17033096503,0.007967514870000001
17033757001,0.013667491600000001
17033757002,0.0213809604
17033757003,0.13424646140000002
17033757004,0.1612112406
17034101102,0.2536322294
17042211401,0.9437215999999999
17043049702,0.09150227279999999
17050929001,0.0072209553800000005
17069188506,0.01294077494
17069237901,0.622061432
17076902501,0.540888598
17077392403,0.21812327599999998
17085770202,0.000308164932
17097239601,0.71218593
17097994501,0.629061118
17106091801,0.811694402
17106337909,0.0030693369060000005
17106451103,0.00290090362
17129234303,0.014199100026
17138585501,0.93534647
17147300001,0.02142707898
17147888202,0.04377861066
17148036601,0.01295434992
17153235801,0.686065688
17153235803,0.185046515
17153653001,0.8393288720000001
17153653002,0.47394254799999996
17154219001,0.9932200699999999
17154409102,0.000280317326
17163328601,0.01524388674
17174562602,0.029401456540000002
17174562603,0.0542806346
17189929108,0.0016536661880000001
17195529805,0.0003956933532000001
17196218101,0.0780424664
17196218102,0.025603137200000004
17196401501,0.17264378019999999
17205337202,0.220305426758225
17215521304,0.020776663199999997
17220307703,0.00706929032
17220325201,0.673893744
17220325202,0.0831823468
17250251405,0.0519673372
17254841501,0.08314541010000001
17263400901,0.979427322
17264424801,0.0201081906
17271798203,0.949147652
17272238802,0.012819586259999998
17281527201,0.556062802
17281527202,0.3449610796
17289329601,0.997636902
17349331402,0.029036008000000002
17354412401,0.00755634194
17354412402,0.0220332118
17354412403,0.017178642546
17354483502,0.00451477768
17364872701,0.13741467000000002
17364872702,0.287732122
17365440201,0.083748838
17373887901,0.0011216477939999998
17380768102,0.07111042000000001
17381431501,0.7454658000000001
17381431502,0.5661011140000001
17381455001,0.24168692200000003
17388516403,0.102224322
17389423101,0.0213081244
17389423102,0.0230798853
17389662202,0.2371982654
17406818604,0.049375683999999996
17412582205,0.0033550908560000003
17413303503,0.001913704034
17418211001,0.8514229959999999
17429111201,0.427230268
17429382701,0.00248920494
17572863401,0.9660067760000001
17595347901,0.8276752459999999
17602056201,0.00829281812
17603913301,0.14668709600000002
17610827402,0.002886273398
17610959901,0.5813276860000001
17611105801,0.24721978399999997
17616422501,0.728440988
17616676301,0.989289046
17687143801,0.99411501
17687143802,0.533016846
17687403401,0.02150997994
17693612401,0.488870384
17695537902,0.0078425867
17702223203,0.001582470868
17707733601,0.9992017860000001
17707745701,0.0029811187000000003
17707745702,0.00561098674
17707747501,0.142304348
17707747502,0.1066658304
17711698104,0.001072739346
17711955403,1.3493258499999998e-05
17717368601,0.689801354
17724213003,0.0030325048240000003
17725470301,0.12163184519999999
17728470202,0.22236220700000003
17730836401,0.998906138
17730877701,0.8409422039999999
17735477101,0.175130449
17738774502,0.001235473992
17738774503,0.00394156692
17904088001,0.34056464399999997
17904198901,0.150933772
17912356001,0.0011152674000000002
17912356002,0.0014481455019999998
17912356003,0.030106437019999998
17930792202,0.877281604
17938380501,0.77711403
17943740001,0.0296586548
17943740002,0.18345243
17943740004,0.001173580275
17944028903,0.7333519319999999
17957923302,0.01332536908
17958004502,0.043321564
17963906301,0.0874064416
18134118402,0.568669634
18134186402,0.0310755007
18157661202,0.017443462370000003
18179853901,0.363605128
18245089201,0.144352814
18892340101,0.039700642200000004
18892340102,0.011558386379999999
18916711201,0.9315653740000001
18917239501,0.0814169852
18918175801,0.0986403388
18944799901,0.9615846859999999
18969437501,0.996013728
18997220501,0.926500166
18997702801,0.971795388
19023050401,0.74726792
19050445101,0.830270466
19103675001,0.0343528989
19103708201,0.8276921939999999
19103708202,0.0485443552
19135159105,0.002340302646
19142298701,0.969970916
19158371401,0.6063545180000001
19174414201,0.40949624999999995
19186209601,0.24733227600000002
19186718302,0.0014247341260000001
19212631102,0.870064754
19213189501,0.0038927453200000004
19238090201,0.832758932
19239046901,0.77764134
19262673603,0.00045840211060000003
19263556101,0.8984739960000001
19289499801,0.001359521176
19289499802,0.001473719328
19290685501,0.9718115700000001
19299731603,0.943086332
19301306503,0.02378706032
19304883601,0.0365070464
19304883602,0.00600980678
19305978503,0.39571248800000003
19312463703,0.023171097101829
19316382401,0.0043118654800000005
19317415301,0.748671578
19324209701,0.978068912
19324209702,0.865415058
19324232102,0.911705484
19329729401,0.029275077599999998
19329729402,0.0136950438
19329739201,0.00247105064
19329739202,0.00172970494
19330551701,0.22346651239999998
19352855401,0.981626836
19358920203,0.00021173603206000002
19359667302,0.582698802
19359680203,0.6018813639999999
19365589404,0.0007080688628
19377820301,0.974289164
19377820302,0.9218754
19378772601,0.8344619979999999
19378948901,0.0497925394
19384952301,0.284482302
19394961705,0.027817860280000002
19396503501,0.982185734
19410316602,0.522099308
19421013901,0.0507544682
19426444101,0.04543602798
19433831001,0.6523123359999999
19433831002,0.1751567548
19433996701,0.507969846
19439116003,0.018055036599999998
19439628702,0.8562549279999999
19440839001,0.13596533319999998
19446649601,0.517898616
19447582901,0.9403246199999999
19447582902,0.042414378200000005
19459105101,0.47668423200000004
19479865404,0.395285042
19487327602,0.25772746144
19503056401,0.957236932
19504658201,0.8956414479999999
19510340103,0.006415408859999999
19511848201,0.625173694
19516342001,0.3383252908
19516427101,0.564877014
19516427103,0.163578926
19556847601,0.01160155472
19557876001,0.1125686396
19610149302,0.0850396024
19611596801,0.397943532
19636348401,0.9838105580000001
19637335601,0.83551768
19665444401,0.9897274420000001
19665471101,0.928212008
19679343201,0.97037808
19680816201,0.702457332
19684734802,0.14236045800000002
19690447702,0.0274788538
19695427303,0.0306049768
19695804302,0.013434071852
19697034102,0.669771728
19704547002,0.0098812475
19707467302,0.9875267859999999
19745290601,0.40185485080000005
19745799701,0.79356679
19746780001,0.1783022776
19784795401,0.1001374752
19784795402,0.01506581952
19806823901,0.13029337700000002
19806830001,0.03081027628
19825741102,0.0024204453100000003
19825772701,0.10806180400000001
19884575902,0.04412306732
19885122601,0.694240908
19931894201,0.885100868
19957495301,0.975333068
19957531501,0.136202228
19983373801,0.724802328
19983373802,0.836092582
20010068801,0.75514382
20017246701,0.993681018
20017783901,0.43199631600000005
20071837702,0.000735640486
20071844301,0.754591794
20095987302,0.5005056085999999
20119314702,0.0048087189
20119776801,0.903162706
20120198901,0.901107318
20164131702,0.00020966309400000002
20171847701,0.884753466
20171879901,0.832665392
20194192601,0.98746808
20194235501,0.013586731699999998
20244560801,0.00414306886
20246185201,0.55225759
20681867404,0.0037081053259999997
20697779102,0.01249406602
20703226201,0.0003895647
20703226202,0.000269011026
20711385602,0.02007643448
20711942806,0.11102538669999999
20712481601,0.98654139
20712511201,0.7495399899999999
20725890403,0.057056988200000006
20725890404,0.08293192460000001
20726417201,0.9961610799999999
20734665902,0.600830128
20735276401,0.732722224
20742034902,0.07351141962
20750831101,0.906803186
20752078601,0.915581858
20752159901,0.921000776
20752344501,0.00175224088
20755487201,0.995073874
20756381601,0.613119934
20756563501,0.919489578
20760243701,0.00456234368
20765451602,0.02513324
20765451603,0.026844042680000003
20765455402,0.05570570198
20766138101,0.408866794
20766664002,0.32778315880000003
20769515203,0.3974229732
20775736503,0.041794237199999994
20775736504,0.455759354
20775746701,0.597526366
20779901301,0.115609173
20780616901,0.27564886299999997
20780930202,0.54122421
20785898801,0.336455536
20786993003,0.014191711639999998
20795453902,0.096920883
20797839101,0.969716582
20797845801,0.63410115
20798008701,0.296908771
20798258101,0.880676306
20798643301,0.0020790663840000003
20798953402,0.060780654
20799077002,0.0006032527094
20803004902,0.839698192
20803778201,0.88382
20810887901,0.9547950440000001
20811480001,0.280948276
20815128102,0.05602632640000001
20815513302,0.000320428594
20820384201,0.99542763
20820384203,0.38639735599999997
20820384204,0.47937024800000005
20823122404,0.11515371519999999
20823122405,0.047396529
20829558601,0.9898121480000001
20829696701,0.71632846
20829776001,0.990559642
20829796302,0.26117565
20830098501,0.00010699695680000002
20830098502,0.000107200538
20832372501,0.881970652
20833033601,0.376800348
20833035301,0.875287992
20833304701,0.0265863794
20833567901,0.9713434559999999
20839872807,0.000509706992
20843557301,0.798542572
20843828802,0.1249999984
20844682303,0.0010741897139999999
20844682304,0.0013311849220000002
20848998201,0.990005966
20849184703,0.627136636
20849658702,0.1495190064
20853519401,0.8709102420000001
20857996901,0.973862636
20859451101,0.0041940947
20859451102,0.001280812998
20863817306,0.0043369136180000005
20864858501,0.96773806
20866976401,0.8815774700000001
20866976402,0.7603377379999999
20871068001,0.99807228
20871941901,0.72244614
20876387001,0.00361064284
20876387002,0.00044079469999999996
20876538102,0.15300936930000003
20877070601,0.993517006
20877097501,0.49940831
20877160503,0.006107386048000001
20881574804,0.0001676829904
20882540501,0.0029167562
20882540502,0.001309023346
20882540503,0.005735012560000001
20882540504,0.0022419895019999995
20882540505,0.00339732872
20883055802,0.000523064318
20885855301,0.9865519739999999
20891756401,0.021972942000000002
20891986001,0.8466884459999999
20894301901,0.41770709000000006
20895092801,0.00540968094
20895092802,0.0018194798799999999
20895455901,0.18846043
20895507001,0.097638108
20900171701,0.0108629113
20900301601,0.00564088546
20900301602,0.0036600202679999997
20900324601,0.00048681508000000004
20900324602,0.00059992168
21162288202,0.00278647738
21168779101,0.860357782
21168779102,0.416845638
21174262801,0.988126604
21177924002,0.1231227812
21183129201,0.3772605048
21186454501,0.0389015042
21192554001,0.0423080526
21193012101,0.303428968
21196596801,0.521783828
21197189801,0.9538850059999999
21201552102,0.025941876799999996
21212162202,0.0414798012
21212162203,0.1141307842
21212414002,0.000251050144
21216928501,0.8147901940000001
21217568001,0.4316976840000001
21218078501,0.85627896
21230498501,0.059313268399999994
21230498502,0.045219936
21236733602,0.0522401812
21237202202,0.8515218580000001
21237309701,0.0560963154
21237309702,0.0207151486
21241550901,0.001590973728
21241550902,0.01138498506
21241599002,4.04536676e-05
21241599802,3.35287206e-05
21241914001,0.242394253
21245264701,0.704583922
21245906901,0.323068432
21246152401,0.903437718
21251976401,0.726452574
21252856203,0.0041437475
21253044103,0.01090120406
21261208201,0.49608081400000004
21261208202,0.11050316419999999
21271137101,0.00263225594
21276053501,0.009001515460000001
21276076902,0.9580649019999999
21283521201,0.977238032
21284496701,0.47515331399999994
21293936101,0.252607222
21299863202,0.009340903927999999
21302859304,0.015511837680000001
21302859305,0.01542566554
21302859307,0.005864102
21311179602,0.0051185903320000005
21319315301,0.227771224
21323016801,0.0234998168
21323016802,0.005103260005999999
21323175402,0.361290478
21323673802,0.00453678488
21323673803,0.0031275515919999995
21323673804,0.003501972222
21323789301,0.953915802
21324029201,0.9930440340000001
21324222802,0.001118216692
21330315405,0.01253415376
21334217404,0.025661020681999998
21343634902,0.0002837062646
21344125101,0.0632170522
21344177801,0.0143171562
21344177802,0.0006499732799999999
21347491201,0.44284283
21351426501,0.23954624400000002
21351687301,0.8410992199999999
21354540403,0.0008487503900000001
21357923702,0.40788786200000005
21358862903,0.014512197260000002
21369280101,0.634622772
21370744201,0.65225908
21371612901,0.0062525749
21376117101,0.645944336
21379547201,0.61428234
21382085601,0.76823755
21383074701,0.878107508
21392214003,0.0454714314
21392298602,7.470055339999999e-05
21395552101,0.9928654160000001
21397819501,0.48793301
21401338602,0.000868614412
21401400102,0.00592637614
21404624901,0.0029163115999999998
21404624902,0.0040143359
21404773701,0.938955812
21405477303,0.001816459642
21408274201,0.0318925036
21417636202,0.0645080773
21417639501,0.0195499508
21418818601,0.932404412
21419247401,0.016095834580000003
21419247402,0.201795218
21424328701,0.9961236019999999
21424340001,0.1403179862
21424464601,0.359873832
21424625902,0.00698843948
21424810501,0.454906832
21425014301,0.462991666
21425357803,0.000676929042
21429895701,0.72914604
21430373501,0.01052577952
21431374401,0.8409771620000001
21431625001,0.0358503946
21431625002,0.0701631764
21433255602,0.188232076
21435519801,0.5531571160000001
21436133101,0.990661654
21437504701,0.41201067399999997
21437890502,0.0411326964
21438904401,0.07353211899999999
21441298902,0.00037864741879999996
21441648702,0.006900425807999999
21441671801,0.154022868
21441803702,0.0017392040679999998
21445435603,0.006258683479999999
21445547804,0.011487739112
21448380701,0.0734480408
21448380702,0.103926425
21449529207,0.003095274552
21453073701,0.950791366
21453333202,0.10541454980000001
21453810603,0.00119986024
21560515901,0.9148808299999999
21561507901,0.0054614386
21570371901,0.992873496
21613660801,0.9552386500000001
21616553801,0.662465928
21619093401,0.006991435180000001
21619093402,0.00207950394
21619579301,0.989214868
21630651001,0.0033449637399999995
21632808001,0.8918093020000001
21634270201,0.331970638
21636770801,0.901614446
21638707302,0.0034999232140000003
21638871801,0.25728233899999997
21638871802,0.487285068
21639474101,0.985443708
21641956201,0.000640044206
21644441801,0.9948767459999999
21644554101,0.817133138
21646588602,0.0209465682
21646621701,0.267337952
21646874601,0.0813778006
21648036401,0.9724242220000001
21651177801,0.025381103
21652075202,0.349382062
21652075203,0.423636798
21652663701,0.924823512
21654581201,0.8609032299999999
21655239101,0.00908048874
21655239102,0.0162181666
21658400803,0.420158342
21658400804,0.00973533846
21660914401,0.805412808
21661002701,0.66565978
21661142601,0.599984616
21663805201,0.9825102539999999
21663983902,0.192719428
21666856302,0.01678060508
21671727202,0.0456309005
21672292401,0.239532296
21679508001,0.555883804
21686895903,0.001338205018
21687199401,0.051995840800000005
21691211203,3.403995722800001e-05
21691556001,0.424368456
21693606903,0.330819752
21696909901,0.02209888628
21697363101,0.90181433
21699533801,0.1202308492
21699683101,0.016339361599999998
21699693002,0.315128122
21701033302,0.001020479186
21701324901,0.0523668354
21702837001,0.01222174994
21702845301,0.034600165
21703675301,0.545124512
21703680601,0.00934633252
21703680603,0.00906606064
21705936901,0.01037644566
21705936902,0.00444536022
21714502803,0.7492771300000001
21715177601,0.05520490460000001
21718318102,0.65629974
21718318103,0.832308752
21718450605,0.005095234608
21722071702,0.830935412
21725383001,0.697225862
21725383002,0.41215607
21735190001,0.0253840244
21735190002,0.01761902408
21735190003,0.0142950806
21736406701,0.429107086
21736721401,0.9217248
21736721402,0.969252614
21737488301,0.88957623
21738235901,0.0331705602
21738722302,0.072929579
21739621401,0.9255620779999999
21741759401,0.99875598
21744156804,0.44454711700000005
21745976502,0.0008075849059999999
21747858501,0.679457614
21747858502,0.5329618540000001
21749660401,0.391971932
21749660402,0.42661275600000004
21752990101,0.966374126
21754901301,0.49487775
21755040902,0.00022123267200000002
21757087101,0.767377176
21758245801,0.9975552239999999
21764073301,0.723213852
21765575201,0.27525228100000004
21766073801,0.585495772
21766785401,0.022162686140000002
21766785402,0.348651138
21766795201,0.00293408192
21766814401,0.000669018656
21766814402,0.00605846912
21767280102,0.91186732
21770006501,0.367980904
21778395101,0.017009619
21778746203,0.485734374
21780480001,0.1071533992
21780482701,0.10153385720000001
21780778101,0.02709703048
21784508901,0.7989570539999999
21784583201,0.060346439200000004
21787561401,0.254986714
21793028904,0.313985484
21793186802,0.51656028
21793242001,0.397471752
21794109501,0.7718123459999999
21794178201,0.037954605200000005
21796264901,0.8701915720000001
21798386401,0.188120444
21798923801,0.0017786561999999998
21798923802,0.005279169092
21798937102,0.05828439164
21799960901,0.028914536999999997
21800014702,0.19654507599999999
21802995501,0.00945349276
21802995502,0.015247630239999999
21804892801,0.0047137372
21804892802,0.006154502412
21807939301,0.76935351
21813361801,0.975281016
21813375701,0.0719187988
21814393003,0.00104393682
21814527301,0.010780898780000001
21816012105,0.0010354477540000001
21816239901,0.836391512
21817353103,0.0274675856
21817823702,0.00043230451700000005
21820998101,0.38601311
21821046702,0.177514482
21821046704,0.031742992479999996
21827103301,0.10067917800000001
21827849501,0.820583006
21828186503,0.19156450600000002
21828203401,0.0008016279260000001
21828203402,0.00079435377
21828203403,0.00223968244
21828203404,0.00115335245
21832096401,0.02241197794
21832697003,0.0004600396348
21837793001,0.274214505
21839013001,0.969526474
21841795401,0.5696481592
21842497303,0.001235137166
21843045101,0.9944261799999999
21843171101,0.582169502
21845215601,0.904393006
21846533601,0.006272996059999999
21847121601,0.90338974
21847667403,0.01744876716
21847697601,0.00524452218
21848394301,0.98232056
21855367103,0.9507294720000001
21856004104,0.00614476389
21856070101,0.954331732
21858952502,0.9822048459999999
21863120303,0.060081964339999995
21867923803,0.00143251174
21869317701,0.691260342
21875366602,0.37567561
21877724901,0.001151674634
21877724902,0.0009502122460000002
21884606402,5.052308872399999e-05
21886819801,0.79365661
21918310301,0.73056122
21919496902,0.00821811584
21940674701,0.29595331599999997
22039160504,0.0016606739080000002
22039625901,0.724310466
22041468202,0.713809624
22041651201,0.11766237940000002
22042174202,0.47169731800000003
22042245602,0.0052840061
22042245603,0.00385810438
22043080101,0.018952075104
22043718803,0.24056117800000001
22047113103,0.00157396057
22047113104,0.002171079456
22047420901,0.0339214298
22047833502,8.680033937900001e-05
22048045001,0.000929628274
22064680205,0.0020421814080000002
22066768201,0.9540491
22067398002,0.0265512804
22073610901,0.9147652340000001
22077204801,0.060388972
22077204802,0.446074724
22077721501,0.693402824
22079800901,0.1230678052
22079800902,0.273241763
22082898301,0.9629283080000001
22082898302,0.5884229839999999
22085933102,0.0384558687
22086766701,0.142048563
22086766702,0.050291102
22088892901,0.9320711239999999
22090400508,0.008139026022000001
22093489901,0.189550666
22094523101,0.8415851
22096832202,0.1331284858
22098420201,0.17659362
22101369103,0.008385074240000002
22103845101,0.08685024459999999
22103845102,0.02034706288
22103887801,0.00045505039
22103900703,0.018701598
22104909001,0.60779889
22106594501,0.107694165
22107750301,0.958264048
22108849601,0.556330236
22109782601,0.00258493924
22109983001,0.989387
22110111605,0.000505253766
22110234201,0.8232786219999999
22110733802,0.0497382232
22110800501,0.399127008
22110851901,0.8666827959999999
22115196201,0.008047479
22116154601,0.022101294400000002
22116342001,0.0185495355
22117902001,0.18859233774
22117964501,0.9977570379999999
22120066401,0.126972266
22120066402,0.008144835100000001
22120576801,0.675399014
22120977701,0.933051772
22123841301,0.694117734
22127652702,0.0036170715460000003
22131354402,0.649254898
22133708704,0.056941626
22133708706,0.08904674576
22135424201,0.8840295600000001
22143361801,0.914161212
22144415901,0.9839540120000001
22151674001,0.986366604
22154093501,0.41988227400000006
22156544701,0.732814604
22156788401,0.853763088
22157408101,0.600027352
22158378201,0.81784248
22159525701,0.356127418
22161997901,0.714480144
22162943901,0.497000416
22164094301,0.265222184
22167799501,0.029541849600000003
22168049702,0.00414011268
22168220501,0.781767224
22168220502,0.056467721400000004
22168673801,0.987924388
22169748701,0.955146448
22169765001,0.431362526
22172402301,0.356542816
22172402302,0.52608897
22173421501,0.1389909348
22173674001,0.8748853999999999
22174568201,0.18344170799999998
22177719901,0.77663638
22177724601,0.411789064
22179856701,0.74251316
22180188201,0.1321467448
22180501502,0.0098282226
22180501503,0.0130934526
22181043001,0.0012736583
22183805601,0.759284772
22184019601,0.000356968212
22184019602,0.00024600328
22184019603,0.00024496532
22184630701,0.83700673
22189569005,0.0246306076
22189572802,0.000376766311
22191094301,0.758435094
22194201401,0.9180119080000001
22194334601,0.542895196
22194347001,0.354579274
22200826501,0.8422821380000001
22201201104,0.01863581948
22205099901,0.0649215094
22205726801,0.67173091
22208455703,0.001754447886
22208687801,0.14578769600000002
22208918602,0.000955669638
22208918603,0.00099516681
22211641901,0.44924811
22212659301,0.2235598994
22216033601,0.719656128
22216033602,0.3185457572
22216570801,0.8031587800000001
22216579101,0.706383646
22216579102,0.8418915
22218443806,0.008907602612
22221648305,0.0028727383199999997
22222977801,0.658769084
22223061701,0.928176148
22224039201,0.49117441
22226337501,0.9803234
22483758801,0.00479430646
22483758802,0.00167543258
22485147603,0.001727685586
22492891801,0.95148633
22493069501,0.9863809719999999
22496451701,0.9708841979999999
22498095001,0.499709424
22504037201,0.986039212
22507683501,0.33140412599999997
22507683502,0.550769282
22510010602,0.005450848463600001
22511986801,0.541976972
22511986802,0.9424391599999999
22511986803,0.977472734
22514644201,0.314340824
22514674901,0.0053962277200000006
22517492602,0.000258785516
22517855904,0.6949965920000001
22523551701,0.976475312
22524306902,0.34215428800000003
22525381901,0.0627348712
22532909603,0.48724702000000003
22541044101,0.945291568
22541344601,0.97913757
22545250102,0.0015734023780000002
22545250104,0.006512571359999999
22545675103,0.303382152
22574095501,0.787582026
22575075201,0.884192674
22582540101,0.0032614207399999998
22582540102,0.00284670022
22594300401,0.9792449380000001
22594767401,0.7974858100000001
22604745701,0.872352512
22638249902,0.47366224399999995
22672232001,0.077330406
22672232002,0.254731543
22672232004,0.514497588
22683261501,0.976501478
22683287103,0.00303523016
22702617101,0.00151393963
22703128501,0.131416362
22703623401,0.0185172819
22703623402,0.1643014676
22713709301,0.884531148
22714156601,0.8907571400000001
22746079401,0.729331368
22746581101,0.27828573199999995
22746604201,0.488193594
22746612201,0.006843095448
22747060403,0.9307105099999999
22747585002,0.002591619592
22747585003,0.00323239206
22769036401,0.137170226
22779793802,0.0001256018496
22781298204,0.0120842859
22789763201,0.173152488
22789779601,0.9757614780000001
22812334101,0.740411854
22812804901,0.00354226604
22834291301,0.574737834
22834332601,0.883642104
22862957201,0.169743644
22862962201,0.0009371242580000002
22873211903,0.73275268
22892300705,0.008495917388
22892747501,0.41879348800000005
22893246301,0.2674907152
22893257401,0.767872182
22893269302,0.14550729
22911825702,0.222028552
22911847001,0.70261102
22911847002,0.7679364879999999
22911847003,0.559864726
22942425302,0.213606786
22942427801,0.00839738986
22942482604,0.0023283275659999997
22961976801,0.478643266
22962968601,0.8921874320000001
22971606501,0.039054639079999995
22971646101,0.31628036000000004
22972674801,0.000387930978
22972674802,0.000367038414
22972674803,0.19248642368
22981724401,0.08764823
23002970302,0.002446278661
23002983901,0.0074166993
23004470901,0.628511222
23015290001,0.47467840399999994
23035362101,0.716530994
23057082901,0.94320941
23058130401,4.950946818e-05
23079372001,0.941667148
23090832901,0.878197544
23102425101,0.10235332420000001
23102425102,0.0713432932
23102870601,0.9067306119999999
23103886301,0.896622532
23107341601,0.458691358
23107350501,3.5332162974e-07
23112834801,0.74265443
23113689703,0.01221917066
23125098401,0.973842752
23125142202,0.863891744
23125580901,0.11124076340000003
23135126301,0.9630221600000001
23135167201,0.046665781
23135171804,0.239673906
23135623801,0.8123667539999999
23135659901,0.0988631064
23136122801,0.395123852
23136122802,0.16582817560000002
23136122803,0.1392267352
23146193401,0.279847532
23146193402,0.013270721039999999
23146193403,0.005175397186
23157353201,0.939079138
23172100501,0.995657486
23172100502,0.992720128
23174490501,0.058488891599999995
23177003201,0.9730223060000001
23178018201,0.37474826
23178490102,0.203161376
23180188501,0.4457595856
23190221601,0.9604526700000001
23190221602,0.23403507399999998
23197688301,0.8103743120000001
23197743802,0.340854924
23209700402,0.393965604
23231213701,0.0849271472
23243648101,0.9423593199999999
23254876103,0.0012027213
23265254301,0.0104327247
23276038102,0.368689002
23276887201,0.0398647128
23285972001,0.0208445644
23286914102,0.577861696
23286914104,0.35220392800000005
23287386901,0.85436011
23298543101,0.0086255485
23298545802,0.928006954
23299544601,0.0077596593800000006
23300046202,0.8637526
23310541701,0.13156514000000002
23310541702,0.0037321805799999997
23311586404,0.90011108
23332010701,0.74221265
23355321002,0.58905803
23355354701,0.82062887
23355843001,0.7968205939999999
23355843002,0.94696118
23356301702,0.23967077639999998
23376269705,0.034243141
23377274401,0.7286355459999999
23398218101,0.63985078
23410160201,0.990865554
23420323404,0.5164074679999999
23431021405,0.8685936059999999
23442220502,0.008476249160000001
23442220503,0.006559731940000001
23453219601,0.1775103548
23453966101,0.45515292
23463895601,0.977027906
23474773401,0.15922297900000001
23496903003,0.35182864
23496903004,0.944821796
23509219903,0.0030768112
23518729202,0.0212625248
23519268102,0.001350525542
23520285401,0.534500932
23531881401,0.664978594
23541531501,0.778149212
23541623201,0.9777791600000001
23542521601,0.71331178
23552279601,0.03188215800000001
23553247401,0.0055290953
23553303201,0.7530204979999999
23563172401,0.0056402659
23563172402,0.0148388822
23563172403,0.002707089361
23564189001,0.001478911608
23564189002,0.027915878999999998
23573923701,0.8341917759999999
23583698801,0.717966766
23606851101,0.064848672
23629031201,0.010492835740000001
23629910601,0.619777222
23629910602,0.0051290743
23629938301,0.8421353359999999
23640949101,0.0758669466
23640949102,0.0002240822748
23672559601,0.0360973508
23673050801,0.7876421779999999
23683298401,0.00938864206
23683818103,0.001403874744
23693775801,0.779911636
23694796301,0.022217794500000002
23695303701,0.9547371840000001
23716404801,0.00525998412
23716458801,0.052279808000000004
23716458802,0.726240066
23717288501,0.9693962380000001
23795745101,0.055053783200000005
23795745102,0.08789065
23796990004,0.002467901272
23805885501,0.564855152
23805918001,0.998316458
23807039601,0.1323222178
23809035801,0.000666619992
23809098302,0.23739379536
23812303602,0.1609368546
23812303603,0.0606836136
23812380203,0.153106233
23812401603,0.3001216054
23813118203,8.935032509865999e-08
23818056201,0.0024065672999999997
23819575802,0.000502258598
23819770901,0.96607992
23819770902,0.1388030814
23822807301,0.351395094
23886995603,0.0009676817114
24549381901,0.336274188
24549662103,0.0003335492812
24552442202,0.00014779985880000003
24552475402,0.000252706148
24556561301,0.92468771
24556863401,0.01066045464
24557497101,0.1184042904
24560385301,0.0579033884
24564376002,0.06337771119999999
24573035201,0.692621858
24576474701,0.9635329739999999
24581040301,0.20221888520000003
24583900004,0.0433230248
24587862401,0.9518294880000001
24588812404,0.0005396406632
24593297202,0.0649105376
24598067702,0.580261948
24600223201,0.000158175416
24600223202,0.0001350223612
24600621501,0.278133074
24601170001,0.13378610200000002
24601170002,0.9573506780000001
24601849901,0.1232405526
24601849902,0.001866430428
24601849903,0.161868802
24601849904,0.007515365059999999
24603533501,0.97671522
24603968601,0.19213175799999999
24603968602,0.15726470799999998
24603968603,0.481066226
24604617403,0.03130283766
24605227504,0.012957079360000002
24605394301,0.020789107
24605394302,0.203429652
24607585101,0.37546503000000003
24607593601,0.8772705719999999
24609526002,0.00325039576
24611740101,0.781885626
24612322301,0.951914066
24613706502,0.50748865
24614521102,0.000733846944
24615293403,0.00023594234644600003
24617485301,0.02316526806
24617708302,0.06337668830000001
24617945503,0.9219250999999999
24618940801,0.24594816000000003
24619891502,0.12805683448
24620686901,0.9553025140000001
24622419701,0.20147571000000003
24624474101,0.00460729174
24625720401,0.41610467399999995
24625720402,0.184028904
24625811502,0.278871348
24627345901,0.5371600799999999
24628859601,0.03073303074
24628859603,0.054839525599999994
24633486901,0.811630618
24637396302,0.021811607628000003
24639354902,0.000273790798
24639639401,0.8184272
24639676501,0.834751436
24641295401,0.9695115400000001
24641921101,0.0341406308
24641921102,0.0195843758
24641921103,0.033496835600000004
24641926001,0.017828178
24643969602,0.18467911799999998
24645286103,0.742472232
24645296502,0.7364356219999999
24650911201,0.8094088740000001
24652557704,0.0034745986800000005
24652579902,0.019087562
24655223401,0.000510057394
24655241401,0.030362682800000002
24657290602,0.736672438
24658694001,0.256594664
24659711403,0.9893012600000001
24660704601,0.06076473340000001
24660704602,0.805502308
24660776002,0.00838338146
24661442601,0.9503851600000001
24661690702,0.007321368756
24663933101,0.7201886980000001
24675923401,0.69899435
24687771701,0.995521018
24687793901,0.610333448
24688478702,0.00588887397
24691290901,0.783173712
24692315202,0.00076601827
24702920902,0.000813554338
24703510304,0.11668725871479999
24704045401,0.0707941594
24704054801,0.0122524042
24704089201,0.008118911
24704089202,0.004280803719999999
24707346801,0.0528696436
24714373101,0.034513038600000004
24715235901,0.14121583599999998
24719214304,0.0040271145200000006
24719233201,0.0007535381720000001
24719233202,0.000683415188
24719233203,0.19011939679999998
24721732801,0.822289812
24722186901,0.34517946200000005
24729893501,0.014680274940000002
24730371701,0.007199148460000001
24735402302,0.014531525600000001
24742043703,0.0264442618
24742057301,0.975137316
24744163501,0.48474927999999995
24745174101,0.006506554940000001
24745174102,0.0283566502
24748747801,0.0074528918
24748749901,0.022720693200000003
24749324801,0.006232224624
24749324802,0.0390674537
24750520501,0.9479559179999999
24757802801,0.665781894
24764919603,0.017485535394000003
24764919604,0.018040764772
24765332701,0.5860107299999999
24765332702,0.11251318699999999
24769748502,0.870872872
24770252501,0.00675532704
24773016201,0.828994832
24773592201,0.742364782
24778146401,0.5172508499999999
24778146402,0.8009584820000001
24780832201,0.0548362188
24781303801,0.00036240173
24785025603,0.698484938
24793347701,0.951074466
24793347702,0.987874232
25556746001,0.360246334
25556746003,0.01242332324
25558687201,0.9087375200000001
25571712403,0.000450402873
25576031901,0.048511495
25576031902,0.0071685392799999996
25576614501,0.614156252
25576684701,0.0664612686
25576988707,0.000504673158
25578431601,1.1128915924e-06
25583238602,0.00169061198
25598969802,0.00112367007
25607453305,0.006436859786
25607453306,0.0032358946319999997
25608610301,0.0634609492
25621352802,0.0253774414
25622677502,6.8350952208e-12
25623995302,0.008320408120000001
25637446901,0.590292386
25637446902,0.5369960380000001
25637446903,0.338808355
25638076101,0.14586403720000002
25639025101,0.534402268
25654092301,0.0261421626
25695422201,0.25806883799999997
25695825401,0.22318134399999998
25709323802,0.5343886579999999
25724885602,0.0009705815040000001
25726621001,0.00115443008
25726632304,0.0574659802
25741194501,0.9952976060000001
25741598902,0.014098598399999999
25753472601,0.49975841600000004
25754091102,0.33208677799999997
25754091103,0.21522122600000002
25754095701,0.0417294646
25754095703,0.08497515920000001
25754095706,0.01633191136
25755065301,0.0684501564
25755065302,0.004954162414000001
25757187203,0.0644175012
25757707402,0.1892597142
25761106302,0.001254434054
25764177801,0.197612738
25768437801,0.0788169816
25768558601,0.6385635940000001
25772023402,0.21137618200000002
25773707302,0.001314027832
25773707304,0.27590312040000003
25825209501,0.000539410204
25826069501,0.344527058
25826069502,0.47185321
25826202302,0.123269041
25842192501,0.0012968996
25842192502,0.00256836828
25842192503,0.00027436290399999997
25849045303,0.00410559248
25858126001,0.464403846
25858126002,0.1139318306
25858126006,0.110220626
25872013903,0.06755258672
25872013904,0.05709637676
25874292302,0.009369985059999999
25881341102,0.0632008074
25881390301,0.1683173402
25881390302,0.10334606639999999
25889775501,0.93447859
25912451601,0.7695007979999999
25912503502,0.23694574340000002
25912503505,0.03129081348
25919953404,0.02193893526
25948133904,0.8239588080000001
25948839702,0.008948691454
25958968901,0.2317422006
25963244204,0.612019426
25967529501,0.84454935
25970124201,0.8047638100000001
25980273201,0.6154518760000001
25994657402,0.29340718899999996
26000432401,0.999437944
26004372301,0.984338172
26009174902,0.9382224879999999
26009712202,0.023995712080000002
26009712203,0.01632471244
26009712204,0.9688272680000001
26009771102,0.484404506
26009771103,0.25233840399999996
26012982601,0.506540126
26013232701,0.00232990076
26013232702,0.0131757766
26013233002,0.04518056626
26016045303,0.0008336263639999999
26016048201,0.34499017
26016048202,0.35823528800000004
26019054701,0.0358251284
26019054702,0.031833628739999995
26024225701,0.31705985000000003
26026059502,0.013989841800000003
26026893203,0.036258433212
26030427701,0.0007226735420000001
26030427702,0.000652315776
26030429601,0.005220413320000001
26030429602,0.00392860124
26035350703,0.001161066016
26035371004,0.01919011562
26035371005,0.0125849972
26035384104,0.01112073496
26035384106,0.01106260394
26035558604,0.01643648116
26041493001,0.0018465789999999999
26042445704,0.320702688
26045968002,0.0001151624086
26046260902,0.054149846280000004
26046665901,0.025522688999999998
26050411401,0.00202171974
26050411402,0.00279429653
26050414701,0.021955727600000002
26050634002,0.0518753222
26051993801,0.39689827199999994
26051993802,0.9342499180000001
26054554501,0.9915814619999999
26054617201,0.00103876198
26055984401,0.9897208040000001
26055984403,0.0036599128199999997
26060882002,0.9884043339999999
26060922201,0.47020462199999996
26060922203,0.0919243278
26070853701,0.99926339
26074903401,0.254746914
26081593601,0.682947232
26091366601,0.791463206
26091681104,0.00019962788840000001
26092100501,0.582368008
26092577701,0.462062492
26092999002,0.060181521800000005
26094918402,0.76757439
26095128901,0.688564202
26095128903,0.476397938
26095128904,0.5880366300000001
26095158801,0.939587002
26096967001,0.0389703426
26097151103,0.11443659288000001
26098650401,0.04867869524
26099532902,0.995919292
26105522601,0.9814380420000001
26106049303,9.538159078200001e-05
26109007202,0.4118084248000001
26117841001,0.0016329805799999999
26117841002,0.00121004942
26120389105,0.011860355756
26123942502,0.00274029698
26125771602,0.68679244
26130623704,0.892769682
26131421501,0.00282312864
26131421502,0.00253149414
26133274501,0.12595566932
26142447704,0.0040802302
26144966803,0.0010693279319999999
26144985201,0.367022034
26145163701,0.00043560199
26145163702,0.00047568944000000004
26154570303,0.00052503361
26154596002,0.564169956
26158021103,0.49589489200000003
26158160601,0.00243321486
26158160602,0.001229700982
26158392003,0.690534372
26168060203,0.0068535147079999996
26168060204,0.0115447484
26172424303,0.000241476473
26174665703,0.0001191786056
26174687002,0.978973438
26177241101,0.931651956
26186740901,0.138901734
26187009103,0.0337615022
26187163801,0.923108018
26187479401,0.574772902
26187515202,0.000630853872
26189900101,0.21322319199999998
26190247803,0.0105193864
26190247804,0.013330696320000002
26191131102,0.00044158581400000004
26193037704,0.0642017265188
26195174804,0.0283664358
26204521801,0.00100124826
26204521802,0.0035198109
26215523601,0.947705844
26215697801,0.91828433
26215706104,0.02249868082
26215782501,0.751584198
26216234603,0.00636903992
26219093503,0.0971415274
26238506402,0.00557756752
26238506403,0.00636635518
26245583901,0.42775676999999995
26245758702,0.997420412
26250828302,0.001410523672
26251692401,0.9019604720000001
26252300102,0.04791459026
26255335102,0.09330241040000001
26255871603,0.00278732504
26266623001,0.983093708
26270656001,0.0052088795
26270656002,0.00073658162
26271099101,0.28321841540000003
26272820802,0.018008947860000003
26272820803,0.0058941774200000005
26272918701,0.584524072
26282503603,0.006913477965999999
26283346001,0.0636739992
26283346002,0.0871038172
26283346003,0.009747883740000001
26283346004,0.347952144
26283346005,0.358482814
26291121401,0.714858886
26293961202,7.444569806000001e-06
26295481001,0.00226390128
26295481002,0.008566533519999999
26300317601,0.998627556
26303039202,0.86435646
26307226002,1.5226426206384001e-09
26307226007,0.041083758799999995
26307393401,0.1395821538
26307961704,0.056966891799999995
26307961705,0.016409693120000002
26307961706,0.021968384
26308038402,0.3816344508
26308463105,0.0386194672
26317656301,0.1373098186
26319792502,0.06359947340000001
26331062001,0.7518328000000001
26331064703,0.786765638
26331064704,0.8156505239999999
26335061702,0.995682732
26335076104,0.0478983921
26348683307,0.00318489658
26349337102,0.657288848
26349379603,0.006485506739999999
26357197102,0.20781364
26360788101,0.483918446
26362976301,0.286313258
26366173702,0.993339866
26366872402,0.025173634
26371177901,0.683556232
26371330502,0.061344580999999995
26371330503,0.0507654548
26371340501,0.57967002
26371340502,0.580462966
26371340504,0.5124223800000001
26371563301,0.08204069680000001
26374803301,0.99138055
26374838901,0.518455226
26376831801,0.00944079264
26376831803,0.00357013696
26378510801,0.11406767279999999
26378517601,0.1198265896
26378555502,0.000490127441
26387274202,0.8959335100000001
26387429804,0.002924392572
26395378601,0.96663687
26395546001,0.6277275440000001
26419743803,0.13551847420000002
26421650602,0.029820472799999997
26448794102,0.192994894
26449602903,0.00653521638
26450110701,0.2711651924
26536978902,0.333317078
26541498205,0.006706256408
26551039701,0.9747296999999999
26552021904,0.0004053400934
26552562901,0.042004522700000005
26565749303,0.05357903000000001
26582101601,0.00575096042
26641246801,0.442018068
26645577102,0.9651861199999999
26645611903,0.3949776188
26653025902,0.337895228
26669663701,0.001001142832
26670260503,0.01751393372
26685660501,0.023960218
26701274602,0.048016161859999996
26702505201,0.538185362
26714251904,0.31260085000000004
26714771203,0.01740721588
26714771204,0.0158480551
26714771206,0.000308349114
26716638901,0.0474402162
26716684501,0.0159226294
26716684502,0.014940612119999998
26716684503,0.01420726894
26716684504,0.0210050408
26716684505,0.02600226914
26716684506,0.0264739361
26716684508,0.1165003826
26716693904,0.000857359352
26716782501,0.738388156
26730331204,0.022249947200000002
26730331205,0.0246861156
26730331206,0.0262608736
26730668703,0.00011057567359999999
26730668704,0.000341046358
26730808301,0.30401178
26758046601,0.43210440200000005
26759440502,0.974344672
26880788703,0.17031975379
26974289504,0.00014719818038
26979548101,0.02031882324
26984992001,0.048263901799999995
26991599001,0.30110808
26991610901,0.658879062
27028529701,0.43711376600000007
27028529702,0.78832786
27034121401,0.9986151400000001
27034331601,0.689275624
27042506203,0.03159581036
27050417001,1.8093973466146217e-11
27050491005,0.013750300439999998
27055766601,1.8719092454e-05
27055766602,0.0017238039952
27152144201,0.18685744399999998
27152203901,0.890706424
27155498801,0.0173423413
27157468501,0.339798538
27163993103,0.0037555505000000005
27172670301,0.0167061393
27181132902,0.545034168924
27185283702,0.0001995670788
27185449202,0.08440201459999999
27189259502,0.8246552939999999
27190096001,0.10525917520000001
27190324701,0.946775624
27190324702,0.786926976
27197246301,0.02518755062
27208686901,0.5007884
27208686902,0.00218403554
27212748401,0.015503150900000002
27212748402,0.000353503354
27212958501,0.001489262188
27212958502,0.00127078916
27212995301,0.482066546
27219488301,0.762904932
27219488302,0.00019682402184984004
27219488303,0.993478742
27228581701,0.9322429660000001
27235713401,0.9867133100000001
27235713402,0.029657310280000005
27242919602,0.01565815942
27252754601,0.655719752
27256471803,0.227015112
27256471804,0.13401938
27276568603,0.011200353599999999
27276863101,0.998606044
27277359501,0.17479089
27277359502,0.0801823778
27277359503,0.5916603840000001
27285353901,0.9158298520000001
27285415703,0.016192563020000002
27286134003,0.587982878
27322473602,0.0494053208
27326899101,0.14686406899999999
27326899102,0.23159407
27326899103,0.648701196
27326899104,0.575453232
27327038903,0.0023234017539999997
27332341801,0.814794732
27369985401,0.29843454
27398839501,0.012547165600000002
27408221601,0.0611173842
27415113501,0.999003758
27446160001,0.56058589
27641558601,0.36853425399999995
27643954201,0.581483274
27664743902,0.6892862479999999
27683657902,0.000104740511
27683743003,0.24244435800000003
27686430801,0.79864308
27686430802,0.604821838
27690479601,0.909534246
27697729101,0.026353828599999997
27697729102,0.0053324843400000006
27697854801,0.965496702
27701729001,0.077682061
27702250501,0.54898779
27703309601,0.732789644
27706982901,0.82957215
27710375202,0.001407855514
27710395501,0.9783939260000001
27710844901,0.9536891040000001
27714798503,0.386040296
27729898901,0.577935318
27730004501,0.6473382900000001
27805099803,0.0949888992
27805531504,0.0007315693026
27818334201,0.91658328
27829662102,0.05651074739999999
27840861901,0.18574923000000002
27840861902,0.5552870719999999
27840939002,0.000518854904
27851841601,0.0297662374
27851841602,0.00136190384
27854284101,0.994318474
27854284105,0.918112092
27858939301,0.385765336
27859102702,0.596714628
27859364201,0.708989636
27868364102,0.01123833206
27868384401,0.9994958
27868384402,0.9981286519999999
27872677001,0.965610352
27873012001,0.00419192194
27873012002,0.006938463666
27873095601,0.033304236599999995
27873095602,0.011634630480000002
27877694802,0.00016886580119999998
27878011701,0.9664588679999999
27882343604,0.004498420446
27886178301,0.000990519248
27886182601,0.001394370832
27886182602,0.000880649262
27886274702,0.9913994479999999
27886275001,0.987590788
27886277203,0.00040241346520000006
27886621101,0.996858636
27886622001,0.631699792
27889533801,0.23113973
27889570501,0.9882786259999999
27889825503,0.000694700322
27899095402,0.9430962860000001
27899166501,0.9691497179999999
27908839501,0.657367972
27915500303,0.18431458280000002
27924762801,0.11521734380000001
27925025604,0.00208651234
27925155803,0.01979315926
27936139101,0.01745604064
27942806305,0.902982054
27942972201,0.2903744688
27943008802,0.7080040540000001
27943008803,0.421386986
27943042702,0.12067857959999999
27951416304,0.04724639326
27951615701,5.919982250308e-05
27956970702,0.058960269600000004
27956971802,0.001174374032
27957311101,0.0435777344
27957459101,0.0223801638
27957459102,0.01078698354
27961363404,0.0014222896944
27961595601,0.0291237222
27961595602,0.00238357712
27979776201,0.713808122
27979817003,0.1741831232
27995042301,0.01423594198
27995222801,0.918934374
27995222802,0.95075626
28005211402,0.170122842
28005269001,0.07616721
28005365101,0.969578284
28005365103,0.2836373108
28009683001,0.502438332
28069973201,0.0037167552200000004
28090966801,0.012897648440000001
28192762305,0.8823573180000001
28197926501,0.93310816
28205019801,0.590237616
28205180302,0.053133955659999996
28208557301,0.24982192539999998
28209087502,0.0008251018
28419483702,0.0037820920399999998
28419483703,0.00724576188
28419676203,0.00469715654
28715696801,0.9715155440000001
28732926701,0.941222926
28735439701,0.9017613879999999
28740200901,0.371268626
28740572701,0.01076860492
28742668902,0.015050348080000001
28742818402,0.000122737976
28743199002,0.0016441652520000002
28749081302,0.113202859
28749174303,0.0020281780319999997
28753093602,0.005355872154
28753435901,0.01134851724
28758831903,0.00011134438799999999
28759118302,0.00349108407
28759118303,0.034546563
28764023204,0.020569747
28764068003,0.00043810250679999997
28764068502,0.00016223500999999998
28764195402,0.006818813799999999
28771712302,0.94684056
28771712305,0.14268307060000002
28795766002,0.26396324460000004
28802749102,0.01684464162
28806738601,0.823943272
28876984901,0.9994387180000001
29029048001,0.592490378
29040817102,0.007237684611999999
29041097904,0.0002510588448
29041097905,0.000140075122
29054777001,0.56735157
29055928001,0.29903797880000005
29060531101,0.00995956474
29069929902,0.00034461453519999996
29070370202,0.236330051
29070402701,0.509117702
29070402703,0.12726046119999998
29074019201,0.638347858
29083085001,0.384457616
29083403502,0.0627052444
29083951201,0.01600562258
29083951203,0.01339617676
29095350408,0.0009562492259999999
29095575303,0.01620956616
29100079303,0.076972266
29100565601,0.87693797
29100565602,0.37028150000000004
29100565603,0.883151582
29110114603,0.421481778
29110228401,0.0320465156
29110228402,0.0689153966
29110228403,0.06617672599999999
29110228404,0.06997128212
29110592401,0.654763588
29132383101,0.789667802
29141720106,0.8737699219999999
29142244001,0.207276686
29144913201,0.13806781939999999
29151753701,0.634833448
29151760401,0.9824791879999999
29152077301,0.00673750712
29182529401,0.6763245259999999
29212271704,0.03203442422
29212276901,0.000403377496
29212276902,0.000288276914
29212768701,0.000583733856
29221488101,0.6947107779999999
29221493501,0.00531718916
29221493502,0.0079812306
29229480901,0.6192605959999999
29229480902,0.349080691
29241156701,0.8265932579999999
29241523402,0.6201074799999999
29247930902,0.8897476900000001
29251239901,1.7216760290884e-07
29270577404,0.001736265678
29282490402,0.63905363
29308064101,0.11899281040000001
29315430402,0.0023155128599999996
29316626904,0.006082819336
29322246202,0.2647404178
29324062304,0.012088302744
29324609001,0.1274370164
29327303201,0.00295142946
29343763701,0.465351394
29348090301,0.05894969679999999
29348090302,0.01309681862
29389805801,0.82573454
29396538402,0.00408920714
29404794903,0.0010310257039999999
29405213203,0.00386717258
29405213204,0.003319339986
29409296601,0.0017671164600000001
29409296602,0.000569586852
29409382403,0.00021998949412000004
29409382803,4.9922221400000005e-06
29414726401,0.638575828
29414726402,0.1201647718
29414726403,0.621243318
29414726404,0.259784121
29414807901,0.0127920333
29414807902,0.0072066121
29415492801,0.925925938
29419561702,0.184379797
29419561703,0.000473567306
29420837802,0.00024183295859999998
29429237301,0.9941414
29432731204,0.002562752322
29434148703,0.20263278759999998
29439947401,0.709065792
29443845601,0.70066898
29443851901,0.1940585228
29444175701,0.865406372
29460727001,0.84466519
29460732601,0.41844758200000004
29468766501,0.72239953
29475193401,0.282823757019
29478154701,0.9898906780000001
29483547602,0.008527870594
29486954902,0.91943664
29487345703,0.11905931039999999
29489270701,0.7646198999999999
29492969502,0.16734137850000003
29497805101,0.67361213
29497805102,0.433208282
29498156601,0.949551924
29498222201,0.9889764060000001
29498228902,0.747046274
29504166101,0.275564854
29513104101,0.78273225
29516943101,0.30715880799999995
29517639301,0.97686438
29536876701,0.7047348019999999
29537350203,0.016314335800000003
29537501101,0.673021952
29559371202,0.964456414
29559925601,0.9722145360000001
29559925602,0.0226287728
29559925603,0.00975497576
29564674901,0.723753256
29578046401,0.898755732
29755818303,0.000927820042
29755818304,0.00076852322
29756126902,0.001375609496
29770101304,0.0006085487640000001
29771119701,0.061092044600000006
29772274301,0.518795626
29782930801,0.7019802399999999
29782930802,0.569340076
29783354301,0.008476550199999999
29805684404,0.003158589044
29805991701,0.537939396
29805991702,0.01000247974
29806911401,0.96500752
29828173501,0.554616798
29838867101,0.38524273880000004
29839044701,0.713463274
29839044706,0.0008044161216
29852037401,0.00276109722
29852843101,0.965152826
29862728501,0.0865233161
29863442301,0.28906001400000003
29863442302,0.58075124
29863487601,0.9511120500000001
29871998303,0.004768525732
29871998304,0.002193281268
29872318301,0.3819812092
29894113901,0.861664998
29916232601,0.6753291260000001
29917356101,0.00226902112
29917356102,0.10758244399999999
29917356103,0.00212271618
29917440301,0.8862833099999999
29927187501,0.92928531
29927274602,0.000276216954
29939926004,0.14310876779999998
29949898201,0.975939454
29950712302,0.558742288
29971922903,0.005696229410000001
29972078402,0.001108257348
29972173801,0.566752506
29972871601,0.781999112
29977986802,0.0111963617
29979965801,0.9994460399999999
29987018701,0.028142655
29994528501,0.00540663688
29994528502,0.0052534584
29994528503,0.96072314
30003893501,0.967426266
30008705901,0.001305656590838
30014106204,0.005259192598
30014106205,0.01994153732
30015908202,7.12882724778e-10
30016476601,0.917812488
30016656205,0.02535848394
30016759701,0.026365413999999997
30016860901,0.7892792479999999
30028954301,0.190281738
30029319702,0.975021596
30030730501,0.6928799019999999
30031613204,0.530603312
30032179801,0.542151306
30032649603,0.001442341194
30032649604,0.00200063025
30032683902,0.14747591799999998
30037859601,0.00413771810428
30044456803,0.1524405202
30044862502,0.292164555
30052399801,0.514936524
30064108703,0.1846398368
30071014401,0.6744467120000001
30074436902,0.005553030472
30074542704,0.000668945895
30075494602,0.159496049
30076192503,0.8634027200000001
30080830101,0.9461325540000001
30081008601,0.963907648
30081274101,0.99065802
30081274102,0.968061438
30087154501,0.9452102200000001
30087154502,0.017641529839999996
30087674601,0.666175336
30094897301,0.357713826
30094897302,0.483722366
30095543403,2.3208232e-06
30109886907,0.06350388178000001
30115216901,0.995387008
30115379201,0.10397037
30116063801,0.061227323
30116063802,0.0662386552
30125009301,0.793284788
30125334401,0.86857714
30130923101,0.00358531272
30131311901,0.958988222
30139977901,0.537510164
30154499103,0.000364532545
30154920102,0.1441567192
30155164401,0.97544652
30160961501,0.0638420784
30161355903,0.209444138
30175063001,0.152075067
30175063002,0.2053297508
30175294302,0.523797324
30189600401,0.014840987199999999
30189603002,0.052204561999999996
30194895401,0.01124817672
30194895402,0.000915754656
30195525702,0.49082370499999994
30195634201,0.8343039900000001
30195634203,0.0047672200800000005
30195635701,0.00291528898
30195635702,0.0016276516800000002
30205475701,0.9242555720000001
30205497401,0.2247941204
30298713005,0.002769427786
30298848601,0.170191498
30301363001,0.542832628
30301363002,0.528644568
30301363003,0.358006334
30301708302,0.24839774399999998
30314365601,0.000814821674
30314365602,0.19849394199999998
30326438701,0.0398584116
30326438703,0.1560709988
30326870702,0.6692129760000001
30337329902,0.267980608
30339007702,0.007978065099999999
30346690901,0.68905312
30346867104,0.01822593444
30346972501,0.6894395980000001
30348573003,0.01008350284
30348734302,0.001066958946
30353147001,0.289505676
30355737703,0.0015062634128000002
30365284401,0.0100122939
30365617801,0.98697216
30365717101,0.954585446
30371152901,0.5461180139999999
30371572601,0.7825682599999999
30378848702,0.10597638919999999
30379358301,0.0005470465000000001
30384110102,0.015300197399999998
30384769801,0.9573284400000001
30389946702,0.43882749
30390173001,0.49797939199999997
30390173002,0.5863476320000001
30399401101,0.224944794
30399951201,0.46956336480000005
30399951202,0.612980104
30399951203,0.658581164
30406573202,0.00422710176
30406638001,0.037428160360000004
30407181701,0.00600101972
30407182701,0.719035844
30407401202,0.041604485600000005
30407503102,0.47506344800000005
30407951901,0.8535646160000001
30418255101,0.04857488886
30419007501,0.5454747259999999
30423779003,0.001393251154
30423787101,0.87025717
30424573801,0.771546932
30424590302,0.034619280200000005
30427458401,0.00112153448
30427458402,0.001018571484
30432655001,0.925823308
30433113801,0.00856262834
30444809701,0.5997079160000001
30448101303,0.0019943283999999998
30448178701,0.722448888
30448178702,0.7079679320000001
30448178704,0.8281310740000001
30454564202,0.20105481099999997
30454785801,0.8673222880000001
30466376101,0.30194854600000004
30466376102,0.042835729899999994
30466456901,0.8141458119999999
30469061801,0.9981723600000001
30469061802,0.97745986
30470641901,0.7251036120000001
30470818201,0.72144931
30472961001,0.16940506
30473644201,0.30510647479999997
30476876901,0.3192523586
30477444401,0.996424348
30477444402,0.9755680139999999
30484227701,0.5806726440000001
30485533602,0.004368801166
30486265301,0.0014200463
30486265302,0.00140832776
30486265303,0.006894647919999999
30486265304,0.00947718206
30486443401,0.195066984
30489838201,0.520373078
30490239003,0.00842689076
30490342801,0.16760888000000002
30501828801,0.6636529980000001
30501828802,0.6940154279999999
30501837302,0.65076903
30518186301,0.9841555740000001
30532210702,0.000212662374
30532369303,0.0046933335
30532857801,0.76650282
30532986802,0.18953315399999998
30542400301,0.9992697039999999
30542556602,0.0688427594
30552180001,0.2221238768
30552180002,0.21517733199999997
30575655101,0.260484179
30620131104,0.2144543704
30627151403,0.0021134998048
30635759303,0.0001749696426
30645349904,0.00014807851559999998
30646658201,0.59590352
30657320101,0.21038525039999997
30657320102,0.49730744
30657378602,5.87331948e-05
30657955001,0.00026635984148
30663508801,0.97801296
30663508802,0.46746795900000004
30663842701,0.302823962
30672323002,0.022096838912
30672377501,0.17591770599999998
30673953702,0.001844357784
30677139301,0.0002922951528
30677241102,0.00563924534
30679070201,0.554988678
30679543103,0.434885667
30682369201,0.0024815741200000002
30689766403,0.017052433420000002
30692926302,0.0830294798
30692926303,0.07837152979999999
30692926304,0.0571601918
30705737802,0.258274765
30709150403,0.001315751034
30715884502,0.0066050572
30715884503,0.00447774088
30715939602,0.0014517081685225999
30732028202,0.004117669654
30732409801,0.37679658800000004
30732748801,0.2522295454
30739915702,8.334636199999999e-05
30749068601,0.309692936
30749106901,0.04173092939999999
30749112901,0.0005332324160000001
30749239801,0.2453952848
30935049801,0.116477372
30935054301,0.510289988
30935092101,0.9783099419999999
30935092102,0.08104128714
30941059801,0.27514261279999996
30948580001,0.28349262
30948629204,0.0015082720784000002
30948634103,0.01160489114
30948634104,0.01516214392
30954461202,0.2373153582
30963618501,0.18660914599999998
30965471901,0.964537894
30965761001,0.2593453384
30965822101,0.710896752
30965953001,0.38761186
30974462701,0.00228719228
30976004201,0.039587867
30979235701,0.9987822960000001
30995649202,0.10396472059999999
30996336201,0.9722636
30996340801,0.25048504400000005
31009982901,0.8151748639999999
31010281101,0.3677510908
31010313601,0.9860909039999999
31010421501,0.185862598
31017413306,0.0693405752
31017948602,0.39929685
31018289901,0.44901950199999996
31035510601,0.950169672
31041914304,0.001494748806
31041979501,0.47014105199999995
31041979502,0.010169583139999999
31042640401,0.722710542
31050716202,0.000238171196
31050716203,0.0002600436326
31050962601,0.00499597832
31051309701,0.0478623584
31051309702,0.04897537012
31065631301,0.14335470160000002
31066279003,0.0031223723460000003
31066294604,0.510091762
31073216103,0.00418309924
31073348401,0.9252314739999999
31079639803,0.000536338766
31079639804,0.0006502489452000001
31079659601,0.7481539660000001
31080328201,0.00144695162
31085579702,0.457288954
31086235905,0.0480580339
31095468503,0.04707887324
31095512502,0.31947894
31095512503,0.35174381600000004
31095512505,0.01122673544
31095622501,0.153946736
31095960601,0.1021611676
31095960602,0.223078354
31095960604,0.22214244
31102893306,0.1779766762
31103481801,0.796513962
31110694003,0.0002606373716
31117500803,0.38508447879999996
31124246002,0.00385655554
31139230601,0.0185507283
31139241705,0.1006482496
31141311301,0.002749310988
31141311303,0.1293476122
31153074105,0.27962136280000005
31153074106,0.3725065044
31153137204,0.1715577932
31153423902,0.12495368259999999
31156458102,0.459112962
31189217004,0.2828632426
31195859401,0.905761136
31196300402,0.00018817964400000002
31226738103,0.001151987172
31238678201,0.754238028
31239040401,0.80597341
31239225801,0.859439106
31264122401,0.0078601454
31275867301,0.128108074
31275884901,0.10194445999999999
31287423601,0.501026616
31287423602,0.67647763
31287640404,0.00954979068
31299226201,0.700240232
31299280601,0.1556133236
31300028601,0.785198556
31312069101,0.2281142906
31312069102,0.38888869000000004
31312389901,0.0586929672
31312800101,0.2782450592
31324528502,0.0127414836
31335382501,0.480086322
31348201604,0.1056360382
31360103001,0.6854242239999999
31360186501,0.625981904
31360332501,0.0008349789480000001
31360332502,0.001022298804
31360332504,0.0013384435168
31371563702,0.00700419894
31384116301,0.1465555148
31384116302,0.0719753294
31384355301,0.960208922
31384390703,0.3986516548
31384390705,0.03649729382
31384645901,0.756523134
31394113801,0.96276297
31407379003,3.25320823e-05
31407379004,3.0403821800000002e-05
31419413202,0.045248717300000005
31443420602,0.609929646
31443586801,0.7337033660000001
31444058201,0.0027213852199999998
31444058202,0.0024359541800000003
31456224401,0.530032114
31456224402,0.470642514
31456540002,0.108938799
31486596201,0.9668021379999999
31493998303,0.00031443395000000003
31494107001,0.00702310072
31494107002,0.0251080162
31494111801,0.0025432515000000004
31494111802,0.0073478120199999995
31508122701,0.9158723779999999
31519888203,0.217363198
31528635401,0.28445011420000005
31551522401,0.00345196038
31551522407,0.5893551
31552073101,0.04215160406
31552916201,0.00012217347
31552916202,0.000772785898
31552916203,0.000609548058
31552916205,0.0248216738
31554413001,0.7414990859999999
31554555501,0.5333172860000001
31564628603,0.94480506
31566869501,0.029720237
31576279901,0.008199051260000001
31585451401,0.1351679552
31585451402,0.502034062
31609788502,0.0206073358
31634576701,0.3693371128
31671014801,0.841320928
31685520601,0.608754928
31685520602,0.30798296000000003
31685540401,0.0340118294
31685540402,0.33733076679999996
31685879501,0.1135065452
31686730401,0.90660869
31715386201,0.49357609199999997
31725062302,0.0069195605
31804494102,0.11930338814
31818199701,0.0227684224
31818199702,0.011241868499999998
31821351901,0.17027412946019999
32227262801,0.7792079120000001
32227262803,0.843812006
32290232001,0.0027464016
32290232002,0.00285397074
32290232003,0.0027799331400000004
32300722302,0.001230889334
32300820904,0.0026711584599999998
32306061402,0.0044411446488
32306315602,0.510377864
32306337701,0.860084728
32313365901,0.01388116952
32329547901,0.997161534
32335522503,0.767923842
32342670405,0.8938291680000001
32342916601,0.7030052999999999
32343234404,0.010280569861999999
32344319401,0.00713876916
32344319402,0.1624485692
32344329103,0.0003940921618
32346111801,0.542680132
32351102604,0.0009420126787999999
32352156203,0.893256068
32352169403,0.0059145912079999995
32356256401,0.4230153946
32356372903,0.012547454
32362403904,0.0003091632346
32364689601,0.00042691788
32364689602,7.0852652e-05
32364897501,0.12877299339999998
32368510503,0.00030288422023999997
32372755601,0.00233780386
32372755602,0.051788939199999995
32373224603,0.000516005356
32376232101,0.222783354
32376427701,0.0014688242659999999
32376427702,0.00123560982
32383694501,0.00291441626
32383694502,0.0069101202200000005
32383694503,0.0072917393999999995
32383743401,0.8542061799999999
32383743403,0.9982248840000001
32386421903,0.00016877564780000003
32387642601,0.9465589959999999
32387823602,0.00097500429
32396848403,0.0002013770078
32396856601,0.0020142868599999997
32396856602,0.001831815132
32398924701,0.0408873816
32399241101,0.67901276
32400358301,0.9787185920000001
32401024105,0.439968116
32404819301,0.1670315178
32411913502,0.000230281564
32412829502,0.40209510460000003
32414433702,0.0029235345
32420035801,0.022003395599999996
32420452301,0.776707032
32420575301,0.345709684
32420575302,0.454173502
32420822401,0.43084097000000005
32420822402,0.039218709
32431692402,5.0235562e-05
32432445403,0.0185472546
32442452704,0.800506028
32442469603,0.01831891524
32442833403,0.00041952598999999997
32443497801,0.245560906
32443724004,0.02911425434
32449469804,0.000799403954
32450262801,0.719613268
32460755801,0.0195477316
32460851409,0.45284181199999995
32461281201,0.00075965932
32461281202,0.001280388608
32465481104,3.92795041244e-05
32474838902,0.295556278
32475731102,0.00598646862
32475935204,0.23430624419999999
32476072101,0.22431872200000003
32477497902,0.741981472
32477497905,0.6304007620000001
32485285301,0.874102454
32485285302,0.75180861
32489057101,0.0286481178
32489057102,0.027286168399999998
32489275701,0.533489416
32489361302,0.025935231587999995
32492783604,0.0026921697
32501276804,0.00555621666
32556374402,0.27135233
32556436601,0.140353106
32556436602,0.37038533399999995
32571096402,0.5259471634
32571096403,0.192054694
32571629603,0.0016061462079999997
32584736001,0.982420112
32587099002,0.001889965905
32587307601,0.00317408016
32587307602,0.00240768882
32588833501,0.18899950599999998
32602282201,0.308855704
32612924502,0.0011461732879999998
32612924504,0.008446167968
32622535503,0.49669220799999997
32622535504,0.3612955032
32638138401,0.559827486
32640871801,0.9651440600000001
32641199403,0.23791496519999997
32641199404,0.1772763754
32651018301,0.93314256
32659876601,0.793352974
32659876602,0.520619324
32668934407,0.000580112404
32669214401,0.761084868
32669398801,0.974440944
32675196001,0.667800632
32676001002,0.00169787606
32676544401,0.500302096
32677189203,0.004218433346
32690667202,0.0292107905
32705486401,0.8777926380000001
32706790601,0.0037994076
32706987204,0.0011807583140000001
32707125401,0.010342999799999999
32707125402,0.01190018
32730440601,0.008071314412
32738237101,0.687301466
32738237102,0.1239633934
32738237103,0.5101696739999999
32738995301,0.0980579156
32739067303,0.37107882
32753630101,0.48745722
32784687701,0.8306733099999999
32796910402,0.00135534061
32814130501,0.023317153400000002
32814453803,0.00011820183539999998
32814799802,0.791975882
32815595301,0.91938146
32830675501,0.040119319
32830675503,0.0007512711340000001
32845763901,0.9551480019999999
32845763902,0.721425846
32862415802,0.0026334603688000003
32878113301,0.082025767
32894674901,0.0696175558
32909842101,0.374625706
32910447101,0.9668541960000001
32925562201,0.961730728
32939977204,0.001287965236
32940118302,0.000386129922
32957299901,0.015070652540000002
32957942701,0.915026696
32958050701,0.38760425
32972016201,0.789901166
32972016202,0.7797653600000001
32972706401,0.014450884399999999
32973392601,0.28942744
32984872201,0.589755828
33016782201,0.69526754
33017591802,0.0148522298
33017594302,0.196666462
33035746001,0.0875275006
33051467502,0.8444959900000001
33051605001,0.00144969748
33080881201,0.149580274
33096295001,0.328664004
33096890201,0.99362745
33113133001,0.18972875919999999
33125910901,0.0371833226
33125910902,0.00638947698
33143630901,0.468893658
33158594701,0.0802787936
33159736001,0.25379397719999996
33176314802,0.40419871399999996
33177386502,0.155981669974
33177387502,0.27861391684000003
33188966805,0.0629625744
33189172901,0.6211706140000001
33202650201,0.171851564
33202859802,0.014412496680000001
33218409501,0.9365782279999999
33218409506,0.00626017098
33219007502,0.024977396399999997
33219100502,0.18180616600000002
33219394901,0.018414096720000002
33244230008,0.0012240556079999999
33244372401,0.843916842
33518625602,2.7954519812e-06
33519369401,0.45128512600000004
33520653102,0.617684934
33520653103,0.1679046566
33540139101,0.0142015262
33540210101,0.990749382
33554524001,0.702689948
33554524002,0.5871717399999999
33556261502,0.03624966134
33570153601,0.6345488908
33570153602,0.8394692060000001
33601247201,0.1684510326
33601247202,0.13321158500000002
33602313701,0.22714595939999999
33613706502,0.00476614176
33614287701,0.10238518860000001
33614287705,0.761497442
33614552001,0.004714129379999999
33657475801,0.83278866
33670052102,0.00855205292
33670730501,0.8125604479999999
33685520901,0.79041558
33686333101,0.345117666
33696405901,0.00578529332
33696405902,0.0008823628699999999
33697138001,0.38908632600000004
33697191503,0.0365226198
33712610301,0.0727221364
33719302801,0.659171224
33719312802,0.191693138
33719535302,4.27214785e-05
33720058701,0.0601943678
33720058703,0.042413526800000004
33727469503,0.2737803394
33734938102,0.0796362944
33739324701,0.926974678
33739881902,0.013178726339999999
33740881301,0.909999636
33743756601,0.43530783599999995
33743756602,0.0036120619832000003
33756090701,0.364819754
33769074701,0.662305826
33780683201,0.918753408
33787999701,0.929414256
33788545601,0.8853084840000001
33794511901,0.616280356
33794511902,0.612158056
33795222901,0.5110298099999999
33799519402,0.00134432004
33799519403,0.002315356386
33800923301,0.6767140140000001
33809866701,0.9759907699999999
33811950201,0.030288789599999998
33823254301,0.817203198
33829381102,0.54963283
33835052701,0.9281522280000001
33849206802,0.00952835482
33849356703,0.0048909389800000005
33863576701,0.716165016
33863576702,0.22306989000000002
33873659101,0.002115866332
33873673301,0.332069306
33873673302,0.168227502
33873942601,0.0350720728
33885756704,0.00774492304
33885997804,0.1138927784
33901599101,0.92678861
33927944001,0.961340174
33944248401,0.088922263
33955867801,0.561728398
33956336701,0.00332503896
33956342601,0.0027543666799999997
33956454401,0.0015584617719999999
33956455101,0.00288662078
33956484501,0.0016542304100000001
33956545201,0.000106457964
33956554206,0.197003942
33956558401,7.5206996e-05
33956558402,5.3727899e-05
33956558403,2.8144085899999997e-05
33956573901,3.36878756e-05
33956573902,8.86534202e-05
33956574001,3.0248658800000002e-05
33956574002,3.3061886e-05
33956798501,0.0016171482859999998
33956798502,0.0164936336
33956800601,6.69345862e-05
33956800602,9.50568388e-05
33956800603,0.001080705712
33956805901,0.009316854900000001
33956807101,0.036825019
33956807701,0.000179346715
33956807702,0.00037951018799999996
33956807703,0.043827657
33956812501,0.001660999186
33956817001,9.37734754e-05
33956817002,3.60227139e-05
33956817003,5.8855368999999994e-05
33956820001,0.000174435308
33956820002,0.000295806864
33956820003,0.0038159877199999996
33956824702,0.8
33956824703,1.2485162660000002e-05
33956824705,9.69492426e-06
33956824708,1.643444826e-07
33956827001,0.0029032881400000003
33956832801,5.1558043399999994e-05
33956994201,4.87850274e-05
33956994202,6.79071248e-05
33957015301,0.0034520946600000006
33957015302,0.002080824468
33957026001,7.024903780000001e-05
33957026002,0.0001793466568
33957300901,0.105983486
33961188301,0.8599555640000001
33963358402,0.0006887290165999999
33968020301,0.014931683800000001
33968020302,0.001359076148
33968055201,0.0032197328800000003
33968213401,0.9538685600000001
33968283004,0.00024106150912
33968544502,0.0524606672
33968544504,0.104598200054
33968815801,0.449126314
33968950202,0.590729508
33972309902,0.01355747726
33973301301,0.9639666520000001
33973301302,0.753362098
33973301303,0.650894642
33975272901,0.691688248
33975656101,0.46297052
33975889702,0.10660801680000001
33983299501,0.20588894
33983649001,0.728724226
33991355001,0.725466388
33997920001,0.666585634
33999003801,0.00023089821999999999
33999003802,0.00026925429600000003
33999003803,0.00522858036
33999003804,0.007832379834
34009360401,0.01177477234
34013076702,0.891413968
34013076703,0.019225255400000002
34013076704,0.0089319059
34016460202,0.6101193540000001
34016616701,0.8629787600000001
34017008002,0.7654356800000001
34020604405,0.028323930340000004
34027438401,0.17670966
34028148307,0.0117445941
34028560001,0.760059738
34028802201,0.0084220068
34050494501,0.15249826460000002
34062040703,0.0376669014
34062928903,0.0171670804
34063019701,0.673063692
34063019702,0.460409664
34067038701,0.0895389516
34067052301,0.00636463592
34067092201,3.35204136e-05
34067135701,0.480424466
34084498402,0.1397565012
34084582603,0.414577591
34084689101,0.15078496160000002
34084689102,0.03798730864000001
34086810801,0.70957458
34086831801,0.995444426
34086991502,0.00025644413480000003
34087762601,0.905523806
34087762602,0.83020672
34088361401,0.94727721
34103148002,0.0021775898719999997
34108527302,0.00354509332
34108771701,0.557938634
34114294302,0.0011179925559999999
34114294303,0.0023337564
34125076101,0.8443838400000001
34125818201,0.029794734
34125818202,0.000596925338
34125998901,0.2689193528
34126184601,3.11963018e-05
34126184602,4.61448974e-05
34126197001,3.01237235e-05
34126197002,5.3860621399999994e-05
34133886502,0.01006939122
34138218301,0.00236753676
34138220901,0.026516377999999997
34138220902,0.0483566802
34138525601,0.9768611719999999
34139966801,0.0267926528
34147057401,0.893470374
34147057403,0.606909118
34147613001,0.9894767800000001
34147927603,0.00454880376
34151302001,0.1132662624
34151521401,0.0715497042
34151521402,0.02021323148
34151535501,0.0228799296
34151535502,0.00859522
34152008201,0.3380089032
34152033401,0.0053946669
34152033402,0.002326688306
34152033403,0.0393027466
34159787501,0.843295582
34171016301,0.98636669
34171016304,0.0861976428
34171577402,0.01430122408
34180339901,0.8572420299999999
34180340101,0.825572174
34180590801,0.9378722939999999
34180590802,0.388291162
34181881101,0.8795175499999999
34183842001,0.476713714
34191252203,0.672386882
34191720604,8.99869638e-05
34191720606,0.00020412666679999998
34195221801,0.217074306
34195503101,0.031249890000000002
34195503102,0.03333817388
34204300801,0.12361426899999998
34204465701,0.940088126
34205138703,0.0214745412
34205138704,0.05062614126
34213578102,0.053995711
34223289101,0.80319324
34223686701,0.7803473220000001
34225913701,0.00391313274
34225932401,0.0041255779
34225934401,0.008958491539999999
34236051401,0.0762449954
34236051402,0.286897468
34239922001,0.0299492382
34239922002,0.0008447039660000001
34246945501,0.674443092
34246945502,0.272216511
34247401001,0.9671916639999999
34247401002,0.41274529600000004
34255472301,0.1391866612
34255632101,0.813113968
34256752902,0.009601935740000001
34256752903,0.0523581874
34256769501,0.8342455799999999
34261796801,0.910107218
34268386002,0.8003470440000001
34270269903,0.001988701676
34270269904,0.00299655556
34291558001,0.022451981599999997
34303199501,0.926908012
34303480901,0.5574389099999999
34311938102,0.001559228716
34316698301,0.627292406
34316698302,0.315969312
34325328205,0.0025500792200000002
34326030702,0.0467171636
34329605902,0.008929104439999998
34333867602,0.46939383
34336548101,0.554972798
34336548102,0.933794434
34336548104,0.364896726
34337716901,0.9609140079999999
34337724601,0.66935126
34337745701,0.02249365474
34337762402,0.514424376
34337834501,0.0001317320074
34337834502,9.24432214e-05
34338368101,0.002468577428
34338368102,0.00231762876
34344943703,0.17608661799999997
34354122201,0.703366868
34357397102,0.316902008
34357397104,0.8445934420000001
34357397106,0.034201445600000005
34357569402,0.755306562
34358582401,0.47140565
34358700001,0.9861869999999999
34364733501,0.831176804
34364813603,0.9486141079999999
34364945401,0.85118396
34365125505,0.0867905014
34365219603,0.0003235793256
34368152403,0.002272087434
34368187801,0.5755171619999999
34368487603,0.0011823956149999999
34375729902,0.00971684668
34376193202,0.396532828
34376436001,0.667383548
34379800101,0.39380217799999995
34379949301,0.00045956871599999995
34380086601,0.9104912439999999
34385424001,0.9618188159999999
34388482501,0.76714431
34388482502,0.781389388
34403162701,0.845806318
34407735302,0.00150747778
34411135901,0.10162613039999999
34411269001,0.008754552
34411575001,0.18663412000000001
34423230001,0.9423781420000001
34423441402,0.008276526570000001
34425865701,0.000194698686
34433722504,6.4219227e-05
34433722506,0.000614100576
34433771301,0.0197983246
34433870301,0.1195351608
34433870302,0.0501189543
34435187103,0.00293627614
34439801801,0.997820578
34447050903,0.006169943440000001
34458859903,0.008046791059999999
34460040201,0.943957216
34460426301,0.015342561199999999
34466759001,0.8624672739999999
34467085401,0.47853744000000004
34467085402,0.640030094
34467569401,0.69178564
34469160301,0.908472368
34479463202,0.0046964458600000005
34479692104,0.00150429911938
34483848801,0.9443488600000001
34492558801,0.0093151001
34492558802,0.012786304339999999
34496460802,0.1659659428
34496955003,0.12347100368000001
34497489301,0.8436362300000001
34509282901,0.92859289
34509763401,0.10758983520000001
34509763402,0.0989447318
34517331502,0.00957286166
34520447101,0.26042025
34537130801,0.162971998
34554436101,0.581259996
34554436103,0.82491647
34554812702,0.000860756914
34555184101,0.551005076
34555184102,0.0313511628
34555192801,0.00254660962
34555390101,0.4524503839999999
34582224601,0.868493408
34634767701,0.98340198
34639827902,0.9028539460000001
34640522601,0.38757193
34652034102,0.030716417399999994
34660497801,0.222076174
34672609202,0.06521324319999999
34672720101,0.024926839200000002
34672720102,0.0312748234
34672720901,0.44243275400000004
34672792602,0.6269344840000001
34674306203,0.678371732
34677039204,0.0001914584516
34679228101,0.9979440780000001
34679523601,0.596900268
34679674101,0.11257424760000001
34681068601,0.122828242
34681288703,0.000593916158
34681395001,0.1602505686
34682256401,0.0322352554
34682501402,0.00137551649
34683058301,0.0278326024
34683058302,0.020424748880000003
34690292304,0.2097993062
34691262301,0.97777369
34691262302,0.033289158
34695350801,0.645368488
34703035501,0.958837276
34704243201,0.0119710161
34704243202,0.00639565978
34706869302,0.003304945646
34708176101,0.0012766935
34721352101,0.0876083748
34728360101,0.8731405819999999
34729037202,0.11731368980000001
34736944701,0.0074241346
34736944702,0.0071483446
34746077901,0.0168713728
34746554101,0.00463657856
34761353601,0.72318437
34761473301,0.09170225800000001
34761473302,0.0169160072
34762087002,0.0879237364
34765644407,0.007694377739999999
34765691101,0.07938173600000001
34765691102,0.0675304609
34765706602,0.0002959529772
34774338901,0.847575262
34778028501,0.986453468
34778558301,0.288765594
34778704101,0.0230755644
34787326202,0.003003510206
34787435802,0.96525373
34800682402,0.00093449256
34804054501,0.788316296
34804243901,0.8430009119999999
34804243902,0.45311433799999995
34813042001,0.008946461780000001
34816801901,0.7558687040000001
34817119901,0.9716734240000001
34817645401,0.9416110740000001
34825025901,0.79652274
34834137801,0.921091272
34834462207,0.029145218360000003
34840107101,0.042351318799999996
34840107102,0.0003422304758
34840107103,0.002984065072
34840107104,0.00132766619
34844886401,0.9025841299999999
34845963501,0.954132872
34846082901,0.781983354
34855628102,0.931261046
34857057501,0.70238358
34857132608,0.06341315907999999
34869424701,0.584499298
34869926003,0.0415496988
34876244101,0.517613678
34876345301,0.0404254726
34877117902,0.9819411739999999
34883961101,0.142638172
34884124202,0.00033846973600000003
34885229801,0.61217588
34885229803,0.287499036
34885360504,0.058827824400000006
34889719902,0.01702477134
34889867301,0.12927276506000002
34895779302,1.5065575465044689e-28
34897218401,0.982409174
34898480202,0.578362646
34898568201,0.382863246
34899109903,0.00432327412
34899746702,0.24982011397999998
34899761203,0.000224290854
34905944803,0.0811020606
34909514901,0.997577538
34914500401,0.49343206199999995
34915449001,0.501919802
34923744201,0.20728232800000002
34924096101,0.2595782328
34924366501,0.000946171076
34924593002,0.653758556
34926970102,1.051625886e-05
34927000101,0.061692318
34927000102,0.13385518
34930944202,0.0115883951
34930944204,0.0024625721824109758
34937159501,0.11852246800000002
34937159502,0.00701605228
34937319201,0.00152286554
34937319202,0.00145407643
34940722801,0.00011841272827218
34943397602,0.256818634
34943397604,0.65993264
34948459501,0.2484369772
34953966501,0.513801336
34953966502,0.501550276
34954340105,0.38849540400000004
34954411201,0.385207546
34964460603,0.00756506844
34964851002,0.01362543658
34967968101,0.0013940571927699998
34974792902,0.17856034
34975139306,0.00166661958
34975697201,0.6926646
34976705101,0.212822486
34978691601,0.9964805200000001
34978691801,0.9958810039999999
34980504401,0.9330337719999999
34983282402,0.002911357048
34986285201,0.388259642
34986542306,0.00581156559
34989255901,0.4500362
34996391402,0.24253442
34996426403,0.00095797778
35000584601,0.287338486
35014629601,0.533184592
35015411901,0.828511866
35027646202,0.000694821094
35027706202,0.171662251
35029767702,0.017394663299999998
35033350702,0.0033516706399999998
35033613202,0.6502577460000001
35035563201,0.10546213641999999
35043133501,0.00308474364
35043133502,0.00396836836
35043133503,0.038985085739999994
35043133504,0.0826482785
35046762401,0.361444422
35047910101,0.245828034
35057599701,0.99349393
35067974502,0.002194013468
35074247502,0.043665685999999995
35074371401,0.9953942100000001
35076779401,0.195742194
35079640702,0.28804143400000004
35080347202,0.00168020904
35080347203,0.0014119022
35080469601,0.9936104699999999
35080884002,0.00824909236
35080884004,0.014640272399999998
35084283801,0.420615728
35084283802,0.542418048
35084633401,0.776705282
35085346601,0.9502608519999999
35085351302,0.002267549546
35085871301,0.0040975929000000005
35085952701,0.174996062
35086063103,0.0024316804380000003
35093067201,0.18071411583199998
35096515901,0.0135413533
35109238501,0.995526362
35109482008,0.001373610246
35118188003,0.228750552
35118188004,0.473075826
35127512701,0.930584792
35128467801,0.970191264
35128529701,0.9868880219999999
35200055801,0.5075488079999999
35200331801,0.49935019799999997
35201671601,0.805015974
35201690402,0.732316592
35208100106,0.207089604
35214110704,0.499421538
35222923701,0.39444594
35222926801,0.994915292
35222926802,0.97198995
35222926804,0.92679752
35494479401,0.0633397388
35663935001,0.00488608658
35663935002,0.00551237238
35667591201,0.6151609
35672996605,0.0578442998
35673165502,0.002289227482
35674784701,0.67369545
35674812701,0.470729734
35674812702,0.992738688
35684659401,0.38999053
35685023207,0.022543627160000003
35704416301,0.99256718
35710407107,0.000813324631
35710535202,0.002659484156
35720575001,0.027641372799999998
35736262304,0.0101598468
35736262305,0.0054453869660000005
35736262306,0.0014267343099999999
35751024701,0.0037195413599999997
35760973002,0.01233151564
35765997203,0.0035392119559999997
35766231601,0.830375618
35766231602,0.986141728
35770930001,0.975673574
35790947801,0.0505286162
35791120202,0.706866128
35802074501,0.9713059740000001
35802216901,0.00189351996
35802216902,0.001849019832
35802216903,0.001464447686
35804784102,0.00038118518539999996
35807104902,0.538140858
35810812602,0.01633213298
35815476402,0.184221336
35815644202,0.30124779641599997
35817632901,0.019326326900000003
35829066803,0.02959617014
35829066804,0.024996074792
35833558603,0.014046858479999999
35833558604,0.014402937260000002
35840238203,0.021827213819919998
35899383104,0.00048067825319999993
36008791501,0.050704711599999994
36008811302,0.0026079054
36008887102,0.00674775492
36021781301,0.01321111758
36022222801,0.667336184
36032014601,0.256941953
36032455801,0.300378274
36039503701,0.9632336
36045755301,0.01669504596
36046316002,0.0537511824
36054824702,0.00028631726700000003
36054824703,0.0003145435482
36060567001,0.6636950779999999
36061757001,0.69212947
36069853903,0.30197823960000003
36080075401,0.23336733999999998
36084805604,0.3014147826
36085112301,0.0474387012
36085112302,0.20978316599999997
36095173901,0.344223062
36095173902,0.0345795738
36095868901,0.03075162728
36103419601,0.671527248
36103419602,0.02721731088
36107451001,0.80966767
36107514601,0.050621998999999994
36107514602,0.0087617934
36108230204,0.39045198400000003
36116866004,0.00013416729880000002
36116875103,0.0008284476650000001
36116875104,0.0012040214592
36116900301,0.099173703
36116904201,0.903858996
36117072801,0.569413972
36117247901,0.8605981400000001
36127261201,0.264309688
36133308901,0.46206856199999996
36145892301,0.979353598
36145892302,0.36191377
36147312501,0.0580787968
36171360202,0.0806035114
36171769701,0.871067372
36179375701,0.9628706680000001
36185866701,0.0019892280599999998
36185866702,0.00143073542
36186370501,0.017848088140000003
36186370502,0.0191020558
36195723703,0.0010979901000000001
36195801301,0.0013990563000000002
36203025201,0.11333546000000001
36208509801,0.907919046
36208633303,0.007036724504
36208897901,0.107785435
36211110402,0.00056280926
36211110403,0.000525746212
36211346601,0.7107355
36212163901,0.0101577528
36212242702,0.00066304616
36212242703,0.0006294178008
36216542102,0.9526702759999999
36223421902,0.0002976776318
36223421903,0.0003348794714
36224167401,0.0632365386
36232245001,0.6313948
36232355002,0.030029903000000004
36232355003,0.014053915240000001
36232355004,0.032361849399999996
36232651002,0.519501666
36232651004,0.234175752
36232773002,0.2335949768
36238452701,0.865754774
36247892101,0.1173826512
36248081501,0.683985366
36248365501,0.02373704076
36254444201,0.40066189999999996
36254444202,0.2498929984
36263133101,0.83915509
36265887103,0.02156170946
36266522904,0.045970366400000004
36266522905,0.0367716016
36270472201,0.798896678
36270988601,0.99530615
36270988603,0.07078841616
36273479503,0.701271724
36273577502,0.32133866600000005
36275381201,0.845683502
36282250301,0.8401340359999999
36282547001,0.00286280502
36282547002,0.0023561333
36283395302,0.1075405998
36294416601,0.0017111262000000002
36294416602,0.25405756999999995
36294440401,0.394038396
36294440402,0.000784660232
36301457701,0.708955732
36302476706,0.1409971606
36308238301,0.885186308
36308617801,0.9705369000000001
36314054702,0.0539032606
36320794101,0.49073817000000003
36320794102,0.63468532
36320794103,0.72658903
36321484301,0.0211514412
36321759401,0.00757304008
36322109602,0.37630970399999997
36323171601,0.8528691780000001
36326755601,0.04557123479999999
36327032201,0.48476685599999997
36327080203,0.00041499874
36337105701,0.00881225322
36337231302,0.2600915002
36337240301,0.937472846
36341472201,0.0135369346
36344758501,0.818847208
36348116302,0.2323612152
36348116303,0.5632592240000001
36348116306,0.6404051660000001
36352747501,0.495661024
36352858301,0.300072596
36360033001,0.0017085999000000002
36360033002,0.001530799472
36361158305,0.02897339108
36371002801,0.481974986
36373876501,0.9710794540000001
36373876502,0.563683496
36379019501,0.9137105099999999
36379071001,0.288401292
36379071002,0.0175035191
36379566801,0.7508930819999999
36379882103,0.0346821716
36380507102,0.542226598
36380507104,0.405775812
36392558001,0.52724828
36393331302,0.032817975348
36397797801,0.787981864
36398418002,0.2692224568
36401811703,0.00048582029380000004
36410692902,0.0015872016119999998
36410775301,0.9919708039999999
36411583601,0.10737602859999999
36413262801,0.8124475199999999
36415342401,0.0009220663199999999
36415342402,0.0112195832
36416385202,0.001132355965
36416490701,0.01899102492
36427960901,0.40834415800000007
36430211801,0.1097728804
36432638403,0.00704881813
36432638404,0.01128693528
36432704501,0.32068376479999994
36435035401,0.229398826
36435264902,0.466907958
36435444301,0.0196568326
36435462401,0.801367928
36454463302,0.03351468936
36454478304,0.626614798
36454523401,0.303388546
36454711201,0.000905599344
36454711202,0.0019680808300000002
36454918901,0.859829296
36462547201,0.719232272
36464290004,0.03742596486
36464600202,0.839733378
36478500901,0.31664229400000005
36478500902,0.48058225
36478500903,0.635130906
36479758401,0.5518457999999999
36479758402,0.0780875566
36487354001,0.0948414648
36487915501,0.20390160480000002
36488054201,0.7653268
36488198001,0.37403552799999995
36494463301,0.76579751
36494463302,0.1021162194
36501436301,0.70029758
36532521703,0.21543706460000003
36532562101,0.8420772639999999
36546786701,0.703034282
36546910701,0.090664072
36555694502,0.0016829184
36566262301,0.8473972
36572172402,7.537755379999999e-05
36572727101,0.1385880432
36573020702,0.49966141000000003
36577423401,0.9114895519999999
36589085601,0.596951314
36589718401,0.854484592
36595339605,0.035204286620000004
36595339606,0.012364088819999999
36599889601,0.064525474
36600046901,0.2234207768
36694633201,0.95688964
36695394901,0.304523204
36695840901,0.00023195751900000002
36695840902,0.0103798964
36705891203,0.0048825502
36713674101,0.000632136028
36713674102,0.0008193858400000001
36713674103,0.00166351366
36713674104,0.001412800212
36713674106,0.002001003586
36721580201,0.48497391200000006
36721931201,0.715874576
36721958701,0.00291237772
36722441201,0.0029190553799999996
36731106001,0.142865237
36737894004,0.1800894224
36747358301,0.820327944
36747663301,0.0010720448000000001
36747663302,0.00291959218
36747812401,0.565389098
36747812402,0.808518014
36748491302,0.0032313358
36757208301,0.702203446
36757282501,0.4416119
36757806102,0.426061818
36766053402,0.001970684892
36767139701,0.22801115379999998
36782403903,0.0228022544
36783273701,0.0518317289
36789557801,0.001524825898
36790475303,0.0240009214
36797561603,0.0015591687940000002
36808504701,0.874701304
36809595301,0.81210258
36847142601,0.187330856
36847142602,0.00755050902
36847142603,0.0047215680400000005
36857403002,0.9131668980000001
36874788203,0.000242690837
36874802403,0.0014042567005999999
36875330301,0.602478816
36876173401,0.0922929798
36885458503,0.057623653399999995
36893059701,0.599059346
36893059702,0.702739408
36893454001,0.663065346
36893454002,0.587347044
36898885202,0.0670396074
36900681701,0.9139882979999999
36910254905,0.03891883502
36922914301,0.6433723779999999
36925302301,0.6459086519999999
36932794701,0.9991606799999999
36934506401,0.9991852680000001
36977912701,0.9125879899999999
36981850803,0.0013224158879999999
36986473801,0.993352698
36996295501,0.8299514200000001
37004042101,0.493743398
37022670202,7.13439466e-05
37024349001,0.19127958
37246364501,0.08793908724
37253040102,0.0071644829399999995
37253040103,0.00718892772
37253486701,0.01442605626
37253772901,0.80602846
37253773301,0.85639574
37258954001,0.921967038
37266297201,0.007354349460000001
37266297202,0.00694775536
37266342501,0.017868577
37267053501,0.49038230600000005
37267063501,0.097615394
37267063502,0.381667054
37267351104,0.23311161399999997
37276861902,0.00977296742
37276896503,9.99816004e-05
37277343501,0.946375952
37284782901,0.9526440060000001
37285035701,0.0278340594
37286911101,0.0244681638
37290811001,0.0020008344899999997
37297899306,0.00057447637
37298707301,0.16164691
37301560401,0.01192241112
37352305102,0.953309172
37359477101,0.701249636
37376857602,0.00257733457
37384385701,0.658540114
37392837401,0.1881270854
37401666004,0.0547626122089
37485899901,0.536325586
37486059001,0.35454747600000003
37491198603,0.362677208
37503656702,0.578428658
37503656703,0.752738994
37505958701,0.9943146519999999
37505958702,0.9942534679999999
37508912402,0.00845367484
37509071701,0.21703191400000002
37522151901,0.49667235600000004
37522191803,0.560980722
37522254905,0.007463274019999999
37522254906,0.0065945720999999995
37522254907,0.01227569956
37522268303,0.010628027160000001
37522308001,0.97681258
37522545301,0.706342008
37522545302,0.944924808
37527395301,0.96932594
37613191501,0.1033527366
37740736902,0.6750233999999999
37775945505,0.127557737
37785944501,0.00192887208
37809361001,0.9942771300000001
37834445701,0.927049126
37855542301,0.987792284
37856305901,0.518546918
37856305902,0.659499566
37866689001,0.0202923248
37866689003,0.0632487702
37874201801,0.85277699
37874634801,0.0966167728
37874634802,0.01582828612
37875221802,0.22798766860000003
37886884902,0.64802948
37923400201,0.579956446
37923400202,0.728237644
37924036001,0.34955795600000006
37926673701,0.001865896
37929030002,0.5254613060000001
37934964301,0.010916282392
37935463503,0.0034275070800000003
37940371801,0.686119032
37940792702,0.0163879251
37940792703,0.0857354152
37941054001,0.725848514
37961831901,0.8268748880000001
37961831903,0.1324367836
37972308601,0.996443906
37980177503,0.0098453589
37980177504,0.0103666022
37980419501,0.312143658
37980635802,0.0001835858626
37985274801,0.841553796
37986534701,0.5362366940000001
37986534702,0.01027516046
37989769601,0.728127454
37990919501,0.3443524164
37997324601,0.0254209358
37997366801,0.00291562662
38000137401,0.795260458
38008474301,0.0491684158
38008474302,0.0523382512
38008474303,0.042073871799999996
38008551702,0.739482426
38017354002,0.00830806956
38021153801,0.8675536019999999
38032669301,0.889944724
38033014202,0.001020342918
38033014204,0.0061229809800000005
38033437201,0.00041210781
38033437202,0.0023806486600000004
38038582102,0.02614346688
38039496401,0.493648046
38041913901,0.0472016746
38042259101,0.785889794
38053978405,0.002516110412
38053978406,0.00256177816
38065667301,0.34987818800000003
38066437101,0.68191742
38071050103,0.029877740659999995
38077004701,0.009287194
38078325201,0.776473868
38086277001,0.0342690982
38087068801,0.978887284
38091027701,0.922406566
38091623502,0.005857424528
38091702701,0.5912152940000001
38097651501,0.0152779768
38099717802,0.05065484419999999
38104850602,0.00220056502
38104850603,0.001537417154
38109183801,0.409957792
38114124601,0.743741416
38123214401,0.10592848120000001
38123214402,0.249569796
38123745204,0.06529195152
38132860101,0.6073514760000001
38133345501,0.0471398958
38135169604,0.00454319963
38144788301,3.69048965e-05
38144788302,2.82473696e-05
38154886602,0.081098759
38154886606,0.07397349794
38155188001,0.644100146
38155985502,0.001373237954
38164772203,0.0034571087
38172444401,0.28319715199999995
38189791701,0.992481032
38190750205,0.011638519266
38190750206,0.010207763928
38191909001,0.940103162
38192119303,0.6050620840000001
38192515602,0.05839256820000001
38194976102,0.468501702
38197796401,0.0676717897
38198711805,0.0016269784660000002
38200958001,0.000445024438
38200958003,0.000275892432
38201108601,0.9636286760000001
38201634801,0.8488233660000001
38202842501,0.92905871
38204309802,0.093063130272
38206916001,0.00496938448
38206916002,0.000969591874
38207297301,0.00067455519
38207297302,0.000774314526
38207502502,0.825088862
38207504501,0.710716012
38214552103,0.00996659208
38214863502,0.41641824940000005
38218954202,0.271422872
38219619302,0.9866441160000001
38219944102,0.063774207
38225200201,0.262179276
38230868402,0.0073570575999999995
38231035801,0.614477678
38231205201,0.000466268172
38231205202,0.00033303152
38231224302,0.7114926699999999
38272885901,0.029127682300000002
38282336802,0.000416697804
38282769901,0.184716802
38291581101,0.991807766
38318130001,0.6980425840000001
38326621001,0.737262038
38326621002,0.2341209648
38350309001,0.016581393583400002
38352567802,0.0096942262
38352567804,0.055112549639999994
38359428206,0.004503085962
38359434101,0.0085481872
38359434102,0.0017769808419999997
38359436001,0.18506943599999998
38359524203,0.001978982352
38371649601,0.000840097586
38372751002,0.8944198199999999
38374689203,0.0026303988
38401591501,0.2533198476
38401824003,0.0006146331886
38402184601,0.45685758600000004
38406533702,0.040242591519999996
38407312201,0.08844766159999999
38407312202,0.033670684480000004
38407462901,0.033784149720000003
38407462902,0.1522563094
38407470502,0.248754448
38414505401,0.151952828
38415584401,0.9357871440000001
38415604302,0.01737966246
38429880802,0.11640768940000001
38434431002,0.00022326417119999999
38438583501,0.80179759
38438596901,0.0948519648
38438622107,0.123995576
38438622108,0.000738984
38438859701,0.250127218
38446538201,0.8173351520000001
38446538202,0.529352194
38446538204,0.631031642
38453643001,0.9806519139999998
38460931201,0.001132226072
38482355601,0.9442664520000001
38482944004,0.01111496644
38710796102,0.161241023
38813192401,0.00768140442
38823584501,0.00209334762
38828704701,0.42204854599999997
38882036303,0.0902570318
38884523303,0.761088496
38895168402,0.000654385272
38907088401,0.679932116
38915972501,0.8288279239999999
38916880801,0.2468179
38928579101,0.04335660148
38928698901,0.00197033326
38936374501,0.2247259268
38936728001,0.1574796648
38938234801,0.02410525634
38943736501,0.566671186
38956470001,0.0828945764
38956548103,0.0070674304399999995
38956733003,0.0004259358848
38957019601,0.0038327544400000003
38957352702,0.763784032
38957603501,0.1486754058
38958027702,0.001508123408
38964397501,0.612395204
38965089503,0.00400553596
38966979601,0.535492684
38966979602,0.1587033996
38967796901,0.0331297856
38967902901,0.01739911304
38968293302,0.01217739484
38968293303,0.0042949595
38968293304,0.004027872808
38968406001,0.102283436
38968406004,0.009729175980000001
38973327501,0.34232011399999995
38973494601,0.859072198
38974765904,0.08056542559999999
39008315901,0.6930431340000001
39013742002,0.00027129624320000004
39014207204,0.000932112142
39014902701,0.00039429317239999997
39015054702,0.8706670940000001
39021550001,0.76495362
39021912601,0.00954681868
39030588101,0.1548572234
39042770302,0.00973402626
39043477701,0.00955709616
39072352903,0.4111568954
39081767501,0.88138699
39081767502,0.0001586963024
39174454004,0.0005525916572
39174526001,0.9069834460000001
39181283901,0.6896190879999999
39188739001,0.006410942959999999
39188798802,0.0207432982
39189425701,0.06184651250579999
39189524202,0.061234855
39190306401,0.9939415480000001
39190306402,0.9802935639999999
39190467002,5.3531423701530796e-08
39194988001,0.999152292
39202492501,0.51723008
39202492502,0.479556978
39202492503,0.48421833799999997
39270667701,0.554964308
39303086901,0.0918576323
39303285301,0.15461619799999998
39308647301,0.9372915300000001
39374762801,0.569252088
39422819607,0.00036795459759999996
39422819608,0.0003675178282
39423379001,0.36769146140000003
39423698105,0.24069425400000002
39424416702,0.42477049000000006
39427900401,0.38730041800000004
39427958702,0.079611107466
39428451701,0.8210076860000001
39428451703,0.719404454
39433218702,4.18001512e-05
39433576002,0.83183429
39434031901,0.9472400240000001
39434190102,0.017072709460000002
39435605006,0.27101495
39435729401,0.89260944
39445526701,0.01176022476
39449001201,0.8963070419999999
39456111901,0.999367174
39456260903,0.002492738082
39456260904,0.002031140506
39456288004,0.0007020025980000001
39459353002,0.0012475359280000001
39459416901,0.402010312
39459426002,0.0538987664
39465795201,0.0142964272
39465797201,0.0221745214
39466088802,0.04915062059999999
39466131401,0.692672638
39470219102,0.0376069552
39471160506,0.002633491196
39471533201,0.342687608
39471614602,0.001241547652
39472987501,0.9948649039999999
39481226301,0.00342912866
39481226302,0.00548978484
39483187602,0.23107612299999997
39491277004,0.431694146
39491558303,0.71429209
39497269002,0.01199663476
39501170604,0.9922509039999999
39506494702,0.180728414
39506618601,0.492836228
39551584601,0.99688399
39551599201,0.0315965762
39551599202,0.004529243739999999
39574267601,0.0856793268
39574626502,0.00036999576
39585561207,0.08972113940000001
39585705301,0.395284294
39603767901,0.9154614320000001
39610664101,0.9896428180000001
39613960703,0.0939411768
39614288801,0.3840662254
39617007601,0.40153370199999994
39621349201,0.019954378959999998
39621753701,0.00580651594
39624496701,0.77240514
39624770001,0.11494016200000001
39624770002,0.1218667862
39625543705,0.16386014
39636522602,0.0045780365
39642179302,0.0863287332
39646733002,0.031400518599999996
39653739902,0.001791878808
39653945901,0.8245776340000001
39654389101,0.9485271839999999
39664803601,0.186499528
39672022301,0.642272326
39690392701,0.583399756
39690460304,0.0107380236
39690628101,0.689911682
39690779201,0.9598406
39703122703,0.001882066034
39703232401,0.814905652
39704082303,0.0053239959519999994
39710897801,0.9427712079999999
39713731901,0.175010216
39716216201,0.394060634
39716261101,0.8669952519999999
39771048501,0.74006325
39781653902,0.00240186034
39790433502,0.01308849406
40151315403,0.006505933628
40156111901,0.8178605859999999
40156772201,0.875912432
40157397301,0.485383782
40160576206,0.0513482047284
40160692302,0.0075590484200000006
40160803902,0.513441224
40167060701,0.00439949062
40167609403,0.0303237092
40167800701,0.99184632
40172697304,0.0056667417126
40177037001,0.7612479480000001
40179595201,0.8230173900000001
40182156702,0.30869754
40183362602,0.238762486
40185908804,0.01312239496
40185908805,0.01147729378
40185908806,0.01130208792
40191380301,0.990934784
40191435702,0.571042698
40191608001,0.1459652028
40198062401,0.999823682
40198264101,0.2357434766
40203032802,0.526591602
40208591104,0.010848462100000001
40208591105,0.01897132608
40211128901,0.9602303299999999
40232963101,0.0291290698
40245420401,0.1352262184
40245490901,0.372603444
40245695801,0.151833244
40245713701,0.366525592
40246341803,0.01121135574
40246930501,0.20059923
40247471401,0.51395802
40247729204,0.10885836680000001
40251280703,0.0387936553
40251355701,0.53404105
40251355702,0.4627057
40252725401,0.8694073059999999
40258614101,0.333255134
40258614102,0.012960081140000001
40258624001,0.0455195338
40262134301,0.951576474
40262523401,0.38408403599999996
40264677607,4.21152649546e-05
40264910601,0.18834452640000002
40265106901,0.5012776
40267559901,0.0023168026
40270895301,0.86923073
40271028001,0.980321966
40271155502,0.8325600080000001
40271275802,0.000588377782
40271275803,0.00593734338
40271275804,0.00255560726
40274558804,0.340850534
40275905302,0.511577864
40278607005,0.0704365586
40279311704,0.23238265
40279502301,0.7237220320000001
40280028803,0.3066446526
40280028804,0.187702762
40283749502,2.65202839e-05
40284010606,0.05863576306
40284375204,0.014850376847999999
40284583801,0.0681130702
40285466203,0.0036990707
40288513001,0.8087766779999999
40292001201,0.0106271459
40297013001,0.00139375672
40297079601,0.9172008439999999
40297297201,0.151844008
40301654403,0.03393426028
40301901402,0.11074701
40302986402,0.2373710408
40304471502,0.612549634
40304471503,0.5061373920000001
40307506702,0.9890909179999999
40308377501,0.00099842839
40312524701,0.640654912
40313150604,0.07395925
40322650502,0.0414634438
40322738202,0.0644974224
40332051801,0.005425415732
40332051802,0.07042709700000001
40332088805,0.0031560808760000003
40336436001,0.9574485599999999
40336671602,0.006386214060000001
40336674402,0.132539638
40336742001,0.00885782884
40351167001,0.532320024
40356794903,0.01095552104
40356857801,0.782711914
40424173901,0.498427276
40434450701,0.0026922270976
40437995307,0.0010519039719999999
40441563501,0.6675659279999999
40443166301,0.80862249
40451664502,0.1142453991900916
40477056201,0.511725066
40477658205,0.6701803199999999
40477792202,0.08791795179999999
40479715101,0.800555568
40479715103,0.2518557612
40479778401,0.115989072
40483253101,0.2069637836
40484930201,0.0194171728
40492766102,0.0871273952
40493349302,0.9782258540000001
40493394702,0.402749148
40496996901,0.2536903478
40512956003,0.8214254320000001
40512956004,0.6781637180000001
40536444701,0.881019816
40536509601,0.5777332279999999
40536534002,0.0029452816399999997
40586283001,0.9760892800000001
40586608902,0.7942155399999999
40593091501,0.655090942
40677452001,0.0007235419440000001
40677452002,0.000567616936
40677811702,7.2687578e-05
40678033801,0.0482864488
40678033802,0.364193534
40686161801,0.13371298120000003
40687225301,0.6198397339999999
40687225302,0.1856481648
40687484203,0.11693244700000001
40687484204,0.411262108
40694161201,0.99963263
40694554701,0.9546016319999999
40697674601,0.996965516
40704486902,0.346422884
40704635703,0.001678609654
40706490202,0.0019756149
40706644901,0.29052646400000004
40706644902,0.2783209214
40706926502,0.49415391399999997
40708997303,0.0006246077874000001
40708997304,0.00066474016
40708999001,0.40873114
40712640801,0.9996329879999999
40714593901,0.066697056088
40714672301,0.250308008
40714672302,0.015177107786000002
40714772701,0.0183846684
40714772702,0.00269922294
40716436803,0.21381369879999998
40716550905,0.0013557223999999999
40722536701,0.0018109342
40726459701,0.00045386563616
40766296101,0.035132238586
40766364101,0.06521292279999999
40777226104,0.521872642
40782391702,0.1042708994
40788235401,0.185783932
40792533602,0.010176130240000001
40886781001,0.0838086498
40886781002,0.557027462
40886781003,0.148499286
40924801304,0.35843012399999996
40933455502,0.87282566
40933621502,0.032120994
40933862402,0.042411246
40951882603,0.009769436028000001
40951882604,0.0257239919
40955715801,0.620862892
40959237601,0.982243092
40964103101,0.020195217199999997
40964252401,0.41703886200000007
40964996801,0.268124324
40970267001,0.194738993
40993433001,0.9941542120000001
41022754501,0.183973683
41025404901,0.6954423679999999
41027154005,1.48300704067646e-06
41027154006,0.12540735006
41033956303,0.005565661934
41034069502,0.1464071292
41035498001,0.1586217946
41035498005,0.722881492
41036747405,0.88662343
41037198403,0.8466147559999999
41037253601,0.509363126
41037295001,0.23816016600000003
41038901401,0.655324974
41039709901,0.60232726
41039932703,0.996920096
41040227203,0.0435402831388
41183119203,0.0463280182
41197709402,0.603177156
41207084802,0.200572582
41214384201,0.9905834520000001
41215149801,0.1415127712
41215312802,0.027161598380000002
41220923901,0.1694426028
41221501301,0.993992338
41221648601,0.318976178
41246968102,0.010184128732
41247121201,0.9973619420000001
41252873901,0.222660882
41252873902,0.44114441400000004
41265496701,0.38555812
41266024401,0.00934211706
41266024402,0.00466507378
41272654501,0.9310016000000001
41272657702,0.31055866
41276125603,0.001287389166
41282055802,0.01692378882
41282204902,2.8319184999999997e-05
41829735101,0.530553136
41838209901,0.00414572548
41838748701,0.8835136020000001
41846057901,0.9718732720000001
41846101303,0.261326692
41857611902,0.03388793808
41858092502,0.210415397
41858172601,0.0451405332
41858172602,0.023240952000000002
41861387703,0.001335895118
41861873001,0.34786922800000003
41861901801,0.8254415780000001
41861901802,0.42513469
41865533301,0.0936369748
41871749402,0.0037203475200000002
41871749403,0.005469918806
41871749404,0.010027604548
41872149801,0.0176981194
41873617801,0.8387451739999999
42035080401,0.40098199799999995
42042653101,0.893964384
42043377102,0.0003277746428
42043742001,0.511310642
42049042902,0.1207360821
42056041503,0.00014891001239999998
42069904001,0.560838296
42069908301,0.0399648487
42076165201,0.7539496960000001
42077426501,0.0695671436
42090326402,0.08449683059999999
42090366802,0.001818731032
42090366803,0.00247592052
42097126803,0.3050090324
42097126805,0.2852563652
42097878801,0.991875526
42106323301,0.533434546
42106552502,0.006016577100000001
42110746303,0.369759038
42110920401,0.173451774
42116363101,0.0450464604
42116363102,0.26128877
42116736602,0.812717528
42116736603,0.7864049719999999
42121534102,0.0968500242
42121569001,0.6296721059999999
42122982202,0.79758522
42126079703,0.1509828932
42128537201,0.0653624042
42128750301,0.9839740960000001
42128750303,0.92772954
42213910801,0.0237554182
42239316904,0.005728564340000001
42248853201,0.90654225
42248973901,0.00528110166
42249840101,0.0086185811
42270231501,0.9054831959999999
42270489201,0.94576545
42302184705,0.993115066
42305589402,0.507848394
42305682402,0.003555138452
42326404002,0.814820392
42326506602,0.26606818
42335177004,0.21536105600000002
42335405201,0.9727412980000001
42341997102,0.0303764244
42376889604,0.001374362586
42399150903,0.0005636650099999999
42406383901,0.013289488499999998
42406383902,0.8264375899999999
42413015301,0.07365274000000001
42413137802,0.05827148280000001
42413137803,0.0183130865
42433038303,0.00437791318
42433038306,0.001453570192
42433553309,0.002046315552
42433757602,0.601700478
42433757603,0.691048314
42436524101,0.533421754
42436524102,0.04364130794
42441417101,0.2247106204
42462205601,0.176026806
42462384803,0.6387296
42466817601,0.2143462692
42466890201,0.9206455720000001
42471677202,0.1648179308
42489936001,0.1843266056
42495087801,0.96535251
42496104501,0.0018356891719999997
42496104502,0.9698162079999999
42499682601,0.715455956
42508321602,0.8780612
42508326401,0.12664884839999999
42508326402,0.23650020200000005
42508326801,0.624079284
42508330901,0.80368414
42508330902,0.919468496
42508330903,0.6719258
42508470201,0.1782843328
42563899203,0.104456162
42564154001,0.9928593219999999
42564191201,0.11692898999999998
42565755604,0.02377189302
42569676401,0.008342368059999999
42585230101,0.3243848772
42585616203,0.000163137318506
42585719901,0.0018399902799999999
42585780401,0.013085860799999998
42592453401,0.880046442
42592772601,0.882159454
42592772602,0.932725904
42594119402,0.7699576699999999
42594491701,0.578720962
42600631901,0.983358048
42601126401,0.823950298
42602113302,0.0013262582419999998
42602213101,0.682320284
42602343001,0.8402717340000001
42602578401,0.74241928
42602673205,0.19813746000000002
42603247501,0.9914624780000001
42603247502,0.947608886
42606995801,0.017274903668
42607358101,0.9074580000000001
42607708001,0.8400009239999999
42608031001,0.0026362708000000003
42608031002,0.004377629086
42613004701,0.546753672
42613004702,0.93098405
42613416201,0.0071807237
42613416202,0.00725898108
42613426703,0.049011212000000005
42615621101,0.7925450439999999
42619478302,2.7704729740000002e-05
42619871701,0.755274016
42620625801,0.298437472
42620662801,0.34176430199999996
42620731901,0.486559146
42620761301,0.774332404
42622734401,0.83755052
42623123201,0.8120084320000001
42623198601,0.2591666996
42623225604,0.0010170232896000002
42626468401,0.0015944142600000002
42627663706,0.242955862
42628194901,0.181615782
42632054701,0.23345894
42632652201,0.94294644
42632664302,0.0672004364
42632664303,0.010853077519999999
42636372802,0.0405886696
42640598101,0.465190808
42640639401,0.319386226
42641101301,0.404277658
42642237201,0.44687812000000005
42642237202,0.264104498
42642293306,0.162234952
42642717601,0.892869898
42645301701,0.00807877912
42646326401,0.041823365
42647544001,0.2915634952
42648821601,0.1421001964
42649244801,0.50613481
42649722501,0.00819476214
42649722502,0.01166725206
42653178903,0.10965388520000001
42653363502,0.37551038999999997
42654068402,0.0207476464
42654118001,0.280687372
42654118002,0.027731563787999996
42660995204,0.01914622556
42670732703,0.0004468283806
42670942501,0.19172893659999998
42670942502,0.1308569304
42674755901,0.09946672
42683417301,0.96259406
42683873303,0.003774422854
42683873304,0.004176473336
42684080001,0.9303791199999999
42687311001,0.8036522399999999
42687525301,0.197590762
42687740001,0.9963174840000001
42687740002,0.774434772
42689967402,6.245528580000001e-05
42690423602,0.6397751300000001
42690639601,0.819669558
42696816603,0.12314248152
42697573101,0.433914304
42697586601,0.480008604
42701106003,0.0700826936
42701366501,0.20869094800000001
42701848601,0.824759946
42703117101,0.8721598759999999
42765949101,0.5839723
42766776601,0.1761155188
42766776602,0.17367201319999997
42766777601,0.8482939
42766777604,0.771981086
42908277401,0.988184672
42908330202,0.001116331754
42953053801,0.0030705115
43046925501,0.5902171839999999
43069330902,0.00574048916
43069330903,0.00766686084
43070245002,0.1732841286
43090883701,0.8430138660000001
43091773401,0.00181051588
43091800701,0.090260225
43109523702,0.67340725
43110001502,0.0719263802
43110033204,0.00405912472
43138027802,0.1633015928
43138031501,0.380115278
43586902102,0.03462317968
44418909901,0.9960488379999999
44419720801,0.63629778
44426887501,0.323933754
44426912601,0.8891591479999998
44426912602,0.00986742018
44429859801,0.0469858293
44429859802,0.00408268608
44442919301,0.027245377799999998
44447867501,0.00793764514
44447867502,0.0669157328
44447867503,0.000600819745
44448478801,0.8391469879999999
44460887002,0.060451275000000006
44470145001,0.00028909929799999997
44470145002,0.00035637224
44470229601,0.4437448460000001
44478951701,0.0368378214
44487724601,0.709794926
44488599901,0.0818042232
44492663502,0.02038933606
44500842301,0.0218617334
44500842303,0.00760861982
44521244701,0.656747796
44652214201,0.1264220632
44652311001,0.851186248
44652311002,0.1393509193
44654990501,0.984791946
44654990503,0.12251651234000001
44667821001,0.025005850000000003
44667821002,0.00355949022
44670309101,0.014307652979999998
44670707001,0.41377051400000003
44670707002,0.274422154
44687160101,0.9097072799999999
44687238601,0.160509108
44687238602,0.11198767966
44688127201,0.9213548380000001
44688628001,0.934022806
44688638401,0.077004936
44688638402,0.1668211818
44689810302,0.41359255399999995
44690139001,0.78637442
44690469801,0.56084492
44693121503,0.0008113543100000001
44694034304,0.1288944992
44695132901,0.611963222
44696551402,0.0001154487336
44697163401,0.37935167999999997
44697763001,0.037637343399999995
44698367501,0.0014184238
44700446001,0.0970998766
44700938001,0.7262343299999999
44700938002,0.0081819593
44700938003,0.205259076
44701434901,0.9652594860000001
44701554601,0.7234255940000001
44701554602,0.8930887479999999
44702119503,0.17757459820000002
44702553803,0.025530551800000002
44702621101,0.514850152
44702652802,0.6621670099999999
44703836302,0.36680366200000003
44704224301,0.724099454
44704498803,0.0366159246
44707555104,0.02307280276
44708263601,0.00205376754
44708803401,0.986267954
44709216403,0.24530132
44709274601,0.870219286
44709430003,0.0185872423
44709488305,0.830352658
44709816702,0.026432374959999998
44709820401,0.9837343799999999
44710734905,0.569460834
44711543501,0.590846608
44711543504,0.0012287047716
44712681908,0.091413567
44713258101,0.723207562
44713553504,0.0017291530408
44715555001,0.8645325079999999
44717549601,0.915466046
44717549602,0.73950046
44718654702,0.06348120580000001
44718897901,0.0327651996
44718897902,0.015481135200000001
44719328701,0.017854649
44719449903,0.001835764278
44719717002,0.1601258596
44719717005,0.5504695359999999
44722257801,0.387094744
44723020901,0.841577534
44723094501,0.33106821599999997
44723132704,0.000563931302
44726048801,0.9690351100000001
44726323304,0.477153676
44726765301,0.750827296
44729155601,4.7561716e-05
44729155602,5.8930314599999995e-05
44729973001,0.181813264
44732810101,0.1324889236
44733814101,0.0014921669799999998
44733814102,0.00466712576
44735038102,0.006570700327999999
44741999901,0.983293446
44742020601,0.961306452
44742396207,0.0011337262300000002
44743060901,0.8921361680000001
44745141201,0.22739340000000002
44748816602,0.000847800674
44750939001,0.263012578
44751113401,0.906516362
44753946801,0.9928128940000001
44753980703,0.0403512084
44754436203,0.001447207492
44754436204,0.001329955552
44754492301,0.019309707000000002
44754492302,0.00418845428
44755787501,0.193209576
44757552104,0.2359944574
44758338102,0.057280042600000004
44763165502,0.35665843599999997
44764986406,0.005458896674
44769727501,0.67147166
44770632701,0.204446848
44772555402,0.0371370752
44776342402,0.687387302
44776342403,0.631299324
45143902603,0.0084257322
45144079601,0.474876366
45144079602,0.5570203680000001
45144079603,0.32800225
45146621203,0.000448528218
45149328902,0.0110232888
45149787407,0.0860665626
45156410103,0.5661772588
45159641501,0.963080596
45159641503,0.00039749454668
45159952801,0.558282972
45159952802,0.788286976
45160697001,0.998139066
45238853802,0.001361701756
45238853803,0.0015134650247999998
45240743103,0.1411893082
45241706301,0.010266296291999998
45241706303,0.24138290600000004
45241984301,0.67720011
45241984302,0.207904344
45243899103,0.4049578120610134
45243899105,0.04589041368
45246516203,0.780234246
45248174503,0.02228033342
45248174504,0.023476564100000003
45251672904,0.049155635668000006
45251797604,6.463410852e-05
45252161101,0.00044772928000000003
45252161102,0.00027510214199999997
45253029406,0.005510069176
45253364001,0.0020325925200000003
45263116103,0.04164260442
45263126802,0.29621343106
45266583701,0.1049666812
45266583702,0.28501768
45268263605,0.00010963915014
45307990401,0.17195336
45308239401,0.0006699447299999999
45309524703,0.173355882
45310065801,0.872049892
45325995104,0.00039968060999999997
45326020901,0.99475114
45328891907,0.004530579792
45328891908,0.0099903977
45328952901,0.785118206
45425777804,0.007110940952
45436597101,0.55026229
45461038201,0.48280185600000003
45485803202,0.630424642
45491988701,0.8898693999999999
45496183505,0.02574663054
45496183506,0.0224170936
45651998702,7.218318398e-06
45653678201,0.21106084200000003
45654083401,0.00682083124
45658861001,0.0015270721
45659278901,0.534559546
45659318702,0.337562268
45659345501,0.9382464519999999
45659366401,0.352939354
45660992902,0.0019700231799999997
45661078401,0.666440558
45662158601,0.47952291999999996
45662172001,0.467360898
45804844402,0.00686245384
45805764701,0.8859282260000001
45809116902,6.82910148e-05
45809366901,0.10209202960000001
45812493801,0.0090875552
45812493802,0.00783311558
45827563301,0.0027470000000000003
45827563302,0.00476889082
45829078201,0.9934987
46312062701,0.0017701976519999998
46312063801,0.220191362
46313466001,0.359432102
46316435801,0.0784466174
46316622601,0.00603012078
46316729001,0.9923534440000001
46317022401,0.944944334
46317022402,0.9946412880000001
46321687201,0.000853521996
46322506701,0.3171248388
46322712001,0.7906566359999999
46322712002,0.00946211968
46325234001,0.0573471098
46328355901,0.0738725606
46328355902,0.025920855399999998
46339396705,0.2286603688
46345068701,0.521567474
46345711601,0.373037848
46345711603,0.4471814
46345711604,0.45769846599999997
46346554101,0.994712968
46352792201,0.9719381840000001
46352792202,0.36838262
46353550101,0.0353694906
46353843201,0.962391506
46356805201,0.19372354600000002
46359550501,0.415687186
46373260502,0.8903410279999999
46373446901,0.7002746440000001
46374251601,0.9406538
46377008201,0.603440596
46380770701,0.152878724
46383669101,0.358035102
46383933501,0.9493546540000001
46388414201,0.8835103719999999
46388423001,0.622092076
46392854301,0.9012066300000001
46393241101,0.895546706
46396409001,0.523289836
46397544501,0.51067372
46404093701,0.99441052
46404796401,0.953105044
46418100801,0.33106205600000005
46427637101,0.55436096
46427784301,0.64859702
46440584002,0.000210421878
46440790602,0.0808255816
46441560101,0.559937498
46442017001,0.979359938
46454776502,0.20030326399999998
46455428302,0.978764578
46455428303,0.6953729080000001
46458300202,0.000358882644
46458427402,0.0731844504
46458500501,0.85866982
46458854002,0.00413921891
46458989601,0.1565100028
46464121201,0.851312236
46499158703,0.69301094
46502411801,0.0076764207000000004
46535453601,0.40725054600000005
46539308501,0.9838530600000001
46543439101,0.8022836740000001
46544621801,0.720901924
46548765001,0.594784016
46552476903,0.079476337
46557304501,0.30512555680000003
46561682601,0.01046585722
46563493603,0.09428089939999999
46564641301,0.99583079
46571187001,0.867931768
46571321001,0.7904530839999999
46571717301,0.701589276
46609661105,0.00058156906
46610192702,0.594399832
46616294301,0.000177042617
46616302301,0.896676774
46668164802,0.950067954
46668903301,0.0363117103
46790259802,0.4126974179999999
46790437704,0.271583402
46793405201,0.6939336
46815069102,0.603169546
46815489501,0.31520603880000003
46817615002,0.00690626112
46817819301,0.00214309748
46817859902,0.0052835480800000004
46817970501,0.1825756704
46818816101,0.38189160099999997
46821607901,0.005756220140000001
46821607904,0.024776094460000002
46904638701,0.544029388
46910098202,0.870831828
46915009001,0.3424663312
46923312302,0.9241943420000001
46926071001,0.243111152
46926071002,0.47447285619999996
46926566701,0.524917776
46936026401,0.036031644200000004
46940092701,0.0170931524
46940092702,0.0011386140999999998
46940662901,0.1718413544
46944721201,0.88097976
46945129701,0.129828853
46945359502,0.47738378
46945511101,0.7679598860000001
46947713801,0.9927438760000001
46950693501,0.0176586818
46955444501,0.790726108
46962027101,0.15421461600000003
46962027102,0.0316219692
46962869701,0.910996574
46965740001,0.0648569254
46965740002,0.007742294612
46966750801,0.936486468
46969286201,0.10266868200000001
46969286202,0.006553611200000001
46969286203,0.00340647954
46981066301,0.934121798
46981066302,0.8810943979999999
46981179205,0.000461706502
46981268101,0.8198649100000001
46987211805,0.005991724459999999
46987681901,0.00568363296
47009736801,0.893055936
47010240101,0.16020600000000002
47014731301,0.8255745879999999
47018266201,0.001277605084
47018266202,0.0007150903779999999
47018874504,0.018966761399999997
47022060603,0.0021646241579999998
47022060604,0.000958392084
47029179501,0.834614792
47029179502,0.966012828
47030342001,0.594587558
47032669801,0.919598568
47033668003,0.310095612
51662701404,0.000501134032
51885366801,0.0030563525200000006
52010082501,0.559420246
52202662202,0.041273073800000004
65026564501,0.99814624
65026564502,0.971109574
67504743810,0.407468936
67504743812,0.311537011
67791582702,0.20038037599999997
68346032003,0.001299471022681
68495592002,0.0022178346200000002
72413093403,0.00012118591085600003
72569488401,0.206253458
73227529802,0.940328098
73450558101,0.9963789200000001
73450558601,0.9842217
73548785901,0.968448116
73587245602,0.00060027146
73742523802,0.01183407376
73748696402,0.44483073200000006
76661994103,0.00025921627917999997
76723579601,0.18071983600000002
80510082205,0.0062128828080000005
80586147301,0.0007252421380000001
84278066801,0.9769896680000001
90392977207,0.008885756960000001
100476507001,0.0059119313868
110410011101,0.295981626
110410011102,0.01588583608
110477688701,0.00225784972
110677071902,0.997467644
110861508102,0.00038951993399999996
110981975701,0.033875083
110986944601,0.726490348
110986946101,0.78664463
120574527203,0.001160418442
120997343501,0.5379694340000001
120997343502,0.0099970626
120997348501,0.504875066
120997348502,0.01021108942
121059797201,0.055915498200000004
121339554501,0.71698802
121639492401,0.9034804600000002
121900635301,0.9768801039999999
122146990202,0.07699361
122425565905,0.672051418
122455164903,0.041749457000000004
122455164904,0.45460661199999997
123252203301,0.025826757972000004
123438404601,0.9939659759999999
123438702601,0.9919426680000001
123481032401,0.9977409939999999
123697841106,0.002833827336
131208749307,0.00183960008
131400428901,0.704189716
132249398101,0.000766602664
132249398102,0.0008030369779999999
132249398104,0.0011421999320000002
132249403601,0.0007508039319999999
132249403602,0.000779135034
132590012601,0.714517386
132631597301,0.34045148799999997
133157972501,0.0385896386
133157972502,0.736285466
133160550401,0.00451020102
133194648601,5.663918499999999e-05
133194648602,0.00011386104000000002
133194648603,0.00019225982199999999
133194648604,0.0006474701439999999
133194648605,0.0003048668888
133197258801,0.963964568
133532313901,0.706577258
133532313902,0.030680706800000002
133585607901,0.0598601422
133780551201,0.714394832
133780551202,0.084214594
133780552301,0.661301786
133780552302,0.049942506799999994
134135128901,0.48891466
134344670907,0.02449550926
134688048801,0.954853974
134694259001,0.754772014
135268414601,6.116253580000001e-05
135350083301,0.662091486
135440442404,0.0008307724657999999
140596584402,0.323606862
140599763501,0.96290136
141921455701,0.000381727204
142284626901,0.000815227358
142302019405,0.903528344
142346260801,0.99540867
142346260802,0.02395210506
142395665402,0.401113534
151008818501,0.84670404
151183433907,0.0010270078732
151325824001,0.79180064
151391111402,0.0013535891900000002
151535546601,0.9965526499999999
151838430102,0.0019301798700000002
152922571201,0.9872649320000001
152922576201,0.9817986839999999
152997674502,6.67481178e-05
153367841801,0.54412238
153367842601,0.512348594
154654972401,0.58356208
154666784102,0.007599506140000001
154720174701,0.98004353
154731732101,0.00212790408
154731732102,0.08787292919999999
155309950301,0.014112855599999998
155614233407,0.000529736232
156720533204,0.1381018005
168830672607,0.005674018366
169108044701,0.012812323508
169142746501,0.000949709848
169142746502,0.000287381808
169142747301,0.000730795712
169142747302,0.000254950832
169196215901,0.1647214032
169317488301,0.743573058
169322625201,0.44149875400000005
169704564901,0.0017875520200000001
169704566001,0.000982186688
169704566002,0.1154963636
169707298701,0.929118072
169868536603,0.48798152650000004
170129211101,0.43624646
170129211501,0.428440524
170244231301,0.00028809426
170244231302,0.0026943833
170342329301,0.978556476
170630724702,0.768084314
181587036301,0.20899937
192238422901,0.75310523
