astro_id,planet_score
146686601,0.90468144
146686602,0.5349511
187132401,0.0070393016
187599501,0.87990606
274305901,0.93228984
317876001,0.06135233
317889001,0.019022774
359579601,0.20570281
359698601,0.85981
360669601,0.9108003
402988901,0.96813095
403061701,0.0025938703
403061702,0.0011623485
446702702,0.04280424
447174701,0.20519948
447673901,0.05511609
487162902,0.9123217
487657001,0.7040013
488161201,0.98688924
533697002,0.9868009
575113501,0.02532697
575113503,0.079374835
575563601,0.4418723
575563602,0.8586221
575563603,0.8866826
619318901,0.935811
619318902,0.8398792
635590404,0.006657127
639837301,0.49609646
703862601,0.87612176
704333601,0.010790823
704818901,0.30034617
704818902,0.92612505
748441901,0.48650703
748446301,0.22759719
791546903,0.12039261
791560602,0.19073309
880121802,0.927074
924306901,0.9301447
924772802,0.00019110553
925236802,0.9948161
967723901,0.0052632936
967723902,0.008621202
967723903,0.02405796
968788801,0.9756447
968788802,0.9020641
969292101,0.9147549
1009597401,0.024189357
1052573004,0.00012666678
1053441301,0.04231425
1139437301,0.432046
1139923501,0.97887075
1139923502,0.97985965
1185668201,0.9552921
1317343201,0.32989967
1317833901,0.007506811
1358861002,0.82379174
1358887203,0.022131417
1359346304,0.010473132
1359459601,0.671243
1359459603,0.9302123
1404892901,0.72061276
1404892902,0.92972475
1405725501,0.27868414
1405740801,0.015359467
1446659202,0.6926588
1447062701,0.51263213
1447567501,0.012195919
1532995001,0.6546897
1533976301,0.018553643
1534462401,0.8531353
1564162001,0.89299446
1564731001,0.37060112
1580072901,0.9791574
1612399801,0.41987434
1612399802,0.6652828
1623657601,0.30227607
1635457001,0.23111162
1636086003,0.0012995668
1643676902,0.28200027
1658550801,0.92433155
1666082901,0.24745974
1666604501,0.91111577
1711477001,0.9869659
1752487701,0.27262896
1753382302,0.15777393
1797236302,0.24585406
1797258201,0.03701497
1798232703,0.07561275
1798271601,0.7562174
1882728601,0.9727799
1927452702,0.0013354338
1927473304,0.7924625
2062751702,0.0050633275
2062751703,0.001001291
2062751704,0.0011517855
2104670801,0.56714964
2126191108,0.0368973
2126207403,0.05423708
2135589701,0.99692047
2147845102,0.76798385
2169987801,0.0037903108
2169987802,0.0034721477
2169987803,0.000967995
2169987804,0.0012372772
2199901102,0.0010669415
2208947308,0.00010719343
2219374701,0.013693375
2219719008,6.54904e-05
2229403703,8.4744925e-06
2230620701,0.0092157265
2236170001,0.74917907
2236170603,0.009156786
2240212202,0.170396
2240340401,0.5836969
2240340402,0.58786017
2248758202,0.5762838
2249717702,0.0027790854
2257561501,0.17631535
2269306501,0.98685974
2278714003,0.5517248
2278733401,0.0035133658
2282054001,0.0017809875
2282582301,0.0034454945
2283563801,0.9712371
2288145801,0.05253323
2297574702,0.47607255
2298235402,0.0058720936
2299118901,0.008078066
2321110901,0.83848774
2325702201,0.6979149
2331537803,0.00010628191
2331839901,0.38309878
2340085901,0.025540745
2340186605,0.07245753
2349099503,0.18831523
2349156501,0.022308458
2349163301,0.0008837748
2349337001,0.97104555
2369119608,0.0039076977
2381892403,5.7171343e-05
2381892404,5.395232e-05
2382288001,0.02942156
2382633101,0.74227124
2382633102,0.050782163
2413763403,0.01599751
2414654901,0.9557929
2431354801,0.2559068
2431354802,0.47203523
2431354803,0.2950668
2431486803,0.00020424936
2431486804,0.00012698499
2431674302,0.7415394
2431698501,0.29191944
2431698502,0.06279938
2440905701,0.67310655
2456122501,0.0071022282
2456122502,0.16127354
2469352804,0.00022619854
2498578301,0.6204036
2506398602,0.37189
2506399902,4.7592053e-05
2511727304,0.001583571
2515483101,0.00054535083
2515483102,0.00049217045
2519562303,0.004130617
2543370304,0.2227352
2558658502,0.00023859889
2559088601,0.06015315
2559088602,0.20436208
2559934101,0.9241761
2560054501,0.77095264
2572286603,6.626279e-05
2573502001,0.9011247
2585953003,0.96686226
2587869801,0.40118796
2598839001,0.40308806
2629696301,0.07315551
2630201102,0.0150752235
2633388402,0.0047801733
2668310702,1.720017e-05
2670173501,0.9319749
2670932602,0.031807333
2670998901,0.30012283
2711759301,0.98305905
2712677601,0.0007057629
2712677602,0.0007087433
2755211904,1.0382937e-05
2755686901,0.99036026
2755720001,0.0008447864
2755720002,0.00064944586
2795010701,0.00048126891
2795010702,0.0003658626
2813740001,0.025320996
2813962203,0.00097286823
2813962204,0.001453148
2845569801,0.9866107
2846479102,0.49706855
2850953202,0.06780467
2852637903,0.21945785
2860940301,0.96841997
2860940302,0.052511387
2884064201,0.009267846
2884064202,0.542753
2885271803,0.561752
2885606601,0.111992314
2898001102,0.0030501029
2931001401,0.004107857
2973159301,0.6985645
2973919907,0.0016967041
2978129201,0.720571
2978129202,0.99815935
2982926503,0.005366292
2983350401,0.0547994
2983448601,0.042205364
2998401401,0.89633036
2998413101,0.4368042
2998413102,0.272591
2998680801,0.93543315
3003143901,0.2882531
3014114101,0.8877005
3014130801,0.03853426
3014155401,0.35075793
3014626201,0.9649033
3014666201,0.0019001905
3018949201,0.01928253
3018949202,0.006107466
3019337302,0.13999474
3026816802,0.936765
3031174902,0.8834305
3031368202,0.0062195496
3031428201,0.71857697
3046805201,0.6875001
3046945402,0.0009392344
3053489302,0.39213714
3055760803,0.003841568
3058004502,0.33984715
3058007201,0.89405304
3063992801,0.2763758
3071881101,0.27139363
3071881103,0.02337156
3071881104,0.070432134
3102001301,0.6935945
3103558401,0.9949799
3103575802,0.59635943
3110540201,0.5462496
3110540202,0.36921194
3110603901,0.7222294
3111950501,0.006240901
3119795201,0.8466398
3120236902,2.0463474e-05
3132119001,0.9735347
3132142001,0.80468965
3133342702,0.028684726
3140936101,0.014614814
3141154101,0.0
3141154102,0.95736027
3142064902,0.06931369
3157252801,0.432211
3167063202,0.5221992
3175297102,0.00085659395
3176004601,0.9567068
3179612006,0.17204466
3179929603,0.09427348
3179929604,0.47160816
3185258505,0.000119058015
3185298001,0.9984882
3185298002,0.9976331
3187201101,0.14685194
3194381902,0.920981
3194575303,1.0022736e-05
3203463001,0.7164504
3203463003,0.74214345
3213709901,0.0012157533
3222460802,0.023476796
3231889301,0.49031112
3232159104,0.0005699396
3232441901,0.9886342
3234812501,0.012166077
3245705601,0.06646166
3246227701,0.6094443
3256908001,0.012536833
3268340304,0.013933302
3268340307,0.5921049
3269099802,0.0018740336
3269552901,0.018359791
3269552902,0.9022137
3269953802,0.00081021234
3276522401,0.51472074
3276533002,0.020340009
3276533004,0.5589138
3280637501,0.72020245
3280637502,0.18729119
3307649701,0.38152936
3318030301,0.25934905
3318466001,0.9092512
3318512401,0.055392016
3334199001,0.98909026
3335085001,0.00135574
3335085002,0.17408319
3353118201,0.95753455
3362798301,0.9705833
3363285304,0.13039872
3364330102,0.0005901752
3370676108,0.0061845714
3371460301,0.7113459
3373201704,0.0002921792
3377092703,0.037704464
3383635903,0.10652985
3384068301,0.9833581
3390475201,0.78988737
3390701001,0.9231178
3391691903,4.8265392e-05
3392745901,0.9561536
3393136902,0.00080562296
3393383702,0.1834038
3399912401,0.1729167
3400905505,0.19683085
3411844501,0.86822474
3417332101,0.026895192
3417332102,0.003262109
3424745501,0.0317357
3434489003,0.0018825341
3434489004,0.0010711655
3434489005,0.9553825
3434667601,0.06180731
3441905501,0.013401247
3441973601,0.094395265
3441973602,0.09876388
3442555603,0.0010664541
3442733801,0.8070291
3447794201,0.52071804
3448817501,0.04644466
3448817502,0.0021813277
3448820401,0.60806656
3453778701,0.99339384
3467188601,0.89924586
3488902701,0.8767553
3489887102,0.018031318
3492120601,0.7062629
3492623801,0.57415736
3505074004,0.22142792
3515144901,0.022421926
3515201401,0.9204666
3515201403,0.25688195
3515201404,0.62627584
3528137002,0.004136208
3531535801,0.98929954
3531545301,0.97988015
3531545302,0.39498517
3539425602,0.0030985472
3561454202,0.012070877
3561454203,0.084361725
3563221601,0.56913215
3573729201,0.90741
3577053401,0.006368641
3577053402,0.78494436
3577053403,0.07466113
3577105201,0.84555745
3587746301,0.02549748
3587746302,0.008915788
3599902601,0.0210614
3599902602,0.04357314
3627371304,0.024422884
3659498501,0.9645184
3659548101,0.84543234
3666336101,0.9891238
3666450101,0.8118599
3666450106,0.05758337
3676842402,0.9089348
3677387808,0.006427676
3692332901,0.93574774
3692332902,0.3367714
3704799301,0.9787015
3705786301,0.113592625
3706298501,0.5151026
3706298502,0.014043964
3719507701,0.9914846
3785931001,0.34378833
3789267501,0.81829506
3823037501,0.89845544
3823424101,0.9639133
3831648301,5.2728374e-05
3831648302,4.312828e-05
3831650501,0.7206823
3831669101,0.00017398337
3831669102,0.00027341562
3832537201,0.014865052
3832537202,0.0035555307
3832537204,0.3292699
3836271401,0.061040886
3842383401,0.9868586
3848340502,0.021150343
3848340503,0.0046502557
3857102001,0.99931407
3857190802,0.058496285
3860367301,0.98155195
3871032102,0.0598075
3872898902,0.12091906
3872898904,0.3490931
3874032101,0.8599558
3874509601,0.041033335
3875475301,0.7470345
3875475302,0.5879078
3899057102,0.9803018
3947803802,0.012750889
3960490901,0.9801312
3960825001,0.18912622
3964510301,0.042983454
3964510302,0.976915
3964580201,0.77540463
3964596201,0.0010402586
3964596202,0.00068531407
3964596203,0.013785024
3964598901,0.0010778662
3964598902,0.0015949394
3964598903,0.0077141155
3964599101,0.010705233
3964599102,0.045979124
3964599103,0.051052455
3964866401,0.00026118418
3964866402,3.681015e-05
3964866403,1.872699e-05
3965453201,0.00028665178
3965453202,0.0022415642
3965453203,0.00023691793
3965926901,0.00038086853
3965926902,0.011791134
3965926903,0.00047464453
3985732201,0.4274259
3985850701,0.99645483
4002980201,0.11490362
4002980202,0.14275539
4006122601,0.9275154
4007664701,0.015422884
4007664702,0.009874903
4015435201,0.8117946
4024771902,0.865803
4049614402,0.28939927
4049614403,0.43821096
4049639801,0.0034202342
4053529007,0.0025688545
4053530302,0.112229764
4054021301,0.852614
4054091401,0.598698
4054569402,0.93628854
4071509102,0.2159311
4071736501,0.96896464
4071736502,0.8963977
4074927402,0.9876368
4079750401,0.006598156
4079750402,0.7262085
4079755502,0.10175925
4087813603,0.7399346
4090461902,0.0025093316
4092452401,0.9810647
4092541804,0.003618043
4097449901,0.1175119
4097584204,0.00072012993
4097584205,0.0019114388
4097584207,0.0020531204
4101147101,0.4208639
4103172102,0.010984596
4103282404,0.00092160224
4123125201,0.1010522
4123917001,0.35146737
4124707301,0.5228247
4133885201,0.004507224
4135932601,0.040069677
4138586402,0.0017481609
4150732601,0.20116982
4150874601,0.9878978
4159045304,0.005297895
4162249605,0.0039785216
4162577901,0.4579672
4163071201,0.00023835752
4163071202,0.008475112
4194266004,0.27461106
4195029201,0.74369955
4203595801,0.77308875
4204477601,0.022283472
4204477602,0.09893533
4214979601,0.9228346
4221337001,0.028987262
4221337004,0.010080792
4242423301,0.0006366771
4242423302,0.00040672056
4242492204,0.00011504619
4252370002,0.009401731
4265744501,0.98971367
4265744601,0.9951102
4266274701,0.5993714
4267727901,0.8928816
4268151601,0.9630529
4268548501,0.10639549
4276855001,0.57899284
4277788301,0.06953304
4277788302,0.0031849393
4317398502,0.22150093
4317398504,0.044939708
4318622401,0.62258774
4351491201,0.043214098
4351491203,0.0049256394
4351502401,0.88645333
4351502402,0.873696
4351985201,0.008899804
4354192602,0.0016684841
4369702502,0.17553286
4392689601,0.0421132
4392689602,0.23079343
4392938201,0.7058498
4397781501,0.9052471
4397827401,0.28999862
4420128402,0.017347705
4432802502,0.04829814
4439556002,0.23984182
4440082102,0.9391513
4447659308,0.0014218213
4448257801,0.06329761
4448257802,0.060260747
4448257803,0.08943054
4459765301,0.3962795
4471851601,0.029030275
4472600001,0.9293494
4480103301,0.99278694
4483827501,0.8943525
4526160001,0.99779356
4526160002,0.9371829
4526169201,0.98381203
4526646101,0.21315719
4527133503,0.5570493
4534806301,0.009013988
4570121102,0.94294804
4570163001,0.028480401
4614313301,0.11528531
4652070001,0.02732845
4654144401,0.0033302836
4654993101,0.19853728
4665897205,0.73268074
4666292102,0.38449576
4714868201,8.508794e-05
4715124501,0.16985206
4715124502,0.0007920974
4740221401,0.9679911
4740233701,0.9725558
4740749901,0.3132377
4741205501,0.9957681
4741205502,0.9691233
4741205701,0.30103034
4741205702,0.31390432
4828220101,0.92405546
4828220103,0.15623283
4828273601,0.6907165
4829203002,0.0006153405
4870279902,0.002684893
4870344602,0.00038803913
4871280601,0.66259843
4897900502,8.6274136e-05
4905823102,2.7480715e-05
4905823103,2.539866e-05
4905977201,0.5259128
4912648805,0.15565968
4912648806,0.03030831
4913506001,0.6632773
4913793601,0.5125498
4921874606,0.032051805
4929679601,0.0005662058
4929679602,0.00055260037
4939022301,0.948244
4939990902,0.37851432
4953460001,0.00028958402
4953460002,0.00027784845
4954065603,0.00012144747
4954066306,0.00071064907
4954140202,0.0018689599
4957545301,0.71257955
5001067201,0.6470004
5001068901,0.25059658
5001102201,0.06716777
5001765202,0.62117994
5030995301,0.533604
5030995302,0.84937644
5037787401,0.384602
5042097601,0.8389812
5085962001,0.03507481
5085962003,0.017513303
5128835901,0.35067248
5171914801,0.12352883
5257763902,0.0022135766
5344625701,0.027184261
5431124201,0.076908834
5432059804,0.022711173
5502166501,0.64461786
5502186202,0.0066479496
5515505102,0.004741334
5516463201,0.054191396
5516463202,0.11910053
5518119901,0.08023746
5527110401,0.62411684
5527226202,0.97602874
5545249501,0.84783846
5545250301,0.11915686
5545426902,0.85785633
5545507402,0.010461575
5547289901,0.5922622
5547289902,0.06043571
5547432903,0.0021642642
5549728103,9.051724e-05
5562237201,0.81726354
5565278504,0.009112086
5570770602,0.003839152
5574626201,0.9448769
5575808301,0.9443234
5575899202,9.4479976e-32
5584894004,0.0022847345
5591586001,0.5898261
5593112503,0.0030432113
5600446501,0.9371984
5626985801,0.01826001
5627065601,0.028394556
5627482401,0.003366824
5634727201,0.954571
5643788502,0.5661162
5643825301,0.63840085
5649444901,0.14320932
5659416702,0.00021741007
5659617704,0.009205119
5661352407,0.00016330917
5670177604,0.004107243
5673306902,0.72656447
5677316201,0.46183226
5686364903,0.06488438
5686364905,0.050918113
5686448101,0.038545437
5686939601,0.18960606
5686939602,0.01253482
5692699102,3.3987297e-05
5701501301,0.35118017
5701501302,0.51818424
5701929301,0.019068327
5709587101,0.68741584
5711132401,0.5808191
5711205901,0.99620515
5712239104,0.0083682155
5721670401,0.0014654292
5721670402,0.0012486215
5723846602,0.013266842
5724783701,0.73107576
5727492901,0.6651696
5738102001,0.9172165
5741840401,0.002037219
5741840402,0.0022236712
5741840403,0.00030766104
5741840404,0.0003082147
5754904201,0.9878621
5769526201,0.0111315595
5774550401,0.8557202
5777786802,0.14861326
5784683004,0.32354835
5784944902,0.65005773
5800167503,0.47261244
5800281702,0.84084755
5805734802,0.000989885
5806463601,0.2642253
5813672601,0.04733693
5813672602,0.018779881
5814217001,0.9766815
5814217002,0.05795337
5815915803,2.9284127e-05
5815915804,2.5253717e-05
5825911002,0.7844823
5837485301,0.048506737
5837485302,0.023665866
5837485303,0.7458968
5852494403,0.5652518
5857455101,0.0020618385
5865628302,0.28540134
5865628303,0.32404426
5865628304,0.7753637
5866378902,0.5337257
5876996601,0.9523724
5887774601,0.2629625
5887988502,0.84964526
5888902201,0.7083132
5897340001,0.535416
5905570003,0.73572445
5906064602,0.0011972236
5906076703,8.226303e-06
5907142001,0.98100317
5941366101,0.9438996
5943297001,0.97298795
5944023101,0.9814262
5944023102,0.6324031
5944753601,0.60704213
5955473401,0.51724297
5955473402,0.8794885
5956030402,4.9768183e-05
5956983603,0.00114797
5965996401,0.28605965
5965996402,0.0667102
5966774301,0.051280793
5970269802,0.010854392
5978675402,0.83495164
5979358401,0.7287709
5982349401,0.30563623
5991614302,0.0006890798
5997905301,0.9168125
5998056201,0.9097578
6007267401,0.5128723
6008380201,0.29817635
6008963601,0.8790932
6008963602,0.5752797
6008963603,0.41117987
6015938604,0.0001026065
6016002901,0.00028377832
6016002902,0.0002085326
6016700601,0.8734474
6016802201,0.02996866
6026872001,0.5327502
6027718501,0.53814894
6028377003,0.5302037
6030946801,0.4638072
6035637701,0.6586368
6036742901,0.0008067968
6036869001,0.06271152
6042874501,0.82580936
6043004303,0.0009814599
6043004304,0.01107179
6043375501,0.00066729134
6043375502,0.00074157724
6043909904,0.0012089503
6046288601,0.10063737
6053017901,0.0109319445
6053541501,0.02016809
6053818401,0.9770041
6062971701,0.0063731046
6069763601,0.8399166
6074889101,0.036618963
6082305101,0.026977414
6089059903,0.0037198237
6089158202,0.29223078
6119174502,0.66124654
6144129701,0.4547386
6154771403,0.05709704
6154771404,0.036875904
6155090501,0.0024004504
6165397403,0.023737876
6165653403,0.060549296
6165653405,0.007532986
6178654902,0.1218112
6180657801,0.11825039
6180805201,0.81981343
6180805202,0.6031762
6192574301,0.0044844667
6192574302,0.0008672605
6215724701,0.9848973
6217415803,0.66244596
6228904502,0.4187088
6241089002,0.015290694
6241093102,0.6716971
6241590201,0.74594575
6242032601,0.39206707
6253595402,5.1905015e-05
6253595403,0.00025806867
6253971902,0.0037779764
6254246401,0.10092974
6254246402,0.09089958
6261133301,0.89667976
6261323802,0.0065252236
6265521202,0.048335936
6272611201,0.8350679
6272665702,0.8747366
6279045202,0.957712
6280378905,0.06477812
6280674301,0.9590045
6280856501,0.6048371
6288299303,0.00020958952
6288299304,0.0002017209
6291912801,0.010836544
6299101801,0.84225214
6302337203,0.9280384
6302404701,0.9253137
6308923801,0.27396095
6309331503,0.0005808253
6309331505,0.0001208807
6313590502,0.4247643
6313914303,0.9077043
6318435402,0.15597375
6318435404,0.11146416
6324683401,0.8804255
6326181102,0.63644445
6327267202,0.00042288433
6332963401,0.8324738
6340819502,0.8649239
6341634501,0.838771
6351354601,0.0002883813
6352203501,0.00023344133
6352203502,0.0022728299
6352379501,0.8354836
6359069701,0.027965173
6359214001,0.0052528316
6361511001,0.060296394
6361919203,0.78834337
6368632901,0.34023544
6368776201,0.3452843
6376477803,0.0036052042
6376804901,0.03719782
6376807501,0.0054814345
6376807502,0.021978905
6387572703,0.0001620098
6387572704,0.00011488899
6387866702,0.064957336
6387966304,0.50104225
6399136702,0.0012819018
6399459503,0.0074627004
6412380401,0.64485085
6424210504,0.032557357
6434460401,0.5960477
6435212501,0.11694702
6435212502,0.30861312
6485866101,0.0016762706
6485866102,0.0021920763
6485866103,0.00086669455
6485866104,0.002440294
6485866105,0.0023625197
6485866106,0.0038098937
6525380401,0.91912335
6538582002,0.38911918
6586048304,0.0017397223
7375361601,0.8593077
7375607502,0.1596251
7392507002,0.0006271418
7392507002,0.0006274896
7427155401,0.0061764796
7427155407,0.92639095
7434621201,0.025617855
7434621201,0.025617855
7434621202,0.0012119842
7434621202,0.0012119842
7443700003,0.00021568632
7451108101,0.004183514
7451922401,0.013712198
7459694901,0.18427935
7459694902,0.14061323
7482930601,0.048764165
7507619201,0.47001866
7516057103,0.0013938189
7522371801,0.58132976
7530608901,0.2767042
7530702201,0.3372493
7538565803,0.0009564027
7538725301,0.7837792
7538917601,0.1746966
7539189001,0.6325573
7546329201,0.57002246
7561012505,0.0031012066
7568374001,0.9937173
7568374001,0.99307466
7575508203,0.00028492286
7575571607,0.00077981775
7591712304,0.17012498
7600180003,0.62182045
7605870901,0.40219584
7606518401,0.23817503
7606562302,0.91339254
7606612701,0.5142175
7606666902,0.7859031
7617356301,0.05205263
7631539701,0.95121086
7631618801,0.24643011
7631618802,0.0056351684
7638650802,0.8000098
7639159901,0.35451046
7639303301,0.9417608
7639303302,0.95742416
7644614602,0.0036296882
7644614603,0.018063681
7644614604,0.049534727
7661644001,0.8557323
7675873301,0.3858956
7675873303,0.011729756
7676218301,0.1580884
7676567601,0.05604253
7689270401,0.816545
7689270402,0.98416823
7792450201,0.96329457
7824594601,0.98673534
7837460901,0.02449042
7875409802,0.016396103
7875903801,0.26305208
7912466701,0.0042751366
7912507701,0.9850402
7912545601,0.09803766
7913292301,0.0038163017
7926475902,0.2673332
7960579101,0.9996804
7971252002,0.23942444
7982089001,0.91512275
8004746701,0.6469159
8004867004,0.9740579
8324325901,0.8314176
8359092201,0.8380282
8382728801,0.59096587
8391827801,0.883818
8463689001,0.6593217
8464525501,0.9825194
8474543001,0.9261488
8474787203,0.9961732
8475697403,3.177044e-05
8475836301,0.009537535
8500576401,0.06780062
8501067001,0.64783645
8512562301,0.46661422
8535969701,0.33692
8535969702,0.6418912
8536160701,0.7063457
8557710801,0.43227282
8563941501,0.0071312217
8564200602,0.012791787
8564269102,0.0007400517
8576045202,1.0550166e-05
8585618401,0.11578583
8585618402,0.5810451
8592489001,0.84102434
8602080602,0.0027214126
8603125301,0.011992658
8625205701,0.24151462
8625205702,0.7212205
8625492902,0.00020150428
8632462302,0.43177244
8633423501,0.9434995
8633435102,0.4576739
8651144702,0.00075569627
8652128901,0.91803586
8663328001,0.6898716
8688852701,0.17155585
8688852702,0.0031761855
8705532001,0.17616837
8705793603,0.024956776
8705793605,0.09561083
8716784101,0.15285741
8716784103,0.14910366
8726694203,0.0036690356
8733387901,0.940545
8754358902,0.05773458
8778408101,0.9610538
8788823901,0.26182222
8789967903,0.0013271944
8823309601,0.8854221
8833986501,0.9308302
8851497101,0.21921131
8851956101,0.15840863
8852008701,0.047443196
8852189402,0.024505578
8861191602,0.00014983323
8881178201,0.9972378
8898627501,0.77809066
8898627502,0.5921125
8905393404,0.6164202
8905697201,0.0026831375
8905697202,0.0005248019
8913706803,5.436603e-05
8914097501,0.37282142
8924303201,0.9748312
8924303202,0.74011254
8925222504,0.057097714
8925357001,0.038338654
8930756502,0.007903475
8931838602,0.04759485
8941135101,0.8090042
8942065601,0.08088944
8956699101,0.5529801
8957784501,0.06340303
8957784502,0.009347521
8965832101,0.9878897
8974209201,0.8838574
8980662303,5.1898143e-05
8981040401,0.0020396416
8981040402,0.0002806842
8991306903,2.5068432e-05
8996784601,0.98960483
8997116301,0.57682395
9008303701,0.9857238
9008303702,0.021165881
9016544001,0.91906935
9022828902,0.008233398
9022853401,0.064179994
9022878501,0.72635996
9022890901,0.08045027
9023643801,0.89561754
9041772101,0.91286206
9042252402,0.57831436
9048609101,0.17572066
9049168001,0.06355972
9065882101,0.8543031
9066105801,0.17767519
9066127701,0.3091108
9066386302,0.23358424
9071694402,0.027931657
9073074701,0.00078717724
9081432501,0.86410326
9081838502,0.38320088
9099943601,0.9581419
9100943301,0.30907622
9107170701,0.14654748
9107893601,0.73635656
9114721801,0.7463288
9124466901,0.97885257
9131653602,0.016904071
9131653604,0.12230553
9132419502,0.18018286
9141025802,0.013004425
9141026002,0.021067398
9141422303,0.00013919082
9475348801,0.88490075
9475628901,0.7511356
9509231003,0.05166516
9517431301,0.6116076
9518324401,0.0048942254
9570260101,0.0017966544
9571788104,0.47010857
9572072601,0.9595711
9580433902,0.24240606
9580511005,0.009119797
9581394501,0.1569236
9584949203,0.034568924
9603923601,0.9958032
9647563801,0.9967373
9654057203,0.06692275
9681050603,0.112855874
9681868001,0.19662395
9688924805,0.04357613
9708044101,0.15132818
9708421301,0.3467523
9710542301,0.0091037415
9710542302,0.3793827
9729263202,0.15786704
9729640903,0.00015053742
9769165301,0.93925864
9776252401,0.0009970422
9776699301,0.93701553
9788835703,0.93850434
9790248301,0.96094733
9799135801,0.84994346
9831842503,0.024252547
9831864401,0.30912232
10019081801,0.8382204
10019140201,0.71147513
10030598401,2.261477e-05
10030598402,2.1052863e-05
10031003601,0.007577732
10056971004,0.039468877
10057104001,0.8505719
10057104002,0.8317131
10058843802,0.94121313
10058843804,0.060610086
10068997301,0.029087275
10069995501,0.97923917
10094739503,0.7985895
10094763201,0.007921042
10094797703,0.014844307
10095808402,0.09941672
10095843301,0.7361057
10096215701,0.019899877
10096417101,0.14439319
10108020001,0.18698525
10108283401,0.00214241
10119610201,0.05213274
10119610202,0.0028534632
10132909501,0.0006653004
10148655101,0.18140088
10161078302,0.9906944
10161080704,0.9938822
10186375301,0.34478828
10186596501,0.47070688
10199039201,0.9621542
10212986001,0.030725865
10224618801,0.86937785
10224618802,0.049685683
10224901702,0.7371021
10263813202,0.23141043
10264287001,0.0005192782
10264316301,0.00052903977
10264348201,0.007767209
10274366302,1.7586079e-05
10314524801,0.10370956
10325796706,0.0038202405
10353132902,6.383764e-12
10364895801,0.8699348
10376367904,0.18804206
10376397901,0.004397055
10390531901,0.20225278
10413925202,0.0073177866
10427433001,0.9872673
10441934105,0.00333634
10479034102,0.9093304
10480383401,0.07831257
10480383402,0.4282247
10493181301,0.9304882
10518842403,0.8099025
10519098404,0.72076607
10529676301,0.004597928
10529676302,0.07042649
10568487504,0.9075422
10837497602,0.0006062646
10837842705,0.0021753407
10859048002,0.32756412
10884591901,0.41637737
10886092801,0.031002276
10886419901,0.00070112257
10886419902,0.00048944546
10898348201,0.87854457
10898348202,0.9435521
10937635604,2.0158022e-05
10938015501,0.050648164
10938019301,0.03272944
10949837601,0.77171254
10950331601,0.94591236
10963396401,0.9681249
10987510902,0.14789765
11001893001,0.013382207
11035433901,0.083346374
11054170402,0.7771199
11061602801,0.000117508
11062190401,0.7494486
11062805303,0.044532787
11062805304,0.14879158
11075892603,0.002042654
11087920102,0.17669778
11102317801,0.97137094
11102719501,0.09571441
11126632602,0.17181
11140384101,0.88572264
11144934701,0.10937386
11144934702,0.053424686
11150781601,0.800461
11157210001,0.7478182
11162241502,0.33739066
11172093002,0.00018058691
11172279402,0.053918898
11172279403,0.11270877
11175985301,0.7924866
11176276901,0.16209704
11177023101,0.20118465
11177053903,0.9851612
11184523001,0.6250157
11188722501,0.9664116
11188877204,0.0085676005
11188897502,0.0014329801
11196832301,0.7526727
11208954303,0.008615084
11221303101,0.79047996
11226066102,0.2562182
11226298602,0.2054174
11237798102,0.012072982
11257430701,0.11467638
11257592301,0.7738262
11257820204,0.0022794886
11257820206,0.0044004847
11258650602,0.00021851131
11278457201,0.8630994
11289868301,0.6283528
11289874802,0.25392073
11316068701,0.43069687
11316097901,0.94251394
11326728502,0.015767965
11326728503,0.0018111833
11339655703,0.6496617
11341112002,0.8713294
11351159103,0.32157543
11376871801,0.99016213
11376871802,0.9546938
11390038802,0.55274755
11413054201,0.0001563706
11413054202,0.00016722477
11413963201,0.9913249
11413963202,0.012336168
11426827002,0.056205764
11793527401,0.25901103
11801117801,0.35257918
11801536001,0.5331269
11801607802,0.14173767
11805993502,0.024576437
11813989304,0.010161585
11813989305,0.018514687
11813989306,0.006208302
11814710701,0.0027981375
11819609403,4.472303e-05
11819664401,0.7300006
11819664404,0.30614227
11819770903,1.6214037e-05
11819824801,0.4461573
11820008001,0.0026448953
11828042701,0.7711458
11832157008,0.00016657679
11832289607,0.38945442
11843969002,4.793573e-05
11853010701,0.9394188
11866683301,0.9805951
11879817401,0.11089543
11892274901,0.8069683
11898109002,0.021756222
11904677202,0.20721711
11921955101,0.899599
11922271301,0.10007374
11922514501,0.31034717
11933439101,0.9725552
11938562501,0.5285113
11938810101,0.96387213
11950168708,0.0109312385
11950621401,0.39473093
11956086701,0.6580352
11962420701,0.016917448
11967724601,0.93649113
11987903601,0.71190304
11997553101,0.98948824
11998011201,0.95749915
11998113401,0.6546407
12027622801,0.5184254
12028115501,0.7737394
12034182301,0.6057288
12039326410,0.00015302254
12039326411,7.209556e-05
12039326407,0.0002108156
12039326408,0.00034557455
12039326409,0.00039547353
12039513701,0.13855626
12039513702,0.09623387
12039720501,0.64008605
12039721702,0.02757315
12040021401,0.2996222
12061103001,0.90656006
12061103002,0.9277062
12081715301,0.023760496
12081715302,0.9867025
12093407101,0.025657175
12093761601,0.47390354
12094161401,0.9880576
12113719101,3.0385545e-05
12145433301,0.10824394
12158637201,0.9053599
12167517401,0.96683574
12200275401,0.629869
12200597701,0.0472024
12200666501,0.9827163
12220988502,0.77584654
12242476801,0.011492766
12243213301,0.9699088
12253794801,0.93554634
12264264401,0.997552
12285400501,0.94300336
12317287902,0.064966194
12339813301,0.9669661
12350845102,0.0022825866
12381617802,0.006403966
12390795801,0.64729375
12390866501,0.7150788
12391973001,0.00092536
12426094001,0.83018744
12426405501,0.69977933
12426405502,0.8971186
12426436303,2.8660845e-05
12458398501,0.39916575
12459356401,0.7523327
12459356402,0.88355315
12479663401,0.6782973
12489976901,0.9838207
12510041603,6.6307757e-06
12510943101,0.8246063
12522039801,0.104101434
12522220604,0.020946434
12522220605,0.015279975
12522821001,0.8697034
12533032001,0.07445741
12533039501,0.7559493
12546033301,8.278217e-05
12553900602,0.00038500427
12553900604,0.0037908345
12553921701,0.0009566431
12565600201,0.50468934
12565956701,0.39297378
12565956702,0.0025200078
12576085101,0.015404109
12596876401,0.037338
12606428601,0.990577
12606499301,0.4953979
12607327902,0.0041718497
12607799201,0.85636085
12607810001,0.6054196
12630682801,0.5229604
12639315001,0.9539614
12656178701,0.8059096
14059590301,0.32986122
14068744601,0.01544184
14079745901,6.060035e-07
14093858001,0.967531
14094049302,9.3056966e-05
14128126001,0.29269314
14128126002,0.47309965
14133479301,0.016752003
14141282301,0.9926495
14143575801,6.325455e-06
14147252101,0.051201515
14148039401,0.25690913
14148238601,0.8363108
14148498103,3.1975127e-05
14171216701,0.95870966
14175278701,0.28527975
14175577002,0.0008424215
14177059201,0.54802173
14180659802,0.0017000303
14181146904,0.0002061539
14182800702,0.0019730972
14186670401,0.00035761358
14186670402,0.00041149755
14187156903,1.0243143e-05
14208293201,0.024192771
14210530801,0.0039386037
14210918504,0.10414912
14214784903,0.005533438
14214784904,0.012550401
14214822801,0.902069
14214871202,0.9043906
14785851101,0.9688858
14787355302,0.003104638
14884825503,0.00067771034
14910260201,0.29278988
14910260202,0.38105062
14917608001,0.31364727
14917608002,0.33297738
14917608003,0.29647288
14919080201,0.034540422
14919514302,0.37926224
14922069301,0.18664844
14927061301,0.18762994
14927436702,0.094808206
14930274401,0.9984633
14930274402,0.9964349
14930817504,0.000849721
14934986701,0.9991573
14934986702,0.9987826
14934986703,0.5275236
14939257402,0.7392484
14944716001,0.0
14944716002,1.0463285e-09
14949842501,0.00022621684
14949842502,0.00024934698
14987370902,0.045365542
14993094602,0.000109581284
15003020501,0.99938667
15003020502,0.99914825
15009886001,0.99882585
15010147201,0.36149418
15015126201,0.99791163
15015126202,0.99882907
15020394201,0.048678182
15030038803,0.04129671
15032061002,6.960024e-05
15042980702,0.0033337828
15044304601,0.0015180359
15051620201,0.99021393
15052358402,0.0017929159
15063635601,0.011283935
15063635602,0.050914876
15071886401,0.12476106
15086376801,0.6082946
15088003801,0.67707837
15104739403,0.024669727
15105371901,0.50755036
15118385001,0.0026328797
15118864503,0.118232094
15120148501,0.83704644
15129820905,0.06454644
15138784001,0.6843283
15138832401,0.037073463
15138832402,0.09436931
15153447503,4.1147605e-06
15160209601,0.24578422
15169357402,6.792714e-05
15170787001,0.29835263
15212279301,0.004427462
15212279302,0.00043270356
15226473702,0.99090976
15235037301,0.33028874
15235037302,0.0131905945
15245720301,0.55927914
15254053806,0.004487244
15254053807,0.002925703
15254317001,0.9279917
15254700601,0.0046709245
15262595501,0.76818085
15266038501,0.2508688
15289652401,0.24862668
15289903601,0.17988373
15290875301,0.0034284445
15290875302,0.0020311393
15290889701,0.00015303279
15290889702,0.00045867276
15290889703,0.00079988816
15301725001,0.9325583
15345478201,0.9557326
15366956901,0.11475986
15419006804,1.0901225e-05
15419966501,0.2231389
15437834606,0.011702151
15439316701,0.9692308
15439316702,0.8710755
15439658101,0.0013020729
15439658102,0.00034993453
15439674601,0.003085307
15439674602,0.0007672003
15451417007,4.6703157e-05
15452472302,0.012473099
15518488001,0.76650214
15518514202,0.17529365
15518514205,0.68445134
15518987401,0.483851
15528599301,0.001667843
15528599303,0.000118158336
15528612101,0.020904869
15538521202,0.1342717
15551479802,0.003831436
15562018704,0.9456267
15562018706,0.45929515
15622784802,0.004811967
15622784804,0.006539687
15622784805,0.9688237
15622784809,0.96413565
15623636104,0.14550164
15632989001,0.05532304
15665276702,0.31783316
15666885101,0.8497407
15677513102,0.69038415
15706981801,0.010380327
15706981802,0.0007309656
15719104502,0.003852659
15806322501,0.7333003
15806322502,0.7651791
15809911601,0.39243695
15809958001,0.73001045
15814195101,0.92004794
15814195102,0.18711753
15815687801,0.9193114
15815893201,0.4081425
15815939202,0.0012013084
15815989102,0.0048460225
15860720701,0.38155776
15860722801,0.1718796
15860741901,0.024519838
15878178402,0.13120277
15878178403,0.8015256
15912169301,0.3785476
15924871502,0.6458664
15947215603,0.00090564793
15947227802,0.87442845
15948113801,0.26385337
15948113802,0.63731974
15948113803,0.7850424
15956590202,0.36546707
15969873701,0.8558249
15980342101,0.0039016055
15980342102,0.0017512682
16013434801,0.9860546
16036773402,0.13363348
16036773403,0.07663716
16066016301,0.59373856
16066515901,0.8677513
16066526601,0.16971302
16068880901,0.43666434
16084755501,0.842046
16091601404,0.00788933
16099102201,0.6103188
16099102202,0.72446364
16099304901,0.0032895387
16103732001,0.62687624
16108228801,0.060421295
16108228802,0.0007885112
16108592104,0.0056996695
16111060101,0.4864787
16125373001,0.82976186
16126004401,0.9155894
16134286001,0.9927941
16134286002,0.89865726
16143602901,0.0029033422
16154166701,0.10625833
16154930501,0.99638355
16155008801,0.001294485
16176108901,0.9008859
16176124703,0.44089952
16198132604,0.0013352885
16198826901,0.0040612766
16210735001,0.0012164398
16241062701,0.010814059
16242925701,0.51913846
16253832601,0.84277177
16255155401,0.15675072
16265142702,0.57201034
16266588403,0.22547488
16338814401,0.0027557798
16340585502,0.009590018
16355726201,0.8766919
16356506601,0.648746
16356506602,0.066934004
16377210001,0.00016147833
16377210002,0.007791937
16398864501,0.3222805
16696934602,2.7690754e-05
16700979201,0.65961426
16708620102,6.1143736e-11
16730338202,0.992718
16730403801,0.00136475
16730403802,0.0004752273
16734243901,0.9933785
16734313302,0.20719205
16736542802,5.0188548e-05
16741596501,0.99923027
16741596502,0.858709
16741889801,0.9738261
16752648502,0.7178045
16755489801,0.9950572
16755489804,0.021499006
16757013101,0.93822384
16757013102,8.645086e-05
16757013103,0.11781304
16757119203,0.008146348
16760273802,2.2031498e-05
16760273803,4.393734e-05
16760421701,0.2293291
16769439701,0.004671129
16769572902,0.23090476
16771839802,0.039853103
16775073201,0.92647463
16775131902,0.007275782
16775452301,0.4558676
16779396102,0.003381151
16781194601,0.1300827
16781194602,0.07602399
16995573401,0.00031553928
16995573402,0.00023828352
17004831601,0.6591065
17023867602,0.00039413245
17024094203,0.33603707
17025467504,0.01668895
17032889101,0.025749872
17032889102,0.0005486611
17033096503,0.011437546
17033757001,0.01813279
17033757002,0.020315975
17033757003,0.08867944
17033757004,0.06671543
17034101102,0.44295126
17042211401,0.9080009
17043049702,0.10880287
17050929001,0.0063376813
17069188506,0.011560577
17069237901,0.63410276
17076902501,0.63761723
17077392403,0.28571573
17085770202,0.00032944902
17097239601,0.6592136
17097994501,0.8070897
17106091801,0.7833049
17106337909,9.406985e-05
17106451103,0.0010246731
17129234303,0.005501762
17138585501,0.9831797
17147300001,0.013514848
17147888202,0.083673716
17147888202,0.005309731
17148036601,0.015182479
17153235801,0.37172845
17153235803,0.09681054
17153653001,0.9446249
17153653002,0.6549414
17154219001,0.9972338
17154409102,0.00021964012
17163328601,0.0179143
17174562602,0.011405859
17174562603,0.12473868
17189929108,0.0001796807
17195529805,4.2341686e-05
17196218101,0.10950398
17196218102,0.021131184
17196401501,0.078609675
17205337202,9.539638e-07
17205337202,0.60880905
17215521304,0.025743771
17220307703,0.0112435315
17220325201,0.7533048
17220325202,0.033688113
17250251405,0.002061066
17254841501,0.025064643
17263400901,0.9788263
17264424801,0.033322997
17271798203,0.96194834
17272238802,0.021889735
17281527201,0.5271944
17281527202,0.4794707
17289329601,0.99826163
17349331402,0.0043092994
17354412401,0.00583205
17354412402,0.025051057
17354412403,0.00030765473
17354483502,0.0059249704
17364872701,0.09903118
17364872702,0.3475757
17365440201,0.130311
17373887901,0.0008352933
17380768102,0.11788954
17381431501,0.819062
17381431502,0.6709596
17381455001,0.36074317
17388516403,0.13650985
17389423101,0.017815974
17389423102,0.0139994575
17389662202,0.2853641
17406818604,0.050988212
17412582205,0.0044746976
17413303503,0.0024382914
17418211001,0.9697887
17429111201,0.46066186
17429382701,0.0036316486
17572863401,0.98002875
17595347901,0.8319437
17602056201,0.008351003
17603913301,0.18257716
17610827402,0.0011359685
17610959901,0.67888457
17611105801,0.5392821
17616422501,0.80387527
17616676301,0.9888784
17687143801,0.9905974
17687143802,0.34393218
17687403401,0.0073812427
17693612401,0.30604377
17695537902,0.002140104
17702223203,0.00016073839
17707733601,0.99865603
17707745701,0.001953794
17707745702,0.0102021545
17707747501,0.0237368
17707747502,0.010462513
17711698104,0.00015782713
17711955403,3.0642685e-05
17717368601,0.3793324
17724213003,0.003441126
17725470301,0.14679013
17728470202,0.37411392
17730836401,0.9991819
17730877701,0.8522284
17735477101,0.14765719
17738774502,0.0011401292
17738774503,0.0042499714
17904088001,0.29358828
17904198901,0.23954526
17912356001,0.0009054624
17912356002,0.0016505199
17912356003,0.0074694664
17930792202,0.92741585
17938380501,0.81573313
17943740001,0.019576734
17943740002,0.21395254
17943740004,0.0039464417
17944028903,0.7257943
17957923302,0.009940703
17958004502,0.034199797
17963906301,0.12940696
18134118402,0.6290155
18134186402,0.079130985
18157661202,0.03881758
18179853901,0.57414174
18245089201,0.24185844
18892340101,0.01195721
18892340102,0.0025698594
18916711201,0.88826597
18917239501,0.12331445
18918175801,0.10309748
18944799901,0.97078216
18969437501,0.9964988
18997220501,0.9217495
18997702801,0.98370117
19023050401,0.83736813
19050445101,0.8774468
19103675001,0.04144343
19103708201,0.76556826
19103708202,0.055530522
19135159105,0.0031597908
19142298701,0.9937558
19158371401,0.72585595
19174414201,0.6268395
19186209601,0.34855312
19186718302,0.00081443903
19212631102,0.8322281
19213189501,0.005672924
19238090201,0.9501926
19239046901,0.945181
19262673603,3.2454624e-05
19263556101,0.88318384
19289499801,0.0011762159
19289499802,0.0009306212
19290685501,0.9729347
19299731603,0.9571062
19301306503,0.017878845
19304883601,0.018201593
19304883602,0.0032990382
19305978503,0.48301643
19312463703,3.3761165e-08
19316382401,0.007209289
19317415301,0.8320126
19324209701,0.9767253
19324209702,0.9448994
19324232102,0.901162
19329729401,0.011513459
19329729402,0.007845159
19329739201,0.0022554179
19329739202,0.0027175061
19330551701,0.032104112
19352855401,0.98889774
19358920203,1.5047678e-05
19359667302,0.5526544
19359680203,0.76997155
19365589404,2.3082024e-05
19377820301,0.9825713
19377820302,0.84400636
19378772601,0.74406314
19378948901,0.0649714
19384952301,0.3122493
19394961705,0.10691808
19396503501,0.96791345
19410316602,0.756017
19421013901,0.07622719
19426444101,0.0119665535
19433831001,0.5267416
19433831002,0.08362031
19433996701,0.9180413
19439116003,0.037158307
19439628702,0.88636553
19440839001,0.2301476
19446649601,0.5186352
19447582901,0.9063994
19447582902,0.053769805
19459105101,0.8353001
19479865404,0.37739852
19487327602,0.75801766
19503056401,0.95461625
19504658201,0.8963044
19510340103,0.0067054383
19511848201,0.7201345
19516342001,0.47264004
19516427101,0.73091084
19516427103,0.31981456
19556847601,0.011223338
19557876001,0.13890092
19610149302,0.19317003
19611596801,0.4716113
19636348401,0.9926784
19637335601,0.8880498
19665444401,0.9885505
19665471101,0.92608124
19679343201,0.9692741
19680816201,0.72256905
19684734802,0.10267866
19690447702,0.06658716
19695427303,0.048778646
19695804302,0.009767843
19697034102,0.5983186
19704547002,0.02533443
19707467302,0.98593444
19745290601,0.45303747
19745799701,0.8420265
19746780001,0.14172576
19784795401,0.06439972
19784795402,0.006182404
19806823901,0.16392967
19806830001,0.020688392
19825741102,0.0033102138
19825772701,0.10502627
19884575902,0.006545095
19885122601,0.7758434
19931894201,0.9573677
19957495301,0.9592409
19957531501,0.24384385
19983373801,0.74331015
19983373802,0.9069651
20010068801,0.896066
20017246701,0.9907415
20017783901,0.26461515
20071837702,0.0004056988
20071844301,0.82794833
20095987302,0.28374046
20119314702,0.005610568
20119776801,0.9553009
20120198901,0.8202339
20164131702,0.00022550435
20171847701,0.8557274
20171879901,0.6792057
20194192601,0.9941928
20194235501,0.0064146495
20244560801,0.0028612176
20246185201,0.5997741
20681867404,0.00020667107
20697779102,0.0043929685
20703226201,0.0003009068
20703226202,0.00020527397
20711385602,0.0003594391
20711942806,0.07063218
20712481601,0.99106884
20712511201,0.7394769
20725890403,0.036160156
20725890404,0.014596249
20726417201,0.9942357
20734665902,0.4744525
20735276401,0.7694543
20742034902,0.09048038
20750831101,0.9580631
20752078601,0.90422654
20752159901,0.96254945
20752344501,0.0016212731
20755487201,0.9988444
20756381601,0.6876684
20756563501,0.9681312
20760243701,0.008065051
20765451602,0.024751231
20765451603,0.03284081
20765455402,0.00883895
20766138101,0.56301755
20766664002,0.36519757
20769515203,0.4022689
20775736503,0.02457898
20775736504,0.29585516
20775746701,0.48138157
20779901301,0.19163065
20780616901,0.25211334
20780930202,0.7159801
20785898801,0.46280947
20786993003,0.012861078
20795453902,0.06037667
20797839101,0.9537437
20797845801,0.70916045
20798008701,0.5271146
20798258101,0.8886871
20798643301,0.0017242195
20798953402,0.113968365
20799077002,0.00019051021
20803004902,0.906843
20803778201,0.90810764
20810887901,0.9659664
20811480001,0.1324416
20815128102,0.004499802
20815513302,0.00011788131
20820384201,0.9925517
20820384203,0.12735662
20820384204,0.41956422
20823122404,0.08774521
20823122405,0.072575755
20829558601,0.99267983
20829696701,0.8878416
20829776001,0.9930016
20829796302,0.18929332
20830098501,3.797858e-05
20830098502,5.7451038e-05
20832372501,0.9688219
20833033601,0.669581
20833035301,0.8106826
20833304701,0.027828367
20833567901,0.9560445
20839872807,5.568193e-05
20843557301,0.80412394
20843828802,0.011583326
20844682303,4.79379e-05
20844682304,4.524473e-05
20848998201,0.9873489
20849184703,0.5549751
20849658702,0.057364948
20853519401,0.8553758
20857996901,0.9655149
20859451101,0.0040483046
20859451102,0.0016816054
20863817306,0.013640149
20864858501,0.9513917
20866976401,0.94893575
20866976402,0.8386505
20871068001,0.9978738
20871941901,0.9670068
20876387001,0.0054426924
20876387002,0.00044105717
20876538102,0.0078751845
20877070601,0.9929468
20877097501,0.57192504
20877160503,0.0023497157
20881574804,6.700015e-05
20882540501,0.0031562464
20882540502,0.0016217905
20882540503,0.0014419729
20882540504,0.0068192743
20882540505,0.0024637661
20883055802,0.00041958876
20885855301,0.98006856
20891756401,0.017960614
20891986001,0.802986
20894301901,0.39331862
20895092801,0.0056940974
20895092802,0.0024078952
20895455901,0.23454705
20895507001,0.06777577
20900171701,0.014217361
20900301601,0.005085467
20900301602,0.001043211
20900324601,0.0003461459
20900324602,0.0004824586
21162288202,0.0011068099
21168779101,0.80831575
21168779102,0.79088306
21174262801,0.982298
21177924002,0.11518804
21183129201,0.59670967
21186454501,0.06961832
21192554001,0.06927273
21193012101,0.30225638
21196596801,0.6089684
21197189801,0.9813214
21201552102,0.0210069
21212162202,0.09523998
21212162203,0.12011965
21212414002,9.215477e-05
21216928501,0.7703967
21217568001,0.7563832
21218078501,0.8038604
21230498501,0.060549747
21230498502,0.09247915
21236733602,0.03714794
21237202202,0.7328902
21237309701,0.053739436
21237309702,0.039681293
21241550901,0.0014313103
21241550902,0.015840616
21241599002,2.1167583e-05
21241599802,1.6806282e-05
21241914001,0.064942665
21245264701,0.8514029
21245906901,0.24074103
21246152401,0.80057406
21251976401,0.7621281
21252856203,0.00066045
21253044103,0.002498641
21261208201,0.39490294
21261208202,0.11162675
21271137101,0.0037429936
21276053501,0.005255328
21276076902,0.92566454
21283521201,0.9917991
21284496701,0.6179131
21293936101,0.26931643
21299863202,0.0024206657
21302859304,0.023561634
21302859305,0.012583657
21302859307,0.017024497
21311179602,0.022117164
21319315301,0.22478788
21323016801,0.011474719
21323016802,0.00089137023
21323175402,0.5985859
21323673802,0.004325019
21323673803,0.00046370376
21323673804,0.00048354611
21323789301,0.9500515
21324029201,0.9917528
21324222802,0.00022191613
21330315405,0.037021946
21334217404,0.00020276011
21343634902,5.6394543e-05
21344125101,0.09526544
21344177801,0.009378822
21344177802,0.00071058806
21347491201,0.42722106
21351426501,0.12877621
21351687301,0.92563856
21354540403,0.0013415169
21357923702,0.39478767
21358862903,0.025919488
21369280101,0.7706679
21370744201,0.55432945
21371612901,0.009957719
21376117101,0.973518
21379547201,0.90360296
21382085601,0.90808976
21383074701,0.89658904
21392214003,0.058089003
21392298602,2.130667e-05
21395552101,0.9966754
21397819501,0.5882798
21401338602,0.00020540162
21401400102,0.016487941
21404624901,0.0055868654
21404624902,0.0075218123
21404773701,0.9677242
21405477303,3.627421e-05
21408274201,0.07488141
21417636202,0.22583708
21417639501,0.03380189
21418818601,0.9756968
21419247401,0.027592566
21419247402,0.23790711
21424328701,0.99430877
21424340001,0.101500325
21424464601,0.32365823
21424625902,0.024726639
21424810501,0.7367937
21425014301,0.54507256
21425357803,6.9695714e-05
21429895701,0.63542944
21430373501,0.0039596036
21431374401,0.8786312
21431625001,0.047117703
21431625002,0.16066444
21433255602,0.09913885
21435519801,0.74992573
21436133101,0.9861413
21437504701,0.5820685
21437890502,0.038144153
21438904401,0.08549621
21441298902,0.0014296958
21441648702,0.01792667
21441671801,0.11486147
21441803702,0.00061345944
21445435603,0.0025654386
21445547804,0.037065398
21448380701,0.046016764
21448380702,0.063831575
21449529207,0.00050404976
21453073701,0.9047232
21453333202,0.23694402
21453810603,0.0010447967
21560515901,0.92522275
21561507901,0.02185139
21570371901,0.9895383
21613660801,0.9502886
21616553801,0.8210803
21619093401,0.0017446255
21619093402,0.0010151163
21619579301,0.9781657
21630651001,0.0021159472
21632808001,0.946462
21634270201,0.47351596
21636770801,0.86313444
21638707302,0.0017471997
21638871801,0.37323147
21638871802,0.6626079
21639474101,0.9989907
21641956201,0.00034796237
21644441801,0.99393153
21644554101,0.89890283
21646588602,0.013893271
21646621701,0.53802115
21646874601,0.11808557
21648036401,0.9814353
21651177801,0.034001876
21652075202,0.43827656
21652075203,0.37073863
21652663701,0.9094255
21654581201,0.87381345
21655239101,0.026561288
21655239102,0.0172816
21658400803,0.4730011
21658400804,0.009837928
21660914401,0.9673551
21661002701,0.8769612
21661142601,0.7087889
21663805201,0.9896862
21663983902,0.24602772
21666856302,0.013260801
21671727202,0.044047907
21672292401,0.21355799
21679508001,0.596284
21686895903,0.0013473656
21687199401,0.04050336
21691211203,7.921529e-07
21691556001,0.6169721
21693606903,0.3658886
21696909901,0.008742332
21697363101,0.9266636
21699533801,0.07456885
21699683101,0.022069776
21699693002,0.17937687
21701033302,0.00079498417
21701324901,0.048099622
21702837001,0.015088135
21702845301,0.03534187
21703675301,0.46229684
21703680601,0.008904339
21703680603,0.015104728
21705936901,0.0013926283
21705936902,0.0015570554
21714502803,0.9463384
21715177601,0.06008873
21718318102,0.8983625
21718318103,0.7787171
21718450605,0.0004951853
21722071702,0.9531627
21725383001,0.6377117
21725383002,0.1869796
21735190001,0.076968975
21735190002,0.052570984
21735190003,0.03229393
21736406701,0.31292242
21736721401,0.98697716
21736721402,0.98222154
21737488301,0.87239784
21738235901,0.03845319
21738722302,0.21631023
21739621401,0.8731559
21741759401,0.9985001
21744156804,0.16850747
21745976502,0.00041299802
21747858501,0.540039
21747858502,0.8866162
21749660401,0.43764633
21749660402,0.46056736
21752990101,0.98615927
21754901301,0.6818062
21755040902,8.371579e-05
21757087101,0.81468296
21758245801,0.99538404
21764073301,0.8533829
21765575201,0.51658666
21766073801,0.61596155
21766785401,0.016613714
21766785402,0.6287931
21766795201,0.0036582758
21766814401,0.0004819827
21766814402,0.0027675098
21767280102,0.96960014
21770006501,0.42793998
21778395101,0.023155337
21778746203,0.40014887
21780480001,0.08973857
21780482701,0.07602092
21780778101,0.076338716
21784508901,0.74281937
21784583201,0.07316588
21787561401,0.35074776
21793028904,0.20811702
21793186802,0.2518303
21793242001,0.5011865
21794109501,0.6237307
21794178201,0.037273113
21796264901,0.8207195
21798386401,0.18115048
21798923801,0.0022438886
21798923802,0.0013320631
21798937102,0.01032752
21799960901,0.039517593
21800014702,0.52070147
21802995501,0.0076014725
21802995502,0.0062064985
21804892801,0.0023178326
21804892802,0.0010611633
21807939301,0.8328266
21813361801,0.9918276
21813375701,0.15248784
21814393003,0.00016433132
21814527301,0.0147669725
21816012105,0.00017451652
21816239901,0.8793427
21817353103,0.007579414
21817823702,0.000117650045
21820998101,0.25813615
21821046702,0.10454991
21821046704,0.011066211
21827103301,0.12608066
21827849501,0.84633523
21828186503,0.28611487
21828203401,0.00079834444
21828203402,0.0008997709
21828203403,0.001880165
21828203404,0.00052023405
21832096401,0.019644866
21832697003,0.00021354275
21837793001,0.1530491
21839013001,0.98259383
21841795401,0.45537853
21842497303,0.00015441727
21843045101,0.9973219
21843171101,0.59049577
21845215601,0.9152195
21846533601,0.009203844
21847121601,0.9928318
21847667403,0.022926271
21847697601,0.005271748
21848394301,0.9898621
21855367103,0.97932935
21856004104,0.00065460225
21856070101,0.94073844
21858952502,0.99291843
21863120303,0.0042911517
21867923803,0.0002256338
21869317701,0.4477199
21875366602,0.7218026
21877724901,0.00063089613
21877724902,0.00067818456
21884606402,1.7591088e-05
21886819801,0.9363691
21918310301,0.9443321
21919496902,0.00888924
21940674701,0.44377825
22039160504,0.0013509145
22039625901,0.7916076
22041468202,0.77419895
22041651201,0.2674751
22042174202,0.23980495
22042245602,0.0045560305
22042245603,0.004766059
22043080101,0.03976143
22043718803,0.21841311
22047113103,0.0023027593
22047113104,0.0015158656
22047420901,0.008634139
22047833502,1.16808815e-05
22048045001,0.002257505
22064680205,0.00055575144
22066768201,0.9420674
22067398002,0.0513956
22073610901,0.9404946
22077204801,0.04161122
22077204802,0.16130403
22077721501,0.75545675
22079800901,0.022157546
22079800902,0.109993905
22082898301,0.95070064
22082898302,0.8591781
22085933102,0.028897872
22086766701,0.116337605
22086766702,0.06274686
22088892901,0.9842852
22090400508,0.00066353974
22093489901,0.17582074
22094523101,0.89503735
22096832202,0.27122262
22098420201,0.29401457
22101369103,0.018585071
22103845101,0.11810926
22103845102,0.019356905
22103887801,0.0009374741
22103900703,0.023991808
22104909001,0.4814128
22106594501,0.14776324
22107750301,0.9756631
22108849601,0.9617583
22109782601,0.0029353576
22109983001,0.993246
22110111605,0.0011293847
22110234201,0.9571016
22110733802,0.040461175
22110800501,0.37891793
22110851901,0.8339934
22115196201,0.007963908
22116154601,0.055286843
22116342001,0.020961702
22117902001,0.27390036
22117964501,0.99942267
22120066401,0.083903775
22120066402,0.0038871707
22120576801,0.8206124
22120977701,0.9752607
22123841301,0.92330855
22127652702,0.00083463883
22131354402,0.6483744
22133708704,0.060461648
22133708706,0.01589865
22135424201,0.90946305
22143361801,0.964271
22144415901,0.9939533
22151674001,0.9834055
22154093501,0.43521646
22156544701,0.7706398
22156788401,0.9012483
22157408101,0.54983985
22158378201,0.8462909
22159525701,0.33084223
22161997901,0.59141195
22162943901,0.60237765
22164094301,0.39760605
22167799501,0.034392774
22168049702,0.002904889
22168220501,0.70891976
22168220502,0.08483808
22168673801,0.9903502
22169748701,0.97488904
22169765001,0.47318617
22172402301,0.41682371
22172402302,0.74028933
22173421501,0.27478042
22173674001,0.8982403
22174568201,0.17140764
22177719901,0.7154154
22177724601,0.6206569
22179856701,0.831876
22180188201,0.23669569
22180501502,0.017534077
22180501503,0.0213524
22181043001,0.0008650485
22183805601,0.84062046
22184019601,0.00030289174
22184019602,0.00011817719
22184019603,0.00016065945
22184630701,0.8498426
22189569005,0.05232158
22189572802,9.5896175e-05
22191094301,0.924236
22194201401,0.94298524
22194334601,0.472253
22194347001,0.24558157
22200826501,0.94162196
22201201104,0.044925902
22205099901,0.086531654
22205726801,0.5085851
22208455703,0.002871933
22208687801,0.11394335
22208918602,0.00024051312
22208918603,0.00026240005
22211641901,0.36174834
22212659301,0.7088054
22216033601,0.76874244
22216033602,0.20655245
22216570801,0.8732298
22216579101,0.89747393
22216579102,0.8926921
22218443806,0.0011488388
22221648305,0.0017987553
22222977801,0.84298986
22223061701,0.92238426
22224039201,0.44764647
22226337501,0.9870761
22483758801,0.0020409834
22483758802,0.0006350977
22485147603,0.0013499192
22492891801,0.989794
22493069501,0.98180836
22496451701,0.9611453
22498095001,0.760916
22504037201,0.97883314
22507683501,0.14977574
22507683502,0.357986
22510010602,0.0004087235
22511986801,0.64672244
22511986802,0.9577742
22511986803,0.95720917
22514644201,0.6767464
22514674901,0.005145972
22517492602,0.00016164083
22517855904,0.90021956
22523551701,0.9788913
22524306902,0.27212387
22525381901,0.08325466
22532909603,0.39324564
22541044101,0.96818
22541344601,0.98500824
22545250102,0.0014030024
22545250104,0.003075482
22545675103,0.13568622
22574095501,0.8466716
22575075201,0.9366324
22582540101,0.0032811216
22582540102,0.003074891
22594300401,0.9878462
22594767401,0.8298554
22604745701,0.95437056
22638249902,0.5763723
22672232001,0.085741416
22672232002,0.075669445
22672232004,0.4838696
22683261501,0.98484623
22683287103,0.0029771603
22702617101,0.0027810906
22703128501,0.1642099
22703623401,0.044410057
22703623402,0.44438544
22713709301,0.93063605
22714156601,0.92882
22746079401,0.8138438
22746581101,0.47508988
22746604201,0.6915574
22746612201,0.0019190856
22747060403,0.9944765
22747585002,0.00094592106
22747585003,0.0010655462
22769036401,0.21655445
22779793802,3.780848e-05
22781298204,0.017687058
22789763201,0.16180521
22789779601,0.9870192
22812334101,0.8189854
22812804901,0.0026047344
22834291301,0.6944729
22834332601,0.87710667
22862957201,0.15905666
22862962201,0.0011472505
22873211903,0.7584254
22892300705,0.039425146
22892747501,0.5883272
22893246301,0.18013473
22893257401,0.8181543
22893269302,0.09600879
22911825702,0.2185711
22911847001,0.81292075
22911847002,0.97567934
22911847003,0.94137186
22942425302,0.19599025
22942427801,0.009002925
22942482604,0.0025606109
22961976801,0.6359487
22962968601,0.9390578
22971606501,0.093693525
22971646101,0.3655347
22972674801,0.00030566333
22972674802,0.00027261046
22972674803,0.0068637184
22981724401,0.20996414
23002970302,0.0006098181
23002983901,0.009950115
23004470901,0.43756372
23015290001,0.6886577
23035362101,0.73302394
23057082901,0.95568204
23058130401,6.925687e-05
23079372001,0.93475497
23090832901,0.86676466
23102425101,0.0464614
23102425102,0.028448146
23102870601,0.92428416
23103886301,0.77211046
23107341601,0.020272486
23107350501,3.5915187e-07
23112834801,0.89011705
23113689703,0.022998849
23125098401,0.9721591
23125142202,0.746149
23125580901,0.22807805
23135126301,0.9632408
23135167201,0.035346817
23135171804,0.36020327
23135623801,0.8959254
23135659901,0.057990007
23136122801,0.11548488
23136122802,0.027311618
23136122803,0.14449055
23146193401,0.10040321
23146193402,0.0036216737
23146193403,0.004492782
23157353201,0.87417173
23172100501,0.99402124
23172100502,0.99664354
23174490501,0.082453385
23177003201,0.95689243
23178018201,0.3521088
23178490102,0.14739886
23180188501,0.6939758
23190221601,0.9497073
23190221602,0.3529377
23197688301,0.9003795
23197743802,0.6209884
23209700402,0.1382677
23231213701,0.027461462
23243648101,0.9005129
23254876103,0.0001508361
23265254301,0.01700836
23276038102,0.1982811
23276887201,0.088824704
23285972001,0.02120615
23286914102,0.7943933
23286914104,0.80567074
23287386901,0.97718155
23298543101,0.009508333
23298545802,0.8821851
23299544601,0.008283844
23300046202,0.8528914
23310541701,0.06026861
23310541702,0.0012834669
23311586404,0.9259851
23332010701,0.6363612
23355321002,0.48416832
23355354701,0.9004021
23355843001,0.60610485
23355843002,0.9803844
23356301702,0.1629047
23376269705,0.1066778
23377274401,0.83251363
23398218101,0.80653644
23410160201,0.9907732
23420323404,0.7179736
23431021405,0.9419572
23442220502,0.0018680558
23442220503,0.0006444403
23453219601,0.065935984
23453966101,0.5834898
23463895601,0.9907844
23474773401,0.108833775
23496903003,0.14566411
23496903004,0.92322326
23509219903,0.0008283996
23518729202,0.01103379
23519268102,0.0007730589
23520285401,0.74178785
23531881401,0.5893602
23541531501,0.84514004
23541623201,0.94726527
23542521601,0.647981
23552279601,0.0433976
23553247401,0.001687898
23553303201,0.7539233
23563172401,0.0055565885
23563172402,0.018405681
23563172403,0.000101160505
23564189001,0.00057943584
23564189002,0.021300618
23573923701,0.78710234
23583698801,0.68895775
23606851101,0.03976002
23629031201,0.014349345
23629910601,0.58974737
23629910602,0.0051670633
23629938301,0.8819521
23640949101,0.058542654
23640949102,0.0004898908
23672559601,0.027879963
23673050801,0.6746981
23683298401,0.012415486
23683818103,0.0011625031
23693775801,0.8631648
23694796301,0.017686848
23695303701,0.94442016
23716404801,0.006513018
23716458801,0.06859152
23716458802,0.79624736
23717288501,0.9843748
23795745101,0.08748925
23795745102,0.09924184
23796990004,0.0005878146
23805885501,0.24918707
23805918001,0.9977108
23807039601,0.1266253
23809035801,0.00074991194
23809098302,0.6683147
23812303602,0.22496974
23812303603,0.07161065
23812380203,0.047011465
23812401603,0.6780206
23813118203,3.6769362e-07
23818056201,0.0040334053
23819575802,0.00035627838
23819770901,0.96655744
23819770902,0.03407609
23822807301,0.31077346
23886995603,0.003269573
24549381901,0.3887852
24549662103,3.4710214e-05
24552442202,4.882425e-05
24552475402,6.131789e-05
24556561301,0.93332255
24556863401,0.0079057915
24557497101,0.16537397
24560385301,0.095807165
24564376002,0.053540494
24573035201,0.65805036
24576474701,0.9842218
24581040301,0.14637142
24583900004,0.07319977
24587862401,0.98729414
24588812404,2.2086464e-05
24593297202,0.04483184
24598067702,0.7049924
24600223201,0.00012433474
24600223202,6.411539e-05
24600621501,0.5541072
24601170001,0.19937281
24601170002,0.9661333
24601849901,0.040411323
24601849902,0.0007421915
24601849903,0.1652221
24601849904,0.0017993791
24603533501,0.9933623
24603968601,0.10576391
24603968602,0.13473919
24603968603,0.39989758
24604617403,0.028879106
24605227504,0.008307012
24605394301,0.026852313
24605394302,0.19233261
24607585101,0.35038233
24607593601,0.84726703
24609526002,0.004026397
24611740101,0.7586158
24612322301,0.9591611
24613706502,0.3719538
24614521102,0.0023707373
24615293403,1.6126896e-05
24617485301,0.0008843018
24617708302,0.01420441
24617945503,0.9656772
24618940801,0.34931996
24619891502,0.43286744
24620686901,0.9222171
24622419701,0.18621533
24624474101,0.008314763
24625720401,0.3157813
24625720402,0.16996396
24625811502,0.2654018
24627345901,0.7331289
24628859601,0.007588425
24628859603,0.026148632
24633486901,0.82770556
24637396302,0.06973553
24639354902,0.00012165217
24639639401,0.8570064
24639676501,0.8153513
24641295401,0.9610574
24641921101,0.031998813
24641921102,0.050618317
24641921103,0.085668504
24641926001,0.018638398
24643969602,0.3089115
24645286103,0.9325669
24645296502,0.84528154
24650911201,0.8605578
24652557704,0.0018785775
24652579902,0.013006938
24655223401,0.0005693502
24655241401,0.02258887
24657290602,0.84136194
24658694001,0.21509294
24659711403,0.9941043
24660704601,0.032459836
24660704602,0.64860976
24660776002,0.0046142363
24661442601,0.9745531
24661690702,0.010862052
24663933101,0.90551883
24675923401,0.78159875
24687771701,0.99702007
24687793901,0.7321423
24688478702,0.012812436
24691290901,0.8042567
24692315202,0.0006186022
24702920902,0.00022802975
24703510304,0.0019347757
24704045401,0.05878026
24704054801,0.010584142
24704089201,0.0052908454
24704089202,0.0026006305
24707346801,0.04596329
24714373101,0.06882552
24715235901,0.36181396
24719214304,0.0031201574
24719233201,0.0004215431
24719233202,0.0002483655
24719233203,0.34943277
24721732801,0.8429412
24722186901,0.44346675
24729893501,0.016276605
24730371701,0.0100815715
24735402302,0.037502643
24742043703,0.022490708
24742057301,0.97979057
24744163501,0.5835885
24745174101,0.0065803323
24745174102,0.046270132
24748747801,0.007726728
24748749901,0.018784845
24749324801,0.02845925
24749324802,0.035874914
24750520501,0.8743046
24757802801,0.57953507
24764919603,0.00057264237
24764919604,0.00083459506
24765332701,0.8264659
24765332702,0.008837353
24769748502,0.91960216
24770252501,0.011471887
24773016201,0.85215914
24773592201,0.8644141
24778146401,0.60817933
24778146402,0.86857504
24780832201,0.07289618
24781303801,0.00028950442
24785025603,0.6491578
24793347701,0.921025
24793347702,0.97687143
25556746001,0.37625968
25556746003,0.009632166
25558687201,0.9270941
25571712403,7.6251985e-05
25576031901,0.08112421
25576031902,0.01130151
25576614501,0.3452556
25576684701,0.08635363
25576988707,0.0004217021
25578431601,5.3559525e-08
25583238602,0.00082249066
25598969802,0.0005583573
25607453305,0.020524187
25607453306,0.007580399
25608610301,0.1519525
25621352802,0.005539227
25622677502,1.5093857e-12
25623995302,0.002738208
25637446901,0.8523836
25637446902,0.6635828
25637446903,0.45176974
25638076101,0.19223082
25639025101,0.7267848
25654092301,0.03319235
25695422201,0.19915356
25695825401,0.33163255
25709323802,0.53336567
25724885602,0.00030964802
25726621001,0.0015866231
25726632304,0.015530233
25741194501,0.9967541
25741598902,0.005742928
25753472601,0.85731465
25754091102,0.3744926
25754091103,0.2596839
25754095701,0.064117104
25754095703,0.13886721
25754095706,0.05073652
25755065301,0.10838167
25755065302,0.00057365827
25757187203,0.17342854
25757707402,0.032458827
25761106302,0.00056685903
25764177801,0.4531083
25768437801,0.14744742
25768558601,0.36311525
25772023402,0.19648594
25773707302,0.00078047626
25773707304,0.01551466
25825209501,0.00031579484
25826069501,0.37806264
25826069502,0.6632784
25826202302,0.036077656
25842192501,0.0008627651
25842192502,0.0018470143
25842192503,0.00029327912
25849045303,0.0037657714
25858126001,0.6034504
25858126002,0.14355865
25858126006,0.35362774
25872013903,0.0021859396
25872013904,0.0032903338
25874292302,0.013055174
25881341102,0.050261963
25881390301,0.29243344
25881390302,0.23704992
25889775501,0.89661825
25912451601,0.50742054
25912503502,0.35025403
25912503505,0.090004936
25919953404,0.018131858
25948133904,0.8300021
25948839702,0.00093770627
25958968901,0.44145045
25963244204,0.28504428
25967529501,0.76906395
25970124201,0.9206256
25980273201,0.73217326
25994657402,0.10877225
26000432401,0.9992761
26004372301,0.9853184
26009174902,0.96200293
26009712202,0.023899328
26009712203,0.03702891
26009712204,0.9782008
26009771102,0.7607928
26009771103,0.20032391
26012982601,0.36853704
26013232701,0.0029078433
26013232702,0.004131374
26013233002,0.01787865
26016045303,0.00017478669
26016048201,0.6382534
26016048202,0.58372766
26019054701,0.07955455
26019054702,0.06203424
26024225701,0.7008937
26026059502,0.01161992
26026893203,0.03885326
26030427701,0.0005916252
26030427702,0.000559199
26030429601,0.0029732108
26030429602,0.002589201
26035350703,0.00017663454
26035371004,0.0007787441
26035371005,0.0011247599
26035384104,0.019624516
26035384106,0.013858538
26035558604,0.001636394
26041493001,0.0024091671
26042445704,0.7243599
26045968002,3.8297243e-05
26046260902,0.12721024
26046665901,0.044048972
26050411401,0.0038390371
26050411402,0.004958991
26050414701,0.041421838
26050634002,0.030250467
26051993801,0.19845487
26051993802,0.87179524
26054554501,0.99538934
26054617201,0.001072271
26055984401,0.99146044
26055984403,0.0029351516
26060882002,0.98398143
26060922201,0.5987646
26060922203,0.1432561
26070853701,0.9991763
26074903401,0.23279367
26081593601,0.8189865
26091366601,0.8091644
26091681104,2.9501e-05
26092100501,0.6579762
26092577701,0.38946944
26092999002,0.045941826
26094918402,0.8779554
26095128901,0.81788605
26095128903,0.6211164
26095128904,0.6036231
26095158801,0.86676115
26096967001,0.03484173
26097151103,0.12906231
26098650401,0.05922077
26099532902,0.99536175
26105522601,0.97077113
26106049303,6.194342e-06
26109007202,0.8860538
26117841001,0.00076381525
26117841002,0.00056538015
26120389105,0.020725079
26123942502,0.001528716
26125771602,0.7413791
26130623704,0.92411494
26131421501,0.0036477258
26131421502,0.0030130642
26133274501,0.12590657
26142447704,0.004824157
26144966803,0.0001735069
26144985201,0.5551566
26145163701,0.0003168044
26145163702,0.00024901828
26154570303,0.00012435226
26154596002,0.73525536
26158021103,0.5911401
26158160601,0.0008921826
26158160602,0.00043313392
26158392003,0.82829523
26168060203,0.00057777314
26168060204,0.0006205937
26172424303,7.093411e-06
26174665703,3.7110953e-05
26174687002,0.9895036
26177241101,0.92422074
26186740901,0.14626046
26187009103,0.04264179
26187163801,0.9493624
26187479401,0.6403901
26187515202,0.0008135485
26189900101,0.37987518
26190247803,0.01931659
26190247804,0.014533639
26191131102,0.00073628145
26193037704,0.0001572458
26195174804,0.03874618
26204521801,0.0010290301
26204521802,0.002659136
26215523601,0.9681694
26215697801,0.86474663
26215706104,0.015965967
26215782501,0.7676711
26216234603,0.0061569666
26219093503,0.08491762
26238506402,0.0016747114
26238506403,0.002252728
26245583901,0.14248654
26245758702,0.99915123
26250828302,0.00057233096
26251692401,0.89324445
26252300102,0.06696904
26255335102,0.031051748
26255871603,0.0047525503
26266623001,0.9861091
26270656001,0.003143042
26270656002,0.0004283369
26271099101,0.430152
26272820802,0.016843874
26272820803,0.004295656
26272918701,0.7624752
26282503603,0.00023419913
26283346001,0.05195047
26283346002,0.04996772
26283346003,0.011560887
26283346004,0.06395921
26283346005,0.05570014
26291121401,0.8626183
26293961202,7.131027e-08
26295481001,0.0025581885
26295481002,0.0012293626
26300317601,0.99820423
26303039202,0.9841569
26307226002,4.5653192e-14
26307226007,0.02112954
26307393401,0.16118488
26307961704,0.008078905
26307961705,0.007866425
26307961706,0.006459448
26308038402,0.35518575
26308463105,0.10713767
26317656301,0.24174291
26319792502,0.077634566
26331062001,0.89518195
26331064703,0.52353585
26331064704,0.90588224
26335061702,0.9940054
26335076104,0.10788778
26348683307,0.0018305812
26349337102,0.614502
26349379603,0.011584162
26357197102,0.19169647
26360788101,0.58552796
26362976301,0.36299416
26366173702,0.9963135
26366872402,0.038715288
26371177901,0.65217066
26371330502,0.068138994
26371330503,0.07896253
26371340501,0.83118063
26371340502,0.80444217
26371340504,0.70062655
26371563301,0.083374344
26374803301,0.97693
26374838901,0.6304167
26376831801,0.011874033
26376831803,0.0018850815
26378510801,0.073656574
26378517601,0.17823093
26378555502,0.000111679925
26387274202,0.925265
26387429804,0.00065733556
26395378601,0.9731664
26395546001,0.71415055
26419743803,0.25588667
26421650602,0.035518073
26448794102,0.18379703
26449602903,0.0058752974
26450110701,0.5893212
26536978902,0.16108385
26541498205,0.0011629275
26551039701,0.968423
26552021904,0.00018885378
26552562901,0.06871716
26565749303,0.055524122
26582101601,0.008129475
26641246801,0.4612435
26645577102,0.94044966
26645611903,0.115748934
26653025902,0.5254962
26669663701,0.0005128771
26670260503,0.03690357
26685660501,0.014068427
26701274602,0.0037473068
26702505201,0.7853871
26714251904,0.24923308
26714771203,0.0059377644
26714771204,0.0065272045
26714771206,0.00022286997
26716638901,0.03705941
26716684501,0.017605158
26716684502,0.015715735
26716684503,0.014487468
26716684504,0.021027438
26716684505,0.01908822
26716684506,0.022153687
26716684508,0.11074919
26716693904,0.00033945826
26716782501,0.747246
26730331204,0.021316562
26730331205,0.021914093
26730331206,0.019124249
26730668703,8.85438e-05
26730668704,0.00022475094
26730808301,0.36376077
26758046601,0.5892164
26759440502,0.9925789
26880788703,0.00093002245
26974289504,5.7197667e-06
26979548101,0.054932527
26984992001,0.063450165
26991599001,0.29514793
26991610901,0.67382544
27028529701,0.18151717
27028529702,0.91983354
27034121401,0.9985051
27034331601,0.9547743
27042506203,0.0026756858
27050417001,1.3075874e-13
27050491005,0.0059444997
27055766601,6.5351e-05
27055766602,0.0036699455
27152144201,0.17446029
27152203901,0.94254476
27155498801,0.043147445
27157468501,0.47343418
27163993103,0.0041900403
27172670301,0.013095813
27181132902,0.00019148462
27185283702,7.2768984e-05
27185449202,0.08923053
27189259502,0.9242497
27190096001,0.19050229
27190324701,0.94174355
27190324702,0.7296052
27197246301,0.036205336
27208686901,0.39861956
27208686902,0.0006933676
27212748401,0.02286287
27212748402,0.00033056986
27212958501,0.00061645254
27212958502,0.00034493854
27212995301,0.9096934
27219488301,0.45818496
27219488302,2.2796405e-09
27219488303,0.9881435
27228581701,0.9444812
27235713401,0.9810066
27235713402,0.0022381458
27242919602,0.026215063
27252754601,0.5226253
27256471803,0.08982558
27256471804,0.013770556
27276568603,0.002788663
27276863101,0.99670464
27277359501,0.22844236
27277359502,0.09715419
27277359503,0.50921214
27285353901,0.96155643
27285415703,0.042974792
27286134003,0.902181
27322473602,0.039184272
27326899101,0.20622003
27326899102,0.3497383
27326899103,0.7686173
27326899104,0.5587344
27327038903,0.007096874
27332341801,0.745887
27369985401,0.2404955
27398839501,0.012054681
27408221601,0.12043152
27415113501,0.9988337
27446160001,0.5252902
27641558601,0.8280913
27643954201,0.8804294
27664743902,0.60267526
27683657902,4.309293e-05
27683743003,0.11246086
27686430801,0.72111595
27686430802,0.49907172
27690479601,0.9242971
27697729101,0.07389275
27697729102,0.012026236
27697854801,0.9837134
27701729001,0.17573373
27702250501,0.75740504
27703309601,0.688616
27706982901,0.90087855
27710375202,0.0030110788
27710395501,0.9830131
27710844901,0.94232804
27714798503,0.18768744
27729898901,0.7468202
27730004501,0.77784956
27805099803,0.36673936
27805531504,5.9464637e-05
27818334201,0.9519611
27829662102,0.07546422
27840861901,0.37213957
27840861902,0.6500808
27840939002,0.00046368546
27851841601,0.028387513
27851841602,0.0008625372
27854284101,0.99891603
27854284105,0.9856849
27858939301,0.6386547
27859102702,0.9228143
27859364201,0.77219975
27868364102,0.006772388
27868384401,0.99956316
27868384402,0.99878603
27872677001,0.95496875
27873012001,0.0084678
27873012002,0.019578677
27873095601,0.053823214
27873095602,0.014877051
27877694802,7.574227e-05
27878011701,0.9674287
27882343604,0.00034448763
27886178301,0.00087717554
27886182601,0.0008812714
27886182602,0.00057461386
27886274702,0.98958874
27886275001,0.979514
27886277203,2.6734366e-05
27886621101,0.995999
27886622001,0.78904194
27889533801,0.32340804
27889570501,0.97621876
27889825503,0.00012302976
27899095402,0.9863826
27899166501,0.9556083
27908839501,0.8238825
27915500303,0.07834922
27924762801,0.13705473
27925025604,0.0011947489
27925155803,0.028237158
27936139101,0.020544449
27942806305,0.95815873
27942972201,0.4771213
27943008802,0.9822235
27943008803,0.298709
27943042702,0.08586482
27951416304,0.06636762
27951615701,0.0002631536
27956970702,0.117321074
27956971802,0.00060895266
27957311101,0.03002892
27957459101,0.04778103
27957459102,0.02082749
27961363404,0.0001420559
27961595601,0.036351535
27961595602,0.0008019095
27979776201,0.6448896
27979817003,0.036519226
27995042301,0.008655756
27995222801,0.9474937
27995222802,0.98921275
28005211402,0.13447109
28005269001,0.06276645
28005365101,0.9349093
28005365103,0.1300407
28009683001,0.4672608
28069973201,0.006353142
28090966801,0.0059833257
28192762305,0.8878316
28197926501,0.903722
28205019801,0.2862185
28205180302,0.019977361
28208557301,0.23544428
28209087502,0.00028985066
28419483702,0.002822402
28419483703,0.003419292
28419676203,0.007102895
28715696801,0.98854256
28732926701,0.946004
28735439701,0.9210883
28740200901,0.584618
28740572701,0.0036178082
28742668902,0.0039940123
28742818402,4.0050396e-05
28743199002,0.0028145323
28749081302,0.2020105
28749174303,0.0025866283
28753093602,0.004017705
28753435901,0.021972984
28758831903,8.587331e-05
28759118302,0.004582716
28759118303,0.046316214
28764023204,0.00890329
28764068003,4.9214304e-05
28764068502,0.00012335234
28764195402,0.0022219154
28771712302,0.9042736
28771712305,0.18650474
28795766002,0.036908183
28802749102,0.008855701
28806738601,0.79910046
28876984901,0.99901724
29029048001,0.8276734
29040817102,0.00058863836
29041097904,7.2394774e-05
29041097905,6.867862e-05
29054777001,0.46405768
29055928001,0.07376174
29060531101,0.009942744
29069929902,0.000102621016
29070370202,0.074351475
29070402701,0.5049988
29070402703,0.08149029
29074019201,0.67304283
29083085001,0.47124842
29083403502,0.114427425
29083951201,0.020041829
29083951203,0.02387047
29095350408,0.0002772963
29095575303,0.014999688
29100079303,0.21212773
29100565601,0.963706
29100565602,0.22565967
29100565603,0.7830054
29110114603,0.3868804
29110228401,0.021624548
29110228402,0.0557777
29110228403,0.006423526
29110228404,0.0069245906
29110592401,0.773673
29132383101,0.9762679
29141720106,0.9766291
29142244001,0.191733
29144913201,0.23996687
29151753701,0.8933197
29151760401,0.98266554
29152077301,0.007103221
29182529401,0.6795573
29212271704,0.0050267004
29212276901,0.00035824452
29212276902,0.00024101498
29212768701,0.00035729498
29221488101,0.6075693
29221493501,0.007974141
29221493502,0.016710145
29229480901,0.5089531
29229480902,0.063403085
29241156701,0.91539156
29241523402,0.5939425
29247930902,0.8756669
29251239901,7.585442e-13
29270577404,0.002132324
29282490402,0.68670344
29308064101,0.17861237
29315430402,0.0017930758
29316626904,0.00044680704
29322246202,0.18260801
29324062304,9.456812e-05
29324609001,0.25433254
29327303201,0.0027135618
29343763701,0.67903525
29348090301,0.043494057
29348090302,0.0044433316
29389805801,0.9749274
29396538402,0.0007802446
29404794903,0.00022954206
29405213203,0.0004613067
29405213204,0.0003492455
29409296601,0.0014837965
29409296602,0.00056168094
29409382403,1.6602133e-05
29409382803,8.466378e-06
29414726401,0.7188615
29414726402,0.03845352
29414726403,0.6651316
29414726404,0.27155513
29414807901,0.034560263
29414807902,0.012933722
29415492801,0.8237136
29419561702,0.40864876
29419561703,0.00017749412
29420837802,0.00011994757
29429237301,0.993956
29432731204,0.010941595
29434148703,0.13069053
29439947401,0.616973
29443845601,0.39952254
29443851901,0.10676613
29444175701,0.9612428
29460727001,0.92975175
29460732601,0.5324828
29468766501,0.80446154
29475193401,0.83625156
29478154701,0.9913123
29483547602,0.03237114
29486954902,0.8521045
29487345703,0.23991808
29489270701,0.6678578
29492969502,0.04047318
29497805101,0.7918362
29497805102,0.54653084
29498156601,0.9809095
29498222201,0.9899064
29498228902,0.8114415
29504166101,0.13976972
29513104101,0.8252175
29516943101,0.28302857
29517639301,0.9823798
29536876701,0.46456227
29537350203,0.029788446
29537501101,0.42955726
29559371202,0.96178955
29559925601,0.95418686
29559925602,0.044890486
29559925603,0.031908803
29564674901,0.8845471
29578046401,0.9301879
29755818303,0.00021225093
29755818304,0.00021250702
29756126902,0.0012701997
29770101304,0.00014804657
29771119701,0.027976118
29772274301,0.4769885
29782930801,0.8740615
29782930802,0.53812534
29783354301,0.011003326
29805684404,0.00042533127
29805991701,0.41982883
29805991702,0.002804328
29806911401,0.98190534
29828173501,0.77031666
29838867101,0.14640097
29839044701,0.71291614
29839044706,0.0007507083
29852037401,0.0022668361
29852843101,0.98205584
29862728501,0.278751
29863442301,0.23872134
29863442302,0.6223018
29863487601,0.9215177
29871998303,0.00012937606
29871998304,0.00014801804
29872318301,0.6858684
29894113901,0.9026438
29916232601,0.67298466
29917356101,0.002782234
29917356102,0.05994501
29917356103,0.0023694513
29917440301,0.97406685
29927187501,0.9501717
29927274602,0.00013852208
29939926004,0.16749607
29949898201,0.9727284
29950712302,0.6554883
29971922903,0.00905072
29972078402,0.00045586567
29972173801,0.41429886
29972871601,0.88817924
29977986802,0.011705174
29979965801,0.9994708
29987018701,0.03739564
29994528501,0.009043468
29994528502,0.004950297
29994528503,0.9521687
30003893501,0.98486483
30008705901,0.0005540571
30014106204,0.00029518205
30014106205,0.0007835429
30015908202,5.3381427e-10
30016476601,0.9321387
30016656205,0.03424881
30016759701,0.028874647
30016860901,0.9085956
30028954301,0.35134056
30029319702,0.9657021
30030730501,0.75401264
30031613204,0.38549548
30032179801,0.5485193
30032649603,0.0008404531
30032649604,0.0016723467
30032683902,0.13744594
30037859601,0.020592729
30044456803,0.25117707
30044862502,0.44764587
30052399801,0.5762459
30064108703,0.32431108
30071014401,0.82386136
30074436902,0.0204386
30074542704,7.602876e-05
30075494602,0.0379748
30076192503,0.8028441
30080830101,0.95979583
30081008601,0.9694353
30081274101,0.9915275
30081274102,0.9866572
30087154501,0.93336856
30087154502,0.008930426
30087674601,0.6374847
30094897301,0.13828903
30094897302,0.7376709
30095543403,9.659097e-07
30109886907,0.15125583
30115216901,0.9952566
30115379201,0.12550834
30116063801,0.032127
30116063802,0.031062266
30125009301,0.7435905
30125334401,0.9246026
30130923101,0.0037577576
30131311901,0.9179574
30139977901,0.38667175
30154499103,1.7497445e-05
30154920102,0.061549526
30155164401,0.9748327
30160961501,0.060569525
30161355903,0.3383268
30175063001,0.057849348
30175063002,0.23645113
30175294302,0.8207739
30189600401,0.024458146
30189603002,0.1097366
30194895401,0.006618941
30194895402,0.00058139133
30195525702,0.090938665
30195634201,0.85387015
30195634203,0.006097631
30195635701,0.0049970993
30195635702,0.0021784196
30205475701,0.8760596
30205497401,0.17938164
30298713005,0.00080386095
30298848601,0.29392803
30301363001,0.828517
30301363002,0.46511137
30301363003,0.6079842
30301708302,0.5296797
30314365601,0.0008106044
30314365602,0.18367997
30326438701,0.02162385
30326438703,0.17967476
30326870702,0.74935514
30337329902,0.25428793
30339007702,0.0029199615
30346690901,0.7125376
30346867104,0.008394359
30346972501,0.76444256
30348573003,0.015875569
30348734302,0.001412846
30353147001,0.16734712
30355737703,3.5261884e-05
30365284401,0.012380305
30365617801,0.9760761
30365717101,0.9336424
30371152901,0.288885
30371572601,0.7368192
30378848702,0.19331844
30379358301,0.00028627372
30384110102,0.008015595
30384769801,0.9312708
30389946702,0.27784377
30390173001,0.42343017
30390173002,0.46943876
30399401101,0.2379651
30399951201,0.2444163
30399951202,0.8831724
30399951203,0.866156
30406573202,0.0049851453
30406638001,0.1006693
30407181701,0.005498402
30407182701,0.8368588
30407401202,0.041220754
30407503102,0.68644893
30407951901,0.95508707
30418255101,0.007920584
30419007501,0.42052215
30423779003,0.00027457057
30423787101,0.76215225
30424573801,0.6022185
30424590302,0.024814945
30427458401,0.0012872481
30427458402,0.0012824389
30432655001,0.983979
30433113801,0.011945932
30444809701,0.8418863
30448101303,0.0020238745
30448178701,0.84090203
30448178702,0.6282107
30448178704,0.7915841
30454564202,0.15229452
30454785801,0.96220475
30466376101,0.24649769
30466376102,0.026337855
30466456901,0.8614288
30469061801,0.9996221
30469061802,0.9888621
30470641901,0.83626956
30470818201,0.73413837
30472961001,0.21125238
30473644201,0.6508832
30476876901,0.7975589
30477444401,0.9972779
30477444402,0.98006105
30484227701,0.77762294
30485533602,0.004685515
30486265301,0.0014342424
30486265302,0.0013815355
30486265303,0.0039565396
30486265304,0.003070437
30486443401,0.1856289
30489838201,0.4497226
30490239003,0.0069442596
30490342801,0.12853768
30501828801,0.84131455
30501828802,0.9214593
30501837302,0.9208985
30518186301,0.99612916
30532210702,0.00020769112
30532369303,0.002224616
30532857801,0.857279
30532986802,0.07600745
30542400301,0.9991866
30542556602,0.056833282
30552180001,0.38203448
30552180002,0.38590336
30575655101,0.53200495
30620131104,0.25397742
30627151403,0.0015293895
30635759303,1.0381385e-05
30645349904,3.1566145e-05
30646658201,0.7440829
30657320101,0.4918982
30657320102,0.92689157
30657378602,1.8664208e-05
30657955001,0.0012805496
30663508801,0.9731328
30663508802,0.35244784
30663842701,0.12728603
30672323002,0.0035239363
30672377501,0.21015145
30673953702,0.0014628128
30677139301,0.00024814025
30677241102,0.010574349
30679070201,0.67775
30679543103,0.7637645
30682369201,0.0016914661
30689766403,0.030936863
30692926302,0.013459556
30692926303,0.05065823
30692926304,0.068483986
30705737802,0.18597813
30709150403,0.0012947512
30715884502,0.004446494
30715884503,0.0014268344
30715939602,0.00036615055
30732028202,0.0022682997
30732409801,0.24411081
30732748801,0.12331611
30739915702,2.8595845e-05
30749068601,0.42386153
30749106901,0.026945682
30749112901,0.0008624746
30749239801,0.16353592
30935049801,0.100381516
30935054301,0.59015447
30935092101,0.97280914
30935092102,0.030707527
30941059801,0.13915679
30948580001,0.34534067
30948629204,3.468404e-05
30948634103,0.026724907
30948634104,0.008515621
30954461202,0.3279397
30963618501,0.15899657
30965471901,0.9602483
30965761001,0.6340313
30965822101,0.607683
30965953001,0.42442727
30974462701,0.0011903351
30976004201,0.09792928
30979235701,0.99732095
30995649202,0.03242752
30996336201,0.984875
30996340801,0.40471008
31009982901,0.9386426
31010281101,0.4698342
31010313601,0.9738556
31010421501,0.17357217
31017413306,0.043951765
31017948602,0.40952787
31018289901,0.65175015
31035510601,0.8864582
31041914304,0.0001758408
31041979501,0.36577865
31041979502,0.015060503
31042640401,0.90519375
31050716202,3.655224e-05
31050716203,3.1704883e-05
31050962601,0.0064552776
31051309701,0.03607604
31051309702,0.04647177
31065631301,0.50419146
31066279003,0.00022167173
31066294604,0.43074387
31073216103,0.0065042637
31073348401,0.89454734
31079639803,4.832768e-05
31079639804,5.148724e-05
31079659601,0.5993581
31080328201,0.0011460066
31085579702,0.23954354
31086235905,0.15797366
31095468503,0.06259421
31095512502,0.20999348
31095512503,0.3250115
31095512505,0.017914789
31095622501,0.17998452
31095960601,0.12299369
31095960602,0.12984747
31095960604,0.08708503
31102893306,0.6043497
31103481801,0.88990355
31110694003,4.0339142e-05
31117500803,0.78295183
31124246002,0.0043878173
31139230601,0.025466051
31139241705,0.14371316
31141311301,0.0039839526
31141311303,0.19216092
31153074105,0.13307284
31153074106,0.46093228
31153137204,0.1403129
31153423902,0.2520748
31156458102,0.50996757
31189217004,0.3401919
31195859401,0.8369443
31196300402,0.0002705453
31226738103,0.00071619876
31238678201,0.87845194
31239040401,0.65816665
31239225801,0.9265901
31264122401,0.009022704
31275867301,0.29407242
31275884901,0.034381706
31287423601,0.647717
31287423602,0.861129
31287640404,0.009785677
31299226201,0.8386935
31299280601,0.22932142
31300028601,0.96537393
31312069101,0.3394963
31312069102,0.6194653
31312389901,0.14071374
31312800101,0.12875077
31324528502,0.015733864
31335382501,0.47860965
31348201604,0.00272769
31360103001,0.81762254
31360186501,0.85432595
31360332501,0.00079319597
31360332502,0.00051152677
31360332504,2.5855454e-05
31371563702,0.0024553367
31384116301,0.1150503
31384116302,0.049489252
31384355301,0.93010277
31384390703,0.7593156
31384390705,0.047076855
31384645901,0.9318299
31394113801,0.9475345
31407379003,6.7418455e-06
31407379004,8.348936e-06
31419413202,0.019201793
31443420602,0.708627
31443586801,0.7502753
31444058201,0.0028111474
31444058202,0.003450556
31456224401,0.35435602
31456224402,0.6505956
31456540002,0.13381091
31486596201,0.9544176
31493998303,4.9020673e-05
31494107001,0.007428501
31494107002,0.032157924
31494111801,0.0027992222
31494111802,0.00880435
31508122701,0.9032671
31519888203,0.21560039
31528635401,0.2900621
31551522401,0.0038206715
31551522407,0.5058128
31552073101,0.016620247
31552916201,3.340428e-05
31552916202,0.00046887455
31552916203,0.00023436379
31552916205,0.041439973
31554413001,0.626443
31554555501,0.4332932
31564628603,0.9137344
31566869501,0.053151652
31576279901,0.01122678
31585451401,0.075802736
31585451402,0.24074212
31609788502,0.014992002
31634576701,0.5393798
31671014801,0.8846669
31685520601,0.4885055
31685520602,0.25954658
31685540401,0.05132157
31685540402,0.46069872
31685879501,0.045155816
31686730401,0.91709477
31715386201,0.56300604
31725062302,0.0020526461
31804494102,0.038957443
31818199701,0.058791935
31818199702,0.016850801
31821351901,0.043656442
32227262801,0.9185558
32227262803,0.8603307
32290232001,0.0038031433
32290232002,0.0035219565
32290232003,0.003522064
32300722302,0.0034703994
32300820904,0.0010872607
32306061402,0.00015306105
32306315602,0.6214345
32306337701,0.7911349
32313365901,0.020959148
32329547901,0.9945515
32335522503,0.82257736
32342670405,0.96112293
32342916601,0.700572
32343234404,0.0002714972
32344319401,0.006127749
32344319402,0.065427676
32344329103,2.9256464e-05
32346111801,0.7812528
32351102604,5.091755e-05
32352156203,0.8586872
32352169403,0.018828683
32356256401,0.27775362
32356372903,0.006887748
32362403904,3.0000176e-05
32364689601,0.0004509975
32364689602,7.025363e-05
32364897501,0.19525164
32368510503,0.00010856482
32372755601,0.0023130972
32372755602,0.0247346
32373224603,0.00031595607
32376232101,0.1614435
32376427701,0.0008282381
32376427702,0.0004946589
32383694501,0.0028198229
32383694502,0.01082612
32383694503,0.017111974
32383743401,0.943706
32383743403,0.99878794
32386421903,1.8625336e-05
32387642601,0.9585116
32387823602,0.0006449394
32396848403,1.3298841e-05
32396856601,0.0010422976
32396856602,0.00083171116
32398924701,0.046927188
32399241101,0.50036526
32400358301,0.9866236
32401024105,0.51442015
32404819301,0.42464122
32411913502,9.936203e-05
32412829502,0.7962666
32414433702,0.004454861
32420035801,0.012789452
32420452301,0.71460694
32420575301,0.13798627
32420575302,0.32121128
32420822401,0.40563163
32420822402,0.079696745
32431692402,1.769203e-05
32432445403,0.02683811
32442452704,0.9704462
32442469603,0.06073514
32442833403,0.0002228487
32443497801,0.19655553
32443724004,0.036615055
32449469804,0.0017420104
32450262801,0.89665484
32460755801,0.020278132
32460851409,0.9487305
32461281201,0.0013194332
32461281202,0.0010261473
32465481104,3.500961e-05
32474838902,0.17825817
32475731102,0.0019641612
32475935204,0.5681335
32476072101,0.35497192
32477497902,0.8920705
32477497905,0.52513325
32485285301,0.95572984
32485285302,0.75229365
32489057101,0.011395841
32489057102,0.015292946
32489275701,0.52722365
32489361302,0.012489755
32492783604,0.0015729164
32501276804,0.008558419
32556374402,0.1320243
32556436601,0.10471856
32556436602,0.24341732
32571096402,0.9186942
32571096403,0.18136616
32571629603,0.0017720923
32584736001,0.97979045
32587099002,0.000727097
32587307601,0.0020044008
32587307602,0.0012658858
32588833501,0.17646426
32602282201,0.19257168
32612924502,0.0024370938
32612924504,0.0017758396
32622535503,0.6255046
32622535504,0.79349345
32638138401,0.66558063
32640871801,0.9339838
32641199403,0.029614676
32641199404,0.020995785
32651018301,0.8794506
32659876601,0.93030244
32659876602,0.60953754
32668934407,0.00027322766
32669214401,0.8862097
32669398801,0.9869686
32675196001,0.8191069
32676001002,0.0020249193
32676544401,0.35007903
32677189203,0.00011515663
32690667202,0.0100047225
32705486401,0.84983903
32706790601,0.004897139
32706987204,4.266168e-05
32707125401,0.01775104
32707125402,0.0125073
32730440601,0.012015542
32738237101,0.73047507
32738237102,0.28456542
32738237103,0.6413097
32738995301,0.05863269
32739067303,0.24250507
32753630101,0.40043935
32784687701,0.99010426
32796910402,0.0014361389
32814130501,0.016805345
32814453803,0.00012281163
32814799802,0.7442806
32815595301,0.8691333
32830675501,0.09026913
32830675503,0.0015570566
32845763901,0.93506694
32845763902,0.34116787
32862415802,0.00013819033
32878113301,0.09392752
32894674901,0.20028754
32909842101,0.17347385
32910447101,0.95864403
32925562201,0.95466405
32939977204,0.00051316683
32940118302,0.0002593484
32957299901,0.010788846
32957942701,0.897761
32958050701,0.58746254
32972016201,0.6247694
32972016202,0.6928991
32972706401,0.01207421
32973392601,0.3023535
32984872201,0.5616842
33016782201,0.87464243
33017591802,0.0010623977
33017594302,0.18649685
33035746001,0.12750505
33051467502,0.8363833
33051605001,0.0018072772
33080881201,0.1359371
33096295001,0.47554126
33096890201,0.99566084
33113133001,0.03507565
33125910901,0.021039646
33125910902,0.0033556889
33143630901,0.6388536
33158594701,0.15935819
33159736001,0.4183163
33176314802,0.63403064
33177386502,0.09012565
33177387502,0.25284433
33188966805,0.10213941
33189172901,0.52180815
33202650201,0.30845654
33202859802,0.01099409
33218409501,0.9130595
33218409506,0.011765284
33219007502,0.015372736
33219100502,0.18085054
33219394901,0.028335672
33244230008,0.00013390869
33244372401,0.8587667
33518625602,1.1415063e-05
33519369401,0.4458727
33520653102,0.74207866
33520653103,0.18820415
33540139101,0.009057035
33540210101,0.98979634
33554524001,0.5702589
33554524002,0.5489856
33556261502,0.12622015
33570153601,0.8348532
33570153602,0.856302
33601247201,0.1087054
33601247202,0.19819646
33602313701,0.5837646
33613706502,0.0034578482
33614287701,0.036203966
33614287705,0.71442795
33614552001,0.0060262936
33657475801,0.91706145
33670052102,0.0015416262
33670730501,0.7615435
33685520901,0.9165818
33686333101,0.24318883
33696405901,0.0034584687
33696405902,0.0002179194
33697138001,0.40212616
33697191503,0.09015488
33712610301,0.10792844
33719302801,0.38982764
33719312802,0.09556634
33719535302,1.18046655e-05
33720058701,0.10126615
33720058703,0.056720335
33727469503,0.1399415
33734938102,0.033930004
33739324701,0.9520565
33739881902,0.003993641
33740881301,0.93838644
33743756601,0.51490533
33743756602,0.016843284
33756090701,0.09401786
33769074701,0.81765366
33780683201,0.89536697
33787999701,0.92459315
33788545601,0.9058055
33794511901,0.6473363
33794511902,0.26619834
33795222901,0.53218305
33799519402,0.0019150752
33799519403,0.003478847
33800923301,0.5617386
33809866701,0.9808444
33811950201,0.06127758
33823254301,0.8515449
33829381102,0.4382741
33835052701,0.9392033
33849206802,0.0010574951
33849356703,0.003296256
33863576701,0.95253253
33863576702,0.26342133
33873659101,0.002554161
33873673301,0.42047122
33873673302,0.21936293
33873942601,0.021806061
33885756704,0.0008578032
33885997804,0.14509226
33901599101,0.9579279
33927944001,0.9698354
33944248401,0.14609437
33955867801,0.5876829
33956336701,0.0016470093
33956342601,0.0022078934
33956454401,0.0011296065
33956455101,0.0014496085
33956484501,0.0031641957
33956545201,5.8604004e-05
33956554206,0.18228105
33956558401,3.356145e-05
33956558402,2.1816664e-05
33956558403,1.0375502e-05
33956573901,1.1771706e-05
33956573902,9.350885e-05
33956574001,1.0100778e-05
33956574002,2.2111828e-05
33956798501,0.0014791187
33956798502,0.02535802
33956800601,3.496152e-05
33956800602,3.253605e-05
33956800603,0.00089241576
33956805901,0.029194092
33956807101,0.033137612
33956807701,0.00022273608
33956807702,0.0005739275
33956807703,0.09483713
33956812501,0.002510464
33956817001,5.5245113e-05
33956817002,6.4206715e-06
33956817003,7.208392e-06
33956820001,0.00018480091
33956820002,0.00016981308
33956820003,0.008264532
33956824702,1.0
33956824703,3.1174143e-06
33956824705,8.179808e-06
33956824708,2.6482223e-08
33956827001,0.0035511772
33956832801,2.0267797e-05
33956994201,4.827527e-05
33956994202,5.0643353e-05
33957015301,0.0025538318
33957015302,0.0016145003
33957026001,5.8961632e-05
33957026002,9.0823494e-05
33957300901,0.14108902
33961188301,0.83736056
33963358402,0.0018493363
33968020301,0.0107298
33968020302,0.00035639436
33968055201,0.002285928
33968213401,0.97527415
33968283004,7.0474566e-06
33968544502,0.10732273
33968544504,0.08090592
33968815801,0.47923902
33968950202,0.61960965
33972309902,0.0043123313
33973301301,0.98020256
33973301302,0.83712536
33973301303,0.5043695
33975272901,0.7960971
33975656101,0.77494675
33975889702,0.04373626
33983299501,0.06393231
33983649001,0.8833402
33991355001,0.7719347
33997920001,0.5992188
33999003801,0.00020082163
33999003802,0.00022549788
33999003803,0.0004095716
33999003804,0.00041810767
34009360401,0.018411968
34013076702,0.87987864
34013076703,0.015934149
34013076704,0.0110443905
34016460202,0.81326044
34016616701,0.8860709
34017008002,0.9134129
34020604405,0.10261952
34027438401,0.22467424
34028148307,0.0112655
34028560001,0.9317196
34028802201,0.0032753095
34050494501,0.37340516
34062040703,0.030979926
34062928903,0.014585603
34063019701,0.8265958
34063019702,0.73048484
34067038701,0.05993669
34067052301,0.00464325
34067092201,1.4319874e-05
34067135701,0.44944853
34084498402,0.039043464
34084582603,0.7196061
34084689101,0.010752512
34084689102,0.011313543
34086810801,0.7044189
34086831801,0.9919925
34086991502,0.000112963964
34087762601,0.9053816
34087762602,0.9527414
34088361401,0.95627254
34103148002,0.00044820024
34108527302,0.0021756075
34108771701,0.72352225
34114294302,0.0011046302
34114294303,0.0023969703
34125076101,0.81249034
34125818201,0.014370492
34125818202,0.00017768516
34125998901,0.27813807
34126184601,1.5412368e-05
34126184602,2.3249957e-05
34126197001,1.5535496e-05
34126197002,3.3264012e-05
34133886502,0.0062955827
34138218301,0.0038767194
34138220901,0.041084703
34138220902,0.036266487
34138525601,0.9681769
34139966801,0.021142356
34147057401,0.89099514
34147057403,0.9194942
34147613001,0.9956697
34147927603,0.014742776
34151302001,0.015627822
34151521401,0.07683245
34151521402,0.0031855628
34151535501,0.036059946
34151535502,0.0026658138
34152008201,0.31309426
34152033401,0.002304518
34152033402,0.00080645643
34152033403,0.010297743
34159787501,0.8288398
34171016301,0.98186606
34171016304,0.090717144
34171577402,0.013926278
34180339901,0.8694267
34180340101,0.78711253
34180590801,0.9762472
34180590802,0.6065719
34181881101,0.9345794
34183842001,0.332572
34191252203,0.786948
34191720604,3.9218205e-05
34191720606,0.00023912011
34195221801,0.32507598
34195503101,0.05776228
34195503102,0.028800672
34204300801,0.1598732
34204465701,0.90661114
34205138703,0.00361053
34205138704,0.0017221742
34213578102,0.03063391
34223289101,0.8915764
34223686701,0.88744056
34225913701,0.0045448947
34225932401,0.0033689681
34225934401,0.0056736697
34236051401,0.18737859
34236051402,0.2656293
34239922001,0.012436994
34239922002,0.00026251786
34246945501,0.85345155
34246945502,0.4120095
34247401001,0.9540645
34247401002,0.42738262
34255472301,0.12011307
34255632101,0.8425399
34256752902,0.037022155
34256752903,0.03505892
34256769501,0.7737595
34261796801,0.95373094
34268386002,0.87110376
34270269903,0.00097005285
34270269904,0.0007774505
34291558001,0.034992732
34303199501,0.9345515
34303480901,0.4964339
34311938102,0.0013695855
34316698301,0.6728609
34316698302,0.20142621
34325328205,0.0023390686
34326030702,0.016426485
34329605902,0.0017363961
34333867602,0.75010467
34336548101,0.81155795
34336548102,0.9645738
34336548104,0.29760838
34337716901,0.98523974
34337724601,0.8662532
34337745701,0.03711234
34337762402,0.7392851
34337834501,6.764858e-05
34337834502,4.2595897e-05
34338368101,0.0031690644
34338368102,0.0026506924
34344943703,0.53632003
34354122201,0.7912872
34357397102,0.16550307
34357397104,0.93548477
34357397106,0.070644915
34357569402,0.80454063
34358582401,0.4893311
34358700001,0.99044245
34364733501,0.81570005
34364813603,0.9673593
34364945401,0.64571434
34365125505,0.036716968
34365219603,1.6098498e-05
34368152403,0.00039726647
34368187801,0.643082
34368487603,0.00024533123
34375729902,0.017988013
34376193202,0.45312762
34376436001,0.8457025
34379800101,0.49296206
34379949301,0.0003235285
34380086601,0.9055631
34385424001,0.98504907
34388482501,0.5610049
34388482502,0.7821987
34403162701,0.77532923
34407735302,0.0010908134
34411135901,0.081753604
34411269001,0.0070641274
34411575001,0.19000337
34423230001,0.93362504
34423441402,0.00094743015
34425865701,7.797536e-05
34433722504,6.0394683e-05
34433722506,0.00044488529
34433771301,0.013820533
34433870301,0.098066434
34433870302,0.086653195
34435187103,0.0059568794
34439801801,0.9968645
34447050903,0.0059852423
34458859903,0.0028051953
34460040201,0.92166644
34460426301,0.02744785
34466759001,0.8201523
34467085401,0.8428783
34467085402,0.8902766
34467569401,0.6415026
34469160301,0.9310331
34479463202,0.00577034
34479692104,0.0074619753
34483848801,0.9440252
34492558801,0.0026037202
34492558802,0.0032972507
34496460802,0.06698266
34496955003,0.102274224
34497489301,0.820099
34509282901,0.89494514
34509763401,0.17674449
34509763402,0.11579196
34517331502,0.0041638333
34520447101,0.28443295
34537130801,0.15206689
34554436101,0.7597328
34554436103,0.9388107
34554812702,0.00034002602
34555184101,0.715156
34555184102,0.024491452
34555192801,0.003166972
34555390101,0.30649966
34582224601,0.92543906
34634767701,0.9788872
34639827902,0.9099722
34640522601,0.5433996
34652034102,0.06595353
34660497801,0.49032667
34672609202,0.1979602
34672720101,0.016161991
34672720102,0.013417891
34672720901,0.550921
34672792602,0.3815364
34674306203,0.81330025
34677039204,0.0003016611
34679228101,0.9978132
34679523601,0.36502355
34679674101,0.21450599
34681068601,0.22791724
34681288703,0.0003026595
34681395001,0.2554841
34682256401,0.06155918
34682501402,0.0008397565
34683058301,0.013130336
34683058302,0.003198057
34690292304,0.5413597
34691262301,0.9707766
34691262302,0.008945814
34695350801,0.5662244
34703035501,0.9875552
34704243201,0.020174619
34704243202,0.011089693
34706869302,0.0029560935
34708176101,0.00094622903
34721352101,0.17766277
34728360101,0.98677087
34729037202,0.14657614
34736944701,0.006411011
34736944702,0.004366931
34746077901,0.010412673
34746554101,0.0021314626
34761353601,0.78239685
34761473301,0.085730515
34761473302,0.009979593
34762087002,0.1109324
34765644407,0.015835604
34765691101,0.04109486
34765691102,0.12414298
34765706602,0.000109223256
34774338901,0.86293787
34778028501,0.9890506
34778558301,0.24037194
34778704101,0.039727047
34787326202,0.006825967
34787435802,0.9652654
34800682402,0.0004019412
34804054501,0.83475703
34804243901,0.90120596
34804243902,0.47472826
34813042001,0.02141902
34816801901,0.7659531
34817119901,0.9907732
34817645401,0.9603626
34825025901,0.9061336
34834137801,0.90039283
34834462207,0.032550205
34840107101,0.024170619
34840107102,0.000688929
34840107103,0.0033880456
34840107104,0.0024026665
34844886401,0.98499715
34845963501,0.964997
34846082901,0.84071314
34855628102,0.99011433
34857057501,0.7553224
34857132608,0.010066153
34869424701,0.21029168
34869926003,0.032643825
34876244101,0.48992693
34876345301,0.10590901
34877117902,0.94933546
34883961101,0.21787259
34884124202,0.00018422889
34885229801,0.53292716
34885229803,0.41455874
34885360504,0.18813097
34889719902,0.02898306
34889867301,0.13171081
34895779302,7.5327877e-28
34897218401,0.9866324
34898480202,0.6069511
34898568201,0.5476732
34899109903,0.0094181495
34899746702,0.26312286
34899761203,0.00019103357
34905944803,0.112068534
34909514901,0.9986314
34914500401,0.61466
34915449001,0.5849732
34923744201,0.29719925
34924096101,0.4804651
34924366501,0.003378021
34924593002,0.58362633
34926970102,3.866222e-06
34927000101,0.066361204
34927000102,0.14582822
34930944202,0.013497037
34930944204,0.012311965
34937159501,0.10155575
34937159502,0.0019138479
34937319201,0.0016113677
34937319202,0.0011974433
34940722801,0.0001843467
34943397602,0.3196072
34943397604,0.597446
34948459501,0.546524
34953966501,0.5496722
34953966502,0.63570595
34954340105,0.4890567
34954411201,0.23280317
34964460603,0.0010412451
34964851002,0.023097165
34967968101,0.0058572334
34974792902,0.09931971
34975139306,0.0026813133
34975697201,0.8149817
34976705101,0.28551883
34978691601,0.9974044
34978691801,0.99686676
34980504401,0.97748816
34983282402,0.0009038165
34986285201,0.5513722
34986542306,0.00024965865
34989255901,0.8534403
34996391402,0.07961658
34996426403,0.0010543098
35000584601,0.3084422
35014629601,0.5143856
35015411901,0.8169164
35027646202,0.0002772556
35027706202,0.18182635
35029767702,0.018580172
35033350702,0.003041488
35033613202,0.5651599
35035563201,0.48772663
35043133501,0.0022774516
35043133502,0.0025662817
35043133503,0.0030178237
35043133504,0.0047641965
35046762401,0.5279453
35047910101,0.45566198
35057599701,0.99349385
35067974502,0.0012035138
35074247502,0.125663
35074371401,0.9936987
35076779401,0.18666625
35079640702,0.32414815
35080347202,0.0015352281
35080347203,0.0017350316
35080469601,0.99029726
35080884002,0.0026521313
35080884004,0.006103572
35084283801,0.52202046
35084283802,0.5860287
35084633401,0.6918008
35085346601,0.9672445
35085351302,0.0015186102
35085871301,0.0062276013
35085952701,0.16362205
35086063103,0.0022057826
35093067201,0.00030054175
35096515901,0.0056312755
35109238501,0.9968945
35109482008,0.00091612077
35118188003,0.5638492
35118188004,0.6855228
35127512701,0.9610789
35128467801,0.9855135
35128529701,0.9884244
35200055801,0.56849635
35200331801,0.4003615
35201671601,0.61910564
35201690402,0.34034297
35208100106,0.2462468
35214110704,0.6610465
35222923701,0.30570796
35222926801,0.9924263
35222926802,0.971959
35222926804,0.9912868
35494479401,0.11142808
35663935001,0.0075957063
35663935002,0.0042679724
35667591201,0.40118378
35672996605,0.032492276
35673165502,0.0029564488
35674784701,0.9033891
35674812701,0.72858185
35674812702,0.9908484
35684659401,0.26539868
35685023207,0.056777548
35704416301,0.9897967
35710407107,0.00085087
35710535202,0.0021759123
35720575001,0.033745587
35736262304,0.0009860661
35736262305,0.00088286353
35736262306,0.0006484656
35751024701,0.004533545
35760973002,0.015748022
35765997203,0.0003863148
35766231601,0.6791895
35766231602,0.9700974
35770930001,0.9854981
35790947801,0.011466661
35791120202,0.8861548
35802074501,0.9895431
35802216901,0.0005647789
35802216902,0.00054135866
35802216903,0.0003332486
35804784102,0.0012344543
35807104902,0.26687813
35810812602,0.0038757175
35815476402,0.17337368
35815644202,0.7009898
35817632901,0.022470988
35829066803,0.06351689
35829066804,0.10659453
35833558603,0.0033700787
35833558604,0.0039386055
35840238203,6.082022e-05
35899383104,0.00012954345
36008791501,0.018538814
36008811302,0.002451048
36008887102,0.0027485127
36021781301,0.022549665
36022222801,0.57354367
36032014601,0.61680114
36032455801,0.55707484
36039503701,0.92278224
36045755301,0.03780331
36046316002,0.13527466
36054824702,1.3964755e-05
36054824703,1.5845371e-05
36060567001,0.73399633
36061757001,0.74701315
36069853903,0.71032625
36080075401,0.21637057
36084805604,0.010224556
36085112301,0.04367426
36085112302,0.16134986
36095173901,0.596812
36095173902,0.008452282
36095868901,0.04758156
36103419601,0.6095148
36103419602,0.009336818
36107451001,0.8648141
36107514601,0.024693526
36107514602,0.00498588
36108230204,0.134946
36116866004,4.5302204e-05
36116875103,6.1450875e-05
36116875104,4.5157696e-05
36116900301,0.11443347
36116904201,0.8656452
36117072801,0.54889166
36117247901,0.88795805
36127261201,0.3180735
36133308901,0.5070915
36145892301,0.9510695
36145892302,0.36387673
36147312501,0.11375919
36171360202,0.02329182
36171769701,0.9506709
36179375701,0.97372377
36185866701,0.0017370583
36185866702,0.0008739684
36186370501,0.0056969104
36186370502,0.006355591
36195723703,0.0017023921
36195801301,0.0012703701
36203025201,0.07206672
36208509801,0.7936912
36208633303,0.00030305082
36208897901,0.07052964
36211110402,0.0001785891
36211110403,0.00034282336
36211346601,0.655905
36212163901,0.00892256
36212242702,0.0001627015
36212242703,0.000115383154
36216542102,0.9409417
36223421902,1.5743759e-05
36223421903,1.3790707e-05
36224167401,0.0908974
36232245001,0.5352764
36232355002,0.021256816
36232355003,0.0010309808
36232355004,0.00455337
36232651002,0.4756092
36232651004,0.31238127
36232773002,0.24644628
36238452701,0.903375
36247892101,0.05843637
36248081501,0.7503187
36248365501,0.04940132
36254444201,0.54292876
36254444202,0.10069129
36263133101,0.9413527
36265887103,0.021331035
36266522904,0.004618938
36266522905,0.017240277
36270472201,0.95279574
36270988601,0.99399745
36270988603,0.04136444
36273479503,0.7805891
36273577502,0.29472977
36275381201,0.7540236
36282250301,0.863209
36282547001,0.0020779255
36282547002,0.0014874116
36283395302,0.075194284
36294416601,0.0013722666
36294416602,0.32416362
36294440401,0.38000384
36294440402,0.0006849919
36301457701,0.6780743
36302476706,0.04352199
36308238301,0.8535978
36308617801,0.9732282
36314054702,0.07613968
36320794101,0.9033485
36320794102,0.7155169
36320794103,0.84599835
36321484301,0.020730173
36321759401,0.008417329
36322109602,0.170573
36323171601,0.81899095
36326755601,0.03367784
36327032201,0.3541084
36327080203,0.00031743405
36337105701,0.0120522585
36337231302,0.37668264
36337240301,0.9184708
36341472201,0.01855343
36344758501,0.95924103
36348116302,0.054916915
36348116303,0.61052996
36348116306,0.7197029
36352747501,0.732004
36352858301,0.38302335
36360033001,0.001564068
36360033002,0.0006787139
36361158305,0.08990324
36371002801,0.6398723
36373876501,0.9788219
36373876502,0.97350854
36379019501,0.94858825
36379071001,0.7406043
36379071002,0.016118718
36379566801,0.86277264
36379882103,0.01612046
36380507102,0.753335
36380507104,0.44822267
36392558001,0.38745135
36393331302,0.012945656
36397797801,0.8897422
36398418002,0.32909122
36401811703,3.1425334e-05
36410692902,0.0024564175
36410775301,0.9825534
36411583601,0.18730804
36413262801,0.9483875
36415342401,0.00047647225
36415342402,0.02178213
36416385202,0.00044454986
36416490701,0.027893793
36427960901,0.5315666
36430211801,0.043592256
36432638403,0.0012940615
36432638404,0.0036834534
36432704501,0.6330355
36435035401,0.4112277
36435264902,0.82764506
36435444301,0.026481306
36435462401,0.73536104
36454463302,0.0898076
36454478304,0.80233145
36454523401,0.11834807
36454711201,0.001658507
36454711202,0.0026280913
36454918901,0.8840375
36462547201,0.81928504
36464290004,0.054118805
36464600202,0.87819076
36478500901,0.4619712
36478500902,0.531013
36478500903,0.7806242
36479758401,0.67686343
36479758402,0.08040661
36487354001,0.18310346
36487915501,0.4812774
36488054201,0.7840129
36488198001,0.78134257
36494463301,0.88732857
36494463302,0.042339806
36501436301,0.80011123
36532521703,0.24011372
36532562101,0.8969523
36546786701,0.88299984
36546910701,0.14515044
36555694502,0.0007060036
36566262301,0.8884562
36572172402,2.3232475e-05
36572727101,0.21303058
36573020702,0.38070953
36577423401,0.956548
36589085601,0.7621002
36589718401,0.87227017
36595339605,0.0026174565
36595339606,0.007223384
36599889601,0.06794437
36600046901,0.108757794
36694633201,0.9368253
36695394901,0.38380355
36695840901,0.00017492038
36695840902,0.026867647
36705891203,0.002208017
36713674101,0.00053129054
36713674102,0.0006760575
36713674103,0.0004408183
36713674104,0.00034125196
36713674106,0.00034441033
36721580201,0.61424434
36721931201,0.6200376
36721958701,0.0034060616
36722441201,0.0037291998
36731106001,0.21629804
36737894004,0.015474952
36747358301,0.89200294
36747663301,0.00088945753
36747663302,0.0015390762
36747812401,0.96380913
36747812402,0.7655207
36748491302,0.0013831027
36757208301,0.8910642
36757282501,0.48542714
36757806102,0.1383967
36766053402,0.0024483993
36767139701,0.13475749
36782403903,0.036883023
36783273701,0.011200008
36789557801,0.0041479045
36790475303,0.03269928
36797561603,6.594917e-05
36808504701,0.84711576
36809595301,0.920038
36847142601,0.2883954
36847142602,0.008318633
36847142603,0.0042684544
36857403002,0.9699536
36874788203,0.00015763375
36874802403,3.5678113e-05
36875330301,0.65507686
36876173401,0.06536546
36885458503,0.07889444
36893059701,0.713336
36893059702,0.7514571
36893454001,0.60639924
36893454002,0.5157773
36898885202,0.15580569
36900681701,0.90760195
36910254905,0.022805417
36922914301,0.699132
36925302301,0.78523993
36932794701,0.99952936
36934506401,0.99913615
36977912701,0.9385329
36981850803,0.00070580794
36986473801,0.99192905
36996295501,0.6870177
37004042101,0.4152927
37022670202,3.139301e-05
37024349001,0.17870621
37246364501,0.07635563
37253040102,0.0015441822
37253040103,0.0012165705
37253486701,0.026417712
37253772901,0.8428249
37253773301,0.9352096
37258954001,0.89234215
37266297201,0.0075815357
37266297202,0.003136542
37266342501,0.02066341
37267053501,0.49512857
37267063501,0.17342442
37267063502,0.23977184
37267351104,0.10550602
37276861902,0.009038425
37276896503,8.361606e-06
37277343501,0.9648842
37284782901,0.9949851
37285035701,0.05397213
37286911101,0.028299967
37290811001,0.0020852059
37297899306,0.00036594295
37298707301,0.18114415
37301560401,0.012564356
37352305102,0.96654284
37359477101,0.6311317
37376857602,0.00086528424
37384385701,0.6552289
37392837401,0.24514061
37401666004,0.24103884
37485899901,0.07247284
37486059001,0.35517713
37491198603,0.07054628
37503656702,0.5330431
37503656703,0.5190241
37505958701,0.99247473
37505958702,0.99537474
37508912402,0.0044166
37509071701,0.1906876
37522151901,0.284347
37522191803,0.6802244
37522254905,0.0038635375
37522254906,0.0026615877
37522254907,0.0050073788
37522268303,0.02666382
37522308001,0.9724008
37522545301,0.8949115
37522545302,0.95754695
37527395301,0.95394176
37613191501,0.1541944
37740736902,0.7902713
37775945505,0.11090827
37785944501,0.0010726542
37809361001,0.99495476
37834445701,0.9633708
37855542301,0.98452824
37856305901,0.44979668
37856305902,0.776474
37866689001,0.031332076
37866689003,0.128378
37874201801,0.764511
37874634801,0.19290076
37874634802,0.036623523
37875221802,0.15571575
37886884902,0.72246045
37923400201,0.7306773
37923400202,0.8353964
37924036001,0.72382754
37926673701,0.0016238997
37929030002,0.70823634
37934964301,0.0012977283
37935463503,0.005427777
37940371801,0.9132781
37940792702,0.0153324185
37940792703,0.11544056
37941054001,0.83353084
37961831901,0.7311644
37961831903,0.19246493
37972308601,0.9985753
37980177503,0.002988346
37980177504,0.0033073344
37980419501,0.17420812
37980635802,6.0027523e-05
37985274801,0.94520473
37986534701,0.48898542
37986534702,0.0033148238
37989769601,0.8875989
37990919501,0.66303754
37997324601,0.039752316
37997366801,0.0020328735
38000137401,0.8799086
38008474301,0.047349714
38008474302,0.06351267
38008474303,0.08154679
38008551702,0.87197393
38017354002,0.002855488
38021153801,0.85341245
38032669301,0.79647654
38033014202,0.0009928064
38033014204,0.028178653
38033437201,0.00028126006
38033437202,0.0005668439
38038582102,0.012142663
38039496401,0.4758109
38041913901,0.1005678
38042259101,0.8254687
38053978405,0.007931104
38053978406,0.0029124415
38065667301,0.5451837
38066437101,0.46342415
38071050103,0.051234733
38077004701,0.0032202927
38078325201,0.7286121
38086277001,0.008961222
38087068801,0.97679013
38091027701,0.9327795
38091623502,0.002535927
38091702701,0.21070047
38097651501,0.010097917
38099717802,0.045084525
38104850602,0.0007074723
38104850603,0.0005508302
38109183801,0.5253275
38114124601,0.933508
38123214401,0.1327513
38123214402,0.4743853
38123745204,0.026917592
38132860101,0.830321
38133345501,0.12363725
38135169604,0.0001341
38144788301,1.9095578e-05
38144788302,2.1559283e-05
38154886602,0.02632645
38154886606,0.0044063637
38155188001,0.7842039
38155985502,0.00032057197
38164772203,0.0007378158
38172444401,0.27595386
38189791701,0.99431616
38190750205,0.00063355383
38190750206,0.00089175574
38191909001,0.9699621
38192119303,0.5758332
38192515602,0.14866497
38194976102,0.81883144
38197796401,0.04946785
38198711805,0.002441125
38200958001,0.00021135737
38200958003,8.979139e-05
38201108601,0.96815944
38201634801,0.8188591
38202842501,0.80387056
38204309802,0.24138986
38206916001,0.007034969
38206916002,0.0004898212
38207297301,0.00025791393
38207297302,0.00026537487
38207502502,0.87509906
38207504501,0.846184
38214552103,0.015002479
38214863502,0.17152321
38218954202,0.24935687
38219619302,0.99064386
38219944102,0.08696459
38225200201,0.31065476
38230868402,0.0040383916
38231035801,0.40739524
38231205201,0.0002972171
38231205202,0.0001841895
38231224302,0.38962993
38272885901,0.06537846
38282336802,0.0002186796
38282769901,0.17257817
38291581101,0.9961302
38318130001,0.7846928
38326621001,0.69901747
38326621002,0.09465574
38350309001,0.05856302
38352567802,0.012435395
38352567804,0.11761966
38359428206,0.006722962
38359434101,0.005456717
38359434102,0.00062408875
38359436001,0.17282377
38359524203,0.0026832484
38371649601,0.0008072493
38372751002,0.9186203
38374689203,0.0021454575
38401591501,0.555341
38401824003,4.6906338e-05
38402184601,0.46700072
38406533702,0.019687412
38407312201,0.08132839
38407312202,0.019690529
38407462901,0.06980195
38407462902,0.13165195
38407470502,0.19098267
38414505401,0.14159298
38415584401,0.91749066
38415604302,0.004317947
38429880802,0.06713583
38434431002,8.598201e-05
38438583501,0.7978886
38438596901,0.24282548
38438622107,0.11218811
38438622108,0.0011269872
38438859701,0.12753879
38446538201,0.6290496
38446538202,0.4692552
38446538204,0.54171145
38453643001,0.9854879
38460931201,0.0011895219
38482355601,0.9937239
38482944004,0.003489948
38710796102,0.24787062
38813192401,0.0063243746
38823584501,0.0012418178
38828704701,0.53762865
38882036303,0.1312629
38884523303,0.47479692
38895168402,0.00019243098
38907088401,0.6282721
38915972501,0.9607985
38916880801,0.33178404
38928579101,0.11226256
38928698901,0.0015911639
38936374501,0.25710085
38936728001,0.11068745
38938234801,0.011574462
38943736501,0.6010076
38956470001,0.09805599
38956548103,0.010455482
38956733003,1.5188069e-05
38957019601,0.0048206365
38957352702,0.8987638
38957603501,0.11664499
38958027702,0.00049310015
38964397501,0.64632136
38965089503,0.0047470294
38966979601,0.42887935
38966979602,0.0433512
38967796901,0.04001766
38967902901,0.0038954562
38968293302,0.007373154
38968293303,0.000480599
38968293304,0.00058164774
38968406001,0.13168517
38968406004,0.021179156
38973327501,0.3467866
38973494601,0.89907426
38974765904,0.07135324
39008315901,0.7626422
39013742002,0.00019996143
39014207204,0.0011101807
39014902701,0.00084161496
39015054702,0.9083911
39021550001,0.8356029
39021912601,0.012271444
39030588101,0.24477118
39042770302,0.037572168
39043477701,0.009036188
39072352903,0.13523844
39081767501,0.83697385
39081767502,2.9784302e-05
39174454004,9.285807e-05
39174526001,0.9176885
39181283901,0.82555735
39188739001,0.011441523
39188798802,0.028053936
39189425701,1.969658e-06
39189524202,0.055134185
39190306401,0.9989635
39190306402,0.9980433
39190467002,1.4561465e-11
39194988001,0.99925286
39202492501,0.84814405
39202492502,0.7634241
39202492503,0.7299995
39270667701,0.6490697
39303086901,0.10174841
39303285301,0.14398418
39308647301,0.9888382
39374762801,0.1070894
39422819607,4.187365e-05
39422819608,2.3857412e-05
39423379001,0.17229985
39423698105,0.117373966
39424416702,0.5910799
39427900401,0.22835475
39427958702,0.14130525
39428451701,0.94984573
39428451703,0.723011
39433218702,7.0692586e-05
39433576002,0.91863495
39434031901,0.937664
39434190102,0.056720562
39435605006,0.24821976
39435729401,0.93049365
39445526701,0.013910142
39449001201,0.9412866
39456111901,0.9992557
39456260903,0.00027592195
39456260904,0.00024829968
39456288004,0.00053364446
39459353002,0.0012145273
39459416901,0.34363595
39459426002,0.07768872
39465795201,0.005604635
39465797201,0.025735868
39466088802,0.16373342
39466131401,0.45289385
39470219102,0.0043864646
39471160506,0.00077592826
39471533201,0.15096593
39471614602,0.0012319172
39472987501,0.9988257
39481226301,0.0019040544
39481226302,0.0052139545
39483187602,0.066153795
39491277004,0.55966616
39491558303,0.85507065
39497269002,0.013935719
39501170604,0.99341065
39506494702,0.21169332
39506618601,0.39165866
39551584601,0.99794227
39551599201,0.01461172
39551599202,0.0016440791
39574267601,0.101209454
39574626502,0.0006838258
39585561207,0.05990249
39585705301,0.6219888
39603767901,0.9052099
39610664101,0.9871889
39613960703,0.070944056
39614288801,0.68660784
39617007601,0.22965807
39621349201,0.03568449
39621753701,0.0028212867
39624496701,0.6524328
39624770001,0.17550476
39624770002,0.20492612
39625543705,0.069531776
39636522602,0.00233885
39642179302,0.045693975
39646733002,0.02345178
39653739902,0.00060892454
39653945901,0.7307485
39654389101,0.81329876
39664803601,0.17414275
39672022301,0.35105473
39690392701,0.34078234
39690460304,0.018270409
39690628101,0.5795371
39690779201,0.97241294
39703122703,0.00044960642
39703232401,0.7258016
39704082303,0.0044626896
39710897801,0.92690825
39713731901,0.16337405
39716216201,0.13941692
39716261101,0.88292956
39771048501,0.9147421
39781653902,0.0006132267
39790433502,0.02716135
40151315403,0.0019346604
40156111901,0.9509
40156772201,0.7248905
40157397301,0.3958193
40160576206,0.00052364665
40160692302,0.0065683015
40160803902,0.38286713
40167060701,0.0032399816
40167609403,0.010878419
40167800701,0.9940528
40172697304,0.00069704757
40177037001,0.6209343
40179595201,0.84989095
40182156702,0.11147646
40183362602,0.3594114
40185908804,0.0056895358
40185908805,0.0035866026
40185908806,0.004887219
40191380301,0.98561096
40191435702,0.78108424
40191608001,0.14178883
40198062401,0.9998505
40198264101,0.14592962
40203032802,0.2444805
40208591104,0.010057408
40208591105,0.007644598
40211128901,0.9672986
40232963101,0.0449808
40245420401,0.14002979
40245490901,0.56769586
40245695801,0.13204232
40245713701,0.08622014
40246341803,0.009931011
40246930501,0.18848662
40247471401,0.7441899
40247729204,0.29837623
40251280703,0.024189314
40251355701,0.8648276
40251355702,0.522394
40252725401,0.9520584
40258614101,0.5747599
40258614102,0.028207054
40258624001,0.038265567
40262134301,0.9325729
40262523401,0.34021822
40264677607,5.9858467e-06
40264910601,0.102206305
40265106901,0.3944818
40267559901,0.0014076215
40270895301,0.83517265
40271028001,0.9771503
40271155502,0.9144662
40271275802,0.00030633266
40271275803,0.002644565
40271275804,0.002270209
40274558804,0.64065915
40275905302,0.5703625
40278607005,0.10048066
40279311704,0.1613626
40279502301,0.81991756
40280028803,0.28131956
40280028804,0.17563042
40283749502,2.4243056e-05
40284010606,0.16094393
40284375204,0.008403202
40284583801,0.1418143
40285466203,0.0024768116
40288513001,0.92524743
40292001201,0.012513258
40297013001,0.00056741614
40297079601,0.9057619
40297297201,0.14177531
40301654403,0.15368682
40301901402,0.043094702
40302986402,0.31154668
40304471502,0.6533212
40304471503,0.6870731
40307506702,0.99027294
40308377501,0.001113673
40312524701,0.6211209
40313150604,0.010984907
40322650502,0.022806916
40322738202,0.020808274
40332051801,0.011036375
40332051802,0.09160606
40332088805,0.0065578786
40336436001,0.9697776
40336671602,0.024025725
40336674402,0.12568812
40336742001,0.0068301572
40351167001,0.74943304
40356794903,0.018156758
40356857801,0.8834892
40424173901,0.7707815
40434450701,3.8996288e-05
40437995307,0.0004863358
40441563501,0.8962967
40443166301,0.7859283
40451664502,0.5197045
40477056201,0.62421423
40477658205,0.33811575
40477792202,0.13943028
40479715101,0.72264373
40479715103,0.23388852
40479778401,0.100736946
40483253101,0.113752395
40484930201,0.018624013
40492766102,0.020890394
40493349302,0.9771787
40493394702,0.42859814
40496996901,0.61384785
40512956003,0.9053695
40512956004,0.6273091
40536444701,0.93457824
40536509601,0.36965317
40536534002,0.0006942327
40586283001,0.9708543
40586608902,0.922729
40593091501,0.71271116
40677452001,0.0004800957
40677452002,0.0003678286
40677811702,2.8687264e-05
40678033801,0.10155889
40678033802,0.6336551
40686161801,0.13495629
40687225301,0.70302325
40687225302,0.15191495
40687484203,0.042116467
40687484204,0.22287233
40694161201,0.9994129
40694554701,0.986728
40697674601,0.998013
40704486902,0.20812483
40704635703,4.110297e-05
40706490202,0.00047721987
40706644901,0.46694332
40706644902,0.16780798
40706926502,0.55306715
40708997303,2.8417857e-05
40708997304,2.787626e-05
40708999001,0.41771045
40712640801,0.9994185
40714593901,0.064611584
40714672301,0.31612933
40714672302,0.00015507043
40714772701,0.015237888
40714772702,0.0008875508
40716436803,0.11432487
40716550905,0.0010971852
40722536701,0.00184398
40726459701,5.6181143e-06
40766296101,0.1597821
40766364101,0.05072645
40777226104,0.20035933
40782391702,0.04046019
40788235401,0.17344174
40792533602,0.021254716
40886781001,0.074190594
40886781002,0.59271425
40886781003,0.06577402
40924801304,0.80272
40933455502,0.93749857
40933621502,0.086737
40933862402,0.06402438
40951882603,0.00065746944
40951882604,0.0005734645
40955715801,0.56911117
40959237601,0.98346025
40964103101,0.030018184
40964252401,0.75824106
40964996801,0.2829767
40970267001,0.47091672
40993433001,0.9949523
41022754501,0.23395516
41025404901,0.739773
41027154005,7.413084e-06
41027154006,0.2428977
41033956303,0.0064322855
41034069502,0.11689767
41035498001,0.07190089
41035498005,0.8250042
41036747405,0.982712
41037198403,0.95127714
41037253601,0.51496226
41037295001,0.2537082
41038901401,0.48757157
41039709901,0.7165829
41039932703,0.9974011
41040227203,0.021400493
41183119203,0.09508557
41197709402,0.7441419
41207084802,0.23233071
41214384201,0.9936427
41215149801,0.14443728
41215312802,0.0019477385
41220923901,0.13399394
41221501301,0.99394614
41221648601,0.22575146
41246968102,0.003972365
41247121201,0.99748504
41252873901,0.19850507
41252873902,0.4021272
41265496701,0.39511195
41266024401,0.0049743773
41266024402,0.0019491168
41272654501,0.9070321
41272657702,0.33028683
41276125603,0.0010667983
41282055802,0.045057494
41282204902,1.4286058e-05
41829735101,0.6805137
41838209901,0.0047620106
41838748701,0.8606699
41846057901,0.97067016
41846101303,0.7069382
41857611902,0.009050102
41858092502,0.019800577
41858172601,0.023468379
41858172602,0.023045493
41861387703,0.00017412442
41861873001,0.46792883
41861901801,0.8827711
41861901802,0.67235655
41865533301,0.098911166
41871749402,0.002555293
41871749403,0.00045859203
41871749404,0.00068252574
41872149801,0.017132642
41873617801,0.91510963
42035080401,0.45284984
42042653101,0.87732154
42043377102,0.000108087384
42043742001,0.49182883
42049042902,0.08055936
42056041503,1.1290482e-05
42069904001,0.55706674
42069908301,0.005458564
42076165201,0.77436614
42077426501,0.17136012
42090326402,0.05313928
42090366802,0.0012508186
42090366803,0.0010666747
42097126803,0.38328665
42097126805,0.6734986
42097878801,0.98977005
42106323301,0.54394615
42106552502,0.0018115388
42110746303,0.6406461
42110920401,0.14952111
42116363101,0.047461156
42116363102,0.2997112
42116736602,0.96805614
42116736603,0.8460959
42121534102,0.21562354
42121569001,0.87528855
42122982202,0.6802114
42126079703,0.16335312
42128537201,0.14265665
42128750301,0.98444366
42128750303,0.9903294
42213910801,0.050090954
42239316904,0.0042088935
42248853201,0.8749787
42248973901,0.007360398
42249840101,0.014709844
42270231501,0.923411
42270489201,0.8647822
42302184705,0.9963527
42305589402,0.44902056
42305682402,0.0033679353
42326404002,0.5692941
42326506602,0.11659551
42335177004,0.19721438
42335405201,0.9631426
42341997102,0.031953644
42376889604,0.0006272579
42399150903,0.00016164921
42406383901,0.01777362
42406383902,0.86162484
42413015301,0.12320248
42413137802,0.07758123
42413137803,0.024174498
42433038303,0.013604218
42433038306,0.00010903286
42433553309,0.00023732963
42433757602,0.5312544
42433757603,0.65651435
42436524101,0.18130225
42436524102,0.050646897
42441417101,0.21655293
42462205601,0.13906215
42462384803,0.86785126
42466817601,0.17301872
42466890201,0.8955415
42471677202,0.3789386
42489936001,0.29485187
42495087801,0.9718831
42496104501,0.0030246566
42496104502,0.9736776
42499682601,0.49397624
42508321602,0.87373644
42508326401,0.34303495
42508326402,0.19775718
42508326801,0.88450664
42508330901,0.8607484
42508330902,0.85734874
42508330903,0.8683541
42508470201,0.12647909
42563899203,0.080049425
42564154001,0.9970892
42564191201,0.14390814
42565755604,0.0057366425
42569676401,0.009667497
42585230101,0.41243827
42585616203,7.431604e-06
42585719901,0.0021169868
42585780401,0.014351151
42592453401,0.9497058
42592772601,0.96511745
42592772602,0.98021644
42594119402,0.91983104
42594491701,0.56795335
42600631901,0.98439366
42601126401,0.91929144
42602113302,0.0018655293
42602213101,0.96510446
42602343001,0.8377097
42602578401,0.8540519
42602673205,0.15515573
42603247501,0.9963582
42603247502,0.9017081
42606995801,0.0010951319
42607358101,0.85990834
42607708001,0.84137887
42608031001,0.0023506102
42608031002,0.0064013656
42613004701,0.56112146
42613004702,0.9506847
42613416201,0.0073473346
42613416202,0.0015420511
42613426703,0.092864126
42615621101,0.8197085
42619478302,1.618994e-05
42619871701,0.7138725
42620625801,0.18625578
42620662801,0.18594094
42620731901,0.7663113
42620761301,0.73661333
42622734401,0.83392274
42623123201,0.90211535
42623198601,0.29188162
42623225604,3.0196808e-05
42626468401,0.0014348626
42627663706,0.12153272
42628194901,0.16961122
42632054701,0.18775547
42632652201,0.9816341
42632664302,0.18236445
42632664303,0.0316857
42636372802,0.025891075
42640598101,0.43474984
42640639401,0.15049838
42641101301,0.44662157
42642237201,0.73559123
42642237202,0.15877059
42642293306,0.08695771
42642717601,0.9759294
42645301701,0.011838749
42646326401,0.038626917
42647544001,0.19796765
42648821601,0.039877377
42649244801,0.5533748
42649722501,0.003119862
42649722502,0.0025326353
42653178903,0.11732103
42653363502,0.13616754
42654068402,0.05486101
42654118001,0.21545418
42654118002,0.0073844567
42660995204,0.02468103
42670732703,4.7712703e-05
42670942501,0.23057884
42670942502,0.21826741
42674755901,0.0227555
42683417301,0.98061895
42683873303,0.00017932452
42683873304,0.00022514131
42684080001,0.9431776
42687311001,0.94186443
42687525301,0.18571045
42687740001,0.9934116
42687740002,0.6951177
42689967402,2.9250852e-05
42690423602,0.1717064
42690639601,0.937626
42696816603,0.03306383
42697573101,0.3041058
42697586601,0.5108075
42701106003,0.050434697
42701366501,0.340971
42701848601,0.9746455
42703117101,0.8105507
42765949101,0.5918917
42766776601,0.48334628
42766776602,0.28327397
42766777601,0.8387399
42766777604,0.68346953
42908277401,0.99331677
42908330202,0.0010641381
42953053801,0.0035837872
43046925501,0.8253309
43069330902,0.009026571
43069330903,0.010500661
43070245002,0.13105468
43090883701,0.85519993
43091773401,0.0017066654
43091800701,0.07604068
43109523702,0.906905
43110001502,0.047754023
43110033204,0.0009602187
43138027802,0.24102888
43138031501,0.31857684
43586902102,0.005802596
44418909901,0.9974559
44419720801,0.61986226
44426887501,0.47306857
44426912601,0.870587
44426912602,0.0129601555
44429859801,0.060453497
44429859802,0.009011008
44442919301,0.039095778
44447867501,0.00533522
44447867502,0.057341177
44447867503,4.6075675e-05
44448478801,0.814333
44460887002,0.15128759
44470145001,0.00010995891
44470145002,0.00015582022
44470229601,0.67243063
44478951701,0.042245433
44487724601,0.7512203
44488599901,0.19808671
44492663502,0.011737825
44500842301,0.010841178
44500842303,0.0031893386
44521244701,0.7142566
44652214201,0.20774272
44652311001,0.9202284
44652311002,0.041737106
44654990501,0.9852219
44654990503,0.3051736
44667821001,0.016072433
44667821002,0.0042302595
44670309101,0.035809215
44670707001,0.4188651
44670707002,0.19581665
44687160101,0.9528882
44687238601,0.15049355
44687238602,0.07361701
44688127201,0.9066249
44688628001,0.9755205
44688638401,0.090129696
44688638402,0.3821445
44689810302,0.36548236
44690139001,0.807665
44690469801,0.5190051
44693121503,0.0005975091
44694034304,0.038996417
44695132901,0.5910666
44696551402,4.3724318e-05
44697163401,0.5772192
44697763001,0.019720342
44698367501,0.0016829639
44700446001,0.08357738
44700938001,0.75033784
44700938002,0.009691135
44700938003,0.28199124
44701434901,0.9309081
44701554601,0.551595
44701554602,0.8734874
44702119503,0.23127984
44702553803,0.042549424
44702621101,0.5619127
44702652802,0.4267609
44703836302,0.1416816
44704224301,0.87915725
44704498803,0.096659906
44707555104,0.024192685
44708263601,0.0019663302
44708803401,0.97886837
44709216403,0.3157785
44709274601,0.90446156
44709430003,0.025570959
44709488305,0.9152267
44709816702,0.0024381368
44709820401,0.9799763
44710734905,0.51024234
44711543501,0.481623
44711543504,2.3108638e-05
44712681908,0.2226574
44713258101,0.7373718
44713553504,0.00015938353
44715555001,0.8380919
44717549601,0.9436821
44717549602,0.830072
44718654702,0.1374248
44718897901,0.020705393
44718897902,0.014380706
44719328701,0.02728166
44719449903,0.001069033
44719717002,0.026585748
44719717005,0.6196284
44722257801,0.23688868
44723020901,0.8364071
44723094501,0.32817864
44723132704,2.369576e-05
44726048801,0.9802935
44726323304,0.3862174
44726765301,0.619408
44729155601,3.425367e-05
44729155602,2.6267551e-05
44729973001,0.3239075
44732810101,0.25998902
44733814101,0.0014096083
44733814102,0.0013232034
44735038102,0.0069639445
44741999901,0.98494685
44742020601,0.9736302
44742396207,0.0018361874
44743060901,0.9505529
44745141201,0.42170182
44748816602,0.00022926691
44750939001,0.06221979
44751113401,0.9198749
44753946801,0.99243766
44753980703,0.013126852
44754436203,0.0001552761
44754436204,0.00015447146
44754492301,0.006214367
44754492302,0.0013181621
44755787501,0.43341735
44757552104,0.21949595
44758338102,0.0308622
44763165502,0.5869164
44764986406,0.0047034835
44769727501,0.41956657
44770632701,0.18965651
44772555402,0.007637012
44776342402,0.49317738
44776342403,0.70847917
45143902603,0.0053408393
45144079601,0.188159
45144079602,0.77960265
45144079603,0.22401586
45146621203,0.00022761917
45149328902,0.012666668
45149787407,0.15907426
45156410103,0.109113954
45159641501,0.9641774
45159641503,0.00014248949
45159952801,0.81379694
45159952802,0.644582
45160697001,0.9994392
45238853802,0.00010373296
45238853803,0.000114057184
45240743103,0.15320602
45241706301,0.018640174
45241706303,0.21698737
45241984301,0.7766161
45241984302,0.08794635
45243899103,6.6712335e-14
45243899105,0.11335127
45246516203,0.77877086
45248174503,0.063140005
45248174504,0.04408468
45251672904,0.00085476734
45251797604,2.202538e-06
45252161101,0.000410791
45252161102,0.00022607348
45253029406,0.017468568
45253364001,0.0023106888
45263116103,0.07774295
45263126802,0.43529627
45266583701,0.0690425
45266583702,0.2988202
45268263605,0.00034526602
45307990401,0.16057752
45308239401,0.00060479296
45309524703,0.14107601
45310065801,0.9147647
45325995104,7.861934e-05
45326020901,0.98517376
45328891907,0.00082938006
45328891908,0.0012640861
45328952901,0.71200955
45425777804,9.997124e-05
45436597101,0.75733626
45461038201,0.19838387
45485803202,0.29126582
45491988701,0.9086386
45496183505,0.0052172067
45496183506,0.004877493
45651998702,4.114019e-08
45653678201,0.1939525
45654083401,0.0101259425
45658861001,0.0018421401
45659278901,0.38997978
45659318702,0.3246954
45659345501,0.95792973
45659366401,0.58131695
45660992902,0.0014099481
45661078401,0.8215606
45662158601,0.2852987
45662172001,0.68427366
45804844402,0.0011025307
45805764701,0.9427345
45809116902,8.46682e-05
45809366901,0.045182608
45812493801,0.003120036
45812493802,0.0023296769
45827563301,0.003510808
45827563302,0.0017874727
45829078201,0.99648166
46312062701,0.0016429336
46312063801,0.32609525
46313466001,0.30552143
46316435801,0.12958215
46316622601,0.006771614
46316729001,0.99569017
46317022401,0.9351556
46317022402,0.9968454
46321687201,0.00069030566
46322506701,0.4465849
46322712001,0.87098944
46322712002,0.010185537
46325234001,0.17530896
46328355901,0.08399357
46328355902,0.006376253
46339396705,0.24379604
46345068701,0.7301016
46345711601,0.15331642
46345711603,0.20885408
46345711604,0.10524475
46346554101,0.99514824
46352792201,0.9735039
46352792202,0.42672214
46353550101,0.048717353
46353843201,0.97187793
46356805201,0.18179674
46359550501,0.3230158
46373260502,0.9202586
46373446901,0.74046284
46374251601,0.9632192
46377008201,0.827384
46380770701,0.32201707
46383669101,0.5361922
46383933501,0.9052344
46388414201,0.8968031
46388423001,0.6786702
46392854301,0.89054465
46393241101,0.9343255
46396409001,0.72855854
46397544501,0.29601493
46404093701,0.9963785
46404796401,0.98474413
46418100801,0.4847102
46427637101,0.8343143
46427784301,0.83481354
46440584002,0.00015659
46440790602,0.091622464
46441560101,0.6636608
46442017001,0.98843306
46454776502,0.04455365
46455428302,0.99843854
46455428303,0.86387044
46458300202,0.0006833313
46458427402,0.065125905
46458500501,0.8471499
46458854002,0.0022269217
46458989601,0.16227531
46464121201,0.9177706
46499158703,0.81492925
46502411801,0.009757257
46535453601,0.6884867
46539308501,0.9900713
46543439101,0.9248488
46544621801,0.7092964
46548765001,0.3428833
46552476903,0.19757755
46557304501,0.28079316
46561682601,0.009004332
46563493603,0.17811318
46564641301,0.9966968
46571187001,0.8601653
46571321001,0.9005443
46571717301,0.4859241
46609661105,0.0015434783
46610192702,0.5372758
46616294301,7.847957e-05
46616302301,0.8162815
46668164802,0.90326846
46668903301,0.11099422
46790259802,0.48417675
46790437704,0.26306546
46793405201,0.8079788
46815069102,0.58179694
46815489501,0.4463237
46817615002,0.008130449
46817819301,0.001274467
46817859902,0.0029606305
46817970501,0.2378209
46818816101,0.2835659
46821607901,0.0012186439
46821607904,0.0064244843
46904638701,0.50768876
46910098202,0.8210891
46915009001,0.5350279
46923312302,0.99419844
46926071001,0.4034226
46926071002,0.8135136
46926566701,0.53079456
46936026401,0.06573629
46940092701,0.011782336
46940092702,0.0006021787
46940662901,0.220803
46944721201,0.9096252
46945129701,0.18510108
46945359502,0.5699598
46945511101,0.870746
46947713801,0.9883167
46950693501,0.007813124
46955444501,0.8069543
46962027101,0.19377159
46962027102,0.02787703
46962869701,0.88995886
46965740001,0.0545146
46965740002,0.0021129223
46966750801,0.934581
46969286201,0.06437281
46969286202,0.008374295
46969286203,0.0005937258
46981066301,0.9681621
46981066302,0.89085644
46981179205,0.00014718965
46981268101,0.98485655
46987211805,0.0017324307
46987681901,0.007170331
47009736801,0.97376347
47010240101,0.28326672
47014731301,0.88220996
47018266201,0.00053893536
47018266202,0.00022578688
47018874504,0.006865401
47022060603,0.00038342059
47022060604,0.00019609884
47029179501,0.81514025
47029179502,0.96794116
47030342001,0.83155805
47032669801,0.95386106
47033668003,0.03141196
51662701404,0.00015815436
51885366801,0.0031283086
52010082501,0.39254436
52202662202,0.06196729
65026564501,0.9985769
65026564502,0.9598904
67504743810,0.55871797
67504743812,0.5846848
67791582702,0.1853455
68346032003,1.0009138e-08
68495592002,0.0017728901
72413093403,7.3971573e-06
72569488401,0.19039972
73227529802,0.9213184
73450558101,0.9966978
73450558601,0.9837789
73548785901,0.9687145
73587245602,9.34465e-05
73742523802,0.0068554548
73748696402,0.2838338
76661994103,2.3558725e-05
76723579601,0.27627912
80510082205,0.0039054798
80586147301,0.00078848586
84278066801,0.9863348
90392977207,0.019134274
100476507001,0.000119707634
110410011101,0.47374263
110410011102,0.008163532
110477688701,0.0013140753
110677071902,0.9986712
110861508102,0.00013396029
110981975701,0.010958722
110986944601,0.84642285
110986946101,0.8740059
120574527203,0.00046832405
120997343501,0.41992608
120997343502,0.00281223
120997348501,0.38733163
120997348502,0.002905603
121059797201,0.029446956
121339554501,0.6992525
121639492401,0.9167657
121900635301,0.9774505
122146990202,0.014872702
122425565905,0.3517374
122455164903,0.024506632
122455164904,0.2942664
123252203301,0.023991264
123438404601,0.995083
123438702601,0.99365777
123481032401,0.997879
123697841106,0.008437883
131208749307,0.0012484351
131400428901,0.7814425
132249398101,0.00035510617
132249398102,0.00036352765
132249398104,0.00013478054
132249403601,0.00034926337
132249403602,0.00035436772
132590012601,0.716826
132631597301,0.70435953
133157972501,0.042744078
133157972502,0.76220113
133160550401,0.0047241515
133194648601,5.409288e-05
133194648602,0.00017980546
133194648603,9.0082365e-05
133194648604,0.00053288386
133194648605,9.4103074e-05
133197258801,0.9622041
133532313901,0.67988944
133532313902,0.005340078
133585607901,0.09106068
133780551201,0.69780344
133780551202,0.06639995
133780552301,0.64809465
133780552302,0.06115864
134135128901,0.4726636
134344670907,0.063675754
134688048801,0.97121567
134694259001,0.7668213
135268414601,5.011325e-05
135350083301,0.7330903
135440442404,2.3718649e-05
140596584402,0.43846816
140599763501,0.9726962
141921455701,0.0002063358
142284626901,0.0006141597
142302019405,0.91713053
142346260801,0.9913378
142346260802,0.012355438
142395665402,0.55273074
151008818501,0.84716636
151183433907,0.00068061694
151325824001,0.8363904
151391111402,0.00040323375
151535546601,0.9937058
151838430102,0.00041809285
152922571201,0.98194236
152922576201,0.97357064
152997674502,1.0471641e-05
153367841801,0.50743467
153367842601,0.49863467
154654972401,0.6534267
154666784102,0.0041729645
154720174701,0.9852802
154731732101,0.0014685066
154731732102,0.03551096
155309950301,0.012401332
155614233407,0.00022159671
156720533204,0.116828114
168830672607,0.000493681
169108044701,0.051185783
169142746501,0.00036534804
169142746502,0.00018842414
169142747301,0.0002901461
169142747302,0.00016780056
169196215901,0.15085633
169317488301,0.5267411
169322625201,0.8056579
169704564901,0.0015851056
169704566001,0.0008313479
169704566002,0.07593215
169707298701,0.9719545
169868536603,0.21608555
170129211101,0.40681294
170129211501,0.39537436
170244231301,0.0001853331
170244231302,0.0014402536
170342329301,0.9956825
170630724702,0.9470148
181587036301,0.29709667
192238422901,0.75877815
