astro_id,planet_score
146686601,0.95912015
146686602,0.72982335
187132401,0.0041170362
187599501,0.90156615
274305901,0.8518883
317876001,0.39347464
317889001,0.0070423586
359579601,0.062437885
359698601,0.8307529
360669601,0.89774257
402988901,0.98486286
403061701,0.009942218
403061702,0.0030965474
446702702,0.34915465
447174701,0.07574834
447673901,0.056649186
487162902,0.865674
487657001,0.37623826
488161201,0.9945353
533697002,0.96711296
575113501,0.22303294
575113503,0.022114277
575563601,0.32016242
575563602,0.24149616
575563603,0.8607254
619318901,0.9914198
619318902,0.9459047
635590404,0.0024955045
639837301,0.77833736
703862601,0.62510866
704333601,0.0073119565
704818901,0.7187672
704818902,0.93519807
748441901,0.55810076
748446301,0.07829062
791546903,0.09501616
791560602,0.21472782
880121802,0.96668464
924306901,0.9065258
924772802,0.0003030141
925236802,0.9967571
967723901,0.0042674216
967723902,0.005676384
967723903,0.014935043
968788801,0.935377
968788802,0.80904937
969292101,0.9467934
1009597401,0.0002781012
1052573004,0.0002123086
1053441301,0.020163044
1139437301,0.22294162
1139923501,0.93330157
1139923502,0.9836858
1185668201,0.9465736
1317343201,0.03014162
1317833901,0.00656924
1358861002,0.935778
1358887203,0.0037474493
1359346304,0.009681417
1359459601,0.77606976
1359459603,0.9472837
1404892901,0.7092074
1404892902,0.912593
1405725501,0.37398463
1405740801,0.028028822
1446659202,0.42704767
1447062701,0.29943123
1447567501,0.013532701
1532995001,0.18267846
1533976301,0.024893558
1534462401,0.47520813
1564162001,0.8743422
1564731001,0.82654953
1580072901,0.97774005
1612399801,0.6607854
1612399802,0.5088478
1623657601,0.15473726
1635457001,0.08414641
1636086003,0.0102776475
1643676902,0.06712026
1658550801,0.8825984
1666082901,0.21823235
1666604501,0.84200215
1711477001,0.9985018
1752487701,0.49779776
1753382302,0.029414445
1797236302,0.21632077
1797258201,0.14424983
1798232703,0.022589535
1798271601,0.7237055
1882728601,0.94004834
1927452702,0.0014306499
1927473304,0.14672011
2062751702,0.008072522
2062751703,0.0150069315
2062751704,0.014962258
2104670801,0.6902842
2126191108,0.034957226
2126207403,0.04879252
2135589701,0.9979995
2147845102,0.8478492
2169987801,0.0039846115
2169987802,0.0032981925
2169987803,0.00861248
2169987804,0.023387134
2199901102,0.0041159717
2208947308,0.0025453265
2219374701,0.004149943
2219719008,0.00042513813
2229403703,5.6004637e-06
2230620701,0.09445907
2236170001,0.4072591
2236170603,0.010917734
2240212202,0.19722809
2240340401,0.7060907
2240340402,0.5738872
2248758202,0.10849878
2249717702,0.0009680448
2257561501,0.20350888
2269306501,0.98615813
2278714003,0.08655651
2278733401,0.0039206995
2282054001,0.0030227115
2282582301,0.004305522
2283563801,0.9763348
2288145801,0.003738389
2297574702,0.23945898
2298235402,0.0010309633
2299118901,0.013516602
2321110901,0.8282453
2325702201,0.53610605
2331537803,0.0002670846
2331839901,0.88780177
2340085901,0.004227786
2340186605,0.0794489
2349099503,0.21549346
2349156501,0.13049382
2349163301,0.0035036078
2349337001,0.9700294
2369119608,0.0033259469
2381892403,0.00053431775
2381892404,0.00032661945
2382288001,0.6037064
2382633101,0.7665497
2382633102,0.17997228
2413763403,0.10619475
2414654901,0.97427803
2431354801,0.094156936
2431354802,0.15214093
2431354803,0.21118167
2431486803,0.00022204676
2431486804,0.00022217071
2431674302,0.54935414
2431698501,0.5408042
2431698502,0.45770255
2440905701,0.8450013
2456122501,0.008511816
2456122502,0.33624637
2469352804,0.00019287945
2498578301,0.82032627
2506398602,1.0907904e-06
2506399902,1.8174252e-10
2511727304,0.044036686
2515483101,0.0006473425
2515483102,0.0006980556
2519562303,0.0012517115
2543370304,0.11445107
2558658502,0.00076093373
2559088601,0.027002437
2559088602,0.06957599
2559934101,0.96315455
2560054501,0.891184
2572286603,0.0028527519
2573502001,0.9084328
2585953003,0.6523231
2587869801,0.2953767
2598839001,0.25232852
2629696301,0.080548584
2630201102,0.00087423966
2633388402,0.011684893
2668310702,4.2872703e-05
2670173501,0.98554546
2670932602,0.08036333
2670998901,0.23817937
2711759301,0.99793744
2712677601,0.001703449
2712677602,0.0009661029
2755211904,8.197082e-05
2755686901,0.9937437
2755720001,0.0010129141
2755720002,0.0008166371
2795010701,0.0014385993
2795010702,0.0009257975
2813740001,0.08963258
2813962203,0.0007039128
2813962204,0.0009824665
2845569801,0.89951396
2846479102,0.46431756
2850953202,0.13962914
2852637903,0.20293012
2860940301,0.99099004
2860940302,0.01973507
2884064201,0.005532898
2884064202,0.41058564
2885271803,0.86010116
2885606601,0.09542155
2898001102,0.0013056666
2931001401,0.007181875
2973159301,0.43101305
2973919907,0.0075074094
2978129201,0.8580312
2978129202,0.9995426
2982926503,0.0261123
2983350401,0.00011002773
2983448601,0.00015705726
2998401401,0.9573524
2998413101,0.6646362
2998413102,0.32150418
2998680801,0.9612388
3003143901,0.38763094
3014114101,0.9424179
3014130801,0.04724605
3014155401,0.39770344
3014626201,0.9741324
3014666201,0.0018610606
3018949201,0.0037355132
3018949202,0.0009952042
3019337302,0.053243477
3026816802,0.9889727
3031174902,0.32806382
3031368202,0.009373496
3031428201,0.83928657
3046805201,0.69316
3046945402,0.002221572
3053489302,0.066330835
3055760803,0.00093253533
3058004502,0.4198805
3058007201,0.8984161
3063992801,0.2631377
3071881101,0.0702839
3071881103,0.0012321997
3071881104,0.0020862701
3102001301,0.3385856
3103558401,0.9673236
3103575802,0.7591439
3110540201,0.36030662
3110540202,0.23341161
3110603901,0.49563426
3111950501,0.03677457
3119795201,0.8446172
3120236902,2.6676316e-05
3132119001,0.9874821
3132142001,0.5675285
3133342702,0.038459126
3140936101,0.0059549
3141154101,0.0
3141154102,0.9490432
3142064902,0.0077837887
3157252801,0.19199656
3167063202,0.14323713
3175297102,0.00010038059
3176004601,0.5781916
3179612006,0.19679637
3179929603,0.6266471
3179929604,0.85434085
3185258505,1.7922726e-05
3185298001,0.9983204
3185298002,0.99671966
3187201101,0.07634415
3194381902,0.8089127
3194575303,8.0724476e-08
3203463001,0.12504856
3203463003,0.66608566
3213709901,0.0007566179
3222460802,0.021609267
3231889301,0.49238855
3232159104,0.0009314244
3232441901,0.99353206
3234812501,0.016774464
3245705601,0.035836834
3246227701,0.32367665
3256908001,0.009578993
3268340304,0.0074982853
3268340307,0.055079974
3269099802,0.00015810865
3269552901,0.07050525
3269552902,0.9503312
3269953802,0.00056746876
3276522401,0.19120356
3276533002,0.050812613
3276533004,0.66740817
3280637501,0.81136006
3280637502,0.40632933
3307649701,0.035795294
3318030301,0.26901275
3318466001,0.94588506
3318512401,0.03210739
3334199001,0.9841382
3335085001,0.0026190246
3335085002,0.0011879347
3353118201,0.931888
3362798301,0.9983646
3363285304,0.13325077
3364330102,0.0009240817
3370676108,0.06986149
3371460301,0.1574952
3373201704,0.00072755106
3377092703,0.19051781
3383635903,0.06329411
3384068301,0.9932414
3390475201,0.7423384
3390701001,0.9339932
3391691903,0.006956167
3392745901,0.7666903
3393136902,0.00019057129
3393383702,0.20726869
3399912401,0.20113634
3400905505,0.16181451
3411844501,0.66592234
3417332101,0.014884596
3417332102,0.029097933
3424745501,0.026517617
3434489003,0.0015120795
3434489004,0.0006969791
3434489005,0.8719148
3434667601,0.0678949
3441905501,0.025972776
3441973601,0.020282183
3441973602,0.035642967
3442555603,0.018128011
3442733801,0.8756016
3447794201,0.3537761
3448817501,0.1297845
3448817502,0.0069085443
3448820401,0.7026023
3453778701,0.91525704
3467188601,0.6595353
3488902701,0.88354325
3489887102,0.0015946641
3492120601,0.6626669
3492623801,0.4465531
3505074004,0.3529023
3515144901,0.027003754
3515201401,0.7609154
3515201403,0.65414643
3515201404,0.62473977
3528137002,0.0037750697
3531535801,0.99177706
3531545301,0.98823684
3531545302,0.20439355
3539425602,0.0005866889
3561454202,0.0026238023
3561454203,0.0051360023
3563221601,0.2792846
3573729201,0.9696689
3577053401,0.0074632443
3577053402,0.77937746
3577053403,0.013896979
3577105201,0.3618147
3587746301,0.009643242
3587746302,0.0066056107
3599902601,0.21178219
3599902602,0.22670858
3627371304,0.035054196
3659498501,0.9756749
3659548101,0.7982169
3666336101,0.9889972
3666450101,0.75719553
3666450106,0.12549867
3676842402,0.97924805
3677387808,0.016231183
3692332901,0.8923566
3692332902,0.29446557
3704799301,0.9847149
3705786301,0.018055255
3706298501,0.5075888
3706298502,0.025883524
3719507701,0.9961712
3785931001,0.58185303
3789267501,0.8565009
3823037501,0.77498186
3823424101,0.9805658
3831648301,0.00019842008
3831648302,0.00015278284
3831650501,0.7800828
3831669101,0.00021704956
3831669102,0.00053513964
3832537201,0.011519143
3832537202,0.0027030027
3832537204,0.17996535
3836271401,0.049624182
3842383401,0.98600775
3848340502,0.0031748328
3848340503,0.0015981838
3857102001,0.9984909
3857190802,0.15518424
3860367301,0.9578138
3871032102,0.022814808
3872898902,0.34857315
3872898904,0.3934398
3874032101,0.9306978
3874509601,0.07575584
3875475301,0.39888185
3875475302,0.6583366
3899057102,0.9543547
3947803802,0.051785022
3960490901,0.98407704
3960825001,0.2191472
3964510301,0.044692658
3964510302,0.9724415
3964580201,0.6934539
3964596201,0.0010277918
3964596202,0.0011335482
3964596203,0.011269336
3964598901,0.0014341244
3964598902,0.0024760023
3964598903,0.0118392175
3964599101,0.0057890275
3964599102,0.0554039
3964599103,0.0054587773
3964866401,0.00040518923
3964866402,6.586493e-05
3964866403,3.7902184e-05
3965453201,0.00025615236
3965453202,0.002202318
3965453203,0.0003274115
3965926901,0.0006393265
3965926902,0.016781408
3965926903,0.00073841674
3985732201,0.24099267
3985850701,0.99827635
4002980201,0.065715685
4002980202,0.1034773
4006122601,0.98922896
4007664701,0.006143623
4007664702,0.0038202172
4015435201,0.6529498
4024771902,0.63863415
4049614402,0.26496992
4049614403,0.30224648
4049639801,0.007016702
4053529007,0.029657897
4053530302,0.20933366
4054021301,0.4262291
4054091401,0.17252646
4054569402,0.9068992
4071509102,0.088780165
4071736501,0.88690394
4071736502,0.7239714
4074927402,0.99492955
4079750401,0.021155994
4079750402,0.6292475
4079755502,0.19392444
4087813603,0.8879244
4090461902,0.0010458733
4092452401,0.99056387
4092541804,0.0021592067
4097449901,0.03564963
4097584204,0.0003864168
4097584205,0.001573068
4097584207,0.0006238311
4101147101,0.50085956
4103172102,0.0045869574
4103282404,0.0034638005
4123125201,0.004429711
4123917001,0.32133508
4124707301,0.37155303
4133885201,0.020632038
4135932601,0.010838936
4138586402,0.000112112946
4150732601,0.2332206
4150874601,0.9933877
4159045304,0.008577929
4162249605,0.06656618
4162577901,0.6509598
4163071201,0.00023103558
4163071202,0.0052010836
4194266004,0.00080922066
4195029201,0.9023382
4203595801,0.66032183
4204477601,0.025048843
4204477602,0.04533388
4214979601,0.93243754
4221337001,0.29714608
4221337004,0.045234386
4242423301,0.0011199251
4242423302,0.0009315448
4242492204,5.258085e-05
4252370002,0.033635594
4265744501,0.99410987
4265744601,0.9948979
4266274701,0.54187644
4267727901,0.6811039
4268151601,0.93140626
4268548501,0.02469755
4276855001,0.39735353
4277788301,0.050784416
4277788302,0.022270108
4317398502,0.24383478
4317398504,0.037442867
4318622401,0.5841495
4351491201,0.018948784
4351491203,0.0023255032
4351502401,0.86696345
4351502402,0.9385752
4351985201,0.017711043
4354192602,0.000108594504
4369702502,0.002104196
4392689601,0.10627627
4392689602,0.22044784
4392938201,0.28524676
4397781501,0.9519177
4397827401,0.059809834
4420128402,0.072570555
4432802502,0.071906105
4439556002,0.25366434
4440082102,0.941391
4447659308,0.0023092334
4448257801,0.046426382
4448257802,0.0040117595
4448257803,0.0033973688
4459765301,0.23203877
4471851601,0.0093085645
4472600001,0.84507674
4480103301,0.99798894
4483827501,0.8605868
4526160001,0.9865911
4526160002,0.93012357
4526169201,0.8386299
4526646101,0.060275324
4527133503,0.13069698
4534806301,0.011140548
4570121102,0.92773265
4570163001,0.27664188
4614313301,0.13378395
4652070001,0.040923387
4654144401,0.039259475
4654993101,0.09827667
4665897205,0.9235638
4666292102,0.18484668
4714868201,5.781731e-05
4715124501,0.057901226
4715124502,0.19399352
4740221401,0.97696984
4740233701,0.9446605
4740749901,0.22703108
4741205501,0.9878985
4741205502,0.9867344
4741205701,0.08562885
4741205702,0.16523421
4828220101,0.9530405
4828220103,0.075381055
4828273601,0.89250916
4829203002,0.0022304698
4870279902,0.0030929719
4870344602,0.001062803
4871280601,0.75441736
4897900502,6.5480795e-05
4905823102,0.003989565
4905823103,0.0040950454
4905977201,0.27350256
4912648805,0.015159767
4912648806,0.002373568
4913506001,0.20285092
4913793601,0.32005614
4921874606,0.0042198934
4929679601,0.0009535128
4929679602,0.0008282215
4939022301,0.86005276
4939990902,0.041787125
4953460001,0.00063502055
4953460002,0.00021588017
4954065603,0.0009180514
4954066306,0.0016379674
4954140202,0.0029497615
4957545301,0.72451115
5001067201,0.44638664
5001068901,0.14795917
5001102201,0.101329066
5001765202,0.2806236
5030995301,0.46787217
5030995302,0.91016585
5037787401,0.70583457
5042097601,0.92971045
5085962001,0.18358985
5085962003,0.051989075
5128835901,0.38056457
5171914801,0.15103987
5257763902,0.0016317476
5344625701,0.005446214
5431124201,0.0625899
5432059804,0.0027997724
5502166501,0.82446635
5502186202,0.0014625227
5515505102,0.0147116305
5516463201,0.3106272
5516463202,0.046421453
5518119901,0.19518813
5527110401,0.07803794
5527226202,0.96889514
5545249501,0.9070142
5545250301,0.14416765
5545426902,0.00534681
5545507402,0.022781068
5547289901,0.55382854
5547289902,0.05926162
5547432903,0.003013722
5549728103,8.81577e-05
5562237201,0.8740744
5565278504,0.07897058
5570770602,0.0005233753
5574626201,0.9854962
5575808301,0.96871465
5575899202,0.0
5584894004,0.00013558703
5591586001,0.6409861
5593112503,0.008286564
5600446501,0.86538047
5626985801,0.030541632
5627065601,0.01740641
5627482401,0.0088819545
5634727201,0.8860909
5643788502,0.8761765
5643825301,0.91741383
5649444901,0.013605978
5659416702,0.0004260244
5659617704,0.0008835623
5661352407,0.00035751463
5670177604,0.012798338
5673306902,0.82204175
5677316201,0.6476028
5686364903,0.023980021
5686364905,0.05379506
5686448101,0.012631881
5686939601,0.15310487
5686939602,0.018331673
5692699102,7.452561e-05
5701501301,0.08153403
5701501302,0.41626328
5701929301,0.0077740652
5709587101,0.6307797
5711132401,0.047221355
5711205901,0.99147934
5712239104,0.0005710189
5721670401,0.0011691313
5721670402,0.0031994276
5723846602,0.001786667
5724783701,0.8800294
5727492901,0.34164655
5738102001,0.82978207
5741840401,0.0011115477
5741840402,0.0011775434
5741840403,0.0049762097
5741840404,0.0030298047
5754904201,0.98830974
5769526201,0.042103834
5774550401,0.7437751
5777786802,0.72815025
5784683004,0.51058096
5784944902,0.9043252
5800167503,0.7216811
5800281702,0.84685725
5805734802,0.0031365915
5806463601,0.036653295
5813672601,0.049964257
5813672602,0.0091999965
5814217001,0.94660586
5814217002,0.07664553
5815915803,0.00018246727
5815915804,0.00024429525
5825911002,0.84631985
5837485301,0.02227396
5837485302,0.0327747
5837485303,0.541991
5852494403,0.80444217
5857455101,0.00046405816
5865628302,0.18606918
5865628303,0.26763818
5865628304,0.77630174
5866378902,0.2973238
5876996601,0.93695617
5887774601,0.16423227
5887988502,0.9437205
5888902201,0.9210591
5897340001,0.2400538
5905570003,0.7292005
5906064602,0.00079703156
5906076703,1.0159437e-05
5907142001,0.57176316
5941366101,0.94800436
5943297001,0.9894029
5944023101,0.95137346
5944023102,0.34859133
5944753601,0.91739374
5955473401,0.634197
5955473402,0.7966831
5956030402,9.127674e-06
5956983603,0.0010906535
5965996401,0.19472884
5965996402,0.019935798
5966774301,0.022561185
5970269802,0.003986015
5978675402,0.8407965
5979358401,0.36836347
5982349401,0.05638383
5991614302,0.0025779293
5997905301,0.5150456
5998056201,0.1662358
6007267401,0.72300917
6008380201,0.48745736
6008963601,0.92742366
6008963602,0.34767666
6008963603,0.24708542
6015938604,0.0001101093
6016002901,0.0004502977
6016002902,0.00034551162
6016700601,0.75939727
6016802201,0.014394049
6026872001,0.20655161
6027718501,0.4766795
6028377003,0.3842657
6030946801,0.6614349
6035637701,0.9485984
6036742901,0.0009999617
6036869001,0.04722963
6042874501,0.8467626
6043004303,0.0003042176
6043004304,0.0011655882
6043375501,0.0004066203
6043375502,0.002750708
6043909904,0.0016710851
6046288601,0.106879674
6053017901,0.027337845
6053541501,0.036522992
6053818401,0.991015
6062971701,0.0027959223
6069763601,0.8629299
6074889101,0.014417851
6082305101,0.03349602
6089059903,0.0007561032
6089158202,0.08465652
6119174502,0.052630894
6144129701,0.6763947
6154771403,0.035863638
6154771404,0.09562205
6155090501,0.0021215316
6165397403,0.054568253
6165653403,0.007617579
6165653405,0.0009922361
6178654902,0.07968032
6180657801,0.28394124
6180805201,0.89115363
6180805202,0.8187259
6192574301,0.007961995
6192574302,0.0011411093
6215724701,0.93300885
6217415803,0.7344834
6228904502,0.048620045
6241089002,0.044004012
6241093102,0.34005716
6241590201,0.9091575
6242032601,0.47436798
6253595402,0.00017023236
6253595403,0.00065320183
6253971902,0.0027846633
6254246401,0.13701145
6254246402,0.07057591
6261133301,0.94800615
6261323802,0.0051222565
6265521202,0.022169895
6272611201,0.6683569
6272665702,0.78848904
6279045202,0.64559716
6280378905,0.0247958
6280674301,0.9439651
6280856501,0.26431918
6288299303,0.0009325821
6288299304,0.0011418692
6291912801,0.006982141
6299101801,0.44463518
6302337203,0.8692549
6302404701,0.7291294
6308923801,0.17723034
6309331503,0.0008942585
6309331505,0.00022689842
6313590502,0.65831643
6313914303,0.9461273
6318435402,0.024318809
6318435404,0.013071729
6324683401,0.96034515
6326181102,0.5787642
6327267202,0.00045671326
6332963401,0.7693508
6340819502,0.97900003
6341634501,0.7477274
6351354601,3.798462e-06
6352203501,0.00042593834
6352203502,0.0022213592
6352379501,0.21738793
6359069701,0.024250824
6359214001,0.009570889
6361511001,0.038764212
6361919203,0.8397229
6368632901,0.39461797
6368776201,0.07742668
6376477803,0.008188498
6376804901,0.017167343
6376807501,0.0070751007
6376807502,0.01847042
6387572703,0.00018797665
6387572704,0.00022206859
6387866702,0.053558096
6387966304,0.5561305
6399136702,0.00067602145
6399459503,0.020324545
6412380401,0.41257352
6424210504,0.05935658
6434460401,0.6202654
6435212501,0.08080362
6435212502,0.2303058
6485866101,0.000527572
6485866102,0.0007237111
6485866103,0.00027141956
6485866104,0.0117453495
6485866105,0.019088002
6485866106,0.013470041
6525380401,0.7958167
6538582002,0.28686154
6586048304,0.00042445603
7375361601,0.7678182
7375607502,0.18697901
7392507002,0.011864931
7392507002,0.01185444
7427155401,0.006996429
7427155407,0.8759117
7434621201,0.014232083
7434621201,0.014232083
7434621202,0.0007623537
7434621202,0.0007623537
7443700003,0.0006367588
7451108101,0.0061822445
7451922401,0.010388857
7459694901,0.075665966
7459694902,0.039045144
7482930601,0.037671167
7507619201,0.74239767
7516057103,0.00035974156
7522371801,0.9510171
7530608901,0.29771703
7530702201,0.04771153
7538565803,0.00053477904
7538725301,0.49054796
7538917601,0.20264398
7539189001,0.7377607
7546329201,0.60509497
7561012505,0.00054655084
7568374001,0.99326694
7568374001,0.98792726
7575508203,0.00050321745
7575571607,0.0034347968
7591712304,0.15123868
7600180003,0.46488503
7605870901,0.22174422
7606518401,0.93864757
7606562302,0.8522138
7606612701,0.7266469
7606666902,0.758805
7617356301,0.08876852
7631539701,0.9881402
7631618801,0.08844238
7631618802,0.0111220125
7638650802,0.76414144
7639159901,0.5963282
7639303301,0.9578361
7639303302,0.85337406
7644614602,0.0040254397
7644614603,0.009337597
7644614604,0.0230996
7661644001,0.8229084
7675873301,0.8180132
7675873303,0.014634174
7676218301,0.38612914
7676567601,0.008925878
7689270401,0.18499932
7689270402,0.6679923
7792450201,0.98328686
7824594601,0.98447603
7837460901,0.017826166
7875409802,0.003368926
7875903801,0.13627817
7912466701,0.0061910725
7912507701,0.9851516
7912545601,0.025591027
7913292301,0.002782105
7926475902,0.19910735
7960579101,0.99967456
7971252002,0.0868257
7982089001,0.8557207
8004746701,0.42996955
8004867004,0.95505
8324325901,0.7964453
8359092201,0.56079197
8382728801,0.8962463
8391827801,0.9020274
8463689001,0.09917282
8464525501,0.960877
8474543001,0.96630245
8474787203,0.99399745
8475697403,9.250511e-05
8475836301,0.0062578823
8500576401,0.07239158
8501067001,0.6481346
8512562301,0.46699527
8535969701,0.2718012
8535969702,0.76761293
8536160701,0.7997799
8557710801,0.18168747
8563941501,0.0038910855
8564200602,0.0042205635
8564269102,0.00017294518
8576045202,3.636124e-05
8585618401,0.25384194
8585618402,0.673131
8592489001,0.90359575
8602080602,0.0038914836
8603125301,0.0010431005
8625205701,0.3405558
8625205702,0.78252566
8625492902,0.0010956973
8632462302,0.0715744
8633423501,0.94885653
8633435102,0.0142041
8651144702,0.0005312562
8652128901,0.7039017
8663328001,0.23582368
8688852701,0.03124411
8688852702,0.0017484067
8705532001,0.20283009
8705793603,0.047581755
8705793605,0.027593547
8716784101,0.100743115
8716784103,0.25303668
8726694203,0.0010337416
8733387901,0.8065991
8754358902,0.13667537
8778408101,0.82049185
8788823901,0.3915974
8789967903,0.007690186
8823309601,0.8304134
8833986501,0.9680756
8851497101,0.06870973
8851956101,0.18629104
8852008701,0.018693114
8852189402,0.07666364
8861191602,0.00034316903
8881178201,0.9957735
8898627501,0.8776437
8898627502,0.11266474
8905393404,0.07448415
8905697201,0.0055853194
8905697202,0.0009945938
8913706803,0.004034841
8914097501,0.12044705
8924303201,0.98846453
8924303202,0.9071284
8925222504,0.012391019
8925357001,0.1009037
8930756502,0.0028047885
8931838602,0.09299629
8941135101,0.17311221
8942065601,0.13575086
8956699101,0.48711988
8957784501,0.13765767
8957784502,0.0071220137
8965832101,0.97255534
8974209201,0.81887597
8980662303,0.017267458
8981040401,0.001995654
8981040402,0.0006991277
8991306903,0.00028988984
8996784601,0.6146794
8997116301,0.7319061
9008303701,0.9850498
9008303702,0.013543025
9016544001,0.8483448
9022828902,0.023898205
9022853401,0.039750077
9022878501,0.8587519
9022890901,0.02011668
9023643801,0.8948594
9041772101,0.9956548
9042252402,0.40100428
9048609101,0.20381854
9049168001,0.18538171
9065882101,0.4866727
9066105801,0.034253694
9066127701,0.17315489
9066386302,0.20633371
9071694402,0.06662952
9073074701,0.001156005
9081432501,0.9569134
9081838502,0.9002816
9099943601,0.9788865
9100943301,0.33114216
9107170701,0.1295109
9107893601,0.60090053
9114721801,0.91286117
9124466901,0.98421323
9131653602,0.08487605
9131653604,0.023980336
9132419502,0.2097
9141025802,0.00065977994
9141026002,0.027818631
9141422303,0.0023429755
9475348801,0.87766194
9475628901,0.3741726
9509231003,0.17774847
9517431301,0.75078064
9518324401,0.0018888463
9570260101,0.009165197
9571788104,0.05138948
9572072601,0.86202663
9580433902,0.64460677
9580511005,0.013946328
9581394501,0.044192057
9584949203,0.004512837
9603923601,0.9606091
9647563801,0.97306776
9654057203,0.016451053
9681050603,0.017133875
9681868001,0.148687
9688924805,0.018328983
9708044101,0.17846349
9708421301,0.21575661
9710542301,0.006842077
9710542302,0.09095787
9729263202,0.021330554
9729640903,0.0018795207
9769165301,0.9600712
9776252401,0.0014528488
9776699301,0.9065203
9788835703,0.9387253
9790248301,0.95967704
9799135801,0.7952228
9831842503,0.019444017
9831864401,0.08475569
10019081801,0.8333007
10019140201,0.38481498
10030598401,3.2701628e-05
10030598402,1.8007153e-05
10031003601,0.009769656
10056971004,0.006819765
10057104001,0.8980328
10057104002,0.06994663
10058843802,0.80091745
10058843804,0.013811871
10068997301,0.046286717
10069995501,0.9430006
10094739503,0.80303746
10094763201,0.003785397
10094797703,0.015034096
10095808402,0.7492069
10095843301,0.48451453
10096215701,0.013567562
10096417101,0.33090234
10108020001,0.16404346
10108283401,0.0027360516
10119610201,0.003305174
10119610202,0.0056539415
10132909501,3.3256988e-06
10148655101,0.4142558
10161078302,0.96989137
10161080704,0.97786695
10186375301,0.12423348
10186596501,0.32321712
10199039201,0.9783438
10212986001,0.012824272
10224618801,0.86937696
10224618802,0.10413407
10224901702,0.52459866
10263813202,0.5632553
10264287001,0.0008103214
10264316301,0.0004008058
10264348201,0.0063794036
10274366302,9.350259e-05
10314524801,0.14598973
10325796706,0.0009601098
10353132902,1.4230488e-13
10364895801,0.9316448
10376367904,0.2174589
10376397901,0.01354977
10390531901,0.1313123
10413925202,0.007005869
10427433001,0.8621741
10441934105,0.0019947807
10479034102,0.7681801
10480383401,0.19076928
10480383402,0.2516503
10493181301,0.9082979
10518842403,0.90327096
10519098404,0.8138882
10529676301,0.0031234666
10529676302,0.07522438
10568487504,0.41349322
10837497602,0.0018187191
10837842705,0.0002686824
10859048002,0.09153759
10884591901,0.5575366
10886092801,0.0008229996
10886419901,0.0009885819
10886419902,0.0012770817
10898348201,0.86311495
10898348202,0.9640968
10937635604,1.9747902e-06
10938015501,0.20860079
10938019301,0.14200328
10949837601,0.8303273
10950331601,0.88870513
10963396401,0.95374197
10987510902,0.052796554
11001893001,0.033713922
11035433901,0.070317075
11054170402,0.39698303
11061602801,0.0010546042
11062190401,0.9387458
11062805303,0.14723307
11062805304,0.10867499
11075892603,0.0057554427
11087920102,0.066655315
11102317801,0.94040614
11102719501,0.06550844
11126632602,0.32511944
11140384101,0.94332427
11144934701,0.026643172
11144934702,0.013492957
11150781601,0.5944681
11157210001,0.30262926
11162241502,0.44913575
11172093002,0.00061892037
11172279402,0.055812683
11172279403,0.12507431
11175985301,0.58228785
11176276901,0.15635996
11177023101,0.23330854
11177053903,0.7734291
11184523001,0.7052718
11188722501,0.94907016
11188877204,0.0042943344
11188897502,0.0027925996
11196832301,0.702348
11208954303,0.00333409
11221303101,0.7758762
11226066102,0.45626473
11226298602,0.30281466
11237798102,0.050913468
11257430701,0.07056211
11257592301,0.89910775
11257820204,0.0041588238
11257820206,0.0025164178
11258650602,7.1132315e-05
11278457201,0.48216796
11289868301,0.45391598
11289874802,0.019700192
11316068701,0.071648225
11316097901,0.8433732
11326728502,0.02698369
11326728503,0.07047373
11339655703,0.85126853
11341112002,0.55404055
11351159103,0.16573933
11376871801,0.9789605
11376871802,0.8743692
11390038802,0.24635772
11413054201,0.0003674991
11413054202,0.00017837073
11413963201,0.99707174
11413963202,0.012304453
11426827002,0.017797459
11793527401,0.5452658
11801117801,0.26341164
11801536001,0.34683138
11801607802,0.1699943
11805993502,0.0016748601
11813989304,0.020870492
11813989305,0.025155066
11813989306,0.01262622
11814710701,0.008176012
11819609403,0.0009693207
11819664401,0.02962919
11819664404,0.0150531335
11819770903,0.00015651337
11819824801,0.019805385
11820008001,0.004819705
11828042701,0.8034948
11832157008,0.000241482
11832289607,0.6987976
11843969002,0.00022629219
11853010701,0.8094041
11866683301,0.96499
11879817401,0.05077932
11892274901,0.66077
11898109002,0.0022059432
11904677202,0.24028923
11921955101,0.13800801
11922271301,0.08678379
11922514501,0.17188999
11933439101,0.8902114
11938562501,0.57907754
11938810101,0.9048118
11950168708,0.3358611
11950621401,0.10244943
11956086701,0.8359848
11962420701,0.011252417
11967724601,0.96073747
11987903601,0.88196695
11997553101,0.50537664
11998011201,0.94104904
11998113401,0.6874149
12027622801,0.0004025556
12028115501,0.91560125
12034182301,0.3930101
12039326410,0.038615312
12039326411,0.0077701095
12039326407,0.0036597124
12039326408,0.0074001877
12039326409,0.14180382
12039513701,0.046294384
12039513702,0.03283111
12039720501,0.5601191
12039721702,0.032377895
12040021401,0.04527233
12061103001,0.74000925
12061103002,0.7156317
12081715301,0.009921633
12081715302,0.88738555
12093407101,0.013101729
12093761601,0.48723057
12094161401,0.9546539
12113719101,0.0001257695
12145433301,0.18294558
12158637201,0.9522061
12167517401,0.9722803
12200275401,0.8216392
12200597701,0.14625655
12200666501,0.99470973
12220988502,0.3013254
12242476801,0.007158273
12243213301,0.988694
12253794801,0.96313727
12264264401,0.9966456
12285400501,0.9188984
12317287902,0.0054770904
12339813301,0.97933125
12350845102,0.008241214
12381617802,0.0069793714
12390795801,0.08949584
12390866501,0.6562748
12391973001,0.0021904167
12426094001,0.8421109
12426405501,0.88984454
12426405502,0.9722109
12426436303,8.011214e-05
12458398501,0.78201735
12459356401,0.72451854
12459356402,0.86996293
12479663401,0.4278776
12489976901,0.98369986
12510041603,8.197714e-07
12510943101,0.8194267
12522039801,0.115243256
12522220604,0.057568092
12522220605,0.001092597
12522821001,0.9579643
12533032001,0.18804061
12533039501,0.7870833
12546033301,0.00039537932
12553900602,0.0002953319
12553900604,0.00041412818
12553921701,0.00092776335
12565600201,0.41217285
12565956701,0.51278263
12565956702,0.011720462
12576085101,0.0096242875
12596876401,0.027690364
12606428601,0.9352427
12606499301,0.09010422
12607327902,0.008052506
12607799201,0.91296864
12607810001,0.691821
12630682801,0.1752114
12639315001,0.9522115
12656178701,0.9336702
14059590301,0.10137055
14068744601,8.472057e-05
14079745901,5.030869e-08
14093858001,0.9596924
14094049302,0.00020257299
14128126001,0.49027526
14128126002,0.7442454
14133479301,0.012505669
14141282301,0.994001
14143575801,2.6658485e-05
14147252101,0.012813347
14148039401,0.025074653
14148238601,0.7262625
14148498103,0.00037819016
14171216701,0.9615053
14175278701,0.2840125
14175577002,0.00035570122
14177059201,0.7071521
14180659802,0.0018343448
14181146904,0.0017723609
14182800702,0.0015009535
14186670401,0.00060612976
14186670402,0.003956254
14187156903,4.859038e-05
14208293201,0.016249591
14210530801,0.02785955
14210918504,0.03590248
14214784903,0.00041398592
14214784904,0.00041397964
14214822801,0.9121933
14214871202,0.13363574
14785851101,0.9718023
14787355302,0.0005441113
14884825503,0.004507175
14910260201,0.36442265
14910260202,0.3733781
14917608001,0.30828363
14917608002,0.32939842
14917608003,0.29811624
14919080201,0.042608265
14919514302,0.069283955
14922069301,0.21375804
14927061301,0.02567625
14927436702,0.024071582
14930274401,0.99891675
14930274402,0.999271
14930817504,0.009444282
14934986701,0.9990108
14934986702,0.99920064
14934986703,0.33933887
14939257402,0.40418383
14944716001,7.198174e-30
14944716002,1.1757897e-10
14949842501,0.0002849996
14949842502,0.0005187669
14987370902,0.0072216503
14993094602,0.00010263083
15003020501,0.999648
15003020502,0.9986426
15009886001,0.99942005
15010147201,0.43551502
15015126201,0.9973628
15015126202,0.99088216
15020394201,0.024265092
15030038803,0.019065803
15032061002,8.570781e-11
15042980702,0.0007904897
15044304601,0.00086505193
15051620201,0.99421
15052358402,0.0064368527
15063635601,0.024037061
15063635602,0.038138464
15071886401,0.14018627
15086376801,0.5136227
15088003801,0.71563554
15104739403,0.01249487
15105371901,0.3260002
15118385001,0.0033624417
15118864503,0.1175969
15120148501,0.3571739
15129820905,0.004509359
15138784001,0.5212034
15138832401,0.012115729
15138832402,0.06708498
15153447503,7.196778e-06
15160209601,0.08000136
15169357402,0.0001831857
15170787001,0.7002195
15212279301,0.005589624
15212279302,0.00031870118
15226473702,0.97851586
15235037301,0.6763364
15235037302,0.05117162
15245720301,0.3831637
15254053806,0.0067233103
15254053807,0.0033627807
15254317001,0.82903457
15254700601,0.0054250145
15262595501,0.4304809
15266038501,0.20372342
15289652401,0.15614954
15289903601,0.27394864
15290875301,0.0029567084
15290875302,0.0026133726
15290889701,0.00014872092
15290889702,0.0005515167
15290889703,0.0011401954
15301725001,0.9381453
15345478201,0.90440845
15366956901,0.23426327
15419006804,6.297549e-05
15419966501,0.31022432
15437834606,0.001949955
15439316701,0.9600618
15439316702,0.95171046
15439658101,0.0019034026
15439658102,0.00048335368
15439674601,0.0073413798
15439674602,0.0015807957
15451417007,0.00013533977
15452472302,0.024965774
15518488001,0.38236898
15518514202,0.06772331
15518514205,0.1359788
15518987401,0.78922206
15528599301,0.002191273
15528599303,0.00059755106
15528612101,0.0641278
15538521202,0.13732131
15551479802,0.00020170822
15562018704,0.90125185
15562018706,0.1865963
15622784802,0.0051742513
15622784804,0.015331553
15622784805,0.950725
15622784809,0.97712475
15623636104,0.0049605523
15632989001,0.023898972
15665276702,0.2040948
15666885101,0.9076745
15677513102,0.84853476
15706981801,0.018990148
15706981802,0.0007331021
15719104502,0.021572849
15806322501,0.25446197
15806322502,0.08609723
15809911601,0.20330001
15809958001,0.61149037
15814195101,0.98296493
15814195102,0.2135975
15815687801,0.4914197
15815893201,0.40062734
15815939202,0.00078157044
15815989102,0.007859142
15860720701,0.31482556
15860722801,0.13591163
15860741901,0.007316225
15878178402,0.095683336
15878178403,0.94506544
15912169301,0.057222676
15924871502,0.39705205
15947215603,0.00050398905
15947227802,0.34923238
15948113801,0.42351833
15948113802,0.69088835
15948113803,0.60623443
15956590202,0.46584103
15969873701,0.9137403
15980342101,0.010165182
15980342102,0.0027723191
16013434801,0.9915058
16036773402,0.09715309
16036773403,0.1654771
16066016301,0.39847896
16066515901,0.90851444
16066526601,0.19680884
16068880901,0.5711447
16084755501,0.76897866
16091601404,0.0017128389
16099102201,0.8045404
16099102202,0.80096745
16099304901,0.003174682
16103732001,0.8415462
16108228801,0.15205331
16108228802,0.0032255948
16108592104,0.0009876015
16111060101,0.2134796
16125373001,0.9399076
16126004401,0.95301145
16134286001,0.99672556
16134286002,0.7461991
16143602901,0.003311708
16154166701,0.2731766
16154930501,0.9978492
16155008801,0.0022350643
16176108901,0.6960072
16176124703,0.4185143
16198132604,0.0065164207
16198826901,0.0023637554
16210735001,0.0016791192
16241062701,0.043738663
16242925701,0.4731512
16253832601,0.7483557
16255155401,0.35472408
16265142702,0.12260052
16266588403,0.44508132
16338814401,0.0017989476
16340585502,5.376627e-06
16355726201,0.49854845
16356506601,0.6061173
16356506602,0.01712398
16377210001,0.00028865164
16377210002,0.0054221586
16398864501,0.2303566
16696934602,6.381662e-05
16700979201,0.79009145
16708620102,7.3185646e-14
16730338202,0.9947621
16730403801,0.0015590895
16730403802,0.00078192924
16734243901,0.9955682
16734313302,0.25076556
16736542802,4.2559364e-05
16741596501,0.99893075
16741596502,0.97251666
16741889801,0.9910816
16752648502,0.48551092
16755489801,0.996903
16755489804,0.0061484845
16757013101,0.99217814
16757013102,0.00014801409
16757013103,0.16213876
16757119203,0.056808293
16760273802,0.001823563
16760273803,0.0030792307
16760421701,0.024933498
16769439701,0.0001411244
16769572902,0.006250492
16771839802,0.0028087338
16775073201,0.9911952
16775131902,0.011994695
16775452301,0.4119409
16779396102,0.0030080592
16781194601,0.018631753
16781194602,0.011355937
16995573401,0.00044293565
16995573402,0.0003331385
17004831601,0.563932
17023867602,0.0014020994
17024094203,0.1238671
17025467504,0.0020602283
17032889101,0.022022437
17032889102,0.0050221034
17033096503,0.002485135
17033757001,0.0116901025
17033757002,0.04406638
17033757003,0.10221068
17033757004,0.10754412
17034101102,0.3346648
17042211401,0.9546588
17043049702,0.10141045
17050929001,0.007582027
17069188506,0.020803308
17069237901,0.71647376
17076902501,0.5622722
17077392403,0.23199798
17085770202,0.00041795254
17097239601,0.68698645
17097994501,0.8172792
17106091801,0.8156209
17106337909,0.00035759795
17106451103,0.002359013
17129234303,0.00078309973
17138585501,0.9652182
17147300001,0.015082089
17147888202,0.03429017
17147888202,0.0011797127
17148036601,0.030876735
17153235801,0.96755475
17153235803,0.21151358
17153653001,0.7970444
17153653002,0.29108366
17154219001,0.9965951
17154409102,0.00055528095
17163328601,0.0053042597
17174562602,0.04285055
17174562603,0.06393783
17189929108,0.0004026892
17195529805,0.0014725177
17196218101,0.043890584
17196218102,0.018317532
17196401501,0.11718391
17205337202,2.5630635e-07
17205337202,0.13146953
17215521304,0.005550489
17220307703,0.013638651
17220325201,0.7338767
17220325202,0.14010818
17250251405,0.033215452
17254841501,0.02732331
17263400901,0.98125494
17264424801,0.024351073
17271798203,0.9345258
17272238802,0.012804586
17281527201,0.59987235
17281527202,0.085621506
17289329601,0.99751365
17349331402,0.013366435
17354412401,0.006329958
17354412402,0.014357028
17354412403,0.03876456
17354483502,0.0040196567
17364872701,0.08604314
17364872702,0.18853949
17365440201,0.08209744
17373887901,0.00062470447
17380768102,0.07369778
17381431501,0.5463979
17381431502,0.5127121
17381455001,0.14240514
17388516403,0.08068867
17389423101,0.020734616
17389423102,0.035155937
17389662202,0.09354384
17406818604,0.017563242
17412582205,0.00045113108
17413303503,0.0048567397
17418211001,0.6749162
17429111201,0.39723393
17429382701,0.0028195926
17572863401,0.98377323
17595347901,0.8555279
17602056201,0.008364676
17603913301,0.12123739
17610827402,0.00026867274
17610959901,0.3589553
17611105801,0.12996702
17616422501,0.8793011
17616676301,0.98179996
17687143801,0.99463767
17687143802,0.6531542
17687403401,0.040156808
17693612401,0.4259549
17695537902,0.024778524
17702223203,0.00064663205
17707733601,0.9996284
17707745701,0.0057612215
17707745702,0.0091269035
17707747501,0.10943667
17707747502,0.056962054
17711698104,0.0021249307
17711955403,1.2440975e-05
17717368601,0.90242237
17724213003,0.0009219699
17725470301,0.13898928
17728470202,0.13268593
17730836401,0.99891496
17730877701,0.8627966
17735477101,0.35031784
17738774502,0.0013120186
17738774503,0.005469658
17904088001,0.5046348
17904198901,0.09633809
17912356001,0.0019976667
17912356002,0.0021957569
17912356003,0.0018997537
17930792202,0.82172537
17938380501,0.81511825
17943740001,0.012747813
17943740002,0.06158081
17943740004,2.2694874e-05
17944028903,0.94405997
17957923302,0.001263422
17958004502,0.023437142
17963906301,0.050287537
18134118402,0.54665047
18134186402,0.011443016
18157661202,0.028928762
18179853901,0.32026115
18245089201,0.0883227
18892340101,0.026781168
18892340102,0.006960077
18916711201,0.9518868
18917239501,0.06250018
18918175801,0.019421775
18944799901,0.9704004
18969437501,0.99583864
18997220501,0.9298482
18997702801,0.95803994
19023050401,0.694076
19050445101,0.7601606
19103675001,0.07334041
19103708201,0.79238904
19103708202,0.02620171
19135159105,0.00019740373
19142298701,0.9605917
19158371401,0.40816593
19174414201,0.5400358
19186209601,0.24226476
19186718302,0.0017360755
19212631102,0.8974931
19213189501,0.004756462
19238090201,0.88848114
19239046901,0.8125002
19262673603,0.00023363202
19263556101,0.8692291
19289499801,0.0023355884
19289499802,0.0021167686
19290685501,0.9734586
19299731603,0.94013166
19301306503,0.0050152936
19304883601,0.056972258
19304883602,0.00570231
19305978503,0.04644302
19312463703,0.11369832
19316382401,0.006282156
19317415301,0.71680397
19324209701,0.99316955
19324209702,0.8751291
19324232102,0.9087694
19329729401,0.03700677
19329729402,0.016071739
19329739201,0.0028773923
19329739202,0.0012951433
19330551701,0.05940018
19352855401,0.98608637
19358920203,7.000801e-06
19359667302,0.65658504
19359680203,0.9693155
19365589404,0.00012250993
19377820301,0.98951715
19377820302,0.95856977
19378772601,0.9147881
19378948901,0.044114858
19384952301,0.35558376
19394961705,0.018565767
19396503501,0.9872728
19410316602,0.3487421
19421013901,0.031950332
19426444101,0.0036586067
19433831001,0.83045536
19433831002,0.234364
19433996701,0.4300325
19439116003,0.017702851
19439628702,0.8010359
19440839001,0.20782997
19446649601,0.64198023
19447582901,0.9711052
19447582902,0.047728434
19459105101,0.19134949
19479865404,0.22295666
19487327602,0.003222724
19503056401,0.97503906
19504658201,0.9617926
19510340103,0.003712122
19511848201,0.7593348
19516342001,0.29975733
19516427101,0.33508903
19516427103,0.1314457
19556847601,0.016098911
19557876001,0.14195445
19610149302,0.008837095
19611596801,0.20345412
19636348401,0.98812324
19637335601,0.8607751
19665444401,0.98964244
19665471101,0.96491
19679343201,0.9580384
19680816201,0.53467536
19684734802,0.10286908
19690447702,0.02258814
19695427303,0.027169049
19695804302,0.00090036436
19697034102,0.8116601
19704547002,0.0005549821
19707467302,0.998643
19745290601,0.39733657
19745799701,0.8146235
19746780001,0.07941277
19784795401,0.063005716
19784795402,0.0050869496
19806823901,0.11545253
19806830001,0.08591535
19825741102,0.0038778994
19825772701,0.06784425
19884575902,0.017337263
19885122601,0.75222385
19931894201,0.7424129
19957495301,0.97779137
19957531501,0.12657213
19983373801,0.72313124
19983373802,0.69581735
20010068801,0.5385022
20017246701,0.9956098
20017783901,0.64492315
20071837702,9.080603e-05
20071844301,0.9002533
20095987302,0.059334513
20119314702,0.010223502
20119776801,0.8520151
20120198901,0.9414226
20164131702,0.00016063305
20171847701,0.81214833
20171879901,0.8808106
20194192601,0.98432875
20194235501,0.015195542
20244560801,0.006202838
20246185201,0.4042812
20681867404,0.0006678287
20697779102,0.0012391126
20703226201,0.0004699841
20703226202,0.00024967242
20711385602,0.00078495516
20711942806,0.02719826
20712481601,0.99498004
20712511201,0.6653488
20725890403,0.04969726
20725890404,0.040303446
20726417201,0.9973834
20734665902,0.9571786
20735276401,0.40291214
20742034902,0.022983015
20750831101,0.8012605
20752078601,0.94829446
20752159901,0.8822435
20752344501,0.0015326214
20755487201,0.99687
20756381601,0.758784
20756563501,0.91723144
20760243701,0.0041158465
20765451602,0.03184405
20765451603,0.058766216
20765455402,0.0009889909
20766138101,0.28357387
20766664002,0.070351824
20769515203,0.056937076
20775736503,0.076126665
20775736504,0.40985978
20775746701,0.7054651
20779901301,0.043237805
20780616901,0.3710862
20780930202,0.25178808
20785898801,0.25137252
20786993003,0.006505849
20795453902,0.012391605
20797839101,0.9675097
20797845801,0.5906815
20798008701,0.1735435
20798258101,0.87481326
20798643301,0.00013725342
20798953402,0.05379216
20799077002,6.0715007e-05
20803004902,0.776728
20803778201,0.83756876
20810887901,0.9193381
20811480001,0.4120907
20815128102,0.005881235
20815513302,0.00020242814
20820384201,0.99614304
20820384203,0.12752691
20820384204,0.21519528
20823122404,0.07686759
20823122405,0.047549374
20829558601,0.98905796
20829696701,0.8178496
20829776001,0.99330056
20829796302,0.44290653
20830098501,6.774543e-05
20830098502,5.6146982e-05
20832372501,0.81197345
20833033601,0.33216706
20833035301,0.9070692
20833304701,0.042929646
20833567901,0.9760435
20839872807,0.0016792924
20843557301,0.8167504
20843828802,0.014662146
20844682303,0.00070887106
20844682304,0.0010203815
20848998201,0.99725276
20849184703,0.36602628
20849658702,0.042136874
20853519401,0.8999561
20857996901,0.9784677
20859451101,0.002982703
20859451102,0.00070683804
20863817306,0.00067141285
20864858501,0.9634414
20866976401,0.9292948
20866976402,0.46562624
20871068001,0.99833894
20871941901,0.5789115
20876387001,0.001993914
20876387002,0.0005533123
20876538102,0.7093323
20877070601,0.9976156
20877097501,0.31690517
20877160503,0.00083043444
20881574804,6.6886256e-05
20882540501,0.0018326133
20882540502,0.0013269485
20882540503,0.0016142847
20882540504,0.0002186683
20882540505,0.0010340676
20883055802,0.00035136926
20885855301,0.98617536
20891756401,0.034381367
20891986001,0.86698455
20894301901,0.49430645
20895092801,0.00560007
20895092802,0.0011973477
20895455901,0.27859196
20895507001,0.20567194
20900171701,0.011186478
20900301601,0.0053134835
20900301602,0.0053929086
20900324601,0.0005060659
20900324602,0.0006108015
21162288202,0.001992497
21168779101,0.8645553
21168779102,0.25076768
21174262801,0.98757577
21177924002,0.014325118
21183129201,0.120379284
21186454501,0.025035819
21192554001,0.022204544
21193012101,0.12672974
21196596801,0.37600905
21197189801,0.9492396
21201552102,0.005068531
21212162202,0.021382378
21212162203,0.050851468
21212414002,0.00020272814
21216928501,0.85350126
21217568001,0.42925996
21218078501,0.7960681
21230498501,0.021895582
21230498502,0.018728605
21236733602,0.03363552
21237202202,0.928424
21237309701,0.053606566
21237309702,0.014109621
21241550901,0.0020840412
21241550902,0.012719517
21241599002,2.7906191e-05
21241599802,2.3795388e-05
21241914001,0.17135048
21245264701,0.53502953
21245906901,0.39752412
21246152401,0.9416449
21251976401,0.7847137
21252856203,0.008592936
21253044103,0.010193592
21261208201,0.4951888
21261208202,0.028113633
21271137101,0.0032260001
21276053501,0.02681965
21276076902,0.99234927
21283521201,0.91251606
21284496701,0.2282375
21293936101,0.08208263
21299863202,0.023797497
21302859304,0.004687754
21302859305,0.0068761404
21302859307,0.0019147706
21311179602,0.0001225812
21319315301,0.18165891
21323016801,0.016041443
21323016802,0.0037706948
21323175402,0.14226244
21323673802,0.0019859204
21323673803,0.0016357364
21323673804,0.0031057312
21323789301,0.92001224
21324029201,0.9942569
21324222802,0.0015265427
21330315405,0.009417454
21334217404,0.002814514
21343634902,0.00039830164
21344125101,0.030984214
21344177801,0.0060831355
21344177802,0.0005821781
21347491201,0.482041
21351426501,0.33507234
21351687301,0.6784089
21354540403,0.0014710448
21357923702,0.16083169
21358862903,0.0029341853
21369280101,0.68070763
21370744201,0.70116025
21371612901,0.0053012553
21376117101,0.3647722
21379547201,0.6305742
21382085601,0.63889694
21383074701,0.8757643
21392214003,0.008223133
21392298602,5.5127784e-05
21395552101,0.9951047
21397819501,0.34555754
21401338602,0.000227714
21401400102,0.0016009816
21404624901,0.002734901
21404624902,0.003136716
21404773701,0.9694336
21405477303,0.0069486457
21408274201,0.009968466
21417636202,0.025278699
21417639501,0.009348933
21418818601,0.9539702
21419247401,0.027841799
21419247402,0.07086382
21424328701,0.9976156
21424340001,0.2577555
21424464601,0.4310933
21424625902,0.0036715735
21424810501,0.3607702
21425014301,0.5121833
21425357803,0.0011950847
21429895701,0.8048664
21430373501,0.012134102
21431374401,0.82457924
21431625001,0.01159723
21431625002,0.015927173
21433255602,0.45136756
21435519801,0.71527267
21436133101,0.99635965
21437504701,0.22796877
21437890502,0.05380006
21438904401,0.06395664
21441298902,6.737315e-05
21441648702,0.002044041
21441671801,0.15658258
21441803702,0.0030722306
21445435603,0.017127052
21445547804,0.00031900266
21448380701,0.06605213
21448380702,0.10452654
21449529207,0.013764997
21453073701,0.9631239
21453333202,0.030308526
21453810603,0.001453604
21560515901,0.9276066
21561507901,0.0001468664
21570371901,0.9986041
21613660801,0.9643435
21616553801,0.52341676
21619093401,0.005066323
21619093402,0.0017089302
21619579301,0.99535096
21630651001,0.007551079
21632808001,0.71420866
21634270201,0.3132701
21636770801,0.92582643
21638707302,0.00057112507
21638871801,0.3118487
21638871802,0.57649624
21639474101,0.9746377
21641956201,0.00080211414
21644441801,0.992767
21644554101,0.8524697
21646588602,0.024899857
21646621701,0.19248083
21646874601,0.14785387
21648036401,0.96633875
21651177801,0.036956973
21652075202,0.10986483
21652075203,0.3710526
21652663701,0.87154794
21654581201,0.75137126
21655239101,0.008530547
21655239102,0.029245041
21658400803,0.7689232
21658400804,0.014696709
21660914401,0.7143145
21661002701,0.53366417
21661142601,0.64576435
21663805201,0.9759635
21663983902,0.16276541
21666856302,0.0023227849
21671727202,0.0895671
21672292401,0.2536258
21679508001,0.51797837
21686895903,0.00063490844
21687199401,0.084785804
21691211203,1.6521332e-08
21691556001,0.43696383
21693606903,0.18954682
21696909901,0.0800651
21697363101,0.91662645
21699533801,0.22676703
21699683101,0.010738222
21699693002,0.25288764
21701033302,0.00076856866
21701324901,0.098723575
21702837001,0.019399231
21702845301,0.07647596
21703675301,0.49332473
21703680601,0.0055215876
21703680603,0.004347008
21705936901,0.0037556926
21705936902,0.002079883
21714502803,0.5503924
21715177601,0.04987877
21718318102,0.85882586
21718318103,0.9167892
21718450605,0.0020540026
21722071702,0.834548
21725383001,0.79151684
21725383002,0.28314698
21735190001,0.0140967565
21735190002,0.010879936
21735190003,0.014765976
21736406701,0.24143186
21736721401,0.8903212
21736721402,0.9888864
21737488301,0.83722734
21738235901,0.009927665
21738722302,0.0131459
21739621401,0.94840115
21741759401,0.9992551
21744156804,0.063168965
21745976502,0.0011126974
21747858501,0.79231447
21747858502,0.22331285
21749660401,0.15796833
21749660402,0.19423048
21752990101,0.9849598
21754901301,0.28853655
21755040902,0.00031470114
21757087101,0.9574502
21758245801,0.99791473
21764073301,0.52416486
21765575201,0.21595067
21766073801,0.566931
21766785401,0.04783237
21766785402,0.11133447
21766795201,0.003667879
21766814401,0.0009727128
21766814402,0.010524764
21767280102,0.91522336
21770006501,0.45483655
21778395101,0.030068431
21778746203,0.10452759
21780480001,0.22704867
21780482701,0.23699138
21780778101,0.0015192828
21784508901,0.9351003
21784583201,0.06992851
21787561401,0.11654503
21793028904,0.04910989
21793186802,0.61510944
21793242001,0.33282694
21794109501,0.8734352
21794178201,0.058349986
21796264901,0.93469
21798386401,0.20185383
21798923801,0.0020616848
21798923802,0.008812605
21798937102,0.03285834
21799960901,0.039542507
21800014702,0.07653119
21802995501,0.003245985
21802995502,0.0029429137
21804892801,0.0032798627
21804892802,0.0018427118
21807939301,0.79654175
21813361801,0.98945135
21813375701,0.10320353
21814393003,0.00027434318
21814527301,0.009359759
21816012105,0.00017080447
21816239901,0.93193626
21817353103,0.01881921
21817823702,0.0001031663
21820998101,0.47753966
21821046702,0.02982947
21821046704,0.0051436876
21827103301,0.16766837
21827849501,0.89219564
21828186503,0.22448933
21828203401,0.0009393829
21828203402,0.0009266494
21828203403,0.0022723032
21828203404,0.0018169741
21832096401,0.0014895282
21832697003,5.7715784e-05
21837793001,0.121436685
21839013001,0.97823185
21841795401,0.7920274
21842497303,0.00391334
21843045101,0.9946813
21843171101,0.6224029
21845215601,0.9432696
21846533601,0.0072823493
21847121601,0.95371866
21847667403,0.0015790998
21847697601,0.008785386
21848394301,0.9884467
21855367103,0.90245336
21856004104,0.0019731042
21856070101,0.93538296
21858952502,0.990849
21863120303,0.036985192
21867923803,0.00026960656
21869317701,0.7596572
21875366602,0.08504675
21877724901,0.0012292237
21877724902,0.00072932686
21884606402,3.9169882e-07
21886819801,0.48301023
21918310301,0.72129583
21919496902,0.013043278
21940674701,0.2580492
22039160504,0.00055470754
22039625901,0.5230794
22041468202,0.88906693
22041651201,0.0320279
22042174202,0.68696547
22042245602,0.0017261227
22042245603,0.0055863494
22043080101,0.0071824538
22043718803,0.22605175
22047113103,0.00013865315
22047113104,8.204468e-05
22047420901,0.025496745
22047833502,4.8122235e-08
22048045001,0.00092548254
22064680205,0.002390625
22066768201,0.97797537
22067398002,0.012070305
22073610901,0.9274483
22077204801,0.17527136
22077204802,0.61965585
22077721501,0.55222535
22079800901,0.14611685
22079800902,0.31109935
22082898301,0.99002457
22082898302,0.18550827
22085933102,0.0007714225
22086766701,0.15584813
22086766702,0.06985631
22088892901,0.88035953
22090400508,0.032713875
22093489901,0.20466453
22094523101,0.7663098
22096832202,0.10355453
22098420201,0.08915747
22101369103,0.010036872
22103845101,0.040966067
22103845102,0.0054232134
22103887801,0.0003979743
22103900703,0.005226085
22104909001,0.5507446
22106594501,0.11477801
22107750301,0.9475071
22108849601,0.45951536
22109782601,0.00393058
22109983001,0.99492943
22110111605,0.00014634956
22110234201,0.8922593
22110733802,0.078332365
22110800501,0.3829212
22110851901,0.8916535
22115196201,0.0066594924
22116154601,0.010466107
22116342001,0.021913953
22117902001,0.0008240717
22117964501,0.9953187
22120066401,0.10505462
22120066402,0.0043756245
22120576801,0.7889607
22120977701,0.9169407
22123841301,0.56156355
22127652702,0.0072686686
22131354402,0.9036825
22133708704,0.022272103
22133708706,0.040349837
22135424201,0.79819125
22143361801,0.80643743
22144415901,0.99217755
22151674001,0.98229885
22154093501,0.42253688
22156544701,0.783436
22156788401,0.9723193
22157408101,0.76946956
22158378201,0.9365894
22159525701,0.35739693
22161997901,0.6705271
22162943901,0.39858878
22164094301,0.16789603
22167799501,0.065678254
22168049702,0.002224748
22168220501,0.776416
22168220502,0.015117171
22168673801,0.9938344
22169748701,0.9292744
22169765001,0.22456793
22172402301,0.11305166
22172402302,0.43369046
22173421501,0.068860255
22173674001,0.89862955
22174568201,0.19895303
22177719901,0.9042537
22177724601,0.28843632
22179856701,0.6609751
22180188201,0.03211388
22180501502,0.00909221
22180501503,0.019025596
22181043001,0.0010227442
22183805601,0.6642406
22184019601,0.00039868694
22184019602,0.00028512368
22184019603,0.00029745317
22184630701,0.818549
22189569005,0.041157626
22189572802,0.00031179472
22191094301,0.795332
22194201401,0.97503304
22194334601,0.6125523
22194347001,0.41845113
22200826501,0.60448223
22201201104,0.0017792804
22205099901,0.08019395
22205726801,0.9019676
22208455703,0.003394736
22208687801,0.1671082
22208918602,0.0028605089
22208918603,0.002777319
22211641901,0.7099909
22212659301,0.0020190657
22216033601,0.58155566
22216033602,0.1499759
22216570801,0.9334013
22216579101,0.68447274
22216579102,0.90987206
22218443806,0.001612583
22221648305,0.0012333873
22222977801,0.80124515
22223061701,0.90360385
22224039201,0.53023785
22226337501,0.9914484
22483758801,0.0069841086
22483758802,0.0011837393
22485147603,0.0044661076
22492891801,0.97974765
22493069501,0.9930292
22496451701,0.98761183
22498095001,0.20154828
22504037201,0.9939207
22507683501,0.6461816
22507683502,0.66924685
22510010602,2.2555552e-05
22511986801,0.714749
22511986802,0.9334072
22511986803,0.9927752
22514644201,0.19861971
22514674901,0.007963236
22517492602,0.0001158334
22517855904,0.6053314
22523551701,0.98039186
22524306902,0.15809077
22525381901,0.021018676
22532909603,0.547099
22541044101,0.9539317
22541344601,0.9858509
22545250102,0.00095731043
22545250104,0.0028702158
22545675103,0.5241289
22574095501,0.57002896
22575075201,0.9626111
22582540101,0.0028925152
22582540102,0.0017676834
22594300401,0.97232664
22594767401,0.7822393
22604745701,0.8871434
22638249902,0.29206774
22672232001,0.08198023
22672232002,0.19906445
22672232004,0.43741694
22683261501,0.9711292
22683287103,0.0030238891
22702617101,0.0014874432
22703128501,0.05983603
22703623401,0.0127182035
22703623402,0.07651129
22713709301,0.8427538
22714156601,0.9731458
22746079401,0.7309906
22746581101,0.1431894
22746604201,0.49520615
22746612201,1.678426e-05
22747060403,0.6793926
22747585002,0.0027074642
22747585003,0.005039731
22769036401,0.100509815
22779793802,0.000116212264
22781298204,0.0029717237
22789763201,0.18929479
22789779601,0.98625284
22812334101,0.87588793
22812804901,0.004075427
22834291301,0.5823278
22834332601,0.9381288
22862957201,0.18622188
22862962201,0.00072812726
22873211903,0.85331
22892300705,0.001000359
22892747501,0.34002712
22893246301,0.57684165
22893257401,0.66846466
22893269302,0.09132624
22911825702,0.09353545
22911847001,0.5358495
22911847002,0.4070822
22911847003,0.13139634
22942425302,0.22670531
22942427801,0.0055907853
22942482604,0.00051526993
22961976801,0.3642349
22962968601,0.9048742
22971606501,0.011756993
22971646101,0.29363456
22972674801,0.0005545918
22972674802,0.00033866704
22972674803,0.13675684
22981724401,0.051936444
23002970302,0.000119563505
23002983901,0.010913241
23004470901,0.67082065
23015290001,0.4454776
23035362101,0.82353926
23057082901,0.92238396
23058130401,6.8687978e-06
23079372001,0.97991
23090832901,0.7840168
23102425101,0.08855472
23102425102,0.040604983
23102870601,0.92383397
23103886301,0.9694745
23107341601,0.64557886
23107350501,4.7057087e-09
23112834801,0.7152896
23113689703,0.019420223
23125098401,0.96649265
23125142202,0.96594787
23125580901,0.053640395
23135126301,0.9808005
23135167201,0.038078133
23135171804,0.23504578
23135623801,0.85071707
23135659901,0.046825975
23136122801,0.39560252
23136122802,0.1431157
23136122803,0.3324943
23146193401,0.4272844
23146193402,0.013871345
23146193403,0.015346018
23157353201,0.9546728
23172100501,0.9987382
23172100502,0.9986559
23174490501,0.003975788
23177003201,0.9884077
23178018201,0.25280133
23178490102,0.24919932
23180188501,0.035285898
23190221601,0.9637078
23190221602,0.24978296
23197688301,0.585428
23197743802,0.1405713
23209700402,0.3749579
23231213701,0.10345823
23243648101,0.9909957
23254876103,0.0013536155
23265254301,0.009419402
23276038102,0.08757307
23276887201,0.022853851
23285972001,0.020427959
23286914102,0.3287231
23286914104,0.12838581
23287386901,0.9195478
23298543101,0.008343941
23298545802,0.9053122
23299544601,0.007210617
23300046202,0.8448006
23310541701,0.18771595
23310541702,0.0036096678
23311586404,0.964886
23332010701,0.86986315
23355321002,0.07923578
23355354701,0.7111223
23355843001,0.91667235
23355843002,0.9533558
23356301702,0.054977376
23376269705,0.02160638
23377274401,0.5333408
23398218101,0.54614276
23410160201,0.9924563
23420323404,0.45696536
23431021405,0.76617473
23442220502,0.010857927
23442220503,0.011196591
23453219601,0.2727435
23453966101,0.3320671
23463895601,0.9812185
23474773401,0.34055948
23496903003,0.21137792
23496903004,0.9828734
23509219903,0.007909723
23518729202,0.009758238
23519268102,0.0002715972
23520285401,0.36135772
23531881401,0.42037663
23541531501,0.6764534
23541623201,0.99620557
23542521601,0.8514411
23552279601,0.038286563
23553247401,0.0071139825
23553303201,0.6374373
23563172401,0.0044570416
23563172402,0.007197214
23563172403,0.007755213
23564189001,0.0011165607
23564189002,0.010806678
23573923701,0.67432207
23583698801,0.7618445
23606851101,0.08256975
23629031201,0.0128818
23629910601,0.56837404
23629910602,0.0067387517
23629938301,0.8258912
23640949101,0.07241144
23640949102,4.3292974e-05
23672559601,0.04514931
23673050801,0.77331865
23683298401,0.013499211
23683818103,0.0010920749
23693775801,0.6520293
23694796301,0.03211571
23695303701,0.9753584
23716404801,0.007429685
23716458801,0.01993961
23716458802,0.68663263
23717288501,0.9904018
23795745101,0.008222173
23795745102,0.017689832
23796990004,0.0021895969
23805885501,0.8675028
23805918001,0.9990915
23807039601,0.18844002
23809035801,0.00075811683
23809098302,0.0060380828
23812303602,0.1802012
23812303603,0.10307197
23812380203,0.16182995
23812401603,0.017649138
23813118203,5.2887833e-12
23818056201,0.0021408515
23819575802,0.00031224833
23819770901,0.98356265
23819770902,0.20483986
23822807301,0.6274958
23886995603,3.8352893e-05
24549381901,0.31648165
24549662103,2.7517064e-05
24552442202,0.0001271984
24552475402,0.00026375713
24556561301,0.8818224
24556863401,0.027890028
24557497101,0.021980286
24560385301,0.08289844
24564376002,0.15873799
24573035201,0.73677063
24576474701,0.9857368
24581040301,0.33772942
24583900004,0.0341338
24587862401,0.9179051
24588812404,8.3833715e-05
24593297202,0.010687437
24598067702,0.60520905
24600223201,0.00020030887
24600223202,0.00014639359
24600621501,0.16810451
24601170001,0.1411426
24601170002,0.9438438
24601849901,0.07032775
24601849902,0.0024834883
24601849903,0.2270472
24601849904,0.0042344965
24603533501,0.97449356
24603968601,0.3045685
24603968602,0.12992816
24603968603,0.43599877
24604617403,0.0055934563
24605227504,0.0026214465
24605394301,0.017022792
24605394302,0.21497753
24607585101,0.4864446
24607593601,0.9800669
24609526002,0.0019749198
24611740101,0.84986275
24612322301,0.94510293
24613706502,0.61091834
24614521102,8.0756e-06
24615293403,7.0344566e-07
24617485301,0.07472893
24617708302,0.0019422055
24617945503,0.9262873
24618940801,0.07894135
24619891502,0.03682553
24620686901,0.98317116
24622419701,0.21575567
24624474101,0.005737145
24625720401,0.11371632
24625720402,0.17812175
24625811502,0.3541256
24627345901,0.3510201
24628859601,0.039166283
24628859603,0.0332009
24633486901,0.80177623
24637396302,4.642101e-05
24639354902,0.00020170098
24639639401,0.9080952
24639676501,0.9189245
24641295401,0.97772354
24641921101,0.058723215
24641921102,0.015615979
24641921103,0.013593671
24641926001,0.022129564
24643969602,0.18229347
24645286103,0.62153363
24645296502,0.89828974
24650911201,0.7181522
24652557704,0.0005044408
24652579902,0.021339355
24655223401,0.00035573303
24655241401,0.044562533
24657290602,0.53362685
24658694001,0.30272353
24659711403,0.9821255
24660704601,0.12636122
24660704602,0.9439825
24660776002,0.01230747
24661442601,0.9893044
24661690702,0.002954567
24663933101,0.3781583
24675923401,0.7985518
24687771701,0.99539316
24687793901,0.5227245
24688478702,0.0025312407
24691290901,0.52549326
24692315202,0.00056003645
24702920902,0.0007192528
24703510304,0.20065802
24704045401,0.17900895
24704054801,0.029312167
24704089201,0.007921222
24704089202,0.0010963854
24707346801,0.06523727
24714373101,0.034697812
24715235901,0.14687303
24719214304,0.0107782455
24719233201,0.00066582626
24719233202,0.00049411994
24719233203,0.078967564
24721732801,0.9328703
24722186901,0.3073919
24729893501,0.018382404
24730371701,0.008375114
24735402302,0.010094124
24742043703,0.07135226
24742057301,0.9838166
24744163501,0.4636849
24745174101,0.011508193
24745174102,0.017400084
24748747801,0.008616741
24748749901,0.02738915
24749324801,0.00031775146
24749324802,0.0023159175
24750520501,0.9892268
24757802801,0.70493346
24764919603,0.0019787413
24764919604,0.0018319152
24765332701,0.40368643
24765332702,0.036841508
24769748502,0.9350778
24770252501,0.0017062655
24773016201,0.84387296
24773592201,0.6831163
24778146401,0.4039887
24778146402,0.84945047
24780832201,0.08428772
24781303801,0.00018615676
24785025603,0.33197835
24793347701,0.9545491
24793347702,0.9951139
25556746001,0.5904508
25556746003,0.0051081106
25558687201,0.8097259
25571712403,0.0002791146
25576031901,0.03796468
25576031902,0.005823225
25576614501,0.84926736
25576684701,0.060007297
25576988707,0.0005730919
25578431601,3.9622702e-07
25583238602,0.0011937184
25598969802,0.0008461918
25607453305,0.0025194
25607453306,0.00097230426
25608610301,0.022213044
25621352802,0.011711954
25622677502,2.8504473e-11
25623995302,0.024973096
25637446901,0.50896084
25637446902,0.31258205
25637446903,0.05173297
25638076101,0.16012979
25639025101,0.6052921
25654092301,0.02142948
25695422201,0.1895703
25695825401,0.15322289
25709323802,0.35163826
25724885602,0.0006892567
25726621001,0.0009943102
25726632304,0.21836403
25741194501,0.997198
25741598902,0.009158408
25753472601,0.12082473
25754091102,0.31180623
25754091103,0.3325278
25754095701,0.077765234
25754095703,0.078579724
25754095706,0.0011118448
25755065301,0.09787244
25755065302,0.0033871117
25757187203,0.032863863
25757707402,0.05375113
25761106302,0.0015551727
25764177801,0.1610584
25768437801,0.013341146
25768558601,0.80089945
25772023402,0.22974403
25773707302,0.0017776878
25773707304,0.042068202
25825209501,0.00065600174
25826069501,0.22154737
25826069502,0.235607
25826202302,0.01853356
25842192501,0.0010508733
25842192502,0.000674502
25842192503,0.00019003662
25849045303,0.002754583
25858126001,0.6196581
25858126002,0.13808513
25858126006,0.17169608
25872013903,0.010873652
25872013904,0.019310595
25874292302,0.0017670046
25881341102,0.0963148
25881390301,0.092136316
25881390302,0.044648375
25889775501,0.94311744
25912451601,0.91846144
25912503502,0.032095157
25912503505,0.0005747984
25919953404,0.0529747
25948133904,0.83936834
25948839702,0.028826695
25958968901,0.13494462
25963244204,0.63623285
25967529501,0.9194588
25970124201,0.66370136
25980273201,0.375311
25994657402,0.42411262
26000432401,0.99966633
26004372301,0.98691297
26009174902,0.96198285
26009712202,0.030749219
26009712203,0.020814165
26009712204,0.9844097
26009771102,0.28835046
26009771103,0.09432235
26012982601,0.49155936
26013232701,0.0018945533
26013232702,0.0019523805
26013233002,0.0066045793
26016045303,0.00015304923
26016048201,0.28898746
26016048202,0.32685843
26019054701,0.016817492
26019054702,0.011559526
26024225701,0.08735829
26026059502,0.0013403584
26026893203,0.008147388
26030427701,0.00058392057
26030427702,0.00043076978
26030429601,0.007925348
26030429602,0.004251171
26035350703,0.003463627
26035371004,0.003159167
26035371005,0.0032409583
26035384104,0.001858849
26035384106,0.002624674
26035558604,0.054365393
26041493001,0.0010530979
26042445704,0.1458857
26045968002,0.00011084892
26046260902,0.005718532
26046665901,0.027580228
26050411401,0.001699582
26050411402,0.0022596905
26050414701,0.015686236
26050634002,0.054888524
26051993801,0.54184437
26051993802,0.975557
26054554501,0.99123126
26054617201,0.0013587328
26055984401,0.98909926
26055984403,0.0027264697
26060882002,0.9908154
26060922201,0.31463194
26060922203,0.040283073
26070853701,0.9990896
26074903401,0.25947425
26081593601,0.89146686
26091366601,0.74801266
26091681104,0.00021743485
26092100501,0.52289253
26092577701,0.44041222
26092999002,0.058118396
26094918402,0.8082795
26095128901,0.4740712
26095128903,0.28014684
26095128904,0.4303578
26095158801,0.9999937
26096967001,0.040285524
26097151103,0.0047213794
26098650401,0.0068871872
26099532902,0.99917066
26105522601,0.98540545
26106049303,3.6485696e-07
26109007202,0.29225725
26117841001,0.00091535895
26117841002,0.00072318275
26120389105,0.013789519
26123942502,0.0042630425
26125771602,0.2904316
26130623704,0.91918707
26131421501,0.0011486777
26131421502,0.0010375977
26133274501,0.0063215266
26142447704,0.0038882405
26144966803,0.0015251968
26144985201,0.32276943
26145163701,0.00062746985
26145163702,0.0007901809
26154570303,0.0005187231
26154596002,0.7191167
26158021103,0.26038444
26158160601,0.00176493
26158160602,0.00082327594
26158392003,0.7580869
26168060203,0.0014821067
26168060204,0.0018849253
26172424303,6.554159e-05
26174665703,0.00011016002
26174687002,0.99376136
26177241101,0.95558244
26186740901,0.23116377
26187009103,0.058002032
26187163801,0.81654656
26187479401,0.44471812
26187515202,0.00072813936
26189900101,0.18818462
26190247803,0.0045291907
26190247804,0.015164477
26191131102,0.00010424725
26193037704,0.09566114
26195174804,0.021794418
26204521801,0.0015918958
26204521802,0.006207437
26215523601,0.95883393
26215697801,0.90953225
26215706104,0.0015240535
26215782501,0.7365195
26216234603,0.0066619962
26219093503,0.017741187
26238506402,0.014217616
26238506403,0.020701896
26245583901,0.4581431
26245758702,0.99877673
26250828302,0.0015168901
26251692401,0.8729365
26252300102,0.0070059053
26255335102,0.029842444
26255871603,0.002327976
26266623001,0.9849642
26270656001,0.004839898
26270656002,0.00045098134
26271099101,0.38485348
26272820802,0.040604856
26272820803,0.00988826
26272918701,0.54958665
26282503603,0.0033880512
26283346001,0.06494613
26283346002,0.13481006
26283346003,0.013025126
26283346004,0.30765063
26283346005,0.76426566
26291121401,0.7305376
26293961202,3.4341274e-06
26295481001,0.002620595
26295481002,0.016281422
26300317601,0.9984915
26303039202,0.8971199
26307226002,7.059595e-11
26307226007,0.018063787
26307393401,0.06663561
26307961704,0.01705135
26307961705,0.0043377113
26307961706,0.005817684
26308038402,0.6256601
26308463105,0.015725788
26317656301,0.21277599
26319792502,0.043829847
26331062001,0.7094936
26331064703,0.85226214
26331064704,0.91104984
26335061702,0.9992342
26335076104,0.095434815
26348683307,0.0013878988
26349337102,0.5776771
26349379603,0.006762251
26357197102,0.22158216
26360788101,0.34335014
26362976301,0.36720785
26366173702,0.99523985
26366872402,0.022919282
26371177901,0.8589349
26371330502,0.018910581
26371330503,0.014888816
26371340501,0.50311834
26371340502,0.7287305
26371340504,0.2063452
26371563301,0.07858889
26374803301,0.9954548
26374838901,0.26246512
26376831801,0.019382108
26376831803,0.0071577895
26378510801,0.21659072
26378517601,0.057013474
26378555502,0.00036796113
26387274202,0.9181479
26387429804,0.0030569597
26395378601,0.9707568
26395546001,0.6018878
26419743803,0.11317382
26421650602,0.0213835
26448794102,0.20600374
26449602903,0.013442438
26450110701,0.18964323
26536978902,0.30416664
26541498205,0.0035581836
26551039701,0.9859972
26552021904,0.0009203353
26552562901,0.065718465
26565749303,0.006592709
26582101601,0.00541071
26641246801,0.5589647
26645577102,0.9796933
26645611903,0.5439473
26653025902,0.1655296
26669663701,0.0029709411
26670260503,0.009833466
26685660501,0.010282103
26701274602,0.0039914385
26702505201,0.46903843
26714251904,0.5050881
26714771203,0.015894188
26714771204,0.01626339
26714771206,0.00017446702
26716638901,0.051212497
26716684501,0.013989947
26716684502,0.012939841
26716684503,0.012909846
26716684504,0.01980864
26716684505,0.020972786
26716684506,0.014392178
26716684508,0.066344656
26716693904,0.0001087338
26716782501,0.7945703
26730331204,0.023379479
26730331205,0.054440785
26730331206,0.046420053
26730668703,0.00021761375
26730668704,0.0005305263
26730808301,0.37679282
26758046601,0.5755017
26759440502,0.9935376
26880788703,0.0007709595
26974289504,0.00015857672
26979548101,0.0017221052
26984992001,0.08985621
26991599001,0.41247314
26991610901,0.65163183
27028529701,0.554322
27028529702,0.6829234
27034121401,0.99952376
27034331601,0.78209597
27042506203,0.019514602
27050417001,7.558851e-11
27050491005,0.0015920515
27055766601,1.2680391e-06
27055766602,1.1497047e-05
27152144201,0.20237096
27152203901,0.9190131
27155498801,0.0071823345
27157468501,0.2577805
27163993103,0.0071898247
27172670301,0.018110672
27181132902,0.3101527
27185283702,0.00016449008
27185449202,0.1563681
27189259502,0.59872735
27190096001,0.13437441
27190324701,0.9532185
27190324702,0.80189717
27197246301,0.0071544647
27208686901,0.6387164
27208686902,0.0006767545
27212748401,0.014648717
27212748402,0.00033375007
27212958501,0.0009761695
27212958502,0.00091638963
27212995301,0.45581427
27219488301,0.7483851
27219488302,5.142098e-09
27219488303,0.9923971
27228581701,0.9230734
27235713401,0.98904115
27235713402,0.0039095366
27242919602,0.0077023907
27252754601,0.73473424
27256471803,0.13621923
27256471804,0.03787526
27276568603,0.02080621
27276863101,0.99939144
27277359501,0.361404
27277359502,0.08503097
27277359503,0.80196565
27285353901,0.9765568
27285415703,0.027935598
27286134003,0.4925228
27322473602,0.01828546
27326899101,0.18321848
27326899102,0.28410935
27326899103,0.508335
27326899104,0.5678031
27327038903,0.0020830387
27332341801,0.7473567
27369985401,0.2458581
27398839501,0.019425474
27408221601,0.01837722
27415113501,0.99963045
27446160001,0.36340192
27641558601,0.11745331
27643954201,0.31259957
27664743902,0.8891342
27683657902,7.284175e-05
27683743003,0.22735843
27686430801,0.9733812
27686430802,0.6463964
27690479601,0.8831486
27697729101,0.018273497
27697729102,0.004259313
27697854801,0.99370027
27701729001,0.023180043
27702250501,0.35431987
27703309601,0.891234
27706982901,0.951431
27710375202,0.0005190664
27710395501,0.9842427
27710844901,0.9787676
27714798503,0.4864828
27729898901,0.35064346
27730004501,0.67210376
27805099803,0.031480085
27805531504,0.0015039806
27818334201,0.8323655
27829662102,0.02374122
27840861901,0.0758662
27840861902,0.3897129
27840939002,0.00031482932
27851841601,0.017507883
27851841602,0.0013331786
27854284101,0.9987594
27854284105,0.953841
27858939301,0.3064895
27859102702,0.32692274
27859364201,0.83795893
27868364102,0.007490054
27868384401,0.999532
27868384402,0.99883884
27872677001,0.98563933
27873012001,0.000531441
27873012002,0.0016576241
27873095601,0.02954592
27873095602,0.011774987
27877694802,0.00011063975
27878011701,0.9764183
27882343604,0.012015121
27886178301,0.0011011877
27886182601,0.0012353137
27886182602,0.0006075918
27886274702,0.9950629
27886275001,0.99504364
27886277203,0.00018836185
27886621101,0.99704415
27886622001,0.6229381
27889533801,0.15370992
27889570501,0.9985607
27889825503,6.384148e-06
27899095402,0.96291804
27899166501,0.98340905
27908839501,0.33163646
27915500303,0.44808024
27924762801,0.103422664
27925025604,0.0015438584
27925155803,0.0037152823
27936139101,0.03177633
27942806305,0.9022259
27942972201,0.2584019
27943008802,0.7666824
27943008803,0.41219643
27943042702,0.09413085
27951416304,0.019227043
27951615701,7.428954e-10
27956970702,0.018240042
27956971802,0.00156263
27957311101,0.14453991
27957459101,0.017435418
27957459102,0.010619724
27961363404,0.00068787014
27961595601,0.024627754
27961595602,0.0018735973
27979776201,0.85167694
27979817003,0.31039923
27995042301,0.04476162
27995222801,0.91002303
27995222802,0.90553606
28005211402,0.08487761
28005269001,0.09548393
28005365101,0.9812819
28005365103,0.7659233
28009683001,0.5674053
28069973201,0.0035354088
28090966801,0.009935123
28192762305,0.99360055
28197926501,0.93206775
28205019801,0.48009148
28205180302,0.0059318403
28208557301,0.45015177
28209087502,0.0007696142
28419483702,0.0018007162
28419483703,0.0044590565
28419676203,0.0007020431
28715696801,0.9924229
28732926701,0.96573645
28735439701,0.9385665
28740200901,0.37022144
28740572701,0.011819413
28742668902,0.0014130591
28742818402,7.688932e-05
28743199002,0.0003574164
28749081302,0.012075621
28749174303,0.00053510116
28753093602,0.00056354277
28753435901,0.0028594842
28758831903,3.879979e-05
28759118302,0.004459519
28759118303,0.057106793
28764023204,0.0049520605
28764068003,0.00089390244
28764068502,0.00012987184
28764195402,0.008312091
28771712302,0.9924827
28771712305,0.032102156
28795766002,0.24850865
28802749102,0.0011601883
28806738601,0.6289803
28876984901,0.9996729
29029048001,0.4410799
29040817102,0.020312412
29041097904,0.00019707016
29041097905,0.0001433951
29054777001,0.7033211
29055928001,0.39860716
29060531101,0.01916089
29069929902,0.00024284671
29070370202,0.2221361
29070402701,0.35747162
29070402703,0.14885625
29074019201,0.4830389
29083085001,0.35767618
29083403502,0.049554247
29083951201,0.0047753644
29083951203,0.006721715
29095350408,0.0010386267
29095575303,0.0016054403
29100079303,0.025113929
29100565601,0.80929756
29100565602,0.54009366
29100565603,0.8199656
29110114603,0.49394444
29110228401,0.014119572
29110228402,0.042889003
29110228403,0.023730094
29110228404,0.02761111
29110592401,0.6321889
29132383101,0.5288368
29141720106,0.9855789
29142244001,0.21979557
29144913201,0.18498033
29151753701,0.782716
29151760401,0.9934283
29152077301,0.005465169
29182529401,0.8453963
29212271704,0.06321101
29212276901,0.0004915589
29212276902,0.00027998255
29212768701,0.0008785301
29221488101,0.71012276
29221493501,0.0087459935
29221493502,0.007163937
29229480901,0.6266699
29229480902,0.5968538
29241156701,0.8291048
29241523402,0.6927096
29247930902,0.94588375
29251239901,1.3492488e-08
29270577404,0.0004248688
29282490402,0.80306715
29308064101,0.120791115
29315430402,0.0018495539
29316626904,0.0025018167
29322246202,0.046115424
29324062304,0.009759713
29324609001,0.20627287
29327303201,0.004627049
29343763701,0.30213013
29348090301,0.054423984
29348090302,0.003366332
29389805801,0.7942981
29396538402,0.004949566
29404794903,0.0017588191
29405213203,0.0005569251
29405213204,0.00037658363
29409296601,0.0020368802
29409296602,0.00052202126
29409382403,4.7274334e-06
29409382803,6.256475e-06
29414726401,0.54227793
29414726402,0.026235266
29414726403,0.6305543
29414726404,0.2853657
29414807901,0.006881107
29414807902,0.0077499007
29415492801,0.96639943
29419561702,0.098688155
29419561703,0.0011536394
29420837802,0.00010631687
29429237301,0.99586844
29432731204,0.0006353086
29434148703,0.054381773
29439947401,0.59587973
29443845601,0.83939296
29443851901,0.24632478
29444175701,0.8648996
29460727001,0.8675373
29460732601,0.52325416
29468766501,0.6869672
29475193401,0.00032016975
29478154701,0.9807765
29483547602,0.000376584
29486954902,0.92488194
29487345703,0.011863865
29489270701,0.8329384
29492969502,0.0040317625
29497805101,0.3934042
29497805102,0.18380854
29498156601,0.9291074
29498222201,0.99460053
29498228902,0.67527187
29504166101,0.35023144
29513104101,0.7910173
29516943101,0.17976919
29517639301,0.9675934
29536876701,0.9201306
29537350203,0.028787937
29537501101,0.87460184
29559371202,0.9248538
29559925601,0.99565566
29559925602,0.023605283
29559925603,0.004341051
29564674901,0.7148549
29578046401,0.92899626
29755818303,0.0007832534
29755818304,0.0005003167
29756126902,0.0016520867
29770101304,0.00013501085
29771119701,0.24849948
29772274301,0.68682855
29782930801,0.4588627
29782930802,0.4730208
29783354301,0.005684739
29805684404,0.00042097745
29805991701,0.6098437
29805991702,0.012359378
29806911401,0.93415666
29828173501,0.2862228
29838867101,0.3891802
29839044701,0.8066232
29839044706,0.00025993685
29852037401,0.0052575
29852843101,0.9902761
29862728501,0.0115308985
29863442301,0.33319497
29863442302,0.7687757
29863487601,0.9699102
29871998303,0.00245167
29871998304,0.0021877198
29872318301,0.097765096
29894113901,0.96053946
29916232601,0.478939
29917356101,0.0034542975
29917356102,0.10540862
29917356103,0.0029389155
29917440301,0.9013427
29927187501,0.95867693
29927274602,0.00046800522
29939926004,0.019341154
29949898201,0.9835243
29950712302,0.23116714
29971922903,0.00032189043
29972078402,0.0008595793
29972173801,0.67882377
29972871601,0.71407855
29977986802,0.011595276
29979965801,0.99943906
29987018701,0.020661749
29994528501,0.003655555
29994528502,0.006666983
29994528503,0.9694299
30003893501,0.9881918
30008705901,3.8991652e-07
30014106204,0.0012130901
30014106205,0.004885224
30015908202,1.2128293e-13
30016476601,0.9791636
30016656205,0.055184435
30016759701,0.050839454
30016860901,0.90772104
30028954301,0.15849109
30029319702,0.98859495
30030730501,0.92653984
30031613204,0.14983878
30032179801,0.43684536
30032649603,0.00013071747
30032649604,0.00015886205
30032683902,0.16582775
30037859601,3.6130118e-07
30044456803,0.040818993
30044862502,0.24165344
30052399801,0.33491838
30064108703,0.27563778
30071014401,0.6947605
30074436902,0.0009786633
30074542704,8.914925e-05
30075494602,0.008159025
30076192503,0.92482567
30080830101,0.9376915
30081008601,0.95030344
30081274101,0.9922454
30081274102,0.93954444
30087154501,0.9463937
30087154502,0.020765895
30087674601,0.6206638
30094897301,0.3365243
30094897302,0.20279853
30095543403,3.4191326e-06
30109886907,0.0074819294
30115216901,0.9974337
30115379201,0.07460411
30116063801,0.06682325
30116063802,0.043066457
30125009301,0.845241
30125334401,0.8884431
30130923101,0.004693831
30131311901,0.9811885
30139977901,0.4156082
30154499103,0.00022161382
30154920102,0.2708517
30155164401,0.9778029
30160961501,0.12398847
30161355903,0.11349111
30175063001,0.26789865
30175063002,0.53093374
30175294302,0.47393313
30189600401,0.02397088
30189603002,0.018349016
30194895401,0.012531929
30194895402,0.0004406946
30195525702,0.63612896
30195634201,0.8198589
30195634203,0.0009338746
30195635701,0.0049176924
30195635702,0.0029240681
30205475701,0.974498
30205497401,0.34975603
30298713005,0.010486755
30298848601,0.3322416
30301363001,0.23435396
30301363002,0.617036
30301363003,0.5460614
30301708302,0.23292007
30314365601,0.0012123409
30314365602,0.21261895
30326438701,0.046292555
30326438703,0.111514814
30326870702,0.43596804
30337329902,0.22544439
30339007702,0.009594232
30346690901,0.6046993
30346867104,0.0019365812
30346972501,0.8759219
30348573003,0.01101091
30348734302,0.0018079267
30353147001,0.50628626
30355737703,0.004694091
30365284401,0.00797975
30365617801,0.9861507
30365717101,0.94991046
30371152901,0.8120236
30371572601,0.9472546
30378848702,0.037960496
30379358301,0.0012931677
30384110102,0.007718395
30384769801,0.9925051
30389946702,0.26926577
30390173001,0.52559274
30390173002,0.6025465
30399401101,0.14882989
30399951201,0.088045664
30399951202,0.51663816
30399951203,0.74267316
30406573202,0.007907273
30406638001,0.0020792333
30407181701,0.014085426
30407182701,0.85615855
30407401202,0.008123208
30407503102,0.46118727
30407951901,0.8996427
30418255101,0.0043200953
30419007501,0.78044593
30423779003,0.0031793145
30423787101,0.87611
30424573801,0.8208314
30424590302,0.03904162
30427458401,0.0008502338
30427458402,0.0010852638
30432655001,0.9811685
30433113801,0.0054552364
30444809701,0.59661233
30448101303,0.0019209676
30448178701,0.7415272
30448178702,0.91213757
30448178704,0.91329867
30454564202,0.15473594
30454785801,0.91346973
30466376101,0.45211273
30466376102,0.033176895
30466456901,0.738276
30469061801,0.9971673
30469061802,0.9877423
30470641901,0.7143826
30470818201,0.8120931
30472961001,0.21303791
30473644201,0.1773002
30476876901,0.027614573
30477444401,0.9944931
30477444402,0.9648032
30484227701,0.39359063
30485533602,0.00027733273
30486265301,0.0010659196
30486265302,0.0010192903
30486265303,0.0063135508
30486265304,0.0076569975
30486443401,0.20762892
30489838201,0.21562204
30490239003,0.021180429
30490342801,0.06936681
30501828801,0.44535935
30501828802,0.7436935
30501837302,0.23505059
30518186301,0.9917822
30532210702,0.00026683518
30532369303,0.0017578269
30532857801,0.6646941
30532986802,0.24215919
30542400301,0.99934655
30542556602,0.123899445
30552180001,0.06552595
30552180002,0.11010834
30575655101,0.32273072
30620131104,0.020574832
30627151403,0.0007068642
30635759303,1.6944541e-05
30645349904,0.0004232045
30646658201,0.36950123
30657320101,0.18069312
30657320102,0.21546711
30657378602,4.778206e-05
30657955001,8.611902e-06
30663508801,0.9653867
30663508802,0.16420877
30663842701,0.24250674
30672323002,0.0107058985
30672377501,0.33862114
30673953702,0.004606381
30677139301,0.00034890472
30677241102,0.003017404
30679070201,0.6643728
30679543103,0.47090638
30682369201,0.004859525
30689766403,0.031406924
30692926302,0.03636116
30692926303,0.05178249
30692926304,0.027922481
30705737802,0.018050548
30709150403,0.0013720008
30715884502,0.014291763
30715884503,0.009877588
30715939602,3.532116e-08
30732028202,0.00020223415
30732409801,0.59260005
30732748801,0.2200198
30739915702,6.7084315e-05
30749068601,0.15408252
30749106901,0.111416325
30749112901,0.00023010079
30749239801,0.4556481
30935049801,0.08057137
30935054301,0.26714087
30935092101,0.9703185
30935092102,0.0059964447
30941059801,0.09665301
30948580001,0.39898428
30948629204,0.00057159143
30948634103,0.0024783097
30948634104,0.0032928726
30954461202,0.026207201
30963618501,0.16859423
30965471901,0.9571749
30965761001,0.031944092
30965822101,0.81459236
30965953001,0.36185503
30974462701,0.0016430718
30976004201,0.019477407
30979235701,0.9989723
30995649202,0.06385426
30996336201,0.9440391
30996340801,0.16728848
31009982901,0.8433617
31010281101,0.07976286
31010313601,0.99124616
31010421501,0.20136753
31017413306,0.011272765
31017948602,0.30035993
31018289901,0.8061326
31035510601,0.9408356
31041914304,0.00019455046
31041979501,0.41951245
31041979502,0.0057754237
31042640401,0.3516751
31050716202,0.0004685506
31050716203,0.00041929912
31050962601,0.0076541556
31051309701,0.030542694
31051309702,0.0573856
31065631301,0.045381982
31066279003,0.0077635567
31066294604,0.5418834
31073216103,0.0075837593
31073348401,0.94565374
31079639803,0.00012206139
31079639804,9.7096236e-05
31079659601,0.8714831
31080328201,0.0018060437
31085579702,0.5088316
31086235905,0.012230856
31095468503,0.0071638282
31095512502,0.14026734
31095512503,0.27416235
31095512505,0.0045812977
31095622501,0.1253508
31095960601,0.23964924
31095960602,0.32648137
31095960604,0.06476255
31102893306,0.023483986
31103481801,0.7584405
31110694003,4.6171877e-05
31117500803,0.023748524
31124246002,0.00889273
31139230601,0.011756478
31139241705,0.09190096
31141311301,0.0033417924
31141311303,0.051482107
31153074105,0.024124004
31153074106,0.44162282
31153137204,0.24445769
31153423902,0.17595525
31156458102,0.49558812
31189217004,0.19787402
31195859401,0.9459394
31196300402,0.00027138184
31226738103,0.0013048521
31238678201,0.45680484
31239040401,0.79236436
31239225801,0.98063195
31264122401,0.0064382674
31275867301,0.06423658
31275884901,0.17787105
31287423601,0.706269
31287423602,0.7800213
31287640404,0.0004312561
31299226201,0.6497162
31299280601,0.029084448
31300028601,0.6499694
31312069101,0.040107578
31312069102,0.02983468
31312389901,0.061450478
31312800101,0.4840042
31324528502,0.021904992
31335382501,0.67277277
31348201604,0.117051885
31360103001,0.7282928
31360186501,0.7497124
31360332501,0.0011346831
31360332502,0.0026562882
31360332504,0.006194352
31371563702,0.004587931
31384116301,0.1479397
31384116302,0.07113288
31384355301,0.9855945
31384390703,0.032043464
31384390705,0.0032883363
31384645901,0.54480326
31394113801,0.9308647
31407379003,1.8518993e-05
31407379004,1.8825229e-05
31419413202,0.0110147465
31443420602,0.60913813
31443586801,0.8077516
31444058201,0.0029773675
31444058202,0.002142502
31456224401,0.86404866
31456224402,0.18277146
31456540002,0.008933579
31486596201,0.9873095
31493998303,0.0001012774
31494107001,0.00605766
31494107002,0.023812529
31494111801,0.0027194212
31494111802,0.009554348
31508122701,0.94626886
31519888203,0.07198572
31528635401,0.104302146
31551522401,0.0030788064
31551522407,0.73366964
31552073101,0.14762415
31552916201,6.38543e-05
31552916202,0.0001536819
31552916203,0.0002197866
31552916205,0.014530213
31554413001,0.82474333
31554555501,0.6973021
31564628603,0.9951835
31566869501,0.018819563
31576279901,0.012504037
31585451401,0.19167322
31585451402,0.6090286
31609788502,0.025276579
31634576701,0.32452354
31671014801,0.77857614
31685520601,0.6901695
31685520602,0.24826525
31685540401,0.040043086
31685540402,0.46971092
31685879501,0.16281508
31686730401,0.90397364
31715386201,0.10210928
31725062302,0.0011924681
31804494102,0.0048386627
31818199701,0.008097299
31818199702,0.010757499
31821351901,1.5304258e-05
32227262801,0.5312468
32227262803,0.7299555
32290232001,0.0013708526
32290232002,0.0016094346
32290232003,0.0017520118
32300722302,0.0013659989
32300820904,0.0011570774
32306061402,0.00042430108
32306315602,0.09040159
32306337701,0.9755638
32313365901,0.013544669
32329547901,0.9981988
32335522503,0.92558086
32342670405,0.92636156
32342916601,0.714746
32343234404,0.0054939194
32344319401,0.0048595117
32344319402,0.07874752
32344329103,0.00028394905
32346111801,0.8805571
32351102604,0.0012280843
32352156203,0.9167109
32352169403,0.0005643736
32356256401,0.8358571
32356372903,0.018461272
32362403904,0.0011992556
32364689601,0.00027242376
32364689602,7.0698356e-05
32364897501,0.07858176
32368510503,2.4037572e-06
32372755601,0.00209386
32372755602,0.00410872
32373224603,0.00067312433
32376232101,0.08989293
32376427701,0.0012034223
32376427702,0.0012007644
32383694501,0.0038036348
32383694502,0.008638714
32383694503,0.005888033
32383743401,0.5873197
32383743403,0.99900204
32386421903,8.421597e-05
32387642601,0.9253836
32387823602,0.0005024138
32396848403,0.00014088649
32396856601,0.0014261972
32396856602,0.0009786555
32398924701,0.025078192
32399241101,0.7594065
32400358301,0.9762695
32401024105,0.49185866
32404819301,0.11115841
32411913502,0.0003026657
32412829502,0.3762579
32414433702,0.003893996
32420035801,0.06736218
32420452301,0.7830373
32420575301,0.5510688
32420575302,0.617122
32420822401,0.42917973
32420822402,0.049829762
32431692402,5.168397e-05
32432445403,0.028213711
32442452704,0.47344694
32442469603,0.013383062
32442833403,0.00066816184
32443497801,0.1472892
32443724004,0.02119315
32449469804,0.00017454202
32450262801,0.5637232
32460755801,0.018920872
32460851409,0.0382374
32461281201,0.0002392012
32461281202,0.00047714
32465481104,3.8912335e-06
32474838902,0.2756961
32475731102,0.0069738245
32475935204,0.33737954
32476072101,0.1481587
32477497902,0.75238645
32477497905,0.6226213
32485285301,0.8706803
32485285302,0.7236832
32489057101,0.059129555
32489057102,0.045543946
32489275701,0.57223547
32489361302,0.00074014254
32492783604,0.0018435362
32501276804,0.001343004
32556374402,0.24177061
32556436601,0.17123626
32556436602,0.66101384
32571096402,0.46792287
32571096403,0.20551103
32571629603,0.0020362965
32584736001,0.9883223
32587099002,0.0034864526
32587307601,0.0030170407
32587307602,0.0017492308
32588833501,0.20447929
32602282201,0.36996764
32612924502,0.000656818
32612924504,0.0125624975
32622535503,0.4060974
32622535504,0.5074715
32638138401,0.7212475
32640871801,0.9833001
32641199403,0.26426968
32641199404,0.2924965
32651018301,0.95134324
32659876601,0.8584282
32659876602,0.7725448
32668934407,0.0017325056
32669214401,0.6319845
32669398801,0.9576149
32675196001,0.66600746
32676001002,0.0019697482
32676544401,0.60467416
32677189203,0.014038336
32690667202,0.020082898
32705486401,0.8807273
32706790601,0.0051379623
32706987204,0.0001678779
32707125401,0.006620819
32707125402,0.008776007
32730440601,0.00053461076
32738237101,0.54204196
32738237102,0.12045931
32738237103,0.19900541
32738995301,0.27273026
32739067303,0.40511736
32753630101,0.3717583
32784687701,0.86458576
32796910402,0.00032471065
32814130501,0.047438823
32814453803,5.9872862e-05
32814799802,0.95778906
32815595301,0.9756924
32830675501,0.0195326
32830675503,0.000247911
32845763901,0.9107148
32845763902,0.7047719
32862415802,0.00023380916
32878113301,0.050282467
32894674901,0.024976533
32909842101,0.33697808
32910447101,0.9691668
32925562201,0.95458764
32939977204,0.00074942695
32940118302,0.00046582893
32957299901,0.022117056
32957942701,0.8836019
32958050701,0.1285312
32972016201,0.86882347
32972016202,0.7942638
32972706401,0.01021579
32973392601,0.277539
32984872201,0.7023467
33016782201,0.7778122
33017591802,0.0041668653
33017594302,0.20951833
33035746001,0.09872981
33051467502,0.89447725
33051605001,0.0025705914
33080881201,0.13411695
33096295001,0.29068407
33096890201,0.9943909
33113133001,0.06130492
33125910901,0.055023745
33125910902,0.008694883
33143630901,0.37005076
33158594701,0.12764698
33159736001,0.36488917
33176314802,0.57025427
33177386502,0.020507585
33177387502,0.3094462
33188966805,0.056964945
33189172901,0.69925624
33202650201,0.16750528
33202859802,0.024262048
33218409501,0.9454319
33218409506,0.0004494909
33219007502,0.003610465
33219100502,0.19297658
33219394901,0.0038826976
33244230008,0.00036097725
33244372401,0.846706
33518625602,2.4272458e-07
33519369401,0.55554444
33520653102,0.23980924
33520653103,0.21673918
33540139101,0.026004314
33540210101,0.98788583
33554524001,0.7561343
33554524002,0.6583414
33556261502,0.023487106
33570153601,0.52961737
33570153602,0.86867917
33601247201,0.11648831
33601247202,0.116918005
33602313701,0.19181016
33613706502,0.0033229243
33614287701,0.19954991
33614287705,0.97888
33614552001,0.0030261804
33657475801,0.823176
33670052102,0.0009363042
33670730501,0.788029
33685520901,0.8123589
33686333101,0.53412586
33696405901,0.006620319
33696405902,0.00048280953
33697138001,0.1009525
33697191503,0.006322832
33712610301,0.093955666
33719302801,0.89195436
33719312802,0.04106083
33719535302,3.4786026e-05
33720058701,0.13060603
33720058703,0.052724604
33727469503,0.2324826
33734938102,0.1280334
33739324701,0.8899121
33739881902,0.0035583605
33740881301,0.94059414
33743756601,0.44299492
33743756602,0.00026844913
33756090701,0.10359106
33769074701,0.64269304
33780683201,0.95377517
33787999701,0.91854864
33788545601,0.83341926
33794511901,0.41722497
33794511902,0.800187
33795222901,0.3322782
33799519402,0.0016377986
33799519403,0.0008423948
33800923301,0.8652698
33809866701,0.96819377
33811950201,0.017491756
33823254301,0.69012815
33829381102,0.3830022
33835052701,0.9106991
33849206802,0.009558655
33849356703,0.008441934
33863576701,0.59274244
33863576702,0.479826
33873659101,0.0042016287
33873673301,0.38992223
33873673302,0.14956237
33873942601,0.036653467
33885756704,0.0030378208
33885997804,0.014071852
33901599101,0.9677009
33927944001,0.97350216
33944248401,0.08725682
33955867801,0.5514428
33956336701,0.006701291
33956342601,0.0030680639
33956454401,0.0030003332
33956455101,0.0033034142
33956484501,0.00056277425
33956545201,0.000105229716
33956554206,0.21160507
33956558401,1.85853e-05
33956558402,2.3370261e-05
33956558403,9.4571715e-06
33956573901,4.1099185e-05
33956573902,3.7526097e-05
33956574001,2.0103575e-05
33956574002,3.3567427e-05
33956798501,0.00056402053
33956798502,0.009322159
33956800601,5.109908e-05
33956800602,4.2655254e-05
33956800603,0.0010632423
33956805901,0.0016077248
33956807101,0.03750333
33956807701,7.2536735e-05
33956807702,0.0003227054
33956807703,0.025855478
33956812501,0.0016357094
33956817001,6.7095854e-05
33956817002,1.07504e-05
33956817003,1.7713306e-05
33956820001,8.04994e-05
33956820002,0.00026413042
33956820003,0.0023306431
33956824702,1.0
33956824703,3.669778e-06
33956824705,7.1088193e-06
33956824708,7.374582e-08
33956827001,0.0022947625
33956832801,5.467894e-05
33956994201,5.982521e-05
33956994202,5.4958873e-05
33957015301,0.003341367
33957015302,0.0005631114
33957026001,5.7244037e-05
33957026002,5.25962e-05
33957300901,0.10087739
33961188301,0.92953736
33963358402,0.0005197905
33968020301,0.01278746
33968020302,0.00044652997
33968055201,0.0048976815
33968213401,0.9784952
33968283004,0.0001126053
33968544502,0.06755236
33968544504,0.00073933427
33968815801,0.57790655
33968950202,0.656583
33972309902,0.028259268
33973301301,0.9498559
33973301302,0.82751036
33973301303,0.36303997
33975272901,0.82029676
33975656101,0.26806808
33975889702,0.031858504
33983299501,0.08976652
33983649001,0.6713076
33991355001,0.7270704
33997920001,0.67387766
33999003801,0.00016751347
33999003802,0.00017761737
33999003803,0.00863628
33999003804,0.011840379
34009360401,0.0135694705
34013076702,0.89078504
34013076703,0.022116408
34013076704,0.0057879267
34016460202,0.6626366
34016616701,0.8081534
34017008002,0.5844353
34020604405,0.0075546117
34027438401,0.12808223
34028148307,0.009136268
34028560001,0.49958313
34028802201,0.026795132
34050494501,0.16406058
34062040703,0.09803028
34062928903,0.04223132
34063019701,0.67037326
34063019702,0.29601565
34067038701,0.17802842
34067052301,0.010806983
34067092201,5.8248825e-05
34067135701,0.4539398
34084498402,0.006070208
34084582603,0.041175295
34084689101,0.08429918
34084689102,0.006109199
34086810801,0.7557241
34086831801,0.99682283
34086991502,0.0001864177
34087762601,0.90023255
34087762602,0.8081688
34088361401,0.9533427
34103148002,0.00029564695
34108527302,0.0044674105
34108771701,0.3980642
34114294302,0.0011820954
34114294303,0.0019359126
34125076101,0.8533425
34125818201,0.022278283
34125818202,0.00021264091
34125998901,0.40192887
34126184601,2.587176e-05
34126184602,2.2181115e-05
34126197001,2.4385248e-05
34126197002,2.1884758e-05
34133886502,0.027044179
34138218301,0.0016797794
34138220901,0.030078892
34138220902,0.06074994
34138525601,0.9898233
34139966801,0.040720157
34147057401,0.9103955
34147057403,0.40245628
34147613001,0.9847845
34147927603,0.0019392234
34151302001,0.21807094
34151521401,0.10341643
34151521402,0.008588172
34151535501,0.020662185
34151535502,0.0027779965
34152008201,0.22656767
34152033401,0.0065635634
34152033402,0.0013650262
34152033403,0.06550107
34159787501,0.8092152
34171016301,0.9836923
34171016304,0.064961016
34171577402,0.0014282194
34180339901,0.8942648
34180340101,0.8983154
34180590801,0.96024466
34180590802,0.39780053
34181881101,0.8348406
34183842001,0.43454447
34191252203,0.6418146
34191720604,4.130326e-05
34191720606,9.928228e-05
34195221801,0.22812888
34195503101,0.027779628
34195503102,0.034413192
34204300801,0.03672554
34204465701,0.9356292
34205138703,0.001295265
34205138704,0.0031774421
34213578102,0.028078467
34223289101,0.8521522
34223686701,0.7936782
34225913701,0.0036431414
34225932401,0.0022942172
34225934401,0.003427017
34236051401,0.072846875
34236051402,0.1326698
34239922001,0.034937013
34239922002,0.00052219647
34246945501,0.54898757
34246945502,0.2482045
34247401001,0.9716163
34247401002,0.4614998
34255472301,0.094576396
34255632101,0.8850675
34256752902,0.0014628365
34256752903,0.04184001
34256769501,0.9192405
34261796801,0.8745347
34268386002,0.95409477
34270269903,0.00031013513
34270269904,0.0010528255
34291558001,0.0284694
34303199501,0.93470466
34303480901,0.57688206
34311938102,0.00024121618
34316698301,0.7172068
34316698302,0.50232875
34325328205,0.0010154318
34326030702,0.034948703
34329605902,0.022570897
34333867602,0.4631887
34336548101,0.23967074
34336548102,0.9316528
34336548104,0.32403785
34337716901,0.976998
34337724601,0.6383586
34337745701,0.029630985
34337762402,0.39389375
34337834501,0.00015464157
34337834502,0.00018003475
34338368101,0.0029945076
34338368102,0.0036390265
34344943703,0.0039340365
34354122201,0.5194576
34357397102,0.1268662
34357397104,0.90218127
34357397106,0.03643013
34357569402,0.995011
34358582401,0.5104316
34358700001,0.9912934
34364733501,0.6985798
34364813603,0.97748727
34364945401,0.87548316
34365125505,0.2590108
34365219603,0.00010743183
34368152403,0.0034954073
34368187801,0.40313852
34368487603,0.00015702317
34375729902,0.00459602
34376193202,0.17340568
34376436001,0.78893167
34379800101,0.4734741
34379949301,0.00075983204
34380086601,0.87023723
34385424001,0.98356783
34388482501,0.87356025
34388482502,0.7270657
34403162701,0.9234103
34407735302,0.001901984
34411135901,0.060488373
34411269001,0.0038013498
34411575001,0.10637808
34423230001,0.94123465
34423441402,0.007367701
34425865701,0.00018561483
34433722504,3.3362456e-05
34433722506,0.00015766345
34433771301,0.014057304
34433870301,0.049555145
34433870302,0.022728276
34435187103,0.0004715515
34439801801,0.9981706
34447050903,0.0007273629
34458859903,0.010629396
34460040201,0.9559519
34460426301,0.017457714
34466759001,0.9043194
34467085401,0.27357975
34467085402,0.50937563
34467569401,0.6263023
34469160301,0.83901954
34479463202,0.0009714189
34479692104,1.2546201e-06
34483848801,0.964505
34492558801,0.010849952
34492558802,0.019015508
34496460802,0.32428566
34496955003,0.005109845
34497489301,0.9157976
34509282901,0.90757805
34509763401,0.07914703
34509763402,0.052189954
34517331502,0.006049751
34520447101,0.04920462
34537130801,0.18027729
34554436101,0.42899755
34554436103,0.95640063
34554812702,0.00069818395
34555184101,0.35221308
34555184102,0.055380173
34555192801,0.003516228
34555390101,0.3909225
34582224601,0.903483
34634767701,0.9902953
34639827902,0.9563867
34640522601,0.4916991
34652034102,0.024754416
34660497801,0.07137831
34672609202,0.061233245
34672720101,0.036559783
34672720102,0.080559224
34672720901,0.41985726
34672792602,0.77049667
34674306203,0.97893137
34677039204,0.0001474244
34679228101,0.99857974
34679523601,0.66143924
34679674101,0.05174276
34681068601,0.1065536
34681288703,0.0009902266
34681395001,0.026803687
34682256401,0.009560746
34682501402,0.0014108027
34683058301,0.04043937
34683058302,0.004852592
34690292304,0.116662085
34691262301,0.9706951
34691262302,0.023474481
34695350801,0.69644374
34703035501,0.9893218
34704243201,0.004051364
34704243202,0.011477288
34706869302,0.00051542063
34708176101,0.0027844126
34721352101,0.07753372
34728360101,0.5683262
34729037202,0.077851355
34736944701,0.009415929
34736944702,0.009086744
34746077901,0.023486732
34746554101,0.010278275
34761353601,0.82180005
34761473301,0.05884541
34761473302,0.016638635
34762087002,0.12377159
34765644407,0.009458646
34765691101,0.1065951
34765691102,0.0149098085
34765706602,0.00021777983
34774338901,0.7812802
34778028501,0.98445064
34778558301,0.24118769
34778704101,0.023904745
34787326202,0.0047597457
34787435802,0.9708619
34800682402,0.0012778
34804054501,0.5957597
34804243901,0.8962075
34804243902,0.40587518
34813042001,0.010681065
34816801901,0.65786433
34817119901,0.9944036
34817645401,0.9934663
34825025901,0.79719067
34834137801,0.9462062
34834462207,0.058277488
34840107101,0.021000855
34840107102,0.00044407585
34840107103,0.0064856494
34840107104,0.001701115
34844886401,0.8944016
34845963501,0.97069675
34846082901,0.75361043
34855628102,0.9682654
34857057501,0.7388255
34857132608,0.30036914
34869424701,0.989879
34869926003,0.023776904
34876244101,0.63749635
34876345301,0.011238588
34877117902,0.9912627
34883961101,0.24509826
34884124202,0.00045122215
34885229801,0.87680835
34885229803,0.25216764
34885360504,0.034736253
34889719902,0.0034519217
34889867301,0.16659915
34895779302,0.0
34897218401,0.9840879
34898480202,0.6544749
34898568201,0.1278724
34899109903,0.0014920353
34899746702,0.0019540512
34899761203,0.00014519248
34905944803,0.040311925
34909514901,0.99327445
34914500401,0.3800344
34915449001,0.30648655
34923744201,0.09736387
34924096101,0.17176108
34924366501,0.00018111587
34924593002,0.39859945
34926970102,5.9020617e-06
34927000101,0.07934706
34927000102,0.22467281
34930944202,0.030675344
34930944204,3.9350208e-09
34937159501,0.17205255
34937159502,0.0077402876
34937319201,0.0018726677
34937319202,0.002605254
34940722801,9.713609e-10
34943397602,0.1975533
34943397604,0.6442894
34948459501,0.02941077
34953966501,0.46655348
34953966502,0.32522047
34954340105,0.1428228
34954411201,0.12886289
34964460603,0.0019264501
34964851002,0.017440388
34967968101,0.00078875694
34974792902,0.13389069
34975139306,0.0011635904
34975697201,0.4401661
34976705101,0.10740933
34978691601,0.9969469
34978691801,0.99700886
34980504401,0.9270992
34983282402,0.001942442
34986285201,0.4426763
34986542306,0.0068023964
34989255901,0.23010266
34996391402,0.25319844
34996426403,0.0012630841
35000584601,0.20100023
35014629601,0.6242182
35015411901,0.9114549
35027646202,0.000768746
35027706202,0.25953814
35029767702,0.009454719
35033350702,0.0017945882
35033613202,0.4393848
35035563201,0.0012159381
35043133501,0.0014166065
35043133502,0.0020569726
35043133503,0.05215933
35043133504,0.11723429
35046762401,0.2453552
35047910101,0.09174911
35057599701,0.9939207
35067974502,0.00045374714
35074247502,0.014009707
35074371401,0.9969658
35076779401,0.21451002
35079640702,0.21152855
35080347202,0.001472756
35080347203,0.0004430615
35080469601,0.9928156
35080884002,0.0022391938
35080884004,0.003367896
35084283801,0.43688786
35084283802,0.26778883
35084633401,0.87136173
35085346601,0.95378566
35085351302,0.0004637648
35085871301,0.004273278
35085952701,0.19095951
35086063103,0.00011201279
35093067201,0.00084375375
35096515901,0.010063214
35109238501,0.99685967
35109482008,0.0014175267
35118188003,0.09848189
35118188004,0.35807747
35127512701,0.9063441
35128467801,0.96848464
35128529701,0.99579877
35200055801,0.76586574
35200331801,0.43363515
35201671601,0.9543601
35201690402,0.88058496
35208100106,0.13594465
35214110704,0.21393287
35222923701,0.458286
35222926801,0.9956321
35222926802,0.9928019
35222926804,0.8683898
35494479401,0.051092785
35663935001,0.0047904416
35663935002,0.009603479
35667591201,0.70145607
35672996605,0.014238345
35673165502,9.832531e-05
35674784701,0.8172654
35674812701,0.7124718
35674812702,0.9911389
35684659401,0.2052746
35685023207,0.031782545
35704416301,0.99556774
35710407107,0.0019302974
35710535202,0.0034272827
35720575001,0.018933287
35736262304,0.009598315
35736262305,0.0064728465
35736262306,0.0019541853
35751024701,0.0005649537
35760973002,0.017179469
35765997203,0.00042551398
35766231601,0.93586653
35766231602,0.9929478
35770930001,0.97792655
35790947801,0.10439592
35791120202,0.60950404
35802074501,0.9510201
35802216901,0.002406965
35802216902,0.0017016022
35802216903,0.0010349938
35804784102,0.00027636508
35807104902,0.40393704
35810812602,0.010104372
35815476402,0.19859935
35815644202,0.0039152727
35817632901,0.029414695
35829066803,0.007808558
35829066804,0.0025908255
35833558603,0.014607307
35833558604,0.018013323
35840238203,1.1860884e-05
35899383104,0.0010667171
36008791501,0.04551867
36008811302,0.003930619
36008887102,0.0044320743
36021781301,0.0009790679
36022222801,0.7782593
36032014601,0.08036552
36032455801,0.07874412
36039503701,0.9888476
36045755301,0.0059588463
36046316002,0.077631555
36054824702,0.00071667676
36054824703,0.00062004756
36060567001,0.566849
36061757001,0.56515074
36069853903,0.47593486
36080075401,0.25462005
36084805604,0.68595594
36085112301,0.04233717
36085112302,0.17450984
36095173901,0.34039745
36095173902,0.05953866
36095868901,0.0067469454
36103419601,0.74215734
36103419602,0.017876076
36107451001,0.7688953
36107514601,0.057017088
36107514602,0.009135551
36108230204,0.11724392
36116866004,0.000122717
36116875103,0.0004406153
36116875104,0.00044883645
36116900301,0.14234094
36116904201,0.95459265
36117072801,0.6843557
36117247901,0.88294613
36127261201,0.53927547
36133308901,0.556134
36145892301,0.97427285
36145892302,0.20852195
36147312501,0.030234871
36171360202,0.007251847
36171769701,0.89855754
36179375701,0.95892644
36185866701,0.0014655833
36185866702,0.00070042704
36186370501,0.01556003
36186370502,0.019101929
36195723703,0.0018144217
36195801301,0.0011743235
36203025201,0.06352906
36208509801,0.97047913
36208633303,0.027310057
36208897901,0.115758285
36211110402,0.0017295114
36211110403,0.0011215195
36211346601,0.7480044
36212163901,0.010344077
36212242702,0.0004952716
36212242703,0.00065971445
36216542102,0.97020537
36223421902,0.0006067561
36223421903,0.00095361524
36224167401,0.056719996
36232245001,0.86848205
36232355002,0.012850083
36232355003,0.0029822434
36232355004,0.008647448
36232651002,0.6276843
36232651004,0.49985895
36232773002,0.029607069
36238452701,0.78912723
36247892101,0.30632982
36248081501,0.65998954
36248365501,0.0011828479
36254444201,0.36535025
36254444202,0.3061657
36263133101,0.8679117
36265887103,0.07063057
36266522904,0.042240504
36266522905,0.019654345
36270472201,0.77195615
36270988601,0.9967878
36270988603,0.04140297
36273479503,0.9328908
36273577502,0.8114683
36275381201,0.8074212
36282250301,0.5927802
36282547001,0.0023735336
36282547002,0.0019478118
36283395302,0.07741166
36294416601,0.0019948736
36294416602,0.17047584
36294440401,0.49080127
36294440402,0.0009271342
36301457701,0.8444723
36302476706,0.20584886
36308238301,0.92487216
36308617801,0.9606392
36314054702,0.07515817
36320794101,0.45128983
36320794102,0.46758884
36320794103,0.5222678
36321484301,0.018187407
36321759401,0.012802342
36322109602,0.285387
36323171601,0.8546114
36326755601,0.014140544
36327032201,0.38568008
36327080203,0.00067928183
36337105701,0.011040799
36337231302,0.43922827
36337240301,0.94619447
36341472201,0.016943399
36344758501,0.74738455
36348116302,0.4132113
36348116303,0.51083046
36348116306,0.48358333
36352747501,0.56827456
36352858301,0.14353722
36360033001,0.0015373972
36360033002,0.001978254
36361158305,0.0032740494
36371002801,0.34378573
36373876501,0.9612344
36373876502,0.5232938
36379019501,0.958812
36379071001,0.07635876
36379071002,0.017932178
36379566801,0.81522346
36379882103,0.042382162
36380507102,0.6330045
36380507104,0.2716698
36392558001,0.5812671
36393331302,0.033068195
36397797801,0.8464932
36398418002,0.22070153
36401811703,0.00056844443
36410692902,0.0016544698
36410775301,0.9944306
36411583601,0.08293455
36413262801,0.7861963
36415342401,0.00096425775
36415342402,0.011796915
36416385202,9.4037765e-05
36416490701,0.032039147
36427960901,0.32729426
36430211801,0.15184951
36432638403,0.005142791
36432638404,0.024685796
36432704501,0.34538978
36435035401,0.07819064
36435264902,0.39929056
36435444301,0.026786206
36435462401,0.8000954
36454463302,0.01182837
36454478304,0.6511389
36454523401,0.09705474
36454711201,0.0009415271
36454711202,0.0022028515
36454918901,0.9571206
36462547201,0.6059341
36464290004,0.0025812713
36464600202,0.9836632
36478500901,0.30084217
36478500902,0.45645517
36478500903,0.29788393
36479758401,0.50687194
36479758402,0.032358807
36487354001,0.08945874
36487915501,0.17214656
36488054201,0.6033776
36488198001,0.18476836
36494463301,0.65875584
36494463302,0.057013094
36501436301,0.6171532
36532521703,0.511915
36532562101,0.8855446
36546786701,0.84903693
36546910701,0.11535403
36555694502,0.001282319
36566262301,0.85624355
36572172402,5.979966e-05
36572727101,0.33431423
36573020702,0.24547589
36577423401,0.909534
36589085601,0.577268
36589718401,0.8201135
36595339605,0.003922285
36595339606,0.003350653
36599889601,0.05245271
36600046901,0.16757423
36694633201,0.9752906
36695394901,0.02618065
36695840901,0.00039410446
36695840902,0.0050475467
36705891203,0.0040100804
36713674101,0.0005022653
36713674102,0.0006015852
36713674103,0.0011564682
36713674104,0.0010870378
36713674106,0.002857483
36721580201,0.66008157
36721931201,0.678486
36721958701,0.003376051
36722441201,0.0016711544
36731106001,0.086724035
36737894004,0.20131928
36747358301,0.9466779
36747663301,0.0017513252
36747663302,0.005883274
36747812401,0.53688276
36747812402,0.91840947
36748491302,0.000661833
36757208301,0.62585056
36757282501,0.64846605
36757806102,0.42660743
36766053402,0.0042562806
36767139701,0.2720383
36782403903,0.052430123
36783273701,0.061253767
36789557801,0.0010705435
36790475303,0.003607192
36797561603,0.0050246166
36808504701,0.95981747
36809595301,0.89743686
36847142601,0.18112794
36847142602,0.009273948
36847142603,0.006071654
36857403002,0.8773129
36874788203,0.00033508826
36874802403,0.003909977
36875330301,0.8185764
36876173401,0.046902377
36885458503,0.023005167
36893059701,0.6784086
36893059702,0.5764291
36893454001,0.57630044
36893454002,0.75025916
36898885202,0.004392602
36900681701,0.893607
36910254905,0.017110743
36922914301,0.7485987
36925302301,0.48265126
36932794701,0.9988895
36934506401,0.99944454
36977912701,0.91872585
36981850803,0.0029293257
36986473801,0.9925269
36996295501,0.9311207
37004042101,0.41107035
37022670202,4.5831326e-05
37024349001,0.20645286
37246364501,0.001921277
37253040102,0.0038370434
37253040103,0.008740604
37253486701,0.018254949
37253772901,0.7734425
37253773301,0.9152884
37258954001,0.9325727
37266297201,0.003861158
37266297202,0.008328728
37266342501,0.005779479
37267053501,0.8182905
37267063501,0.04809201
37267063502,0.44106156
37267351104,0.40260065
37276861902,0.0021123514
37276896503,0.00021615112
37277343501,0.9401631
37284782901,0.9668159
37285035701,0.03450551
37286911101,0.02175913
37290811001,0.00033515375
37297899306,0.0008106549
37298707301,0.02023449
37301560401,0.020119479
37352305102,0.9824861
37359477101,0.7724942
37376857602,0.0027968113
37384385701,0.46340847
37392837401,0.005430047
37401666004,0.00015340606
37485899901,0.23724659
37486059001,0.28715003
37491198603,0.2762786
37503656702,0.51507634
37503656703,0.8974197
37505958701,0.99755114
37505958702,0.9976949
37508912402,0.0044390755
37509071701,0.28732142
37522151901,0.64962524
37522191803,0.63092506
37522254905,0.0047214716
37522254906,0.0049613137
37522254907,0.010624452
37522268303,0.0011917999
37522308001,0.9826397
37522545301,0.65586317
37522545302,0.9314372
37527395301,0.9745866
37613191501,0.057706628
37740736902,0.43026987
37775945505,0.02523964
37785944501,0.002414734
37809361001,0.99173003
37834445701,0.95006883
37855542301,0.9919974
37856305901,0.69590527
37856305902,0.67850435
37866689001,0.008830582
37866689003,0.059778124
37874201801,0.8827854
37874634801,0.08965793
37874634802,0.014926204
37875221802,0.5841758
37886884902,0.6929806
37923400201,0.67733186
37923400202,0.49519327
37924036001,0.2752227
37926673701,0.0022023092
37929030002,0.24825794
37934964301,0.0013165663
37935463503,0.0055516055
37940371801,0.6718122
37940792702,0.021927278
37940792703,0.0804855
37941054001,0.8914226
37961831901,0.7260552
37961831903,0.10360531
37972308601,0.99616796
37980177503,0.0034521003
37980177504,0.0022799366
37980419501,0.360225
37980635802,0.00011975947
37985274801,0.9407487
37986534701,0.5914833
37986534702,0.0050341627
37989769601,0.74195516
37990919501,0.3342691
37997324601,0.017382726
37997366801,0.0027573856
38000137401,0.6396399
38008474301,0.018475961
38008474302,0.014340451
38008474303,0.006781947
38008551702,0.5729477
38017354002,0.010688462
38021153801,0.8872848
38032669301,0.96954453
38033014202,0.0010793966
38033014204,0.00024002318
38033437201,0.00047711682
38033437202,0.0030118797
38038582102,0.001916449
38039496401,0.4360656
38041913901,0.034379326
38042259101,0.66941977
38053978405,0.0011838253
38053978406,0.0041708406
38065667301,0.28588146
38066437101,0.54856
38071050103,0.0641135
38077004701,0.018508242
38078325201,0.7123942
38086277001,0.03165381
38087068801,0.96796453
38091027701,0.9733522
38091623502,0.005873904
38091702701,0.6799931
38097651501,0.03283862
38099717802,0.12661333
38104850602,0.0022548593
38104850603,0.0020167257
38109183801,0.29626086
38114124601,0.7243382
38123214401,0.05954695
38123214402,0.13765731
38123745204,0.25232854
38132860101,0.6797764
38133345501,0.027703948
38135169604,0.011026769
38144788301,4.217892e-05
38144788302,2.8601738e-05
38154886602,0.018777447
38154886606,0.020650266
38155188001,0.62007695
38155985502,0.0013995708
38164772203,0.00606955
38172444401,0.16075064
38189791701,0.98371154
38190750205,0.002674986
38190750206,0.0022220628
38191909001,0.9641921
38192119303,0.5272015
38192515602,0.007952539
38194976102,0.50184536
38197796401,0.0132755805
38198711805,0.00079627533
38200958001,0.0008294286
38200958003,0.00030332664
38201108601,0.95460784
38201634801,0.828407
38202842501,0.9735291
38204309802,0.006194553
38206916001,0.006801022
38206916002,0.0016783325
38207297301,0.00052927155
38207297302,0.00048853806
38207502502,0.8206546
38207504501,0.70707667
38214552103,0.023921246
38214863502,0.8693769
38218954202,0.31079015
38219619302,0.9689209
38219944102,0.13172045
38225200201,0.45124972
38230868402,0.0067414963
38231035801,0.7503742
38231205201,0.00043295082
38231205202,0.0002753892
38231224302,0.8803515
38272885901,0.026072372
38282336802,0.0003030166
38282769901,0.20002621
38291581101,0.9952219
38318130001,0.48300162
38326621001,0.7620231
38326621002,0.19988823
38350309001,3.2464417e-05
38352567802,0.0003404067
38352567804,0.0026903902
38359428206,0.00064668397
38359434101,0.0071259486
38359434102,0.0005956739
38359436001,0.20073773
38359524203,0.000859201
38371649601,0.0012582458
38372751002,0.8236524
38374689203,0.0038543765
38401591501,0.013950872
38401824003,6.7724446e-05
38402184601,0.39157465
38406533702,0.0048897546
38407312201,0.0696245
38407312202,0.022836583
38407462901,0.0063138986
38407462902,0.01074643
38407470502,0.03334474
38414505401,0.16996635
38415584401,0.9817284
38415604302,0.008678365
38429880802,0.002428653
38434431002,0.00016593857
38438583501,0.82710165
38438596901,0.04932913
38438622107,0.018174456
38438622108,0.0007322311
38438859701,0.25288746
38446538201,0.8381945
38446538202,0.4193236
38446538204,0.7783598
38453643001,0.95593053
38460931201,0.0016805079
38482355601,0.9972855
38482944004,0.027629906
38710796102,0.22764386
38813192401,0.008439367
38823584501,0.0033178348
38828704701,0.43916497
38882036303,0.037783686
38884523303,0.7799444
38895168402,0.00036162647
38907088401,0.71346456
38915972501,0.8804222
38916880801,0.19397458
38928579101,0.0066943304
38928698901,0.0019551928
38936374501,0.29845226
38936728001,0.26801363
38938234801,0.07899106
38943736501,0.56120896
38956470001,0.12146278
38956548103,0.018528858
38956733003,0.001209529
38957019601,0.0015614328
38957352702,0.63106096
38957603501,0.011017629
38958027702,0.00057730055
38964397501,0.30478382
38965089503,0.0032589524
38966979601,0.55674183
38966979602,0.05683259
38967796901,0.057471592
38967902901,0.009360728
38968293302,0.010684699
38968293303,0.0058449204
38968293304,0.004019908
38968406001,0.07827967
38968406004,0.005378713
38973327501,0.13930348
38973494601,0.93385446
38974765904,0.0043878155
39008315901,0.8730146
39013742002,9.5631316e-05
39014207204,0.00018537146
39014902701,5.8649322e-05
39015054702,0.79350007
39021550001,0.66849744
39021912601,0.010355576
39030588101,0.015212307
39042770302,0.0015334353
39043477701,0.022629984
39072352903,0.062026937
39081767501,0.8907682
39081767502,9.717529e-05
39174454004,0.000102756036
39174526001,0.8977294
39181283901,0.4840753
39188739001,0.000804362
39188798802,0.01152789
39189425701,3.2120384e-05
39189524202,0.06281615
39190306401,0.98749614
39190306402,0.95001537
39190467002,1.959054e-15
39194988001,0.99956185
39202492501,0.13788112
39202492502,0.383632
39202492503,0.42789727
39270667701,0.3857954
39303086901,0.24268961
39303285301,0.17258085
39308647301,0.9487002
39374762801,0.4551642
39422819607,0.00038264488
39422819608,0.00026809788
39423379001,0.6118405
39423698105,0.081943154
39424416702,0.29323134
39427900401,0.33320048
39427958702,0.00091213733
39428451701,0.75735784
39428451703,0.6098113
39433218702,1.852196e-05
39433576002,0.90210396
39434031901,0.96547437
39434190102,0.004585072
39435605006,0.15056318
39435729401,0.9240746
39445526701,0.02104018
39449001201,0.9808369
39456111901,0.99948764
39456260903,0.00038945186
39456260904,0.00036814038
39456288004,0.0009125223
39459353002,0.0013333152
39459416901,0.3541447
39459426002,0.011830004
39465795201,0.018039785
39465797201,0.04161022
39466088802,0.027433386
39466131401,0.6730581
39470219102,0.0012535101
39471160506,0.008991834
39471533201,0.7537364
39471614602,0.0011163863
39472987501,0.9947358
39481226301,0.0032948102
39481226302,0.0018162226
39483187602,0.17788018
39491277004,0.31705624
39491558303,0.588136
39497269002,0.02200869
39501170604,0.9980415
39506494702,0.07668457
39506618601,0.6866091
39551584601,0.99706036
39551599201,0.053922668
39551599202,0.0035976686
39574267601,0.042215835
39574626502,7.768057e-05
39585561207,0.11409
39585705301,0.37453094
39603767901,0.91943955
39610664101,0.98497
39613960703,0.21624221
39614288801,0.4628496
39617007601,0.7064496
39621349201,0.0005925578
39621753701,0.016351372
39624496701,0.8955441
39624770001,0.05656913
39624770002,0.035398044
39625543705,0.01093567
39636522602,0.00585924
39642179302,0.010366749
39646733002,0.010790503
39653739902,0.002246504
39653945901,0.7721023
39654389101,0.98704743
39664803601,0.20200488
39672022301,0.640544
39690392701,0.38787574
39690460304,0.011771172
39690628101,0.85580146
39690779201,0.9845674
39703122703,0.00044567045
39703232401,0.8921567
39704082303,0.00083862466
39710897801,0.97242063
39713731901,0.19124636
39716216201,0.64373773
39716261101,0.9709416
39771048501,0.7984271
39781653902,0.0020298613
39790433502,0.0041953423
40151315403,0.00073476904
40156111901,0.8199161
40156772201,0.81352866
40157397301,0.39994907
40160576206,0.0054377858
40160692302,0.003599739
40160803902,0.57514894
40167060701,0.0068592206
40167609403,0.028399369
40167800701,0.9951622
40172697304,7.99749e-06
40177037001,0.75056684
40179595201,0.9837415
40182156702,0.15834439
40183362602,0.19591248
40185908804,0.006507554
40185908805,0.004184972
40185908806,0.005670482
40191380301,0.9871315
40191435702,0.14732064
40191608001,0.39483985
40198062401,0.9998264
40198264101,0.65118605
40203032802,0.43947914
40208591104,0.0043370905
40208591105,0.009593205
40211128901,0.9545118
40232963101,0.021270892
40245420401,0.33664244
40245490901,0.53496337
40245695801,0.06004735
40245713701,0.5886276
40246341803,0.03549131
40246930501,0.21326865
40247471401,0.43926632
40247729204,0.009563345
40251280703,0.0124519775
40251355701,0.38097242
40251355702,0.32598233
40252725401,0.90456253
40258614101,0.2999502
40258614102,0.0068832217
40258624001,0.036391348
40262134301,0.9662429
40262523401,0.28667715
40264677607,6.1476794e-06
40264910601,0.11094841
40265106901,0.38914144
40267559901,0.002655177
40270895301,0.9239187
40271028001,0.95863026
40271155502,0.7894738
40271275802,0.0011548478
40271275803,0.008475716
40271275804,0.0031521693
40274558804,0.03809998
40275905302,0.42673633
40278607005,0.016824199
40279311704,0.36164716
40279502301,0.55833656
40280028803,0.31080768
40280028804,0.20156871
40283749502,3.1588344e-05
40284010606,0.0092165945
40284375204,0.00077149394
40284583801,0.051970486
40285466203,0.0026254065
40288513001,0.7854286
40292001201,0.007194886
40297013001,0.0037685498
40297079601,0.92571247
40297297201,0.1698747
40301654403,0.009466689
40301901402,0.14459808
40302986402,0.2547837
40304471502,0.5794751
40304471503,0.49866354
40307506702,0.98711455
40308377501,0.0011048837
40312524701,0.8626416
40313150604,0.023622144
40322650502,0.055938616
40322738202,0.06792901
40332051801,0.0006971286
40332051802,0.030290505
40332088805,0.0005836819
40336436001,0.98226166
40336671602,0.0034246226
40336674402,0.13005404
40336742001,0.0075240303
40351167001,0.71257246
40356794903,0.001691835
40356857801,0.8879538
40424173901,0.6156687
40434450701,0.012599822
40437995307,0.00029689353
40441563501,0.3763471
40443166301,0.9856485
40451664502,2.747282e-05
40477056201,0.5718981
40477658205,0.76676565
40477792202,0.015571868
40479715101,0.8589802
40479715103,0.23267123
40479778401,0.0731743
40483253101,0.13506149
40484930201,0.03647678
40492766102,0.020506846
40493349302,0.9864525
40493394702,0.6278549
40496996901,0.019608999
40512956003,0.7850928
40512956004,0.5014072
40536444701,0.94807184
40536509601,0.9574055
40536534002,0.0020839025
40586283001,0.9873453
40586608902,0.6144697
40593091501,0.455469
40677452001,0.00048754193
40677452002,0.00036586414
40677811702,4.1628013e-05
40678033801,0.029859943
40678033802,0.34388778
40686161801,0.13555603
40687225301,0.36143735
40687225302,0.08917953
40687484203,0.013449338
40687484204,0.13909647
40694161201,0.99982125
40694554701,0.9216282
40697674601,0.99905723
40704486902,0.25465018
40704635703,0.006391695
40706490202,0.0011890354
40706644901,0.22656596
40706644902,0.19314778
40706926502,0.1400353
40708997303,0.00024276506
40708997304,0.00025926385
40708999001,0.33344287
40712640801,0.999671
40714593901,0.0004946848
40714672301,0.27528268
40714672302,0.0052009313
40714772701,0.014830219
40714772702,0.0017345926
40716436803,0.038484994
40716550905,0.0004116081
40722536701,0.0035304294
40726459701,0.0015702124
40766296101,0.0015352117
40766364101,0.12974548
40777226104,0.85960144
40782391702,0.033439588
40788235401,0.20146778
40792533602,0.001962811
40886781001,0.050115075
40886781002,0.39965406
40886781003,0.11615908
40924801304,0.20474704
40933455502,0.69072133
40933621502,0.014624349
40933862402,0.008223098
40951882603,0.0051419353
40951882604,0.008739231
40955715801,0.81287956
40959237601,0.98621655
40964103101,0.012912317
40964252401,0.4275813
40964996801,0.14782834
40970267001,0.14158763
40993433001,0.99511623
41022754501,0.096452005
41025404901,0.620921
41027154005,2.0038189e-10
41027154006,0.0050872103
41033956303,0.01726131
41034069502,0.06940995
41035498001,0.057657026
41035498005,0.80419326
41036747405,0.8225729
41037198403,0.57668984
41037253601,0.3428901
41037295001,0.26531047
41038901401,0.45640275
41039709901,0.60548925
41039932703,0.99784625
41040227203,0.0063440236
41183119203,0.04016033
41197709402,0.2777212
41207084802,0.1262615
41214384201,0.9954228
41215149801,0.32256898
41215312802,0.0335142
41220923901,0.32100397
41221501301,0.99828005
41221648601,0.2632691
41246968102,0.00067867636
41247121201,0.99872667
41252873901,0.18604288
41252873902,0.40849343
41265496701,0.18353102
41266024401,0.008148345
41266024402,0.004753387
41272654501,0.9189621
41272657702,0.3819489
41276125603,0.00061523373
41282055802,0.0050052176
41282204902,9.802419e-06
41829735101,0.5096156
41838209901,0.008758093
41838748701,0.95641166
41846057901,0.989319
41846101303,0.06758145
41857611902,0.0392931
41858092502,0.26791224
41858172601,0.11460972
41858172602,0.02315049
41861387703,0.0019448262
41861873001,0.20870148
41861901801,0.8120989
41861901802,0.2643083
41865533301,0.15338133
41871749402,0.0016272069
41871749403,0.004654597
41871749404,0.007924127
41872149801,0.024511516
41873617801,0.8302394
42035080401,0.18004178
42042653101,0.88841593
42043377102,0.00027409158
42043742001,0.631141
42049042902,0.0072798165
42056041503,0.00020950905
42069904001,0.5129165
42069908301,0.05428181
42076165201,0.8763274
42077426501,0.05634021
42090326402,0.096707955
42090366802,0.002790367
42090366803,0.006606978
42097126803,0.1114141
42097126805,0.023542086
42097878801,0.99300027
42106323301,0.59229785
42106552502,0.005752898
42110746303,0.78440696
42110920401,0.20290875
42116363101,0.026591478
42116363102,0.18330953
42116736602,0.7258167
42116736603,0.54220444
42121534102,0.026754541
42121569001,0.31284773
42122982202,0.7792952
42126079703,0.0826589
42128537201,0.057376996
42128750301,0.9812479
42128750303,0.817102
42213910801,0.004043306
42239316904,0.0010421069
42248853201,0.95605475
42248973901,0.007230477
42249840101,0.009585271
42270231501,0.9369312
42270489201,0.9817655
42302184705,0.9847668
42305589402,0.45846793
42305682402,0.00068955676
42326404002,0.8323031
42326506602,0.19687302
42335177004,0.22834395
42335405201,0.98783803
42341997102,0.010222602
42376889604,0.0005658327
42399150903,0.00012633375
42406383901,0.00735654
42406383902,0.7640012
42413015301,0.07531812
42413137802,0.031757038
42413137803,0.0079478985
42433038303,0.0028529635
42433038306,0.001909793
42433553309,0.0037023309
42433757602,0.72209126
42433757603,0.63361937
42436524101,0.792605
42436524102,0.0063213087
42441417101,0.019512692
42462205601,0.15666011
42462384803,0.3468638
42466817601,0.107309446
42466890201,0.95478076
42471677202,0.11099919
42489936001,0.3184566
42495087801,0.9402518
42496104501,0.0010594715
42496104502,0.9707509
42499682601,0.88241154
42508321602,0.94104975
42508326401,0.028436292
42508326402,0.3779716
42508326801,0.31011307
42508330901,0.7074441
42508330902,0.9899638
42508330903,0.4439268
42508470201,0.09957157
42563899203,0.011013515
42564154001,0.9969317
42564191201,0.15948784
42565755604,0.0036103586
42569676401,0.010304849
42585230101,0.17926872
42585616203,4.083477e-07
42585719901,0.002670797
42585780401,0.029057046
42592453401,0.9527848
42592772601,0.8942296
42592772602,0.9014112
42594119402,0.5932852
42594491701,0.64022005
42600631901,0.98832846
42601126401,0.80271804
42602113302,0.00031692765
42602213101,0.4532448
42602343001,0.8710447
42602578401,0.8428767
42602673205,0.009664154
42603247501,0.99309856
42603247502,0.96872914
42606995801,0.077567
42607358101,0.9603336
42607708001,0.9117749
42608031001,0.0036889028
42608031002,0.0014472028
42613004701,0.5417462
42613004702,0.94539285
42613416201,0.0050171204
42613416202,0.0036048433
42613426703,0.05981675
42615621101,0.67681086
42619478302,3.4694753e-05
42619871701,0.79856795
42620625801,0.40185338
42620662801,0.4240757
42620731901,0.24616559
42620761301,0.82535535
42622734401,0.864679
42623123201,0.51926666
42623198601,0.10259626
42623225604,0.00012729708
42626468401,0.0019537448
42627663706,0.15407914
42628194901,0.19725078
42632054701,0.13822116
42632652201,0.9178986
42632664302,0.049422394
42632664303,0.01066585
42636372802,0.019387556
42640598101,0.6202221
42640639401,0.38241187
42641101301,0.4019191
42642237201,0.4117958
42642237202,0.20598516
42642293306,0.05022638
42642717601,0.95343
42645301701,0.0089169275
42646326401,0.07828835
42647544001,0.3397509
42648821601,0.1339736
42649244801,0.41123778
42649722501,0.0063394397
42649722502,0.009421683
42653178903,0.2280685
42653363502,0.11614679
42654068402,0.007724264
42654118001,0.37090525
42654118002,0.02878112
42660995204,0.036803667
42670732703,0.00035407112
42670942501,0.059088953
42670942502,0.04776497
42674755901,0.15691343
42683417301,0.96151125
42683873303,0.00052319275
42683873304,0.00088642637
42684080001,0.9124744
42687311001,0.87808603
42687525301,0.18714494
42687740001,0.99810225
42687740002,0.85639006
42689967402,4.2971707e-05
42690423602,0.899022
42690639601,0.9250994
42696816603,0.0075636576
42697573101,0.24764453
42697586601,0.31779766
42701106003,0.03196663
42701366501,0.29456624
42701848601,0.7770351
42703117101,0.91091096
42765949101,0.6075211
42766776601,0.13598314
42766776602,0.11619956
42766777601,0.9206168
42766777604,0.5835718
42908277401,0.9948008
42908330202,0.0011238382
42953053801,0.0031043119
43046925501,0.4208454
43069330902,0.0027152724
43069330903,0.002219803
43070245002,0.050944213
43090883701,0.9411861
43091773401,0.0029317006
43091800701,0.04976564
43109523702,0.6316562
43110001502,0.15904088
43110033204,0.0010150792
43138027802,0.21722683
43138031501,0.89448357
43586902102,0.005672188
44418909901,0.9988416
44419720801,0.7064777
44426887501,0.35065114
44426912601,0.86739874
44426912602,0.012702861
44429859801,0.010792217
44429859802,0.000982157
44442919301,0.020619005
44447867501,0.009157178
44447867502,0.034074888
44447867503,0.0018026913
44448478801,0.8176538
44460887002,0.033220273
44470145001,0.0001630399
44470145002,0.0001605411
44470229601,0.38506478
44478951701,0.08561724
44487724601,0.7494013
44488599901,0.084128074
44492663502,0.042979438
44500842301,0.03340358
44500842303,0.018056614
44521244701,0.8262398
44652214201,0.06428076
44652311001,0.6990859
44652311002,0.11130893
44654990501,0.989687
44654990503,0.15933625
44667821001,0.015514067
44667821002,0.0046371594
44670309101,0.01457121
44670707001,0.505545
44670707002,0.40038636
44687160101,0.927979
44687238601,0.17542942
44687238602,0.18271476
44688127201,0.89351124
44688628001,0.8023407
44688638401,0.123789296
44688638402,0.098662324
44689810302,0.34894332
44690139001,0.825851
44690469801,0.75862724
44693121503,0.0016605706
44694034304,0.058095083
44695132901,0.84626085
44696551402,8.201761e-05
44697163401,0.45718202
44697763001,0.04999099
44698367501,0.0016817161
44700446001,0.1286058
44700938001,0.75072193
44700938002,0.006603435
44700938003,0.1335504
44701434901,0.9932856
44701554601,0.8971168
44701554602,0.8973551
44702119503,0.002439285
44702553803,0.024461739
44702621101,0.30355462
44702652802,0.9245336
44703836302,0.11310727
44704224301,0.6543631
44704498803,0.005208005
44707555104,0.0016927328
44708263601,0.0023031097
44708803401,0.9919899
44709216403,0.5987562
44709274601,0.72794604
44709430003,0.041438323
44709488305,0.90292865
44709816702,0.060231388
44709820401,0.98396
44710734905,0.4404987
44711543501,0.613518
44711543504,0.004580045
44712681908,0.07089746
44713258101,0.38608706
44713553504,0.0060059116
44715555001,0.8999709
44717549601,0.95338506
44717549602,0.8141492
44718654702,0.069338605
44718897901,0.032425188
44718897902,0.011136814
44719328701,0.012984396
44719449903,0.00012027465
44719717002,0.1546032
44719717005,0.5704762
44722257801,0.23123007
44723020901,0.9252205
44723094501,0.2643004
44723132704,7.151982e-05
44726048801,0.98280776
44726323304,0.27778667
44726765301,0.94326705
44729155601,4.862406e-05
44729155602,7.420819e-05
44729973001,0.13118824
44732810101,0.12640797
44733814101,0.0017935851
44733814102,0.0050421366
44735038102,0.01696996
44741999901,0.99405694
44742020601,0.9156095
44742396207,0.0010167117
44743060901,0.8276524
44745141201,0.14197488
44748816602,0.0005235399
44750939001,0.5040096
44751113401,0.91962576
44753946801,0.98978806
44753980703,0.013143807
44754436203,0.00051895296
44754436204,0.0005902058
44754492301,0.025157822
44754492302,0.0055603595
44755787501,0.16281047
44757552104,0.046636347
44758338102,0.014724265
44763165502,0.07039509
44764986406,0.001379381
44769727501,0.6972565
44770632701,0.21706973
44772555402,0.058464132
44776342402,0.65571123
44776342403,0.7062157
45143902603,0.013838183
45144079601,0.5823774
45144079602,0.33956173
45144079603,0.0925375
45146621203,0.0012106508
45149328902,0.009195234
45149787407,0.04982443
45156410103,0.4684145
45159641501,0.97511804
45159641503,0.00035675536
45159952801,0.31932068
45159952802,0.63538796
45160697001,0.99863064
45238853802,0.003320347
45238853803,0.0040117037
45240743103,0.015200677
45241706301,0.00081773626
45241706303,0.2501312
45241984301,0.7382699
45241984302,0.25022447
45243899103,0.9990073
45243899105,0.0063722064
45246516203,0.26200065
45248174503,0.0037809461
45248174504,0.0041914545
45251672904,0.016264757
45251797604,1.1241196e-06
45252161101,0.00050157495
45252161102,0.00034077532
45253029406,0.0035752703
45253364001,0.002656705
45263116103,0.0018541611
45263126802,0.06647019
45266583701,0.042788573
45266583702,0.3051334
45268263605,9.4567644e-05
45307990401,0.18872988
45308239401,0.00094267447
45309524703,0.27085534
45310065801,0.7506997
45325995104,0.00033630736
45326020901,0.9954295
45328891907,0.004661411
45328891908,0.009024722
45328952901,0.838168
45425777804,0.00041379192
45436597101,0.42084324
45461038201,0.8124747
45485803202,0.6403633
45491988701,0.9143206
45496183505,0.011259345
45496183506,0.013685365
45651998702,2.8795548e-05
45653678201,0.22319679
45654083401,0.0059426483
45658861001,0.0018110531
45659278901,0.4721682
45659318702,0.06006725
45659345501,0.8951803
45659366401,0.18329675
45660992902,0.0017026111
45661078401,0.63543296
45662158601,0.1654032
45662172001,0.14390562
45804844402,0.009606354
45805764701,0.76106447
45809116902,0.00012727242
45809366901,0.14969832
45812493801,0.008900647
45812493802,0.008238275
45827563301,0.0026012557
45827563302,0.0064637
45829078201,0.99395835
46312062701,4.515517e-05
46312063801,0.18594383
46313466001,0.23555164
46316435801,0.083339885
46316622601,0.008394562
46316729001,0.9878115
46317022401,0.96644574
46317022402,0.9951733
46321687201,0.0010326894
46322506701,0.12490336
46322712001,0.5826654
46322712002,0.009560256
46325234001,0.028946057
46328355901,0.06089851
46328355902,0.006845245
46339396705,0.019442594
46345068701,0.3208126
46345711601,0.6228685
46345711603,0.6023422
46345711604,0.68110454
46346554101,0.9938553
46352792201,0.96524775
46352792202,0.17985342
46353550101,0.057923205
46353843201,0.9415402
46356805201,0.20749761
46359550501,0.6247195
46373260502,0.89841664
46373446901,0.5998814
46374251601,0.89981323
46377008201,0.79334134
46380770701,0.08876318
46383669101,0.27558476
46383933501,0.92147124
46388414201,0.928589
46388423001,0.46101177
46392854301,0.958168
46393241101,0.8648342
46396409001,0.3710562
46397544501,0.56743586
46404093701,0.98875797
46404796401,0.96277696
46418100801,0.13296545
46427637101,0.30709684
46427784301,0.39364454
46440584002,0.00014801012
46440790602,0.046803534
46441560101,0.6255157
46442017001,0.9868744
46454776502,0.2488074
46455428302,0.98222995
46455428303,0.4544425
46458300202,0.00022139007
46458427402,0.040732946
46458500501,0.8268433
46458854002,0.00026266382
46458989601,0.34047273
46464121201,0.8397067
46499158703,0.50632745
46502411801,0.0062020766
46535453601,0.2192669
46539308501,0.9949232
46543439101,0.6107539
46544621801,0.85113806
46548765001,0.6765016
46552476903,0.14908558
46557304501,0.39881682
46561682601,0.033158462
46563493603,0.13203354
46564641301,0.99852824
46571187001,0.9615826
46571321001,0.5436611
46571717301,0.62190634
46609661105,0.00040691285
46610192702,0.7935227
46616294301,0.0001802748
46616302301,0.9165213
46668164802,0.9775598
46668903301,0.012451994
46790259802,0.46114033
46790437704,0.21397053
46793405201,0.7967073
46815069102,0.33520168
46815489501,0.29862395
46817615002,0.0018655589
46817819301,0.0025495468
46817859902,0.008316376
46817970501,0.16283609
46818816101,0.28490314
46821607901,0.0051216125
46821607904,0.022800451
46904638701,0.38211188
46910098202,0.8895533
46915009001,0.24953783
46923312302,0.79454017
46926071001,0.16077718
46926071002,0.050205976
46926566701,0.55211097
46936026401,0.018752892
46940092701,0.020239325
46940092702,0.0006083855
46940662901,0.28878403
46944721201,0.833901
46945129701,0.038320035
46945359502,0.70828503
46945511101,0.89276373
46947713801,0.99682534
46950693501,0.022649165
46955444501,0.87102884
46962027101,0.16307192
46962027102,0.029762235
46962869701,0.97216547
46965740001,0.071914054
46965740002,0.010064184
46966750801,0.9100829
46969286201,0.23822603
46969286202,0.0009388995
46969286203,0.0020071678
46981066301,0.933587
46981066302,0.9333716
46981179205,0.00049422664
46981268101,0.8036775
46987211805,0.0020957522
46987681901,0.0022448094
47009736801,0.94961023
47010240101,0.14899315
47014731301,0.76190484
47018266201,0.0021688554
47018266202,0.0011032724
47018874504,0.01874268
47022060603,0.0006927896
47022060604,0.00028407958
47029179501,0.8426734
47029179502,0.987677
47030342001,0.43535477
47032669801,0.7560496
47033668003,0.10891257
51662701404,0.0001075291
51885366801,0.002589987
52010082501,0.61052644
52202662202,0.007955948
65026564501,0.9984289
65026564502,0.98243517
67504743810,0.32714206
67504743812,0.24419677
67791582702,0.21458317
68346032003,5.3906167e-08
68495592002,0.004028056
72413093403,4.0784758e-07
72569488401,0.22031409
73227529802,0.97852784
73450558101,0.99826485
73450558601,0.994616
73548785901,0.9669349
73587245602,0.0010795217
73742523802,0.004861012
73748696402,0.6310217
76661994103,5.1530183e-06
76723579601,0.25865886
80510082205,0.00079032104
80586147301,0.00094778393
84278066801,0.97535974
90392977207,0.019897722
100476507001,0.0058291494
110410011101,0.23926301
110410011102,0.014522048
110477688701,0.0026128134
110677071902,0.99763906
110861508102,0.00025115217
110981975701,0.03017712
110986944601,0.71984804
110986946101,0.8352528
120574527203,0.001960157
120997343501,0.6100447
120997343502,0.012384699
120997348501,0.5799185
120997348502,0.014873148
121059797201,0.030610489
121339554501,0.5423187
121639492401,0.80556804
121900635301,0.9688439
122146990202,0.17224795
122425565905,0.8934145
122455164903,0.076157585
122455164904,0.4077815
123252203301,0.00027848166
123438404601,0.99909735
123438702601,0.99904627
123481032401,0.99791557
123697841106,0.00079997163
131208749307,0.0072962595
131400428901,0.7414121
132249398101,0.00060799834
132249398102,0.0006427246
132249398104,0.0017213501
132249403601,0.0005905415
132249403602,0.00062151236
132590012601,0.7037411
132631597301,0.60978025
133157972501,0.018837938
133157972502,0.6298841
133160550401,0.006807214
133194648601,4.098319e-05
133194648602,6.47389e-05
133194648603,0.00010556677
133194648604,0.00053354446
133194648605,0.00012621758
133197258801,0.98269504
133532313901,0.7786772
133532313902,0.03466212
133585607901,0.041144025
133780551201,0.7749628
133780551202,0.041896243
133780552301,0.7072543
133780552302,0.030113302
134135128901,0.65814424
134344670907,0.0015783586
134688048801,0.9772539
134694259001,0.6036232
135268414601,0.00012680092
135350083301,0.61252993
135440442404,0.00010454682
140596584402,0.19344196
140599763501,0.9307993
141921455701,0.00023385888
142284626901,0.00059684116
142302019405,0.97567016
142346260801,0.99707115
142346260802,0.012319452
142395665402,0.24632415
151008818501,0.7800956
151183433907,0.0033242872
151325824001,0.8426674
151391111402,0.0023732393
151535546601,0.9993894
151838430102,0.0013380658
152922571201,0.98993
152922576201,0.98750675
152997674502,6.400465e-05
153367841801,0.38262495
153367842601,0.4021702
154654972401,0.26625207
154666784102,0.0013268953
154720174701,0.9771698
154731732101,0.0026119715
154731732102,0.030971356
155309950301,0.016684469
155614233407,0.00067734096
156720533204,0.024129087
168830672607,0.0015560089
169108044701,0.00091916474
169142746501,0.0010012668
169142746502,0.0001715951
169142747301,0.0007548862
169142747302,0.00014773854
169196215901,0.15883508
169317488301,0.8623289
169322625201,0.5497874
169704564901,0.001936106
169704566001,0.0010227555
169704566002,0.020561578
169707298701,0.9650331
169868536603,0.0027962625
170129211101,0.55332327
170129211501,0.5535473
170244231301,0.00030365677
170244231302,0.0062790425
170342329301,0.97660375
170630724702,0.59109247
181587036301,0.31849003
192238422901,0.80624676
