astro_id,planet_score
146686601,0.802124
146686602,0.69559515
187132401,0.005832566
187599501,0.8963701
274305901,0.8841498
317876001,0.11586711
317889001,0.004574649
359579601,0.09018539
359698601,0.7594329
360669601,0.8603546
402988901,0.9721329
403061701,0.0038055212
403061702,0.0030164067
446702702,0.09046822
447174701,0.09151743
447673901,0.013805413
487162902,0.907254
487657001,0.8906939
488161201,0.98082983
533697002,0.98582387
575113501,0.2831545
575113503,0.012281557
575563601,0.11493117
575563602,0.3687896
575563603,0.25969642
619318901,0.9157499
619318902,0.6945671
635590404,0.000607651
639837301,0.3829408
703862601,0.9429208
704333601,0.0035597328
704818901,0.30207646
704818902,0.83522266
748441901,0.12126948
748446301,0.062107194
791546903,0.3834356
791560602,0.20569524
880121802,0.9516695
924306901,0.9287373
924772802,0.00063211255
925236802,0.9960806
967723901,0.0030446106
967723902,0.0030363253
967723903,0.009529476
968788801,0.8947165
968788802,0.786602
969292101,0.92053205
1009597401,0.09431207
1052573004,0.0030385572
1053441301,0.01755555
1139437301,0.38511235
1139923501,0.98460937
1139923502,0.97782713
1185668201,0.96265376
1317343201,0.6859371
1317833901,0.0027379193
1358861002,0.53654015
1358887203,0.22938639
1359346304,0.0035447073
1359459601,0.7004476
1359459603,0.8761083
1404892901,0.7353999
1404892902,0.8529819
1405725501,0.29823935
1405740801,0.010282213
1446659202,0.8940751
1447062701,0.29388452
1447567501,0.0035919442
1532995001,0.3880103
1533976301,0.024970712
1534462401,0.71035403
1564162001,0.86653686
1564731001,0.59318024
1580072901,0.9781582
1612399801,0.7722502
1612399802,0.64596206
1623657601,0.399596
1635457001,0.15735182
1636086003,0.0042891246
1643676902,0.0039849407
1658550801,0.67245924
1666082901,0.097102396
1666604501,0.9573582
1711477001,0.9975683
1752487701,0.83401096
1753382302,0.038144942
1797236302,0.72364527
1797258201,0.05850691
1798232703,0.01060471
1798271601,0.39947945
1882728601,0.98475546
1927452702,0.004693875
1927473304,0.71641576
2062751702,0.029947242
2062751703,0.050977346
2062751704,0.044099312
2104670801,0.5259043
2126191108,0.0024203346
2126207403,0.13476412
2135589701,0.9937621
2147845102,0.91256416
2169987801,0.011349007
2169987802,0.009664439
2169987803,0.017036628
2169987804,0.018724792
2199901102,0.0024334705
2208947308,0.008835232
2219374701,0.0031910057
2219719008,0.0011840656
2229403703,3.5787887e-06
2230620701,0.0043297196
2236170001,0.394042
2236170603,0.00072797644
2240212202,0.18440484
2240340401,0.6006248
2240340402,0.7498053
2248758202,0.7162584
2249717702,0.0035711143
2257561501,0.19188802
2269306501,0.9894577
2278714003,0.36727005
2278733401,0.0008317338
2282054001,0.0010273022
2282582301,0.0035213882
2283563801,0.98684806
2288145801,0.03484113
2297574702,0.76536
2298235402,0.005559243
2299118901,0.0043598474
2321110901,0.77986616
2325702201,0.51201236
2331537803,0.00011264557
2331839901,0.51710296
2340085901,0.008592781
2340186605,0.017595153
2349099503,0.20808813
2349156501,0.021183096
2349163301,0.0007480869
2349337001,0.9765777
2369119608,0.00087950495
2381892403,0.00032159805
2381892404,0.0002574232
2382288001,0.70239955
2382633101,0.5540928
2382633102,0.016017668
2413763403,0.01568358
2414654901,0.98721826
2431354801,0.2404765
2431354802,0.38915196
2431354803,0.30310094
2431486803,0.0040280623
2431486804,0.0035332602
2431674302,0.9381352
2431698501,0.07513431
2431698502,0.31323737
2440905701,0.7645446
2456122501,0.0024231293
2456122502,0.19056556
2469352804,0.0021332067
2498578301,0.6595186
2506398602,1.2398087e-05
2506399902,5.231513e-09
2511727304,0.0096464455
2515483101,0.00055319304
2515483102,0.0006335509
2519562303,0.010833427
2543370304,0.46187633
2558658502,0.00022194402
2559088601,0.048272036
2559088602,0.105258
2559934101,0.9593705
2560054501,0.77363366
2572286603,0.0004086074
2573502001,0.9833686
2585953003,0.765804
2587869801,0.23347773
2598839001,0.5968182
2629696301,0.18779004
2630201102,0.043206885
2633388402,0.007888045
2668310702,2.8525186e-05
2670173501,0.9243529
2670932602,0.17712046
2670998901,0.40662226
2711759301,0.9967263
2712677601,0.00092060154
2712677602,0.0005610429
2755211904,0.0010730157
2755686901,0.992161
2755720001,0.0006207205
2755720002,0.00053526636
2795010701,0.0006079697
2795010702,0.0005317406
2813740001,0.01372205
2813962203,0.004917194
2813962204,0.012854652
2845569801,0.8815257
2846479102,0.028879462
2850953202,0.12916048
2852637903,0.04417518
2860940301,0.97491485
2860940302,0.010907342
2884064201,0.0036261093
2884064202,0.68075347
2885271803,0.5302392
2885606601,0.02884213
2898001102,0.0072098053
2931001401,0.0019152584
2973159301,0.47097743
2973919907,8.8625224e-05
2978129201,0.6922367
2978129202,0.9995332
2982926503,0.006775198
2983350401,0.18782593
2983448601,0.012579547
2998401401,0.93902785
2998413101,0.3633377
2998413102,0.033818297
2998680801,0.94264287
3003143901,0.20412758
3014114101,0.77304095
3014130801,0.017222356
3014155401,0.17407784
3014626201,0.9851362
3014666201,0.0010134063
3018949201,0.002952694
3018949202,0.0019707482
3019337302,0.06862018
3026816802,0.965123
3031174902,0.6673636
3031368202,0.025113668
3031428201,0.77327245
3046805201,0.4294934
3046945402,0.00022555407
3053489302,0.05672701
3055760803,0.00065333396
3058004502,0.5065431
3058007201,0.8802295
3063992801,0.16958365
3071881101,0.4268404
3071881103,0.12208778
3071881104,0.21358414
3102001301,0.49127874
3103558401,0.9918601
3103575802,0.87635154
3110540201,0.5001046
3110540202,0.22629222
3110603901,0.47688302
3111950501,0.0012524131
3119795201,0.9195867
3120236902,2.2746624e-05
3132119001,0.9821232
3132142001,0.67011535
3133342702,0.007966552
3140936101,0.024295483
3141154101,0.0
3141154102,0.92738867
3142064902,0.08089159
3157252801,0.2098552
3167063202,0.06910158
3175297102,0.0014432471
3176004601,0.9037753
3179612006,0.18342447
3179929603,0.026035663
3179929604,0.21277794
3185258505,0.36287516
3185298001,0.9965024
3185298002,0.9966144
3187201101,0.35002208
3194381902,0.9494874
3194575303,1.1453612e-07
3203463001,0.26696077
3203463003,0.5936237
3213709901,0.007827531
3222460802,0.014425777
3231889301,0.720801
3232159104,0.005818159
3232441901,0.99308807
3234812501,0.019924184
3245705601,0.037376624
3246227701,0.41927466
3256908001,0.013048829
3268340304,0.0012622525
3268340307,0.073656425
3269099802,0.00038376596
3269552901,0.003770973
3269552902,0.9834939
3269953802,0.00040590466
3276522401,0.6936409
3276533002,0.018431058
3276533004,0.6032325
3280637501,0.78921765
3280637502,0.327554
3307649701,0.19028525
3318030301,0.09697277
3318466001,0.79926145
3318512401,0.0060989666
3334199001,0.9834778
3335085001,0.003629494
3335085002,0.20384553
3353118201,0.99551374
3362798301,0.9787048
3363285304,0.70476
3364330102,0.008581943
3370676108,0.14368473
3371460301,0.30861926
3373201704,0.015478618
3377092703,0.04996085
3383635903,0.2836288
3384068301,0.92147136
3390475201,0.66310924
3390701001,0.8910014
3391691903,0.0007595813
3392745901,0.89919037
3393136902,0.00011176142
3393383702,0.19527178
3399912401,0.18764877
3400905505,0.7522614
3411844501,0.3826994
3417332101,0.0045128055
3417332102,0.014022448
3424745501,0.07634142
3434489003,0.002151111
3434489004,0.0011278355
3434489005,0.9729858
3434667601,0.07712314
3441905501,0.028163536
3441973601,0.070838906
3441973602,0.22223876
3442555603,0.009286097
3442733801,0.8623821
3447794201,0.24659355
3448817501,0.06470071
3448817502,0.005589883
3448820401,0.45919022
3453778701,0.9352334
3467188601,0.8411366
3488902701,0.8646768
3489887102,0.025541296
3492120601,0.8744628
3492623801,0.3963945
3505074004,0.648351
3515144901,0.0067412406
3515201401,0.981294
3515201403,0.27074116
3515201404,0.86533314
3528137002,0.114982665
3531535801,0.9902248
3531545301,0.9910823
3531545302,0.32629448
3539425602,0.014859531
3561454202,0.0044297036
3561454203,0.003466091
3563221601,0.41520786
3573729201,0.81099683
3577053401,0.0018659179
3577053402,0.29652953
3577053403,0.0028235065
3577105201,0.086240076
3587746301,0.0026667386
3587746302,0.0031400141
3599902601,0.07720583
3599902602,0.12104792
3627371304,0.6502504
3659498501,0.94382215
3659548101,0.7063455
3666336101,0.98879516
3666450101,0.75284225
3666450106,0.18652417
3676842402,0.97572404
3677387808,0.044026628
3692332901,0.7791182
3692332902,0.06830353
3704799301,0.96681356
3705786301,0.034607526
3706298501,0.48708403
3706298502,0.013203069
3719507701,0.9917054
3785931001,0.33093727
3789267501,0.795934
3823037501,0.9465495
3823424101,0.97024006
3831648301,2.3339833e-05
3831648302,1.8122644e-05
3831650501,0.75203925
3831669101,5.412239e-05
3831669102,7.084371e-05
3832537201,0.004366135
3832537202,0.0014231234
3832537204,0.8562428
3836271401,0.017486202
3842383401,0.9955752
3848340502,0.019343399
3848340503,0.041835293
3857102001,0.99539715
3857190802,0.12632217
3860367301,0.94213057
3871032102,0.27117667
3872898902,0.6656263
3872898904,0.91972524
3874032101,0.8259922
3874509601,0.059268158
3875475301,0.5591537
3875475302,0.6610755
3899057102,0.95580125
3947803802,0.047004294
3960490901,0.9869444
3960825001,0.20879073
3964510301,0.04340098
3964510302,0.98944724
3964580201,0.8007366
3964596201,0.0010414831
3964596202,0.0012895714
3964596203,0.007246358
3964598901,0.00082128297
3964598902,0.0016060813
3964598903,0.005390213
3964599101,0.0037990182
3964599102,0.018644325
3964599103,0.0054959315
3964866401,0.0005570658
3964866402,8.6729415e-05
3964866403,2.4634805e-05
3965453201,0.0003490137
3965453202,0.0023683724
3965453203,0.00057285075
3965926901,0.00052352436
3965926902,0.009854995
3965926903,0.0013980845
3985732201,0.084468044
3985850701,0.9946808
4002980201,0.063249074
4002980202,0.015774436
4006122601,0.9332548
4007664701,0.016195847
4007664702,0.008240175
4015435201,0.8959581
4024771902,0.801051
4049614402,0.076149695
4049614403,0.20076016
4049639801,0.0016716669
4053529007,0.00044953107
4053530302,0.117354505
4054021301,0.78817034
4054091401,0.4080504
4054569402,0.8104658
4071509102,0.27172735
4071736501,0.9669818
4071736502,0.68127483
4074927402,0.9871076
4079750401,0.0023893043
4079750402,0.90014666
4079755502,0.17249751
4087813603,0.82121295
4090461902,0.012176691
4092452401,0.99387676
4092541804,0.0046309833
4097449901,0.06187688
4097584204,0.002888651
4097584205,0.0012125308
4097584207,0.0019320801
4101147101,0.21215317
4103172102,0.0014263852
4103282404,8.841929e-05
4123125201,0.01981003
4123917001,0.432844
4124707301,0.7136119
4133885201,0.059421048
4135932601,0.07078815
4138586402,0.0045691202
4150732601,0.22232972
4150874601,0.99535817
4159045304,0.007051737
4162249605,0.0067348103
4162577901,0.8206158
4163071201,0.00018238234
4163071202,0.0061515057
4194266004,0.0594402
4195029201,0.69840825
4203595801,0.8318483
4204477601,0.010259288
4204477602,0.009476894
4214979601,0.8075299
4221337001,0.005042019
4221337004,0.017567677
4242423301,0.0002268354
4242423302,0.00020704138
4242492204,0.00063361326
4252370002,0.024545187
4265744501,0.9877873
4265744601,0.99135625
4266274701,0.71531564
4267727901,0.79264337
4268151601,0.971502
4268548501,0.026228165
4276855001,0.7998028
4277788301,0.4032747
4277788302,0.027841404
4317398502,0.21337365
4317398504,0.05692668
4318622401,0.8813512
4351491201,0.020360636
4351491203,0.0013034279
4351502401,0.8682385
4351502402,0.89725244
4351985201,0.008176955
4354192602,0.029873598
4369702502,0.059023995
4392689601,0.04455863
4392689602,0.23644222
4392938201,0.5642805
4397781501,0.9214554
4397827401,0.14248437
4420128402,0.058540933
4432802502,0.032197855
4439556002,0.47234792
4440082102,0.9006994
4447659308,0.004114209
4448257801,0.18024349
4448257802,0.022714635
4448257803,0.024260128
4459765301,0.42394942
4471851601,0.028035443
4472600001,0.9597395
4480103301,0.9966008
4483827501,0.88227695
4526160001,0.99011856
4526160002,0.94000673
4526169201,0.9164808
4526646101,0.08761975
4527133503,0.43912163
4534806301,0.002283251
4570121102,0.7115406
4570163001,0.040365476
4614313301,0.10060484
4652070001,0.108823046
4654144401,0.40485632
4654993101,0.15482661
4665897205,0.6772039
4666292102,0.048937406
4714868201,9.532681e-05
4715124501,0.05528434
4715124502,0.6426919
4740221401,0.92961484
4740233701,0.97417974
4740749901,0.37245122
4741205501,0.9885982
4741205502,0.97011536
4741205701,0.23597695
4741205702,0.13673621
4828220101,0.94187945
4828220103,0.21122402
4828273601,0.91542685
4829203002,0.003264227
4870279902,0.007970617
4870344602,0.0013700025
4871280601,0.41678485
4897900502,0.000448065
4905823102,0.00026942088
4905823103,0.00025806145
4905977201,0.15911326
4912648805,0.56157076
4912648806,0.14251715
4913506001,0.5127617
4913793601,0.38261512
4921874606,0.06598443
4929679601,0.00086281466
4929679602,0.000794384
4939022301,0.964921
4939990902,0.04827166
4953460001,0.00038962354
4953460002,0.0005174173
4954065603,0.0024734726
4954066306,0.08494694
4954140202,0.0011782644
4957545301,0.9574017
5001067201,0.23798771
5001068901,0.06463313
5001102201,0.0775228
5001765202,0.92224616
5030995301,0.7401144
5030995302,0.94998854
5037787401,0.351433
5042097601,0.9025761
5085962001,0.05656594
5085962003,0.036304835
5128835901,0.22670907
5171914801,0.22999394
5257763902,0.0009916584
5344625701,0.004837537
5431124201,0.014230915
5432059804,0.017030988
5502166501,0.8525592
5502186202,0.002524136
5515505102,0.039363585
5516463201,0.027825093
5516463202,0.124915384
5518119901,0.18386309
5527110401,0.6998194
5527226202,0.9886663
5545249501,0.8366041
5545250301,0.056244597
5545426902,0.96974283
5545507402,0.033448655
5547289901,0.9549427
5547289902,0.49697477
5547432903,0.020567846
5549728103,8.4729494e-05
5562237201,0.8292347
5565278504,0.036350686
5570770602,0.0059832633
5574626201,0.9350534
5575808301,0.971301
5575899202,1.8746954e-27
5584894004,0.015207575
5591586001,0.6710706
5593112503,0.0017578331
5600446501,0.9437072
5626985801,0.08784002
5627065601,0.007276062
5627482401,0.0016470341
5634727201,0.9458058
5643788502,0.62441283
5643825301,0.9066007
5649444901,0.21201879
5659416702,0.0007316882
5659617704,0.004498408
5661352407,0.0102547
5670177604,0.28547427
5673306902,0.5085167
5677316201,0.16424027
5686364903,0.10176642
5686364905,0.023462659
5686448101,0.0034991694
5686939601,0.3186387
5686939602,0.010262695
5692699102,6.492925e-05
5701501301,0.3466693
5701501302,0.09263159
5701929301,0.016062453
5709587101,0.4803878
5711132401,0.3358748
5711205901,0.98449254
5712239104,0.02149774
5721670401,0.003543615
5721670402,0.004861788
5723846602,0.006851492
5724783701,0.7896511
5727492901,0.30439368
5738102001,0.8620209
5741840401,0.00065966364
5741840402,0.0006802806
5741840403,0.0011845783
5741840404,0.00074215553
5754904201,0.9717854
5769526201,0.062012732
5774550401,0.80881447
5777786802,0.9633636
5784683004,0.5574795
5784944902,0.7274244
5800167503,0.8881582
5800281702,0.7446596
5805734802,0.004084165
5806463601,0.21557978
5813672601,0.038373526
5813672602,0.0077785044
5814217001,0.7617047
5814217002,0.21649176
5815915803,0.00038745563
5815915804,0.00042636687
5825911002,0.89997816
5837485301,0.052438185
5837485302,0.010747186
5837485303,0.19756505
5852494403,0.654886
5857455101,0.002211696
5865628302,0.04723934
5865628303,0.12851676
5865628304,0.6233465
5866378902,0.48354587
5876996601,0.8988567
5887774601,0.44527552
5887988502,0.9383535
5888902201,0.835472
5897340001,0.38440838
5905570003,0.72367644
5906064602,0.0007202819
5906076703,7.629047e-06
5907142001,0.74687064
5941366101,0.9717386
5943297001,0.98355776
5944023101,0.9482535
5944023102,0.14300393
5944753601,0.6130614
5955473401,0.81072795
5955473402,0.55753434
5956030402,1.8022523e-05
5956983603,0.0017709417
5965996401,0.23696165
5965996402,0.14352672
5966774301,0.018747741
5970269802,0.002735842
5978675402,0.8601996
5979358401,0.56069446
5982349401,0.106358565
5991614302,0.001210666
5997905301,0.6627073
5998056201,0.81833786
6007267401,0.77269864
6008380201,0.34161216
6008963601,0.730858
6008963602,0.21668914
6008963603,0.2941791
6015938604,0.0033293276
6016002901,0.0003646081
6016002902,0.00015379884
6016700601,0.8113016
6016802201,0.008399432
6026872001,0.25496536
6027718501,0.5814869
6028377003,0.2631319
6030946801,0.56931436
6035637701,0.7164018
6036742901,0.00042142102
6036869001,0.010360395
6042874501,0.79800934
6043004303,0.0013054842
6043004304,0.0029810476
6043375501,0.00022685579
6043375502,0.00048741009
6043909904,0.008119819
6046288601,0.12611824
6053017901,0.0073758364
6053541501,0.0060200775
6053818401,0.993926
6062971701,0.009522563
6069763601,0.9246289
6074889101,0.021800628
6082305101,0.018653918
6089059903,0.00090513646
6089158202,0.043493703
6119174502,0.053534493
6144129701,0.44068328
6154771403,0.15965182
6154771404,0.16299865
6155090501,0.0014312603
6165397403,0.018091345
6165653403,0.0068035433
6165653405,0.022942854
6178654902,0.078700386
6180657801,0.6542282
6180805201,0.8038956
6180805202,0.3789471
6192574301,0.004805894
6192574302,0.0011963119
6215724701,0.992246
6217415803,0.3435665
6228904502,0.53968495
6241089002,0.021229867
6241093102,0.82832944
6241590201,0.44007432
6242032601,0.05139564
6253595402,6.103339e-05
6253595403,0.0015395117
6253971902,0.0026766197
6254246401,0.07882895
6254246402,0.011555484
6261133301,0.98070395
6261323802,0.009133912
6265521202,0.03058384
6272611201,0.84550756
6272665702,0.70314866
6279045202,0.910833
6280378905,0.022166174
6280674301,0.92726564
6280856501,0.40412405
6288299303,0.0030654592
6288299304,0.0024803854
6291912801,0.00079245766
6299101801,0.084473856
6302337203,0.74828327
6302404701,0.9057581
6308923801,0.16557543
6309331503,0.00037892378
6309331505,0.00019987278
6313590502,0.6513589
6313914303,0.91025805
6318435402,0.31759316
6318435404,0.5103002
6324683401,0.98245114
6326181102,0.8927143
6327267202,0.00024701416
6332963401,0.3307497
6340819502,0.87412536
6341634501,0.6659876
6351354601,0.0007156744
6352203501,0.00012643042
6352203502,0.0006135474
6352379501,0.6070724
6359069701,0.025617741
6359214001,0.003769458
6361511001,0.019241871
6361919203,0.8636393
6368632901,0.3701121
6368776201,0.3228748
6376477803,0.010748107
6376804901,0.014367718
6376807501,0.005983817
6376807502,0.029630937
6387572703,0.0009579405
6387572704,0.0012209243
6387866702,0.094461665
6387966304,0.48727122
6399136702,0.0012341206
6399459503,0.021348739
6412380401,0.50315654
6424210504,0.060436264
6434460401,0.37769124
6435212501,0.14289112
6435212502,0.22763357
6485866101,0.0012966312
6485866102,0.0017526571
6485866103,0.00042161992
6485866104,0.006970853
6485866105,0.01079362
6485866106,0.008065401
6525380401,0.922878
6538582002,0.12710652
6586048304,0.0011476751
7375361601,0.49840435
7375607502,0.1699962
7392507002,0.005209442
7392507002,0.005212055
7427155401,0.0023648823
7427155407,0.9003161
7434621201,0.030209411
7434621201,0.030209411
7434621202,0.0005146712
7434621202,0.0005146712
7443700003,0.008366051
7451108101,0.0027092586
7451922401,0.004461643
7459694901,0.12890385
7459694902,0.016882919
7482930601,0.032955606
7507619201,0.41915148
7516057103,0.010452436
7522371801,0.93980855
7530608901,0.07139277
7530702201,0.379833
7538565803,0.010964829
7538725301,0.6595334
7538917601,0.18993454
7539189001,0.63145506
7546329201,0.6827044
7561012505,0.006602642
7568374001,0.9887621
7568374001,0.9893183
7575508203,0.014084967
7575571607,8.606348e-05
7591712304,0.2543396
7600180003,0.6102243
7605870901,0.21413624
7606518401,0.7879101
7606562302,0.58638567
7606612701,0.7039419
7606666902,0.5441066
7617356301,0.052111488
7631539701,0.98093075
7631618801,0.17573959
7631618802,0.023249565
7638650802,0.4664154
7639159901,0.19353087
7639303301,0.89548814
7639303302,0.8738301
7644614602,0.0138416
7644614603,0.018128915
7644614604,0.028101208
7661644001,0.68088585
7675873301,0.557207
7675873303,0.00473724
7676218301,0.4032141
7676567601,0.04534023
7689270401,0.21078831
7689270402,0.8368759
7792450201,0.97505254
7824594601,0.98332095
7837460901,0.019525958
7875409802,0.021497805
7875903801,0.14858559
7912466701,0.0049115256
7912507701,0.9852241
7912545601,0.039667387
7913292301,0.0030035542
7926475902,0.34614044
7960579101,0.9997595
7971252002,0.18940143
7982089001,0.6674611
8004746701,0.5442454
8004867004,0.9890893
8324325901,0.89254177
8359092201,0.87978286
8382728801,0.922303
8391827801,0.9631768
8463689001,0.039199907
8464525501,0.98961884
8474543001,0.9275683
8474787203,0.99155957
8475697403,8.218533e-05
8475836301,0.0014937785
8500576401,0.021055197
8501067001,0.6107445
8512562301,0.78263944
8535969701,0.577293
8535969702,0.8739977
8536160701,0.7867625
8557710801,0.34423882
8563941501,0.0054503563
8564200602,4.6546204e-05
8564269102,0.00043952066
8576045202,2.661302e-05
8585618401,0.20952758
8585618402,0.56689006
8592489001,0.84965295
8602080602,0.0031590927
8603125301,0.0003578908
8625205701,0.32750785
8625205702,0.79535913
8625492902,0.0007631764
8632462302,0.03965496
8633423501,0.9891235
8633435102,0.69786197
8651144702,0.0007343352
8652128901,0.9461451
8663328001,0.17135327
8688852701,0.09950284
8688852702,0.007410316
8705532001,0.19283041
8705793603,0.5559079
8705793605,0.6875533
8716784101,0.13639468
8716784103,0.2999863
8726694203,0.012040318
8733387901,0.9368567
8754358902,0.1789626
8778408101,0.38929632
8788823901,0.7736712
8789967903,0.0006249212
8823309601,0.80180347
8833986501,0.79700154
8851497101,0.4736636
8851956101,0.16966745
8852008701,0.024883475
8852189402,0.031058285
8861191602,0.0006475799
8881178201,0.9976255
8898627501,0.64993083
8898627502,0.75739
8905393404,0.5034517
8905697201,0.006108089
8905697202,0.0014273914
8913706803,0.0007022064
8914097501,0.29405415
8924303201,0.9949287
8924303202,0.7611459
8925222504,0.0772203
8925357001,0.055240568
8930756502,0.011405796
8931838602,0.2245868
8941135101,0.868049
8942065601,0.015486939
8956699101,0.6658172
8957784501,0.12393054
8957784502,0.012973223
8965832101,0.9586915
8974209201,0.8982245
8980662303,0.00093082874
8981040401,0.004028292
8981040402,0.00089278497
8991306903,0.00023530604
8996784601,0.9171799
8997116301,0.32079443
9008303701,0.9846667
9008303702,0.09421914
9016544001,0.83728576
9022828902,0.11279062
9022853401,0.0474238
9022878501,0.78235865
9022890901,0.03176784
9023643801,0.8828067
9041772101,0.9622721
9042252402,0.3453961
9048609101,0.19098574
9049168001,0.14056635
9065882101,0.30147743
9066105801,0.031173788
9066127701,0.40015888
9066386302,0.38430843
9071694402,0.53397703
9073074701,0.001165423
9081432501,0.8539706
9081838502,0.87565094
9099943601,0.98083454
9100943301,0.29137978
9107170701,0.2981138
9107893601,0.60886735
9114721801,0.97436756
9124466901,0.974243
9131653602,0.052384943
9131653604,0.12497713
9132419502,0.19899838
9141025802,0.045970615
9141026002,0.013124677
9141422303,0.00031088616
9475348801,0.81899184
9475628901,0.571343
9509231003,0.015412956
9517431301,0.73137516
9518324401,0.0073154983
9570260101,0.0014447027
9571788104,0.14382033
9572072601,0.9812308
9580433902,0.30487114
9580511005,0.10401116
9581394501,0.008408543
9584949203,0.005729219
9603923601,0.99157035
9647563801,0.9978623
9654057203,0.17792761
9681050603,0.0024793753
9681868001,0.211655
9688924805,0.107369415
9708044101,0.4283849
9708421301,0.41801003
9710542301,0.0015735335
9710542302,0.030571423
9729263202,0.08364108
9729640903,0.00050047477
9769165301,0.9494767
9776252401,0.0003936182
9776699301,0.85890913
9788835703,0.80867225
9790248301,0.9556224
9799135801,0.8838393
9831842503,0.004380183
9831864401,0.042288635
10019081801,0.83710164
10019140201,0.5072587
10030598401,1.6991164e-05
10030598402,1.3676814e-05
10031003601,0.0044416366
10056971004,0.04449156
10057104001,0.78726023
10057104002,0.41072306
10058843802,0.89435804
10058843804,0.014004904
10068997301,0.0146013545
10069995501,0.9729233
10094739503,0.9632189
10094763201,0.0017071425
10094797703,0.0016962556
10095808402,0.02656454
10095843301,0.6006736
10096215701,0.0074757766
10096417101,0.30045673
10108020001,0.43000323
10108283401,0.0010840963
10119610201,0.00467167
10119610202,0.0019098619
10132909501,0.004315412
10148655101,0.41969424
10161078302,0.9724549
10161080704,0.98434144
10186375301,0.108021505
10186596501,0.36617205
10199039201,0.97731453
10212986001,0.009302023
10224618801,0.87764984
10224618802,0.49347293
10224901702,0.47669882
10263813202,0.5200573
10264287001,0.00030622949
10264316301,0.000497793
10264348201,0.0040302607
10274366302,6.02275e-05
10314524801,0.057191376
10325796706,0.016800307
10353132902,8.8719046e-11
10364895801,0.9585912
10376367904,0.2079852
10376397901,0.005434977
10390531901,0.30846855
10413925202,0.0035187996
10427433001,0.92951894
10441934105,0.0010290036
10479034102,0.8083648
10480383401,0.10332287
10480383402,0.19605042
10493181301,0.9686189
10518842403,0.9395679
10519098404,0.7780169
10529676301,0.003056125
10529676302,0.049665734
10568487504,0.9928324
10837497602,0.0055733654
10837842705,0.0017729601
10859048002,0.70652956
10884591901,0.8580043
10886092801,0.012738741
10886419901,0.000814876
10886419902,0.0010552482
10898348201,0.8893301
10898348202,0.99517906
10937635604,0.00022081679
10938015501,0.08238941
10938019301,0.059180297
10949837601,0.79831123
10950331601,0.8722413
10963396401,0.9555342
10987510902,0.106131196
11001893001,0.033621125
11035433901,0.113887385
11054170402,0.30725366
11061602801,0.0003574776
11062190401,0.74467695
11062805303,0.5178454
11062805304,0.50677055
11075892603,0.002385041
11087920102,0.033456225
11102317801,0.9869472
11102719501,0.2777974
11126632602,0.25536937
11140384101,0.98139566
11144934701,0.02725851
11144934702,0.008988739
11150781601,0.6824521
11157210001,0.8406966
11162241502,0.0339755
11172093002,0.00073412573
11172279402,0.054857012
11172279403,0.20808376
11175985301,0.61770236
11176276901,0.08683533
11177023101,0.22263089
11177053903,0.93821245
11184523001,0.63013476
11188722501,0.81660587
11188877204,0.011649313
11188897502,0.003748097
11196832301,0.7460457
11208954303,0.0009899797
11221303101,0.7882833
11226066102,0.26812094
11226298602,0.14567018
11237798102,0.017117348
11257430701,0.025556935
11257592301,0.7696536
11257820204,0.07386965
11257820206,0.06077991
11258650602,0.00018630791
11278457201,0.80582297
11289868301,0.53420013
11289874802,0.62144595
11316068701,0.08681172
11316097901,0.95423996
11326728502,0.006353241
11326728503,0.000689021
11339655703,0.73309356
11341112002,0.61346626
11351159103,0.07352185
11376871801,0.9915802
11376871802,0.8099516
11390038802,0.46584255
11413054201,0.00023787304
11413054202,0.00039170875
11413963201,0.9964858
11413963202,0.034677684
11426827002,0.47111455
11793527401,0.14241585
11801117801,0.5198971
11801536001,0.33019483
11801607802,0.14764342
11805993502,0.007206649
11813989304,0.13111974
11813989305,0.1400009
11813989306,0.06689903
11814710701,0.00048043297
11819609403,0.0003166193
11819664401,0.62289506
11819664404,0.27467385
11819770903,0.000525452
11819824801,0.11880308
11820008001,0.0016301342
11828042701,0.8559334
11832157008,0.00065122737
11832289607,0.81031346
11843969002,0.00019744395
11853010701,0.42916718
11866683301,0.95289487
11879817401,0.3974804
11892274901,0.49856213
11898109002,0.019393863
11904677202,0.044636272
11921955101,0.695592
11922271301,0.05808219
11922514501,0.22521564
11933439101,0.98022586
11938562501,0.42587578
11938810101,0.8877353
11950168708,0.06936417
11950621401,0.57482684
11956086701,0.93738127
11962420701,0.007510863
11967724601,0.7614605
11987903601,0.70749855
11997553101,0.9190971
11998011201,0.9923652
11998113401,0.74359584
12027622801,0.6341851
12028115501,0.7320806
12034182301,0.7323609
12039326410,0.0071712756
12039326411,0.0034742674
12039326407,0.006833239
12039326408,0.0037289746
12039326409,0.009632403
12039513701,0.021114511
12039513702,0.015159959
12039720501,0.55179566
12039721702,0.03341847
12040021401,0.16176006
12061103001,0.9136078
12061103002,0.34593302
12081715301,0.017446226
12081715302,0.73173267
12093407101,0.007174453
12093761601,0.05337465
12094161401,0.98293865
12113719101,0.061056066
12145433301,0.11492926
12158637201,0.7895547
12167517401,0.992564
12200275401,0.8120551
12200597701,0.082336314
12200666501,0.9887917
12220988502,0.5285184
12242476801,0.004337828
12243213301,0.86498475
12253794801,0.9605452
12264264401,0.9958554
12285400501,0.9451533
12317287902,0.093464404
12339813301,0.9164182
12350845102,0.0073139244
12381617802,0.010557169
12390795801,0.52922213
12390866501,0.9181817
12391973001,0.0010118282
12426094001,0.81460166
12426405501,0.78138965
12426405502,0.9447216
12426436303,2.9727955e-05
12458398501,0.78953326
12459356401,0.8932147
12459356402,0.8224494
12479663401,0.7654553
12489976901,0.9873777
12510041603,8.554812e-07
12510943101,0.9296992
12522039801,0.417012
12522220604,0.17009634
12522220605,0.0063105198
12522821001,0.9035095
12533032001,0.072205216
12533039501,0.80041856
12546033301,0.00028120287
12553900602,0.00042540376
12553900604,0.004670996
12553921701,0.002743126
12565600201,0.24145232
12565956701,0.3268879
12565956702,0.021499656
12576085101,0.004500245
12596876401,0.032756265
12606428601,0.98274374
12606499301,0.34352958
12607327902,0.0023155054
12607799201,0.71525663
12607810001,0.7994286
12630682801,0.4389119
12639315001,0.9150553
12656178701,0.7566915
14059590301,0.08035006
14068744601,0.0012679867
14079745901,0.00063477823
14093858001,0.9718247
14094049302,0.00019840684
14128126001,0.22819373
14128126002,0.7721178
14133479301,0.010025211
14141282301,0.9894349
14143575801,4.175914e-06
14147252101,0.0072172335
14148039401,0.18612382
14148238601,0.8600098
14148498103,0.00033829146
14171216701,0.9606261
14175278701,0.48367876
14175577002,0.00020235217
14177059201,0.7422737
14180659802,0.0017104561
14181146904,0.011842117
14182800702,0.0005640966
14186670401,0.00015199867
14186670402,0.001015116
14187156903,5.9391277e-05
14208293201,0.005075189
14210530801,0.012781915
14210918504,0.086250395
14214784903,0.0045608627
14214784904,0.0064598373
14214822801,0.8597828
14214871202,0.619263
14785851101,0.9583685
14787355302,0.011915218
14884825503,0.00038115724
14910260201,0.2701497
14910260202,0.10797487
14917608001,0.47874588
14917608002,0.42747217
14917608003,0.5504748
14919080201,0.011102485
14919514302,0.2144176
14922069301,0.2052493
14927061301,0.15304103
14927436702,0.06958582
14930274401,0.99546474
14930274402,0.9968971
14930817504,0.0008624232
14934986701,0.9978089
14934986702,0.9985734
14934986703,0.87173206
14939257402,0.43133137
14944716001,2.0101113e-35
14944716002,0.026150422
14949842501,0.00015822842
14949842502,0.00016949736
14987370902,0.05354116
14993094602,9.6615826e-05
15003020501,0.99927586
15003020502,0.9978041
15009886001,0.9983145
15010147201,0.43908426
15015126201,0.99700624
15015126202,0.99447685
15020394201,0.03605648
15030038803,0.0029096026
15032061002,1.2104589e-05
15042980702,0.0067405384
15044304601,0.06410901
15051620201,0.98641557
15052358402,0.009515765
15063635601,0.01191511
15063635602,0.07989478
15071886401,0.071490645
15086376801,0.67421186
15088003801,0.7219238
15104739403,0.028182874
15105371901,0.57035524
15118385001,0.0033046575
15118864503,0.23084623
15120148501,0.5629499
15129820905,0.009020234
15138784001,0.5823606
15138832401,0.003614943
15138832402,0.008967873
15153447503,8.70416e-06
15160209601,0.07633926
15169357402,0.00033961117
15170787001,0.5472036
15212279301,0.009260096
15212279302,0.0002738978
15226473702,0.9938851
15235037301,0.6025901
15235037302,0.036799747
15245720301,0.35155267
15254053806,0.0005945058
15254053807,0.0002239347
15254317001,0.9459741
15254700601,0.0025868607
15262595501,0.8515225
15266038501,0.24559253
15289652401,0.0719904
15289903601,0.19933935
15290875301,0.0018926301
15290875302,0.0024632178
15290889701,0.00011050348
15290889702,0.00072253146
15290889703,0.00068551744
15301725001,0.91692924
15345478201,0.8305861
15366956901,0.3803242
15419006804,0.000759396
15419966501,0.5148283
15437834606,3.1216783e-05
15439316701,0.9726121
15439316702,0.64757806
15439658101,0.0007149767
15439658102,0.0005037574
15439674601,0.0017508711
15439674602,0.0011433333
15451417007,1.6104706e-05
15452472302,0.0084761
15518488001,0.5810303
15518514202,0.055411242
15518514205,0.60765153
15518987401,0.8526195
15528599301,0.0025133924
15528599303,0.034962203
15528612101,0.048420526
15538521202,0.007688029
15551479802,0.0017129795
15562018704,0.8473194
15562018706,0.13875733
15622784802,0.004393314
15622784804,0.05782516
15622784805,0.9584301
15622784809,0.97348386
15623636104,0.034979247
15632989001,0.034886897
15665276702,0.10210827
15666885101,0.8675066
15677513102,0.59205014
15706981801,0.008019431
15706981802,0.0017510373
15719104502,0.027429407
15806322501,0.7185725
15806322502,0.69172037
15809911601,0.09780459
15809958001,0.79608977
15814195101,0.9777388
15814195102,0.2075158
15815687801,0.71624917
15815893201,0.4037922
15815939202,0.0018096865
15815989102,0.09314114
15860720701,0.3450255
15860722801,0.1691445
15860741901,0.016104415
15878178402,0.09179899
15878178403,0.7674529
15912169301,0.5733356
15924871502,0.97185296
15947215603,0.00023729983
15947227802,0.8303778
15948113801,0.28150803
15948113802,0.55581594
15948113803,0.6152121
15956590202,0.6085029
15969873701,0.92106384
15980342101,0.0040843375
15980342102,0.0016384051
16013434801,0.9939353
16036773402,0.08207506
16036773403,0.4422241
16066016301,0.5612318
16066515901,0.901423
16066526601,0.18311536
16068880901,0.43945816
16084755501,0.81705076
16091601404,0.043202177
16099102201,0.8161297
16099102202,0.88846827
16099304901,0.0008007539
16103732001,0.8692827
16108228801,0.062525325
16108228802,0.0018441717
16108592104,0.002013055
16111060101,0.4438324
16125373001,0.9289254
16126004401,0.79385847
16134286001,0.99641454
16134286002,0.9797595
16143602901,0.005859991
16154166701,0.12130132
16154930501,0.99470335
16155008801,0.0014218646
16176108901,0.6746089
16176124703,0.42845848
16198132604,0.00096520095
16198826901,0.0062499912
16210735001,0.0009074871
16241062701,0.01661177
16242925701,0.4161755
16253832601,0.81866145
16255155401,0.19685677
16265142702,0.45084134
16266588403,0.3834443
16338814401,0.0008218048
16340585502,0.0022313588
16355726201,0.7997053
16356506601,0.70092624
16356506602,0.04521185
16377210001,0.00017519953
16377210002,0.0054045934
16398864501,0.11821251
16696934602,4.1859843e-05
16700979201,0.72331864
16708620102,5.7512185e-05
16730338202,0.99600714
16730403801,0.0004147278
16730403802,0.00032005296
16734243901,0.98709005
16734313302,0.1995215
16736542802,7.411852e-05
16741596501,0.9972253
16741596502,0.982958
16741889801,0.9882951
16752648502,0.88984823
16755489801,0.9968839
16755489804,0.03017025
16757013101,0.9509621
16757013102,0.00023405525
16757013103,0.24204475
16757119203,0.029264668
16760273802,0.0001584163
16760273803,0.00015704839
16760421701,0.10294276
16769439701,0.0046248576
16769572902,0.091175
16771839802,0.06764348
16775073201,0.8586963
16775131902,0.001592322
16775452301,0.53330606
16779396102,0.008393999
16781194601,0.050604887
16781194602,0.01336476
16995573401,0.00032863225
16995573402,0.00025538023
17004831601,0.7584268
17023867602,0.002840849
17024094203,0.038481142
17025467504,0.0011995615
17032889101,0.021075584
17032889102,0.0034688252
17033096503,0.019981658
17033757001,0.0062948405
17033757002,0.01438212
17033757003,0.31986037
17033757004,0.43996626
17034101102,0.30460262
17042211401,0.9418771
17043049702,0.03340616
17050929001,0.004592405
17069188506,0.003028383
17069237901,0.47868884
17076902501,0.41710111
17077392403,0.1951433
17085770202,0.00047554643
17097239601,0.7999935
17097994501,0.10176719
17106091801,0.82837075
17106337909,0.012388769
17106451103,0.0056898394
17129234303,0.04120849
17138585501,0.8837169
17147300001,0.0013238738
17147888202,0.0022344023
17147888202,0.0033255557
17148036601,0.0036298556
17153235801,0.9189614
17153235803,0.22419412
17153653001,0.6894299
17153653002,0.24866594
17154219001,0.99559325
17154409102,0.0003087096
17163328601,0.020889213
17174562602,0.07273577
17174562603,0.018059518
17189929108,0.006525765
17195529805,7.083336e-05
17196218101,0.1103426
17196218102,0.016202714
17196401501,0.2833497
17205337202,0.00020896623
17205337202,0.2966359
17215521304,0.022770982
17220307703,0.0028563112
17220325201,0.5566612
17220325202,0.014006281
17250251405,0.018653208
17254841501,0.17028497
17263400901,0.9785009
17264424801,0.013962213
17271798203,0.98236805
17272238802,0.011092962
17281527201,0.66934466
17281527202,0.31162202
17289329601,0.99847513
17349331402,0.050670978
17354412401,0.0076576457
17354412402,0.021281708
17354412403,0.03578181
17354483502,0.0011533957
17364872701,0.13304147
17364872702,0.28921202
17365440201,0.08379306
17373887901,0.0004245755
17380768102,0.07825617
17381431501,0.8859753
17381431502,0.5263633
17381455001,0.25827906
17388516403,0.07872439
17389423101,0.024229793
17389423102,0.015210776
17389662202,0.34968153
17406818604,0.025270166
17412582205,0.0041019325
17413303503,0.0004470547
17418211001,0.8490134
17429111201,0.43181875
17429382701,0.0010113887
17572863401,0.9512817
17595347901,0.82098997
17602056201,0.0051331753
17603913301,0.15462577
17610827402,0.00049662055
17610959901,0.6111909
17611105801,0.3860374
17616422501,0.7882396
17616676301,0.98950607
17687143801,0.9977508
17687143802,0.20314576
17687403401,0.023864765
17693612401,0.7520311
17695537902,0.0011884868
17702223203,0.0037501897
17707733601,0.9990276
17707745701,0.0005568818
17707745702,0.0012634929
17707747501,0.12090217
17707747502,0.091551185
17711698104,0.0016592131
17711955403,2.1299231e-06
17717368601,0.728638
17724213003,0.00026906974
17725470301,0.118163876
17728470202,0.077963755
17730836401,0.9993773
17730877701,0.7825616
17735477101,0.16167277
17738774502,0.0013112951
17738774503,0.0023789369
17904088001,0.2897306
17904198901,0.095414445
17912356001,0.0005393301
17912356002,0.00051853695
17912356003,0.046154294
17930792202,0.8714455
17938380501,0.5842252
17943740001,0.086094745
17943740002,0.06737187
17943740004,2.8455901e-05
17944028903,0.5960669
17957923302,0.021565503
17958004502,0.1327996
17963906301,0.08827269
18134118402,0.5028051
18134186402,0.0064873295
18157661202,0.00088906515
18179853901,0.19199295
18245089201,0.3052252
18892340101,0.042802837
18892340102,0.0139886765
18916711201,0.9840253
18917239501,0.043176565
18918175801,0.2329971
18944799901,0.9615564
18969437501,0.9956191
18997220501,0.9061023
18997702801,0.9914904
19023050401,0.90230805
19050445101,0.8441487
19103675001,0.02311197
19103708201,0.77624327
19103708202,0.058459077
19135159105,0.0034339118
19142298701,0.98520434
19158371401,0.59154344
19174414201,0.20607771
19186209601,0.19594136
19186718302,0.0008100266
19212631102,0.9521137
19213189501,0.0015488038
19238090201,0.83650476
19239046901,0.9475185
19262673603,0.00015754155
19263556101,0.901631
19289499801,0.00043977858
19289499802,0.00057348754
19290685501,0.9781885
19299731603,0.9811461
19301306503,0.04015644
19304883601,0.022313388
19304883602,0.006298604
19305978503,0.8328404
19312463703,1.1844782e-06
19316382401,0.0015198451
19317415301,0.5933954
19324209701,0.9746894
19324209702,0.960664
19324232102,0.9211939
19329729401,0.037504986
19329729402,0.012146985
19329739201,0.002307775
19329739202,0.0013107068
19330551701,0.68111753
19352855401,0.98325837
19358920203,9.1771835e-06
19359667302,0.37422258
19359680203,0.06514342
19365589404,0.002393602
19377820301,0.99602497
19377820302,0.9039604
19378772601,0.9730153
19378948901,0.039426126
19384952301,0.32019877
19394961705,0.0047940677
19396503501,0.98538786
19410316602,0.40014714
19421013901,0.026257716
19426444101,0.14321515
19433831001,0.8104191
19433831002,0.16669679
19433996701,0.46151266
19439116003,0.01102344
19439628702,0.93507767
19440839001,0.045653276
19446649601,0.5988308
19447582901,0.923795
19447582902,0.022480916
19459105101,0.47546372
19479865404,0.57444173
19487327602,0.4349417
19503056401,0.94391906
19504658201,0.92016554
19510340103,0.012137727
19511848201,0.773704
19516342001,0.13656743
19516427101,0.78076434
19516427103,0.05516773
19556847601,0.005874536
19557876001,0.074292764
19610149302,0.067821145
19611596801,0.52150124
19636348401,0.9903696
19637335601,0.87963617
19665444401,0.9898413
19665471101,0.90664035
19679343201,0.9842406
19680816201,0.6598164
19684734802,0.07948539
19690447702,0.024712838
19695427303,0.03618448
19695804302,0.052715678
19697034102,0.88776267
19704547002,0.0120086325
19707467302,0.99026555
19745290601,0.80339533
19745799701,0.68440735
19746780001,0.029314758
19784795401,0.0929168
19784795402,0.021943
19806823901,0.081456445
19806830001,0.0066168914
19825741102,0.0007025529
19825772701,0.11334885
19884575902,0.03780133
19885122601,0.89350307
19931894201,0.91972816
19957495301,0.98380417
19957531501,0.08199615
19983373801,0.6213078
19983373802,0.8319195
20010068801,0.86806995
20017246701,0.9924582
20017783901,0.34041876
20071837702,0.0010498436
20071844301,0.7496972
20095987302,0.9419191
20119314702,0.0018316361
20119776801,0.929699
20120198901,0.9376474
20164131702,0.0003284085
20171847701,0.8729299
20171879901,0.94911903
20194192601,0.9879737
20194235501,0.010859002
20244560801,0.0031526033
20246185201,0.6188369
20681867404,0.0035319221
20697779102,0.008018644
20703226201,0.00022487677
20703226202,0.00016212974
20711385602,0.07850662
20711942806,0.34205016
20712481601,0.9904393
20712511201,0.8640583
20725890403,0.083274685
20725890404,0.23974168
20726417201,0.9975078
20734665902,0.9159828
20735276401,0.94986755
20742034902,0.0015037761
20750831101,0.90326613
20752078601,0.95812666
20752159901,0.8674748
20752344501,0.0010286788
20755487201,0.9916996
20756381601,0.65936327
20756563501,0.96637607
20760243701,0.0038528587
20765451602,0.026251236
20765451603,0.0037976594
20765455402,0.052039325
20766138101,0.43282115
20766664002,0.680029
20769515203,0.40358815
20775736503,0.0224021
20775736504,0.5979966
20775746701,0.5561094
20779901301,0.10952907
20780616901,0.124563165
20780930202,0.69641405
20785898801,0.41402745
20786993003,0.0065089962
20795453902,0.3395225
20797839101,0.99594927
20797845801,0.7280847
20798008701,0.48156378
20798258101,0.8155868
20798643301,0.0053423536
20798953402,0.014431165
20799077002,0.00025023843
20803004902,0.9398354
20803778201,0.8771696
20810887901,0.9614198
20811480001,0.22177516
20815128102,0.04209883
20815513302,0.00020394954
20820384201,0.9960306
20820384203,0.8320594
20820384204,0.72709876
20823122404,0.07513916
20823122405,0.049266253
20829558601,0.98997855
20829696701,0.7617588
20829776001,0.98660254
20829796302,0.376778
20830098501,5.2620064e-05
20830098502,4.520343e-05
20832372501,0.86318535
20833033601,0.28181693
20833035301,0.87846446
20833304701,0.008152145
20833567901,0.97221404
20839872807,0.000509717
20843557301,0.77760106
20843828802,0.1668264
20844682303,0.0003171043
20844682304,0.000314632
20848998201,0.98686767
20849184703,0.8955951
20849658702,0.26338872
20853519401,0.8755595
20857996901,0.97292024
20859451101,0.0024605733
20859451102,0.00059727055
20863817306,0.006532251
20864858501,0.955656
20866976401,0.7004135
20866976402,0.7833565
20871068001,0.99791366
20871941901,0.8219429
20876387001,0.0014785879
20876387002,0.00039616635
20876538102,0.004764043
20877070601,0.9949681
20877097501,0.60847294
20877160503,0.0019881378
20881574804,0.00032458233
20882540501,0.0031950295
20882540502,0.00094588933
20882540503,0.0019067696
20882540504,0.003167732
20882540505,0.0050991727
20883055802,0.00016600969
20885855301,0.98673904
20891756401,0.009006881
20891986001,0.80159354
20894301901,0.5278845
20895092801,0.0063486113
20895092802,0.0015730159
20895455901,0.07694424
20895507001,0.01538656
20900171701,0.0052076955
20900301601,0.0037282873
20900301602,0.0053400886
20900324601,0.0003636328
20900324602,0.0005081523
21162288202,0.002548507
21168779101,0.8672375
21168779102,0.20492262
21174262801,0.9887382
21177924002,0.047152974
21183129201,0.64227307
21186454501,0.014253302
21192554001,0.044553332
21193012101,0.20329832
21196596801,0.45644417
21197189801,0.9734952
21201552102,0.017538464
21212162202,0.032335605
21212162203,0.009881353
21212414002,0.00043029498
21216928501,0.8343545
21217568001,0.41235662
21218078501,0.9709736
21230498501,0.1265214
21230498502,0.013015458
21236733602,0.015582234
21237202202,0.94401544
21237309701,0.036990665
21237309702,0.011920236
21241550901,0.00090224034
21241550902,0.0060110423
21241599002,2.6423417e-05
21241599802,2.2405238e-05
21241914001,0.6266448
21245264701,0.6972137
21245906901,0.26437956
21246152401,0.92575717
21251976401,0.85803777
21252856203,0.002830368
21253044103,0.012343094
21261208201,0.5957742
21261208202,0.19230211
21271137101,0.001256879
21276053501,0.003954065
21276076902,0.9826818
21283521201,0.9981336
21284496701,0.7456807
21293936101,0.3095227
21299863202,0.011546952
21302859304,0.0030706334
21302859305,0.0026608463
21302859307,0.0025005245
21311179602,0.00094280706
21319315301,0.09189873
21323016801,0.04055485
21323016802,0.0066418033
21323175402,0.71986836
21323673802,0.003504729
21323673803,0.004338676
21323673804,0.0044995723
21323789301,0.9694426
21324029201,0.9942761
21324222802,0.0012119203
21330315405,0.004113666
21334217404,0.03596413
21343634902,0.00019351009
21344125101,0.12044252
21344177801,0.01093958
21344177802,0.00070300937
21347491201,0.69436324
21351426501,0.18788946
21351687301,0.9193222
21354540403,0.0003666511
21357923702,0.40262285
21358862903,0.009368896
21369280101,0.5977093
21370744201,0.80490917
21371612901,0.006773694
21376117101,0.83228534
21379547201,0.45285594
21382085601,0.6481716
21383074701,0.88735616
21392214003,0.05916018
21392298602,3.7493537e-05
21395552101,0.992878
21397819501,0.51663226
21401338602,0.00081561564
21401400102,0.004664599
21404624901,0.0012006456
21404624902,0.0013318622
21404773701,0.9469511
21405477303,0.0005141514
21408274201,0.039172806
21417636202,0.003610795
21417639501,0.018045474
21418818601,0.84288454
21419247401,0.0045325616
21419247402,0.17351994
21424328701,0.9959266
21424340001,0.009332812
21424464601,0.2632336
21424625902,0.0006414985
21424810501,0.6895713
21425014301,0.31266934
21425357803,0.00065742835
21429895701,0.7285901
21430373501,0.01973679
21431374401,0.90795255
21431625001,0.016563578
21431625002,0.043244325
21433255602,0.09245699
21435519801,0.19122024
21436133101,0.98831826
21437504701,0.44682226
21437890502,0.013433531
21438904401,0.0793113
21441298902,4.7581594e-05
21441648702,0.00043418264
21441671801,0.25704184
21441803702,0.0018832787
21445435603,0.0022348985
21445547804,0.0075117494
21448380701,0.10586416
21448380702,0.18077415
21449529207,0.0005658878
21453073701,0.9692889
21453333202,0.019157223
21453810603,0.000452057
21560515901,0.9041383
21561507901,0.0009993806
21570371901,0.987351
21613660801,0.9602043
21616553801,0.62869644
21619093401,0.0039374144
21619093402,0.0007848978
21619579301,0.99532014
21630651001,0.0018876096
21632808001,0.9532911
21634270201,0.31002825
21636770801,0.96513426
21638707302,0.0015724953
21638871801,0.058056235
21638871802,0.1450643
21639474101,0.9966307
21641956201,0.00026724755
21644441801,0.995684
21644554101,0.9054041
21646588602,0.030890124
21646621701,0.12659279
21646874601,0.03287954
21648036401,0.98460346
21651177801,0.017467638
21652075202,0.34256378
21652075203,0.80253786
21652663701,0.96401876
21654581201,0.9182078
21655239101,0.002290241
21655239102,0.01402096
21658400803,0.19475392
21658400804,0.02008558
21660914401,0.8682419
21661002701,0.7621156
21661142601,0.73082674
21663805201,0.9778806
21663983902,0.33925962
21666856302,0.0070610265
21671727202,0.002137095
21672292401,0.24248622
21679508001,0.48952878
21686895903,0.002409066
21687199401,0.05375534
21691211203,6.717767e-09
21691556001,0.42223865
21693606903,0.54011756
21696909901,0.005464741
21697363101,0.98001534
21699533801,0.03796256
21699683101,0.018306123
21699693002,0.3263965
21701033302,0.0010539199
21701324901,0.02220644
21702837001,0.0035784293
21702845301,0.008783786
21703675301,0.8095593
21703680601,0.013576937
21703680603,0.010158278
21705936901,0.0025549894
21705936902,0.0007945033
21714502803,0.79681545
21715177601,0.020869995
21718318102,0.6657416
21718318103,0.88281786
21718450605,0.019913688
21722071702,0.91245323
21725383001,0.67667943
21725383002,0.37939933
21735190001,0.003075117
21735190002,0.0032190594
21735190003,0.004527698
21736406701,0.56763905
21736721401,0.9616506
21736721402,0.98083043
21737488301,0.939566
21738235901,0.033414066
21738722302,0.09578494
21739621401,0.9240969
21741759401,0.9972295
21744156804,0.38672718
21745976502,0.00095040764
21747858501,0.6348763
21747858502,0.79346585
21749660401,0.6451762
21749660402,0.9055443
21752990101,0.95244956
21754901301,0.4033095
21755040902,0.00021251207
21757087101,0.73894155
21758245801,0.9993325
21764073301,0.7493183
21765575201,0.19222015
21766073801,0.752965
21766785401,0.0070108827
21766785402,0.24541375
21766795201,0.0014066531
21766814401,0.00025851978
21766814402,0.0034691992
21767280102,0.9423657
21770006501,0.37847048
21778395101,0.006410477
21778746203,0.898021
21780480001,0.043758336
21780482701,0.0363212
21780778101,0.03593802
21784508901,0.6522064
21784583201,0.013353746
21787561401,0.5278028
21793028904,0.63954425
21793186802,0.65624523
21793242001,0.48526257
21794109501,0.9130893
21794178201,0.03715069
21796264901,0.80552626
21798386401,0.18783343
21798923801,0.0011978542
21798923802,0.011011376
21798937102,0.2199741
21799960901,0.015237557
21800014702,0.18239926
21802995501,0.0034865963
21802995502,0.005246694
21804892801,0.0027928797
21804892802,0.002223122
21807939301,0.7314511
21813361801,0.98375976
21813375701,0.020314518
21814393003,0.0034080157
21814527301,0.0018237334
21816012105,0.0039895554
21816239901,0.8059761
21817353103,0.010694267
21817823702,0.0008114872
21820998101,0.47366613
21821046702,0.19826405
21821046704,0.076703474
21827103301,0.0484063
21827849501,0.9379802
21828186503,0.13066188
21828203401,0.00058493664
21828203402,0.00052156195
21828203403,0.002120507
21828203404,0.0010463672
21832096401,0.08233476
21832697003,0.0004078871
21837793001,0.5302842
21839013001,0.9794813
21841795401,0.106648766
21842497303,0.00086349726
21843045101,0.99251527
21843171101,0.6252287
21845215601,0.94130933
21846533601,0.00213214
21847121601,0.62715894
21847667403,0.017262664
21847697601,0.0023562312
21848394301,0.96524185
21855367103,0.9914335
21856004104,0.01386528
21856070101,0.9514226
21858952502,0.9933467
21863120303,0.22218706
21867923803,0.00046977634
21869317701,0.77947015
21875366602,0.03193471
21877724901,0.00015377934
21877724902,0.00013227011
21884606402,0.00021277052
21886819801,0.8691221
21918310301,0.86754906
21919496902,0.006238559
21940674701,0.35973278
22039160504,0.0016481954
22039625901,0.81004715
22041468202,0.7552225
22041651201,0.06721007
22042174202,0.6963022
22042245602,0.0043007173
22042245603,0.0028006423
22043080101,0.00031394872
22043718803,0.38342
22047113103,0.001730497
22047113104,0.0028394628
22047420901,0.030144194
22047833502,0.0004176434
22048045001,8.612223e-05
22064680205,0.0050862012
22066768201,0.9677748
22067398002,0.044533577
22073610901,0.9141298
22077204801,0.018381605
22077204802,0.268789
22077721501,0.7447326
22079800901,0.07659237
22079800902,0.31112906
22082898301,0.9757982
22082898302,0.5918411
22085933102,0.07788459
22086766701,0.2062624
22086766702,0.044690248
22088892901,0.9202275
22090400508,0.0017244364
22093489901,0.19320515
22094523101,0.984737
22096832202,0.035649955
22098420201,0.09020722
22101369103,0.0025724464
22103845101,0.09786848
22103845102,0.004348254
22103887801,0.00026732314
22103900703,0.013816022
22104909001,0.86948895
22106594501,0.048706405
22107750301,0.9745145
22108849601,0.33976382
22109782601,0.0010414727
22109983001,0.9948931
22110111605,0.0008892731
22110234201,0.75588065
22110733802,0.022884456
22110800501,0.38460514
22110851901,0.84118193
22115196201,0.0059981896
22116154601,0.012847004
22116342001,0.0097438535
22117902001,0.39589846
22117964501,0.99914575
22120066401,0.13356584
22120066402,0.005112271
22120576801,0.80989754
22120977701,0.9828378
22123841301,0.7674697
22127652702,0.0059961276
22131354402,0.45268503
22133708704,0.16138186
22133708706,0.3223297
22135424201,0.980946
22143361801,0.9769602
22144415901,0.99210596
22151674001,0.9851805
22154093501,0.37147087
22156544701,0.63150996
22156788401,0.70221734
22157408101,0.47092685
22158378201,0.6936193
22159525701,0.2962109
22161997901,0.84920377
22162943901,0.63027096
22164094301,0.15615197
22167799501,0.009493097
22168049702,0.0032484531
22168220501,0.76848346
22168220502,0.03463502
22168673801,0.9874576
22169748701,0.9544251
22169765001,0.45103115
22172402301,0.32046166
22172402302,0.64030886
22173421501,0.055117585
22173674001,0.8373553
22174568201,0.18565941
22177719901,0.9542466
22177724601,0.5014314
22179856701,0.6874445
22180188201,0.23493978
22180501502,0.005694197
22180501503,0.013352645
22181043001,0.0007563165
22183805601,0.7100299
22184019601,0.00016383958
22184019602,0.00010426264
22184019603,0.00010426313
22184630701,0.8458134
22189569005,0.010836955
22189572802,0.00049638725
22191094301,0.88775814
22194201401,0.7861959
22194334601,0.42023954
22194347001,0.24360141
22200826501,0.93133634
22201201104,0.02269903
22205099901,0.053080834
22205726801,0.8044873
22208455703,0.00041167263
22208687801,0.17417186
22208918602,0.00020003927
22208918603,0.00018457846
22211641901,0.5466333
22212659301,0.4001839
22216033601,0.7647597
22216033602,0.4856682
22216570801,0.8473298
22216579101,0.8664901
22216579102,0.6600908
22218443806,0.03967584
22221648305,0.0050867754
22222977801,0.7875921
22223061701,0.96567976
22224039201,0.50388986
22226337501,0.98003083
22483758801,0.0025570118
22483758802,0.00086808926
22485147603,0.00064383703
22492891801,0.9689892
22493069501,0.98221326
22496451701,0.97318846
22498095001,0.735549
22504037201,0.97575414
22507683501,0.45164162
22507683502,0.6938453
22510010602,0.025841411
22511986801,0.48873588
22511986802,0.8988583
22511986803,0.9788907
22514644201,0.16927378
22514674901,0.0017426421
22517492602,9.855239e-05
22517855904,0.8172762
22523551701,0.952193
22524306902,0.22099489
22525381901,0.0553029
22532909603,0.8038752
22541044101,0.9693254
22541344601,0.96585554
22545250102,0.00083688396
22545250104,0.0047386927
22545675103,0.08959974
22574095501,0.8148216
22575075201,0.9070752
22582540101,0.0027560529
22582540102,0.0027547213
22594300401,0.9962943
22594767401,0.7859656
22604745701,0.9720104
22638249902,0.91992354
22672232001,0.107542776
22672232002,0.33696005
22672232004,0.67758185
22683261501,0.97378606
22683287103,0.005321375
22702617101,0.00037079575
22703128501,0.29100403
22703623401,0.008503969
22703623402,0.18429428
22713709301,0.86819357
22714156601,0.935538
22746079401,0.80305004
22746581101,0.28794932
22746604201,0.663385
22746612201,0.031623542
22747060403,0.9944623
22747585002,0.0023075596
22747585003,0.0025048587
22769036401,0.076673955
22779793802,9.5680094e-05
22781298204,0.0058118748
22789763201,0.17377171
22789779601,0.9878691
22812334101,0.44558474
22812804901,0.0012636094
22834291301,0.6043969
22834332601,0.99057835
22862957201,0.16877192
22862962201,0.0008116245
22873211903,0.6436378
22892300705,0.00054740976
22892747501,0.42198864
22893246301,0.086477496
22893257401,0.7684312
22893269302,0.04379676
22911825702,0.17643389
22911847001,0.6897174
22911847002,0.8122455
22911847003,0.7980849
22942425302,0.2159339
22942427801,0.009345551
22942482604,0.0014950442
22961976801,0.70398045
22962968601,0.8873413
22971606501,0.050993435
22971646101,0.2759825
22972674801,0.00021869536
22972674802,0.0002448662
22972674803,0.07120253
22981724401,0.065375306
23002970302,0.0072182594
23002983901,0.00432828
23004470901,0.6898813
23015290001,0.40880615
23035362101,0.80904615
23057082901,0.9429476
23058130401,0.00015226488
23079372001,0.96432257
23090832901,0.9018633
23102425101,0.08505011
23102425102,0.018673329
23102870601,0.8392341
23103886301,0.9608113
23107341601,0.106097594
23107350501,7.813613e-07
23112834801,0.8475082
23113689703,0.0067854323
23125098401,0.9803335
23125142202,0.96536845
23125580901,0.10097736
23135126301,0.975054
23135167201,0.048113223
23135171804,0.2833313
23135623801,0.8081358
23135659901,0.21819924
23136122801,0.46586236
23136122802,0.21679237
23136122803,0.046806436
23146193401,0.14611822
23146193402,0.013542552
23146193403,0.00081276323
23157353201,0.9184122
23172100501,0.99497175
23172100502,0.99465054
23174490501,0.012288721
23177003201,0.96960574
23178018201,0.5494124
23178490102,0.28571805
23180188501,0.57607615
23190221601,0.95449644
23190221602,0.18871891
23197688301,0.78714454
23197743802,0.12301756
23209700402,0.6403477
23231213701,0.07337104
23243648101,0.9287734
23254876103,0.0018650421
23265254301,0.0054855025
23276038102,0.43303838
23276887201,0.017285451
23285972001,0.016264783
23286914102,0.635469
23286914104,0.09319838
23287386901,0.7463278
23298543101,0.0079555195
23298545802,0.97113144
23299544601,0.0070708753
23300046202,0.88477844
23310541701,0.08340856
23310541702,0.0024642418
23311586404,0.85803187
23332010701,0.6301185
23355321002,0.8390374
23355354701,0.81589675
23355843001,0.84347755
23355843002,0.931597
23356301702,0.49934193
23376269705,0.004713416
23377274401,0.88046855
23398218101,0.53261095
23410160201,0.986626
23420323404,0.5412969
23431021405,0.9079277
23442220502,0.016548753
23442220503,0.010260941
23453219601,0.2177552
23453966101,0.51258
23463895601,0.9947324
23474773401,0.05510878
23496903003,0.7158329
23496903004,0.92106986
23509219903,0.0010083994
23518729202,0.030238915
23519268102,0.00014506571
23520285401,0.45703954
23531881401,0.88414794
23541531501,0.82888806
23541623201,0.9797212
23542521601,0.5456269
23552279601,0.04083835
23553247401,0.003292413
23553303201,0.77613544
23563172401,0.0041778907
23563172402,0.009184473
23563172403,0.0009919943
23564189001,0.0009577781
23564189002,0.019889599
23573923701,0.9369042
23583698801,0.62456524
23606851101,0.06464397
23629031201,0.0028052072
23629910601,0.6463011
23629910602,0.0035287796
23629938301,0.91206944
23640949101,0.06685526
23640949102,0.00015488357
23672559601,0.03540132
23673050801,0.85108405
23683298401,0.0088655995
23683818103,0.0028251093
23693775801,0.95651215
23694796301,0.0138235055
23695303701,0.9182026
23716404801,0.0014550282
23716458801,0.02366109
23716458802,0.7083026
23717288501,0.96219504
23795745101,0.05808602
23795745102,0.20579454
23796990004,0.009136405
23805885501,0.47173905
23805918001,0.99777395
23807039601,0.054752845
23809035801,0.00035847444
23809098302,0.084886834
23812303602,0.088583164
23812303603,0.025583038
23812380203,0.2428703
23812401603,0.09976952
23813118203,7.758475e-08
23818056201,0.0008753815
23819575802,8.777518e-05
23819770901,0.97771275
23819770902,0.35071215
23822807301,0.16765031
23886995603,4.3754564e-05
24549381901,0.293575
24549662103,3.543836e-05
24552442202,5.706367e-05
24552475402,0.0002710211
24556561301,0.9036108
24556863401,0.0018982984
24557497101,0.081526116
24560385301,0.023655787
24564376002,0.046901744
24573035201,0.8042272
24576474701,0.9850973
24581040301,0.21624993
24583900004,0.05237455
24587862401,0.9837526
24588812404,0.0018408289
24593297202,0.039538298
24598067702,0.63635254
24600223201,5.332259e-05
24600223202,5.0116236e-05
24600621501,0.4778537
24601170001,0.12323281
24601170002,0.9941041
24601849901,0.11228814
24601849902,0.00084249914
24601849903,0.10633345
24601849904,0.0147953
24603533501,0.9958269
24603968601,0.16250408
24603968602,0.1924929
24603968603,0.5189574
24604617403,0.066261165
24605227504,0.0070659313
24605394301,0.011357233
24605394302,0.20512553
24607585101,0.6011001
24607593601,0.9158466
24609526002,0.004443102
24611740101,0.6617663
24612322301,0.913058
24613706502,0.6258667
24614521102,0.001008457
24615293403,6.7620664e-07
24617485301,0.0030242323
24617708302,0.011503543
24617945503,0.9497825
24618940801,0.35822016
24619891502,0.0049325684
24620686901,0.95015234
24622419701,0.20546068
24624474101,0.0013508827
24625720401,0.6916395
24625720402,0.2727084
24625811502,0.32267874
24627345901,0.8176989
24628859601,0.065680146
24628859603,0.06821107
24633486901,0.8293699
24637396302,0.019545937
24639354902,0.00012129097
24639639401,0.8769767
24639676501,0.65001565
24641295401,0.9616592
24641921101,0.035546657
24641921102,0.009656246
24641921103,0.028646275
24641926001,0.013793144
24643969602,0.09277047
24645286103,0.8413419
24645296502,0.25307313
24650911201,0.7370364
24652557704,0.009395152
24652579902,0.026935795
24655223401,0.00027995583
24655241401,0.016173586
24657290602,0.5602537
24658694001,0.20987718
24659711403,0.987683
24660704601,0.07034971
24660704602,0.71562725
24660776002,0.007147815
24661442601,0.9288773
24661690702,0.00013753008
24663933101,0.5513601
24675923401,0.64191616
24687771701,0.99751496
24687793901,0.50160944
24688478702,0.0057255593
24691290901,0.8651906
24692315202,0.0006634099
24702920902,0.001417479
24703510304,0.12808591
24704045401,0.045194574
24704054801,0.008076
24704089201,0.0070095556
24704089202,0.0019768951
24707346801,0.072467215
24714373101,0.012283475
24715235901,0.02270363
24719214304,0.0012503575
24719233201,0.0003477035
24719233202,0.0004236622
24719233203,0.18366164
24721732801,0.94847256
24722186901,0.2283174
24729893501,0.014293155
24730371701,0.004479019
24735402302,0.009748384
24742043703,0.009804192
24742057301,0.97230995
24744163501,0.6340466
24745174101,0.0022096492
24745174102,0.023951406
24748747801,0.004168102
24748749901,0.00986207
24749324801,0.0003672507
24749324802,0.07419782
24750520501,0.95224
24757802801,0.63685924
24764919603,0.026637195
24764919604,0.045586742
24765332701,0.68685895
24765332702,0.4452311
24769748502,0.9967932
24770252501,0.005721072
24773016201,0.90727496
24773592201,0.67527485
24778146401,0.70772856
24778146402,0.81445926
24780832201,0.021330627
24781303801,0.00021056717
24785025603,0.9702322
24793347701,0.94799834
24793347702,0.99075586
25556746001,0.2801911
25556746003,0.028911222
25558687201,0.966609
25571712403,0.00027363334
25576031901,0.041568615
25576031902,0.0030326305
25576614501,0.6473776
25576684701,0.04715612
25576988707,0.0010539554
25578431601,2.611579e-06
25583238602,0.0021172557
25598969802,0.0010730261
25607453305,0.0059700646
25607453306,0.00659359
25608610301,0.061067898
25621352802,0.052724913
25622677502,2.6103856e-14
25623995302,0.004420349
25637446901,0.38980296
25637446902,0.7851955
25637446903,0.7927191
25638076101,0.13442129
25639025101,0.35414043
25654092301,0.014519507
25695422201,0.428542
25695825401,0.22556582
25709323802,0.66808623
25724885602,0.0016529066
25726621001,0.00046668065
25726632304,0.008513476
25741194501,0.9903045
25741598902,0.007103001
25753472601,0.81955016
25754091102,0.22012353
25754091103,0.03511963
25754095701,0.015575549
25754095703,0.052111972
25754095706,0.00810997
25755065301,0.027836792
25755065302,0.0007277088
25757187203,0.017518036
25757707402,0.0360976
25761106302,0.0014932466
25764177801,0.18157154
25768437801,0.06393653
25768558601,0.7288959
25772023402,0.20630985
25773707302,0.0010188592
25773707304,0.23394704
25825209501,0.0006463632
25826069501,0.72651017
25826069502,0.69704884
25826202302,0.106879145
25842192501,0.0010396205
25842192502,0.0017637154
25842192503,0.00022902233
25849045303,0.0034717838
25858126001,0.1986721
25858126002,0.03902164
25858126006,0.007635034
25872013903,0.27317533
25872013904,0.19310117
25874292302,0.011168059
25881341102,0.030758461
25881390301,0.20710512
25881390302,0.07854631
25889775501,0.9509331
25912451601,0.9302235
25912503502,0.33347425
25912503505,0.016974807
25919953404,0.01019453
25948133904,0.8047814
25948839702,0.003623269
25958968901,0.018854953
25963244204,0.7079749
25967529501,0.90521574
25970124201,0.85284454
25980273201,0.73556405
25994657402,0.20189194
26000432401,0.99949694
26004372301,0.9858995
26009174902,0.96490276
26009712202,0.0050146664
26009712203,0.0022206537
26009712204,0.9591793
26009771102,0.55484027
26009771103,0.17693222
26012982601,0.69010526
26013232701,0.0015233601
26013232702,0.0082141375
26013233002,0.026449474
26016045303,0.0022438401
26016048201,0.16338344
26016048202,0.1889748
26019054701,0.010548898
26019054702,0.0063620117
26024225701,0.23002027
26026059502,0.02003135
26026893203,0.13010593
26030427701,0.00069291564
26030427702,0.0006237899
26030429601,0.0037008391
26030429602,0.0028573782
26035350703,0.00052585464
26035371004,0.08276695
26035371005,0.047431283
26035384104,0.0046005733
26035384106,0.0057476657
26035558604,0.024635434
26041493001,0.0013123497
26042445704,0.5147391
26045968002,0.00012436789
26046260902,0.02404196
26046665901,0.010537031
26050411401,0.0006089811
26050411402,0.0009790482
26050414701,0.019781346
26050634002,0.036433883
26051993801,0.36445615
26051993802,0.9707949
26054554501,0.98709947
26054617201,0.0007060856
26055984401,0.99691087
26055984403,0.0010960764
26060882002,0.99614704
26060922201,0.2050606
26060922203,0.069396086
26070853701,0.99920136
26074903401,0.20386651
26081593601,0.4988378
26091366601,0.7687282
26091681104,9.9949546e-05
26092100501,0.56789166
26092577701,0.550903
26092999002,0.11599391
26094918402,0.83706605
26095128901,0.6339659
26095128903,0.35531855
26095128904,0.46502542
26095158801,0.8337093
26096967001,0.054313824
26097151103,0.08789287
26098650401,0.077630274
26099532902,0.9982811
26105522601,0.9791018
26106049303,3.1199968e-07
26109007202,0.5658358
26117841001,0.001163327
26117841002,0.0008471509
26120389105,0.00022354108
26123942502,0.0030116476
26125771602,0.6459155
26130623704,0.912276
26131421501,0.0026537841
26131421502,0.0022617287
26133274501,0.19710767
26142447704,0.0066084475
26144966803,0.00037011696
26144985201,0.34884134
26145163701,0.00015204259
26145163702,0.00021912664
26154570303,0.0002810762
26154596002,0.4113628
26158021103,0.77033216
26158160601,0.002401751
26158160602,0.00061954255
26158392003,0.7037026
26168060203,0.016305879
26168060204,0.030914186
26172424303,0.00022274816
26174665703,8.1410515e-05
26174687002,0.9538882
26177241101,0.9200969
26186740901,0.07143477
26187009103,0.005383777
26187163801,0.94910073
26187479401,0.64294344
26187515202,0.00045262172
26189900101,0.09416482
26190247803,0.012057138
26190247804,0.012380423
26191131102,0.0006498091
26193037704,0.014999529
26195174804,0.015252747
26204521801,0.0003580846
26204521802,0.0011673217
26215523601,0.96136063
26215697801,0.9198705
26215706104,0.0766129
26215782501,0.975421
26216234603,0.0044482453
26219093503,0.1264294
26238506402,0.0050866613
26238506403,0.003347808
26245583901,0.55835825
26245758702,0.9948249
26250828302,0.0012914366
26251692401,0.90933824
26252300102,0.050935123
26255335102,0.17938872
26255871603,0.0012454938
26266623001,0.99199826
26270656001,0.0037389472
26270656002,0.00031466509
26271099101,0.31193158
26272820802,0.014194787
26272820803,0.004220377
26272918701,0.34635624
26282503603,0.014822229
26283346001,0.068435974
26283346002,0.082900256
26283346003,0.0058522243
26283346004,0.222899
26283346005,0.06347511
26291121401,0.90986234
26293961202,1.522229e-06
26295481001,0.0015119783
26295481002,0.011057857
26300317601,0.99938095
26303039202,0.9456851
26307226002,4.051492e-09
26307226007,0.05045391
26307393401,0.38877732
26307961704,0.045245085
26307961705,0.03257908
26307961706,0.029362576
26308038402,0.68097454
26308463105,0.011088438
26317656301,0.030598188
26319792502,0.09545746
26331062001,0.7742149
26331064703,0.9846805
26331064704,0.902184
26335061702,0.9935429
26335076104,0.0093781
26348683307,0.0108148195
26349337102,0.9453157
26349379603,0.008460709
26357197102,0.21065636
26360788101,0.489782
26362976301,0.19248916
26366173702,0.9940701
26366872402,0.012725064
26371177901,0.80813956
26371330502,0.12904803
26371330503,0.11194373
26371340501,0.60454273
26371340502,0.24033006
26371340504,0.54183745
26371563301,0.08888922
26374803301,0.99313015
26374838901,0.69042164
26376831801,0.0020931645
26376831803,0.0023051163
26378510801,0.03841503
26378517601,0.1805379
26378555502,0.0009937403
26387274202,0.9432942
26387429804,0.004668743
26395378601,0.9842918
26395546001,0.6232039
26419743803,0.09943042
26421650602,0.016306927
26448794102,0.19423255
26449602903,0.0027832869
26450110701,0.40636227
26536978902,0.5580193
26541498205,0.009102893
26551039701,0.9792612
26552021904,0.0003452599
26552562901,0.0075674905
26565749303,0.06137848
26582101601,0.0025471358
26641246801,0.55109805
26645577102,0.9772658
26645611903,0.46770656
26653025902,0.4859059
26669663701,0.00030621514
26670260503,0.0075739226
26685660501,0.012232115
26701274602,0.022337493
26702505201,0.700018
26714251904,0.50500476
26714771203,0.017052744
26714771204,0.013739017
26714771206,0.00019717414
26716638901,0.049931232
26716684501,0.002305984
26716684502,0.0030346226
26716684503,0.0030461207
26716684504,0.00292574
26716684505,0.0026669097
26716684506,0.0038149275
26716684508,0.022941297
26716693904,0.0026519448
26716782501,0.9626789
26730331204,0.026779562
26730331205,0.007360954
26730331206,0.00866153
26730668703,2.8579576e-05
26730668704,0.00035662795
26730808301,0.25246236
26758046601,0.36131114
26759440502,0.96891016
26880788703,0.008281257
26974289504,0.0005481217
26979548101,0.025715377
26984992001,0.01100752
26991599001,0.44043908
26991610901,0.602487
27028529701,0.82810086
27028529702,0.8677037
27034121401,0.9991467
27034331601,0.34948155
27042506203,0.053570557
27050417001,1.4692617e-11
27050491005,0.031007668
27055766601,1.4341152e-05
27055766602,0.004891615
27152144201,0.18943867
27152203901,0.81599617
27155498801,0.009158593
27157468501,0.37314352
27163993103,0.0010323601
27172670301,0.008462387
27181132902,0.42046747
27185283702,0.00031237665
27185449202,0.070953056
27189259502,0.90571076
27190096001,0.05707769
27190324701,0.9351132
27190324702,0.84488994
27197246301,0.0044183917
27208686901,0.412825
27208686902,0.0002194083
27212748401,0.0067215185
27212748402,0.00012499873
27212958501,0.0013064143
27212958502,0.0005313877
27212995301,0.7722929
27219488301,0.9334291
27219488302,2.2668107e-09
27219488303,0.99579215
27228581701,0.91087407
27235713401,0.98077136
27235713402,0.03887951
27242919602,0.031625673
27252754601,0.62495124
27256471803,0.45811602
27256471804,0.524687
27276568603,0.010467075
27276863101,0.9989882
27277359501,0.14264473
27277359502,0.12162101
27277359503,0.7171667
27285353901,0.82585776
27285415703,0.0014850124
27286134003,0.45072302
27322473602,0.017137364
27326899101,0.09526044
27326899102,0.1723956
27326899103,0.47098032
27326899104,0.48599848
27327038903,0.0008050929
27332341801,0.8657825
27369985401,0.41991484
27398839501,0.007264776
27408221601,0.08152872
27415113501,0.99927264
27446160001,0.87402636
27641558601,0.39414686
27643954201,0.8251336
27664743902,0.33716798
27683657902,4.8893515e-05
27683743003,0.2677446
27686430801,0.748107
27686430802,0.40475473
27690479601,0.93590623
27697729101,0.009927401
27697729102,0.0019323461
27697854801,0.9709435
27701729001,0.047563057
27702250501,0.36664304
27703309601,0.89547354
27706982901,0.8456906
27710375202,0.0008137993
27710395501,0.98331946
27710844901,0.9379769
27714798503,0.7198267
27729898901,0.5816018
27730004501,0.44584182
27805099803,0.003161827
27805531504,0.0019708057
27818334201,0.8933182
27829662102,0.110831395
27840861901,0.20483185
27840861902,0.6200277
27840939002,0.0009667091
27851841601,0.023265209
27851841602,0.0011078061
27854284101,0.99409664
27854284105,0.9388724
27858939301,0.15518118
27859102702,0.7232366
27859364201,0.6788076
27868364102,0.028561713
27868384401,0.9993111
27868384402,0.9961074
27872677001,0.96846294
27873012001,0.008135976
27873012002,0.009842063
27873095601,0.011497805
27873095602,0.0046528336
27877694802,7.5551376e-05
27878011701,0.98119503
27882343604,0.0035372786
27886178301,0.0003862616
27886182601,0.00084337796
27886182602,0.00054038095
27886274702,0.9803192
27886275001,0.9754906
27886277203,0.000514417
27886621101,0.99704856
27886622001,0.67163336
27889533801,0.22057685
27889570501,0.98484737
27889825503,9.82187e-06
27899095402,0.96195936
27899166501,0.9697674
27908839501,0.9834958
27915500303,0.010223154
27924762801,0.17085217
27925025604,0.0019809173
27925155803,0.012498885
27936139101,0.00859782
27942806305,0.9360632
27942972201,0.074195504
27943008802,0.7620793
27943008803,0.5289974
27943042702,0.044182554
27951416304,0.073103264
27951615701,3.139646e-05
27956970702,0.06572502
27956971802,0.00206851
27957311101,0.009066885
27957459101,0.013536279
27957459102,0.004429696
27961363404,0.0061835013
27961595601,0.038235772
27961595602,0.0023661072
27979776201,0.886404
27979817003,0.22818328
27995042301,0.0034343954
27995222801,0.8673451
27995222802,0.9305713
28005211402,0.07306498
28005269001,0.03840899
28005365101,0.95480096
28005365103,0.119624704
28009683001,0.5318135
28069973201,0.0013047339
28090966801,0.0106229335
28192762305,0.7202781
28197926501,0.9603592
28205019801,0.7815894
28205180302,0.013642386
28208557301,0.32251343
28209087502,0.00045829834
28419483702,0.00473092
28419483703,0.0074218754
28419676203,0.010340078
28715696801,0.9871688
28732926701,0.94390434
28735439701,0.8725854
28740200901,0.34923792
28740572701,0.008600574
28742668902,0.031117085
28742818402,5.8819227e-05
28743199002,0.00060097256
28749081302,0.29088748
28749174303,0.005876197
28753093602,0.0064454246
28753435901,0.004396312
28758831903,0.0002547287
28759118302,0.0015239656
28759118303,0.004919402
28764023204,0.03448781
28764068003,0.00021590388
28764068502,0.00017812417
28764195402,0.012557742
28771712302,0.9406595
28771712305,0.002651174
28795766002,0.7360908
28802749102,0.0017682068
28806738601,0.89264375
28876984901,0.99949515
29029048001,0.56630296
29040817102,0.0011994053
29041097904,0.00024954719
29041097905,0.00017623002
29054777001,0.5714251
29055928001,0.4706903
29060531101,0.0029131917
29069929902,0.00061496015
29070370202,0.18100409
29070402701,0.86451805
29070402703,0.09288562
29074019201,0.85498357
29083085001,0.45402855
29083403502,0.046873376
29083951201,0.006311783
29083951203,0.0057298453
29095350408,0.0025311366
29095575303,0.034511875
29100079303,0.044729423
29100565601,0.94681334
29100565602,0.3529827
29100565603,0.9470903
29110114603,0.376928
29110228401,0.035183422
29110228402,0.04644638
29110228403,0.03091931
29110228404,0.04657052
29110592401,0.7637469
29132383101,0.85351366
29141720106,0.62954926
29142244001,0.21143366
29144913201,0.025717437
29151753701,0.36057264
29151760401,0.9642167
29152077301,0.005346384
29182529401,0.7146179
29212271704,0.07824531
29212276901,0.00017206336
29212276902,0.00015098788
29212768701,0.0002111758
29221488101,0.7032115
29221493501,0.0018985663
29221493502,0.0012411989
29229480901,0.53043944
29229480902,0.61691064
29241156701,0.95795566
29241523402,0.8102157
29247930902,0.9549483
29251239901,8.2471325e-07
29270577404,7.758289e-05
29282490402,0.55419
29308064101,0.089494035
29315430402,0.0027950902
29316626904,0.0271356
29322246202,0.5036063
29324062304,0.005507556
29324609001,0.026158357
29327303201,0.0009362416
29343763701,0.8053874
29348090301,0.040512603
29348090302,0.0021201745
29389805801,0.5843943
29396538402,0.0030091205
29404794903,0.0008466618
29405213203,0.0071642203
29405213204,0.008684099
29409296601,0.0019862019
29409296602,0.00043128908
29409382403,8.052238e-06
29409382803,3.8863145e-06
29414726401,0.82767755
29414726402,0.019134643
29414726403,0.7087774
29414726404,0.065558955
29414807901,0.007146349
29414807902,0.0032167614
29415492801,0.9407223
29419561702,0.27994254
29419561703,0.00039047867
29420837802,0.0006860616
29429237301,0.99570316
29432731204,0.0002117892
29434148703,0.048397075
29439947401,0.9300971
29443845601,0.89520127
29443851901,0.24832025
29444175701,0.7590183
29460727001,0.96227354
29460732601,0.5343319
29468766501,0.9238704
29475193401,0.5738397
29478154701,0.996908
29483547602,0.0009550752
29486954902,0.9583825
29487345703,0.12374299
29489270701,0.91626734
29492969502,0.373872
29497805101,0.7302129
29497805102,0.33200535
29498156601,0.93418086
29498222201,0.9914518
29498228902,0.8654147
29504166101,0.47760445
29513104101,0.8423417
29516943101,0.31534076
29517639301,0.9911131
29536876701,0.9323889
29537350203,0.0058487565
29537501101,0.8234415
29559371202,0.96487236
29559925601,0.9731322
29559925602,0.017532954
29559925603,0.0012534866
29564674901,0.91430974
29578046401,0.90865415
29755818303,0.00037956933
29755818304,0.00028884332
29756126902,0.00020952488
29770101304,0.0011038287
29771119701,0.002512868
29772274301,0.32844588
29782930801,0.8832564
29782930802,0.68311054
29783354301,0.007289162
29805684404,0.0072596497
29805991701,0.4502909
29805991702,0.0105850445
29806911401,0.96029216
29828173501,0.44549593
29838867101,0.5163796
29839044701,0.68657976
29839044706,0.002550416
29852037401,0.0008128695
29852843101,0.96490985
29862728501,0.046023592
29863442301,0.26534864
29863442302,0.46425548
29863487601,0.93777925
29871998303,0.0007135296
29871998304,0.0008547157
29872318301,0.3902545
29894113901,0.80228424
29916232601,0.76367784
29917356101,0.0009489073
29917356102,0.06188578
29917356103,0.0006403007
29917440301,0.85074
29927187501,0.95750296
29927274602,0.00026541884
29939926004,0.110677175
29949898201,0.97815657
29950712302,0.6757386
29971922903,0.00017936982
29972078402,0.00035663677
29972173801,0.5898842
29972871601,0.72108513
29977986802,0.0028991255
29979965801,0.99944144
29987018701,0.021770736
29994528501,0.0018225589
29994528502,0.0015847891
29994528503,0.9811313
30003893501,0.9257709
30008705901,0.0059509045
30014106204,0.0050736754
30014106205,0.007153439
30015908202,2.2214917e-09
30016476601,0.8794036
30016656205,0.009084086
30016759701,0.007852539
30016860901,0.7730065
30028954301,0.06922379
30029319702,0.96815264
30030730501,0.61313486
30031613204,0.7907582
30032179801,0.6657446
30032649603,0.003150124
30032649604,0.0030430702
30032683902,0.1419431
30037859601,1.05744475e-05
30044456803,0.07593426
30044862502,0.15992233
30052399801,0.56730527
30064108703,0.13186507
30071014401,0.8234673
30074436902,0.00037104706
30074542704,0.0026221513
30075494602,0.14295486
30076192503,0.83198607
30080830101,0.9547742
30081008601,0.9665059
30081274101,0.99216145
30081274102,0.9785751
30087154501,0.9329622
30087154502,0.025381485
30087674601,0.868601
30094897301,0.21483505
30094897302,0.4338631
30095543403,5.385204e-07
30109886907,0.10494446
30115216901,0.9955428
30115379201,0.09930079
30116063801,0.08130069
30116063802,0.02798795
30125009301,0.6478247
30125334401,0.92840564
30130923101,0.0011496322
30131311901,0.97357947
30139977901,0.85250044
30154499103,0.00032685517
30154920102,0.12020215
30155164401,0.9656345
30160961501,0.032964837
30161355903,0.17323948
30175063001,0.17889893
30175063002,0.07430287
30175294302,0.66249436
30189600401,0.006894499
30189603002,0.036551874
30194895401,0.007838632
30194895402,0.0004749269
30195525702,0.6563449
30195634201,0.8543781
30195634203,0.009209432
30195635701,0.0007938306
30195635702,0.001069162
30205475701,0.90925336
30205497401,0.20001112
30298713005,0.00065892533
30298848601,0.04772028
30301363001,0.6119698
30301363002,0.4492818
30301363003,0.15645503
30301708302,0.13423826
30314365601,0.00029694877
30314365602,0.20326826
30326438701,0.03698107
30326438703,0.13690364
30326870702,0.8583995
30337329902,0.30658376
30339007702,0.011162611
30346690901,0.7528363
30346867104,0.030834286
30346972501,0.6860374
30348573003,0.0062205098
30348734302,0.000518131
30353147001,0.23093142
30355737703,0.0004298519
30365284401,0.008363482
30365617801,0.99184
30365717101,0.98603237
30371152901,0.74195117
30371572601,0.7999554
30378848702,0.08297042
30379358301,0.00012655965
30384110102,0.04363358
30384769801,0.9838251
30389946702,0.78882724
30390173001,0.39468008
30390173002,0.62072235
30399401101,0.25132006
30399951201,0.558855
30399951202,0.7393856
30399951203,0.6857489
30406573202,0.0023896182
30406638001,0.033694968
30407181701,0.003071295
30407182701,0.6193106
30407401202,0.039192464
30407503102,0.31106925
30407951901,0.8115497
30418255101,0.19507743
30419007501,0.6260793
30423779003,0.0017410923
30423787101,0.90826744
30424573801,0.8904926
30424590302,0.055581797
30427458401,0.0004674136
30427458402,0.00032718785
30432655001,0.96536034
30433113801,0.005703744
30444809701,0.5620823
30448101303,0.0012195655
30448178701,0.75674456
30448178702,0.67229366
30448178704,0.8572286
30454564202,0.095211305
30454785801,0.8449866
30466376101,0.35840663
30466376102,0.0115369735
30466456901,0.8029687
30469061801,0.9980387
30469061802,0.9474681
30470641901,0.5241639
30470818201,0.70748144
30472961001,0.17897886
30473644201,0.3153308
30476876901,0.31718165
30477444401,0.9983442
30477444402,0.9771658
30484227701,0.69185525
30485533602,0.0047539193
30486265301,0.0005853618
30486265302,0.0005820903
30486265303,0.0026832172
30486265304,0.0023695983
30486443401,0.19666876
30489838201,0.88373816
30490239003,0.002924585
30490342801,0.02566916
30501828801,0.8226541
30501828802,0.5531285
30501837302,0.8358474
30518186301,0.97664475
30532210702,0.00015088778
30532369303,0.0043251393
30532857801,0.7449113
30532986802,0.21967973
30542400301,0.99927574
30542556602,0.047402874
30552180001,0.30605626
30552180002,0.08020741
30575655101,0.22517799
30620131104,0.3266762
30627151403,0.0014399549
30635759303,2.1067643e-05
30645349904,0.00020787022
30646658201,0.48227757
30657320101,0.26363984
30657320102,0.5873894
30657378602,3.380553e-05
30657955001,2.949697e-05
30663508801,0.9907025
30663508802,0.7954559
30663842701,0.5723433
30672323002,0.04025409
30672377501,0.0773672
30673953702,0.00075830595
30677139301,8.6418724e-05
30677241102,0.0011220385
30679070201,0.54240304
30679543103,0.025058795
30682369201,0.0009879788
30689766403,0.0044253897
30692926302,0.010611751
30692926303,0.08020999
30692926304,0.033004448
30705737802,0.5010248
30709150403,0.0005815585
30715884502,0.001275532
30715884503,0.0010208352
30715939602,0.006888589
30732028202,0.0050084214
30732409801,0.24781573
30732748801,0.7063183
30739915702,8.112299e-05
30749068601,0.39182416
30749106901,0.012481595
30749112901,0.00019998045
30749239801,0.087459564
30935049801,0.009326088
30935054301,0.6713937
30935092101,0.9780937
30935092102,0.005046138
30941059801,0.46569768
30948580001,0.07593887
30948629204,0.0068441615
30948634103,0.011166837
30948634104,0.04584347
30954461202,0.403992
30963618501,0.2599991
30965471901,0.9816139
30965761001,0.29675868
30965822101,0.7111553
30965953001,0.46301153
30974462701,0.0016447059
30976004201,0.022031264
30979235701,0.9996203
30995649202,0.23464079
30996336201,0.99148494
30996340801,0.2187462
31009982901,0.8774498
31010281101,0.86432785
31010313601,0.9946228
31010421501,0.18832098
31017413306,0.14729148
31017948602,0.5165825
31018289901,0.3507789
31035510601,0.9801446
31041914304,0.004072397
31041979501,0.44314232
31041979502,0.012863516
31042640401,0.9669147
31050716202,0.00016748015
31050716203,0.00021810866
31050962601,0.0019623428
31051309701,0.004789664
31051309702,0.0034592226
31065631301,0.08762031
31066279003,0.0038815308
31066294604,0.35385385
31073216103,0.0032025066
31073348401,0.9409059
31079639803,0.0013617139
31079639804,0.0015419495
31079659601,0.57617396
31080328201,0.0005457047
31085579702,0.43951645
31086235905,0.0075313635
31095468503,0.06450174
31095512502,0.8164039
31095512503,0.4695356
31095512505,0.004929788
31095622501,0.09990567
31095960601,0.02310299
31095960602,0.06957761
31095960604,0.19842201
31102893306,0.14533241
31103481801,0.66287106
31110694003,2.772028e-05
31117500803,0.10468594
31124246002,0.0014886798
31139230601,0.018532973
31139241705,0.037859738
31141311301,0.0014679694
31141311303,0.010084601
31153074105,0.31226543
31153074106,0.83702236
31153137204,0.06533584
31153423902,0.117417336
31156458102,0.4546062
31189217004,0.060566343
31195859401,0.9038126
31196300402,0.00019658396
31226738103,0.0025141526
31238678201,0.71000856
31239040401,0.8111437
31239225801,0.8345541
31264122401,0.006746417
31275867301,0.09069421
31275884901,0.05700424
31287423601,0.4977405
31287423602,0.13967535
31287640404,0.01625572
31299226201,0.73777896
31299280601,0.14660116
31300028601,0.9625475
31312069101,0.20312344
31312069102,0.587237
31312389901,0.021412566
31312800101,0.37123597
31324528502,0.011113726
31335382501,0.40976644
31348201604,0.1377573
31360103001,0.6546302
31360186501,0.06507391
31360332501,0.00033990253
31360332502,0.00036919583
31360332504,7.630843e-05
31371563702,0.01367997
31384116301,0.116087094
31384116302,0.02368149
31384355301,0.96030414
31384390703,0.8785571
31384390705,0.124327704
31384645901,0.63252085
31394113801,0.9680217
31407379003,4.1239586e-05
31407379004,4.7957026e-05
31419413202,0.1843284
31443420602,0.80105585
31443586801,0.6086372
31444058201,0.0027847763
31444058202,0.0019557304
31456224401,0.50122404
31456224402,0.52569354
31456540002,0.19524004
31486596201,0.9513739
31493998303,0.0009234243
31494107001,0.0049121836
31494107002,0.01603207
31494111801,0.0016942499
31494111802,0.0035234336
31508122701,0.93850297
31519888203,0.29626027
31528635401,0.52881867
31551522401,0.0033550635
31551522407,0.4103778
31552073101,0.0067986203
31552916201,4.311044e-05
31552916202,0.00010707974
31552916203,0.0004910086
31552916205,0.01533365
31554413001,0.93477434
31554555501,0.43156615
31564628603,0.9635235
31566869501,0.014326077
31576279901,0.0069483183
31585451401,0.10588546
31585451402,0.6070624
31609788502,0.007818521
31634576701,0.50073254
31671014801,0.9025369
31685520601,0.5740904
31685520602,0.36029184
31685540401,0.01037946
31685540402,0.37589902
31685879501,0.0711198
31686730401,0.89097214
31715386201,0.79598105
31725062302,0.0025274323
31804494102,0.35849082
31818199701,0.010575167
31818199702,0.0062912405
31821351901,0.8075985
32227262801,0.8104301
32227262803,0.93985033
32290232001,0.0014589621
32290232002,0.0016493127
32290232003,0.0015936429
32300722302,0.00021771391
32300820904,0.005870652
32306061402,0.00016253072
32306315602,0.7261202
32306337701,0.7506235
32313365901,0.0045994646
32329547901,0.99892277
32335522503,0.92253935
32342670405,0.9371266
32342916601,0.71484005
32343234404,0.043441504
32344319401,0.0062674424
32344319402,0.10980206
32344329103,0.0007684965
32346111801,0.3285219
32351102604,0.0033219531
32352156203,0.93394864
32352169403,0.00067112054
32356256401,0.2840003
32356372903,0.008029356
32362403904,0.00022496849
32364689601,0.00028879874
32364689602,2.20412e-05
32364897501,0.043707147
32368510503,7.942126e-06
32372755601,0.0019936624
32372755602,0.17144705
32373224603,0.00021988759
32376232101,0.47922608
32376427701,0.00082228146
32376427702,0.0004502034
32383694501,0.0014680517
32383694502,0.0018205178
32383694503,0.0046407976
32383743401,0.9209369
32383743403,0.9969682
32386421903,0.00036040644
32387642601,0.966568
32387823602,0.0005482625
32396848403,0.0002160266
32396856601,0.001182262
32396856602,0.0009765416
32398924701,0.025325025
32399241101,0.5397477
32400358301,0.9942046
32401024105,0.43685833
32404819301,0.066273406
32411913502,0.00015849399
32412829502,0.028199727
32414433702,0.0031127797
32420035801,0.005735583
32420452301,0.9053966
32420575301,0.15793625
32420575302,0.4614901
32420822401,0.59584844
32420822402,0.020790722
32431692402,3.5738816e-05
32432445403,0.009401576
32442452704,0.8712343
32442469603,0.0066679562
32442833403,0.0005570213
32443497801,0.44772834
32443724004,0.053319063
32449469804,0.0011550798
32450262801,0.8361707
32460755801,0.01786167
32460851409,0.1775149
32461281201,0.0002676389
32461281202,0.00048743264
32465481104,2.4313122e-08
32474838902,0.31181535
32475731102,0.0056925924
32475935204,0.035624627
32476072101,0.23883086
32477497902,0.71203214
32477497905,0.90026265
32485285301,0.90082264
32485285302,0.5678066
32489057101,0.022249162
32489057102,0.017918365
32489275701,0.6250235
32489361302,0.04181621
32492783604,0.0035601829
32501276804,0.007682727
32556374402,0.38439465
32556436601,0.10893573
32556436602,0.35533202
32571096402,0.97979194
32571096403,0.19371828
32571629603,0.00043199764
32584736001,0.98664725
32587099002,0.000119085445
32587307601,0.0015142573
32587307602,0.0013626815
32588833501,0.19193126
32602282201,0.36254793
32612924502,0.00089484034
32612924504,0.0028141206
32622535503,0.48898232
32622535504,0.081231266
32638138401,0.440184
32640871801,0.9875212
32641199403,0.07779744
32641199404,0.057572417
32651018301,0.9367345
32659876601,0.702681
32659876602,0.22787337
32668934407,0.0005181681
32669214401,0.8021919
32669398801,0.96097726
32675196001,0.599503
32676001002,0.0021288753
32676544401,0.39093944
32677189203,0.0033171722
32690667202,0.020360522
32705486401,0.9333911
32706790601,0.0011339907
32706987204,0.004155255
32707125401,0.013077559
32707125402,0.006363654
32730440601,0.009634289
32738237101,0.7123218
32738237102,0.044415407
32738237103,0.5198811
32738995301,0.041449733
32739067303,0.6308387
32753630101,0.12712045
32784687701,0.92268693
32796910402,0.002403674
32814130501,0.028145704
32814453803,8.0296515e-05
32814799802,0.9170267
32815595301,0.9785622
32830675501,0.031740822
32830675503,0.00043547523
32845763901,0.9835255
32845763902,0.977076
32862415802,0.00068565446
32878113301,0.078329295
32894674901,0.043894973
32909842101,0.3304362
32910447101,0.9705451
32925562201,0.98114085
32939977204,0.002588121
32940118302,0.0006038669
32957299901,0.003572182
32957942701,0.97677064
32958050701,0.44055927
32972016201,0.8446728
32972016202,0.88666517
32972706401,0.01024155
32973392601,0.32217672
32984872201,0.4299599
33016782201,0.7226019
33017591802,0.004650198
33017594302,0.19822921
33035746001,0.020207373
33051467502,0.8196662
33051605001,0.0003547044
33080881201,0.05387112
33096295001,0.31156802
33096890201,0.98991185
33113133001,0.63606495
33125910901,0.048251472
33125910902,0.0040288977
33143630901,0.4309051
33158594701,0.016515162
33159736001,0.103145726
33176314802,0.18481731
33177386502,0.6661372
33177387502,0.7852382
33188966805,0.091812186
33189172901,0.65378904
33202650201,0.1392836
33202859802,0.0055992184
33218409501,0.9743189
33218409506,0.010352531
33219007502,0.020025114
33219100502,0.18291461
33219394901,0.004815865
33244230008,0.0038735874
33244372401,0.94345164
33518625602,5.1679984e-07
33519369401,0.54959387
33520653102,0.9736621
33520653103,0.27712235
33540139101,0.010205477
33540210101,0.99457693
33554524001,0.7493197
33554524002,0.6547493
33556261502,0.0071002617
33570153601,0.8345245
33570153602,0.90349656
33601247201,0.31368294
33601247202,0.1695412
33602313701,0.027774457
33613706502,0.0023217537
33614287701,0.07333421
33614287705,0.66093934
33614552001,0.0036796792
33657475801,0.8669053
33670052102,0.020825893
33670730501,0.77708054
33685520901,0.708612
33686333101,0.23425151
33696405901,0.0032622113
33696405902,0.00038759309
33697138001,0.32570064
33697191503,0.049931146
33712610301,0.07580657
33719302801,0.80393726
33719312802,0.13765956
33719535302,2.7441472e-05
33720058701,0.021450378
33720058703,0.010638478
33727469503,0.4788796
33734938102,0.06392947
33739324701,0.98253816
33739881902,0.000830106
33740881301,0.93221205
33743756601,0.545043
33743756602,0.00039505088
33756090701,0.4299032
33769074701,0.43721923
33780683201,0.9068793
33787999701,0.92922723
33788545601,0.8953923
33794511901,0.7800585
33794511902,0.824534
33795222901,0.5449244
33799519402,0.0008233584
33799519403,0.0022653907
33800923301,0.56205904
33809866701,0.98574173
33811950201,0.04771452
33823254301,0.8507604
33829381102,0.91510487
33835052701,0.9609631
33849206802,0.015087818
33849356703,0.0046681003
33863576701,0.56152415
33863576702,0.08850563
33873659101,0.00085793226
33873673301,0.20131806
33873673302,0.2595504
33873942601,0.015393853
33885756704,0.0047165547
33885997804,0.22120877
33901599101,0.94586885
33927944001,0.97415876
33944248401,0.065708555
33955867801,0.64922565
33956336701,0.0023373188
33956342601,0.002384595
33956454401,0.00040325386
33956455101,0.0006060736
33956484501,0.0017227262
33956545201,8.581749e-05
33956554206,0.20145789
33956558401,7.95532e-05
33956558402,5.704825e-05
33956558403,1.4459119e-05
33956573901,3.1904307e-05
33956573902,6.305178e-05
33956574001,4.8258236e-05
33956574002,3.654867e-05
33956798501,0.0018795411
33956798502,0.011934843
33956800601,3.8692415e-05
33956800602,4.855188e-05
33956800603,0.0007795449
33956805901,0.009110017
33956807101,0.026680928
33956807701,0.00014356356
33956807702,0.00014124477
33956807703,0.023348497
33956812501,0.00063465233
33956817001,0.00011072788
33956817002,2.7869872e-05
33956817003,1.1796e-05
33956820001,0.00017391687
33956820002,0.00041062027
33956820003,0.0016611995
33956824702,1.0
33956824703,1.8279152e-05
33956824705,5.62916e-06
33956824708,6.104971e-08
33956827001,0.001897769
33956832801,3.5618537e-05
33956994201,2.1424798e-05
33956994202,4.1671963e-05
33957015301,0.00286957
33957015302,0.00078299467
33957026001,6.284581e-05
33957026002,0.00013424047
33957300901,0.07237934
33961188301,0.9423021
33963358402,0.0001927866
33968020301,0.008590366
33968020302,0.00064009096
33968055201,0.0023899884
33968213401,0.91812825
33968283004,0.0005177956
33968544502,0.014907023
33968544504,0.40094888
33968815801,0.461819
33968950202,0.85714763
33972309902,0.011851875
33973301301,0.9750201
33973301302,0.56863654
33973301303,0.7623247
33975272901,0.8148786
33975656101,0.6520105
33975889702,0.0545269
33983299501,0.16738892
33983649001,0.79231423
33991355001,0.88501924
33997920001,0.62114555
33999003801,0.00012906504
33999003802,0.00015592643
33999003803,0.001336563
33999003804,0.001588646
34009360401,0.0065703667
34013076702,0.86912006
34013076703,0.027717542
34013076704,0.006153598
34016460202,0.6119042
34016616701,0.8973389
34017008002,0.7812851
34020604405,0.009076764
34027438401,0.14388868
34028148307,0.006083703
34028560001,0.80580544
34028802201,0.0013287022
34050494501,0.060596872
34062040703,0.030910589
34062928903,0.004257155
34063019701,0.6476786
34063019702,0.33196455
34067038701,0.014899603
34067052301,0.0026244726
34067092201,1.479413e-05
34067135701,0.71014535
34084498402,0.3329655
34084582603,0.22341156
34084689101,0.0816523
34084689102,0.0035995212
34086810801,0.6522022
34086831801,0.9984456
34086991502,0.00023166151
34087762601,0.95859605
34087762602,0.9397496
34088361401,0.95069796
34103148002,0.00092477107
34108527302,0.0025016079
34108771701,0.38919762
34114294302,0.00035625498
34114294303,0.0010160526
34125076101,0.73539436
34125818201,0.008001337
34125818202,0.00038241252
34125998901,0.22349252
34126184601,1.4268136e-05
34126184602,1.82419e-05
34126197001,1.50899305e-05
34126197002,1.8191082e-05
34133886502,0.00284304
34138218301,0.0018006999
34138220901,0.012939988
34138220902,0.0862233
34138525601,0.966284
34139966801,0.028795775
34147057401,0.9661115
34147057403,0.81342447
34147613001,0.9979651
34147927603,0.0008263443
34151302001,0.22897847
34151521401,0.045497637
34151521402,0.0056182416
34151535501,0.017311275
34151535502,0.0042684497
34152008201,0.5794819
34152033401,0.0022762904
34152033402,0.0012787157
34152033403,0.005320016
34159787501,0.87928265
34171016301,0.98632413
34171016304,0.045024615
34171577402,0.012546898
34180339901,0.8633682
34180340101,0.6844988
34180590801,0.9511931
34180590802,0.0857675
34181881101,0.88382095
34183842001,0.57455426
34191252203,0.67848885
34191720604,3.5153484e-05
34191720606,6.8315334e-05
34195221801,0.29533517
34195503101,0.008563209
34195503102,0.0072926134
34204300801,0.23221436
34204465701,0.93749505
34205138703,0.050932184
34205138704,0.11006812
34213578102,0.05237146
34223289101,0.537759
34223686701,0.765808
34225913701,0.0037129093
34225932401,0.0038553395
34225934401,0.01571036
34236051401,0.030378142
34236051402,0.12523255
34239922001,0.0286749
34239922002,0.0006226053
34246945501,0.6940737
34246945502,0.096435815
34247401001,0.96268046
34247401002,0.5539773
34255472301,0.10267621
34255632101,0.80080616
34256752902,0.003213692
34256752903,0.102534465
34256769501,0.7508476
34261796801,0.87585855
34268386002,0.84093547
34270269903,0.0027692583
34270269904,0.005015183
34291558001,0.016114926
34303199501,0.9137516
34303480901,0.55733395
34311938102,0.0016367038
34316698301,0.67529637
34316698302,0.22400725
34325328205,0.0024327259
34326030702,0.037639417
34329605902,0.0038804119
34333867602,0.33881986
34336548101,0.6369486
34336548102,0.9512817
34336548104,0.54920244
34337716901,0.9724458
34337724601,0.5332292
34337745701,0.0060159997
34337762402,0.34848544
34337834501,5.8062047e-05
34337834502,3.234468e-05
34338368101,0.00081582804
34338368102,0.000529149
34344943703,0.31113115
34354122201,0.6904904
34357397102,0.4686467
34357397104,0.8020365
34357397106,0.02821736
34357569402,0.6149665
34358582401,0.6379148
34358700001,0.99832565
34364733501,0.83295757
34364813603,0.95510477
34364945401,0.9656849
34365125505,0.061224073
34365219603,6.563531e-05
34368152403,0.0017234262
34368187801,0.70680046
34368487603,0.000111763635
34375729902,0.007927226
34376193202,0.51749784
34376436001,0.50118107
34379800101,0.23234119
34379949301,0.00015442341
34380086601,0.89218765
34385424001,0.9530272
34388482501,0.6468364
34388482502,0.7953495
34403162701,0.91846466
34407735302,0.0010764119
34411135901,0.121808015
34411269001,0.0029721628
34411575001,0.23336259
34423230001,0.95209736
34423441402,0.01713736
34425865701,0.0001352498
34433722504,7.371708e-05
34433722506,0.0004428466
34433771301,0.036785252
34433870301,0.1507166
34433870302,0.0061251405
34435187103,0.0042812387
34439801801,0.99847645
34447050903,0.008618624
34458859903,0.005672277
34460040201,0.9250301
34460426301,0.009755432
34466759001,0.87624794
34467085401,0.44179285
34467085402,0.40730134
34467569401,0.8598028
34469160301,0.9297166
34479463202,0.0012851604
34479692104,8.894355e-07
34483848801,0.9686558
34492558801,0.0069305543
34492558802,0.007810035
34496460802,0.022862034
34496955003,0.4283036
34497489301,0.8426332
34509282901,0.94543976
34509763401,0.05774764
34509763402,0.10798739
34517331502,0.019709093
34520447101,0.69587153
34537130801,0.16105759
34554436101,0.78408253
34554436103,0.94661117
34554812702,0.0014565467
34555184101,0.5697866
34555184102,0.006266873
34555192801,0.0007982287
34555390101,0.5853035
34582224601,0.95665324
34634767701,0.9902035
34639827902,0.9547199
34640522601,0.17358993
34652034102,0.032411877
34660497801,0.13752633
34672609202,0.008295938
34672720101,0.014851362
34672720102,0.014271593
34672720901,0.3999232
34672792602,0.55510235
34674306203,0.34101954
34677039204,8.9450004e-05
34679228101,0.99794835
34679523601,0.6948975
34679674101,0.031222088
34681068601,0.050739255
34681288703,0.0001453747
34681395001,0.16787134
34682256401,0.025214013
34682501402,0.00073868915
34683058301,0.014051184
34683058302,0.0038857544
34690292304,0.19804421
34691262301,0.9817861
34691262302,0.0709321
34695350801,0.7354734
34703035501,0.98435867
34704243201,0.011443325
34704243202,0.0019546447
34706869302,0.0016387565
34708176101,0.00037251457
34721352101,0.050941728
34728360101,0.975843
34729037202,0.089438014
34736944701,0.005429306
34736944702,0.006495979
34746077901,0.023140198
34746554101,0.0021928572
34761353601,0.79244065
34761473301,0.10901967
34761473302,0.019653516
34762087002,0.023468662
34765644407,0.0079963
34765691101,0.1214864
34765691102,0.061886244
34765706602,0.0005161886
34774338901,0.9194571
34778028501,0.9968322
34778558301,0.5909513
34778704101,0.006190083
34787326202,0.0014347811
34787435802,0.972692
34800682402,0.001227963
34804054501,0.83294135
34804243901,0.9337686
34804243902,0.15437382
34813042001,0.0020485146
34816801901,0.7074591
34817119901,0.99183065
34817645401,0.9161279
34825025901,0.7054682
34834137801,0.91919637
34834462207,0.0059637255
34840107101,0.0301792
34840107102,0.00013921208
34840107103,0.00079349976
34840107104,0.00026428385
34844886401,0.8164482
34845963501,0.9519663
34846082901,0.9281147
34855628102,0.91749406
34857057501,0.77815837
34857132608,0.0028193437
34869424701,0.63404924
34869926003,0.008449281
34876244101,0.23554301
34876345301,0.04723157
34877117902,0.99064857
34883961101,0.07993354
34884124202,0.00014036307
34885229801,0.27777612
34885229803,0.40169236
34885360504,0.026901603
34889719902,0.031086156
34889867301,0.0061058253
34895779302,3.104129e-36
34897218401,0.9837249
34898480202,0.5296726
34898568201,0.5893566
34899109903,0.0014897643
34899746702,0.0002443357
34899761203,0.00012690984
34905944803,0.079417095
34909514901,0.9983103
34914500401,0.5896178
34915449001,0.5518165
34923744201,0.17912461
34924096101,0.20303582
34924366501,0.00010716902
34924593002,0.9664177
34926970102,5.5056616e-06
34927000101,0.052961953
34927000102,0.11477499
34930944202,0.006051671
34930944204,2.5364812e-09
34937159501,0.077356845
34937159502,0.008466202
34937319201,0.0008516957
34937319202,0.00053652655
34940722801,0.00011737175
34943397602,0.1772348
34943397604,0.8832772
34948459501,0.070426576
34953966501,0.55854
34953966502,0.46195194
34954340105,0.57414204
34954411201,0.6976772
34964460603,0.012889622
34964851002,0.008718729
34967968101,7.767685e-08
34974792902,0.21810706
34975139306,0.0014364616
34975697201,0.8681687
34976705101,0.27843422
34978691601,0.99635196
34978691801,0.9970438
34980504401,0.8839032
34983282402,0.002839153
34986285201,0.44488224
34986542306,0.01869584
34989255901,0.5640641
34996391402,0.8032342
34996426403,0.0004231081
35000584601,0.28793022
35014629601,0.6053532
35015411901,0.90284663
35027646202,0.00022982257
35027706202,0.077298105
35029767702,0.038192235
35033350702,0.004247633
35033613202,0.9204033
35035563201,0.012732209
35043133501,0.0044141444
35043133502,0.005045861
35043133503,0.051069528
35043133504,0.04910033
35046762401,0.467268
35047910101,0.26713273
35057599701,0.99233025
35067974502,0.0012635303
35074247502,0.049083978
35074371401,0.99690515
35076779401,0.19194785
35079640702,0.33835286
35080347202,0.0002132267
35080347203,0.0008597455
35080469601,0.994131
35080884002,0.026633035
35080884004,0.036197163
35084283801,0.4246698
35084283802,0.53191805
35084633401,0.69880337
35085346601,0.9832704
35085351302,0.00059815333
35085871301,0.003597623
35085952701,0.17557466
35086063103,0.0026599464
35093067201,0.00050378666
35096515901,0.017864667
35109238501,0.9927965
35109482008,0.0037520542
35118188003,0.14673445
35118188004,0.419075
35127512701,0.8859546
35128467801,0.98778206
35128529701,0.99431604
35200055801,0.59062266
35200331801,0.6906724
35201671601,0.94645673
35201690402,0.76032037
35208100106,0.4144
35214110704,0.6594031
35222923701,0.77101415
35222926801,0.9939202
35222926802,0.9750522
35222926804,0.9724635
35494479401,0.01959215
35663935001,0.0035422714
35663935002,0.008575244
35667591201,0.7515383
35672996605,0.107772686
35673165502,0.0010165526
35674784701,0.7803171
35674812701,0.34396818
35674812702,0.9980489
35684659401,0.3984226
35685023207,0.012984302
35704416301,0.99459076
35710407107,0.00010840209
35710535202,0.00042326428
35720575001,0.02953575
35736262304,0.036223203
35736262305,0.01671929
35736262306,0.0025908719
35751024701,0.0039583943
35760973002,0.0019326832
35765997203,0.0102371685
35766231601,0.8334695
35766231602,0.9970661
35770930001,0.9495796
35790947801,0.10077659
35791120202,0.7278322
35802074501,0.9597225
35802216901,0.0011848338
35802216902,0.00107287
35802216903,0.0020148403
35804784102,3.9667117e-05
35807104902,0.8852225
35810812602,0.055457707
35815476402,0.18516114
35815644202,0.7833766
35817632901,0.0068517025
35829066803,0.0008497757
35829066804,0.00017541896
35833558603,0.017014787
35833558604,0.015965944
35840238203,6.1175656e-06
35899383104,0.0010291092
36008791501,0.045493614
36008811302,0.0016549492
36008887102,0.0032179186
36021781301,0.026157914
36022222801,0.8837029
36032014601,0.118311815
36032455801,0.07007559
36039503701,0.96267563
36045755301,0.020430872
36046316002,0.030881908
36054824702,0.00012311546
36054824703,0.00014070846
36060567001,0.7823403
36061757001,0.6297813
36069853903,0.13712208
36080075401,0.16857299
36084805604,0.45017713
36085112301,0.049596652
36085112302,0.22416943
36095173901,0.16796744
36095173902,0.07317522
36095868901,0.03570847
36103419601,0.5994449
36103419602,0.08180441
36107451001,0.6465877
36107514601,0.052311815
36107514602,0.008303658
36108230204,0.813478
36116866004,9.826718e-05
36116875103,0.0004934351
36116875104,0.0003474815
36116900301,0.12500335
36116904201,0.8955022
36117072801,0.65068454
36117247901,0.80129766
36127261201,0.14062035
36133308901,0.50893587
36145892301,0.9901335
36145892302,0.1945031
36147312501,0.026891613
36171360202,0.19336271
36171769701,0.88314456
36179375701,0.98374313
36185866701,0.0013575705
36185866702,0.0011303463
36186370501,0.028214281
36186370502,0.021720363
36195723703,0.00042143065
36195801301,0.0009454056
36203025201,0.12947078
36208509801,0.986336
36208633303,0.0004235533
36208897901,0.12728798
36211110402,9.859495e-05
36211110403,8.32408e-05
36211346601,0.9101026
36212163901,0.011851398
36212242702,0.0001868278
36212242703,0.0003179358
36216542102,0.94561505
36223421902,0.00017229668
36223421903,0.00013698592
36224167401,0.08875687
36232245001,0.8366036
36232355002,0.043737583
36232355003,0.021247786
36232355004,0.037771285
36232651002,0.50086504
36232651004,0.09997121
36232773002,0.59032273
36238452701,0.91440284
36247892101,0.04576279
36248081501,0.56643856
36248365501,0.063136406
36254444201,0.42094296
36254444202,0.051861312
36263133101,0.90143365
36265887103,0.0028459458
36266522904,0.09855002
36266522905,0.05879174
36270472201,0.606882
36270988601,0.9951748
36270988603,0.24800622
36273479503,0.33424184
36273577502,0.07344392
36275381201,0.9498312
36282250301,0.9232258
36282547001,0.0017178518
36282547002,0.0015059966
36283395302,0.3380013
36294416601,0.0013671269
36294416602,0.22228357
36294440401,0.27417353
36294440402,0.0005107803
36301457701,0.57742757
36302476706,0.27850217
36308238301,0.85213995
36308617801,0.9807473
36314054702,0.028139789
36320794101,0.49577445
36320794102,0.9368289
36320794103,0.8744915
36321484301,0.028767632
36321759401,0.0029832334
36322109602,0.44307202
36323171601,0.94168633
36326755601,0.019253105
36327032201,0.7731404
36327080203,0.00027355892
36337105701,0.0037009856
36337231302,0.029782731
36337240301,0.96906406
36341472201,0.00502607
36344758501,0.90097326
36348116302,0.107932545
36348116303,0.91106683
36348116306,0.646078
36352747501,0.21184589
36352858301,0.5362567
36360033001,0.0013162651
36360033002,0.0014767208
36361158305,0.03626273
36371002801,0.44751176
36373876501,0.96158093
36373876502,0.42312273
36379019501,0.9589258
36379071001,0.31129256
36379071002,0.0049924655
36379566801,0.8883899
36379882103,0.04915798
36380507102,0.21905719
36380507104,0.33952063
36392558001,0.8464352
36393331302,0.091231495
36397797801,0.9198093
36398418002,0.54607815
36401811703,0.00022282668
36410692902,0.0029220155
36410775301,0.9944174
36411583601,0.10268542
36413262801,0.96938086
36415342401,0.00060589245
36415342402,0.0030069905
36416385202,0.0004883634
36416490701,0.0077040326
36427960901,0.31134766
36430211801,0.07505355
36432638403,0.025729118
36432638404,0.010357903
36432704501,0.38875175
36435035401,0.1985636
36435264902,0.27454197
36435444301,0.007118274
36435462401,0.8424925
36454463302,0.04516331
36454478304,0.30613405
36454523401,0.4263325
36454711201,0.00025969086
36454711202,0.00078356615
36454918901,0.97390395
36462547201,0.89721626
36464290004,0.057523437
36464600202,0.5019591
36478500901,0.17494768
36478500902,0.3897837
36478500903,0.7364965
36479758401,0.70539075
36479758402,0.010284969
36487354001,0.076205336
36487915501,0.10584681
36488054201,0.8809053
36488198001,0.18558948
36494463301,0.7983809
36494463302,0.11888317
36501436301,0.88428175
36532521703,0.030392593
36532562101,0.821921
36546786701,0.16564178
36546910701,0.061752625
36555694502,0.0017906966
36566262301,0.8441168
36572172402,4.686517e-05
36572727101,0.03012759
36573020702,0.8564404
36577423401,0.8597715
36589085601,0.5016216
36589718401,0.8337278
36595339605,0.14126442
36595339606,0.04189967
36599889601,0.06645661
36600046901,0.4396522
36694633201,0.96003497
36695394901,0.47894752
36695840901,8.5291525e-05
36695840902,0.010229845
36705891203,0.0009965156
36713674101,0.0004649536
36713674102,0.000615269
36713674103,0.0013753095
36713674104,0.0017411152
36713674106,0.0021183311
36721580201,0.5117418
36721931201,0.73063964
36721958701,0.0010593972
36722441201,0.003068159
36731106001,0.17519607
36737894004,0.24490698
36747358301,0.6055541
36747663301,0.00039753577
36747663302,0.0029935387
36747812401,0.33396855
36747812402,0.8763265
36748491302,0.0014604505
36757208301,0.7170025
36757282501,0.15080975
36757806102,0.7129329
36766053402,0.0014521859
36767139701,0.580438
36782403903,0.006380108
36783273701,0.03173136
36789557801,0.00019068817
36790475303,0.007087261
36797561603,0.0010369717
36808504701,0.90623814
36809595301,0.90369064
36847142601,0.16325165
36847142602,0.007439477
36847142603,0.0017299916
36857403002,0.9152418
36874788203,3.3323355e-05
36874802403,0.00047781947
36875330301,0.42986417
36876173401,0.0647392
36885458503,0.09938077
36893059701,0.44347808
36893059702,0.5752477
36893454001,0.71627855
36893454002,0.6083839
36898885202,0.072133705
36900681701,0.95536005
36910254905,0.11628916
36922914301,0.4377175
36925302301,0.71243167
36932794701,0.9989484
36934506401,0.99906665
36977912701,0.8840034
36981850803,0.0006155713
36986473801,0.99393857
36996295501,0.8668841
37004042101,0.4514382
37022670202,3.3421962e-05
37024349001,0.19458182
37246364501,0.068103984
37253040102,0.0036808357
37253040103,0.0011863569
37253486701,0.0074913576
37253772901,0.9173303
37253773301,0.9456008
37258954001,0.925963
37266297201,0.008560148
37266297202,0.005483009
37266342501,0.028138984
37267053501,0.47823837
37267063501,0.05999859
37267063502,0.3114104
37267351104,0.3880933
37276861902,0.000940425
37276896503,6.4711276e-05
37277343501,0.95233816
37284782901,0.8629354
37285035701,0.01733353
37286911101,0.039665487
37290811001,0.000478222
37297899306,0.0009252567
37298707301,0.45296803
37301560401,0.0040237503
37352305102,0.9186421
37359477101,0.7284313
37376857602,0.0033461824
37384385701,0.7156596
37392837401,0.17315021
37401666004,0.032566566
37485899901,0.6687372
37486059001,0.3400387
37491198603,0.23960039
37503656702,0.40484565
37503656703,0.68492347
37505958701,0.98934174
37505958702,0.9977946
37508912402,0.003283311
37509071701,0.03894586
37522151901,0.83954924
37522191803,0.3559025
37522254905,0.014150556
37522254906,0.017914668
37522254907,0.017911058
37522268303,0.0067506307
37522308001,0.9858271
37522545301,0.4015185
37522545302,0.9536134
37527395301,0.9769051
37613191501,0.12187354
37740736902,0.9904417
37775945505,0.33028722
37785944501,0.0024425155
37809361001,0.9985008
37834445701,0.96590984
37855542301,0.99007493
37856305901,0.6144377
37856305902,0.8911814
37866689001,0.009096173
37866689003,0.020668058
37874201801,0.80814415
37874634801,0.08155798
37874634802,0.0017342016
37875221802,0.28799492
37886884902,0.838042
37923400201,0.40297294
37923400202,0.700255
37924036001,0.12844042
37926673701,0.0012572913
37929030002,0.592313
37934964301,0.023545923
37935463503,0.0022319106
37940371801,0.78398687
37940792702,0.012296897
37940792703,0.09495446
37941054001,0.84061104
37961831901,0.94959486
37961831903,0.18181476
37972308601,0.9972639
37980177503,0.009253882
37980177504,0.009388975
37980419501,0.46715575
37980635802,7.982813e-05
37985274801,0.9102287
37986534701,0.5070219
37986534702,0.005508302
37989769601,0.884249
37990919501,0.453621
37997324601,0.014407457
37997366801,0.0022645046
38000137401,0.82326615
38008474301,0.09886614
38008474302,0.1221678
38008474303,0.07364069
38008551702,0.7230764
38017354002,0.008382986
38021153801,0.87440866
38032669301,0.92278355
38033014202,0.00057023496
38033014204,0.00038003662
38033437201,0.00020899283
38033437202,0.0018819083
38038582102,0.016932297
38039496401,0.593285
38041913901,0.024629531
38042259101,0.8857339
38053978405,0.0011622836
38053978406,0.0032357448
38065667301,0.3558794
38066437101,0.8144422
38071050103,0.005945657
38077004701,0.0064003323
38078325201,0.76750314
38086277001,0.05637726
38087068801,0.9802356
38091027701,0.8813685
38091623502,0.0038396325
38091702701,0.6178161
38097651501,0.008867837
38099717802,0.009839846
38104850602,0.0007414792
38104850603,0.00059995527
38109183801,0.5582783
38114124601,0.68713945
38123214401,0.11047375
38123214402,0.20608953
38123745204,0.0071437936
38132860101,0.8316071
38133345501,0.047186326
38135169604,0.0109066265
38144788301,1.28165975e-05
38144788302,1.1727547e-05
38154886602,0.20938934
38154886606,0.27278328
38155188001,0.8264934
38155985502,0.0027613263
38164772203,0.0044804527
38172444401,0.42013034
38189791701,0.9981639
38190750205,0.049228355
38190750206,0.043376356
38191909001,0.9665807
38192119303,0.84981835
38192515602,0.05410448
38194976102,0.2767292
38197796401,0.07557629
38198711805,0.0029378412
38200958001,0.00011786162
38200958003,0.00013068385
38201108601,0.9770206
38201634801,0.9095592
38202842501,0.9610547
38204309802,0.18924668
38206916001,0.002947737
38206916002,0.0013367468
38207297301,0.00033738557
38207297302,0.00053725665
38207502502,0.92978585
38207504501,0.90098536
38214552103,0.0054890555
38214863502,0.9028511
38218954202,0.1831142
38219619302,0.98997456
38219944102,0.013538496
38225200201,0.11681514
38230868402,0.020559035
38231035801,0.843312
38231205201,0.00027770587
38231205202,0.00022503354
38231224302,0.64589596
38272885901,0.02813987
38282336802,0.0006799209
38282769901,0.18741976
38291581101,0.9855984
38318130001,0.7361389
38326621001,0.88141704
38326621002,0.25958502
38350309001,0.021791138
38352567802,0.02811633
38352567804,0.078656204
38359428206,0.00046560317
38359434101,0.0048281294
38359434102,0.0011701067
38359436001,0.18736286
38359524203,0.0007178999
38371649601,0.00044391022
38372751002,0.94261587
38374689203,0.0009317464
38401591501,0.08971042
38401824003,7.0506416e-05
38402184601,0.67832315
38406533702,0.03594981
38407312201,0.04026078
38407312202,0.0046630604
38407462901,0.06400504
38407462902,0.5238585
38407470502,0.28907868
38414505401,0.14759474
38415584401,0.9670863
38415604302,0.014415003
38429880802,0.09721999
38434431002,0.000116739226
38438583501,0.8711066
38438596901,0.08671559
38438622107,0.2623021
38438622108,0.0006476321
38438859701,0.28530142
38446538201,0.8795856
38446538202,0.8612206
38446538204,0.81029826
38453643001,0.99404514
38460931201,0.00035468236
38482355601,0.9603224
38482944004,0.0011513778
38710796102,0.08100909
38813192401,0.008374545
38823584501,0.0012144642
38828704701,0.29550824
38882036303,0.17210723
38884523303,0.9469119
38895168402,0.0012884738
38907088401,0.57645255
38915972501,0.8939499
38916880801,0.4825683
38928579101,0.016985493
38928698901,0.0010853809
38936374501,0.061886784
38936728001,0.15470213
38938234801,0.003782381
38943736501,0.4251212
38956470001,0.09034469
38956548103,0.0017269577
38956733003,0.00017271837
38957019601,0.0021088761
38957352702,0.90502894
38957603501,0.30544063
38958027702,0.00536296
38964397501,0.85246164
38965089503,0.005565208
38966979601,0.5991828
38966979602,0.46323717
38967796901,0.019472657
38967902901,0.016443796
38968293302,0.0023123682
38968293303,0.0038152235
38968293304,0.005301077
38968406001,0.07256058
38968406004,0.0057500103
38973327501,0.6073481
38973494601,0.793708
38974765904,0.1622206
39008315901,0.8224681
39013742002,0.00022605895
39014207204,0.001750335
39014902701,0.00048243592
39015054702,0.9293534
39021550001,0.89210576
39021912601,0.0033667744
39030588101,0.23176652
39042770302,0.0014877554
39043477701,0.0046965857
39072352903,0.7959914
39081767501,0.8913517
39081767502,2.09961e-06
39174454004,0.0017281944
39174526001,0.84227216
39181283901,0.81564844
39188739001,0.016543072
39188798802,0.020458095
39189425701,2.3636487e-05
39189524202,0.0816297
39190306401,0.990391
39190306402,0.9936831
39190467002,2.6750723e-07
39194988001,0.99902904
39202492501,0.48401964
39202492502,0.22779141
39202492503,0.31828982
39270667701,0.9457682
39303086901,0.0981785
39303285301,0.1509238
39308647301,0.8777494
39374762801,0.79770863
39422819607,0.0010645689
39422819608,0.0011451362
39423379001,0.059499297
39423698105,0.3642255
39424416702,0.23500562
39427900401,0.4263041
39427958702,0.09919798
39428451701,0.6647388
39428451703,0.73566693
39433218702,1.90154e-05
39433576002,0.9425936
39434031901,0.9184216
39434190102,0.006720174
39435605006,0.7566074
39435729401,0.7837519
39445526701,0.0051193614
39449001201,0.7704928
39456111901,0.99923563
39456260903,0.0076670097
39456260904,0.005647672
39456288004,0.0009816109
39459353002,0.00018251174
39459416901,0.26625824
39459426002,0.06172587
39465795201,0.010546143
39465797201,0.009598265
39466088802,0.022519734
39466131401,0.76085234
39470219102,0.017226558
39471160506,0.00126716
39471533201,0.31235477
39471614602,0.0003829176
39472987501,0.99659145
39481226301,0.0021832692
39481226302,0.009800364
39483187602,0.3255977
39491277004,0.4605663
39491558303,0.773968
39497269002,0.0030507857
39501170604,0.9968851
39506494702,0.37751442
39506618601,0.6021419
39551584601,0.99746716
39551599201,0.013546338
39551599202,0.003383271
39574267601,0.087170795
39574626502,0.0001756663
39585561207,0.21940565
39585705301,0.24833304
39603767901,0.88349295
39610664101,0.99768925
39613960703,0.079859875
39614288801,0.25678557
39617007601,0.4097668
39621349201,0.03859952
39621753701,0.0017215619
39624496701,0.91857696
39624770001,0.03166838
39624770002,0.037233397
39625543705,0.565295
39636522602,0.004409629
39642179302,0.043711778
39646733002,0.010265914
39653739902,0.0016814502
39653945901,0.9456496
39654389101,0.9826323
39664803601,0.1890181
39672022301,0.7672825
39690392701,0.8285739
39690460304,0.008843929
39690628101,0.6483985
39690779201,0.9900827
39703122703,0.0008894637
39703232401,0.7649709
39704082303,0.013167677
39710897801,0.98840696
39713731901,0.1759457
39716216201,0.340763
39716261101,0.780678
39771048501,0.74018115
39781653902,0.0017555449
39790433502,0.014892666
40151315403,0.016888557
40156111901,0.83504313
40156772201,0.9594123
40157397301,0.49026933
40160576206,0.24720216
40160692302,0.0066882586
40160803902,0.3173561
40167060701,0.0017343113
40167609403,0.090610795
40167800701,0.9913931
40172697304,1.0400603e-05
40177037001,0.8339737
40179595201,0.8162575
40182156702,0.6771375
40183362602,0.25234625
40185908804,0.019028135
40185908805,0.020590138
40185908806,0.017846266
40191380301,0.9942636
40191435702,0.8859065
40191608001,0.016277315
40198062401,0.9997961
40198264101,0.17051828
40203032802,0.81602836
40208591104,0.013002769
40208591105,0.0054343254
40211128901,0.98017037
40232963101,0.033131637
40245420401,0.012663902
40245490901,0.23670241
40245695801,0.06285675
40245713701,0.46273687
40246341803,0.0028714451
40246930501,0.2027095
40247471401,0.61532354
40247729204,0.11594582
40251280703,0.093659565
40251355701,0.4189641
40251355702,0.3747209
40252725401,0.93299663
40258614101,0.33997422
40258614102,0.008801506
40258624001,0.061589234
40262134301,0.9645791
40262523401,0.14323446
40264677607,5.2745673e-08
40264910601,0.5160675
40265106901,0.8943129
40267559901,0.001597942
40270895301,0.88978904
40271028001,0.99725634
40271155502,0.90414524
40271275802,0.00050693925
40271275803,0.009562347
40271275804,0.0011469697
40274558804,0.37020305
40275905302,0.7099755
40278607005,0.10043644
40279311704,0.13360359
40279502301,0.8540333
40280028803,0.033542223
40280028804,0.19102491
40283749502,1.11338195e-05
40284010606,0.116250604
40284375204,0.008695688
40284583801,0.038480695
40285466203,0.00745406
40288513001,0.8770343
40292001201,0.0054060835
40297013001,0.0003560078
40297079601,0.9159451
40297297201,0.14719035
40301654403,0.0043679182
40301901402,0.16678819
40302986402,0.34452853
40304471502,0.7873
40304471503,0.6931829
40307506702,0.9942439
40308377501,0.0006516129
40312524701,0.8183126
40313150604,0.023718711
40322650502,0.057550985
40322738202,0.15623745
40332051801,0.011069002
40332051802,0.08569055
40332088805,0.007244987
40336436001,0.9709608
40336671602,0.0006511785
40336674402,0.1718077
40336742001,0.009566522
40351167001,0.39346492
40356794903,0.0014724237
40356857801,0.7927725
40424173901,0.2108975
40434450701,0.00012032475
40437995307,0.0034313295
40441563501,0.56208944
40443166301,0.8816531
40451664502,0.051490843
40477056201,0.5929461
40477658205,0.7809308
40477792202,0.025120694
40479715101,0.78413427
40479715103,0.067673676
40479778401,0.043360904
40483253101,0.1161896
40484930201,0.003790271
40492766102,0.27503133
40493349302,0.9935464
40493394702,0.1405777
40496996901,0.30281135
40512956003,0.8244046
40512956004,0.70845234
40536444701,0.9046359
40536509601,0.5381978
40536534002,0.0063696685
40586283001,0.9822031
40586608902,0.9436135
40593091501,0.86274195
40677452001,0.00043094787
40677452002,0.00027333834
40677811702,3.17495e-05
40678033801,0.028613497
40678033802,0.2232553
40686161801,0.13219664
40687225301,0.5676647
40687225302,0.019219384
40687484203,0.3012116
40687484204,0.6305641
40694161201,0.9995772
40694554701,0.9689456
40697674601,0.9984642
40704486902,0.43798858
40704635703,0.0006080266
40706490202,0.0031150628
40706644901,0.17229532
40706644902,0.5322752
40706926502,0.84087545
40708997303,0.00020366996
40708997304,0.00021406758
40708999001,0.557288
40712640801,0.9997559
40714593901,0.26586628
40714672301,0.21607788
40714672302,0.00036237994
40714772701,0.021369746
40714772702,0.0017432568
40716436803,0.24260311
40716550905,0.0003421792
40722536701,0.0005278853
40726459701,1.2048965e-06
40766296101,0.0022712525
40766364101,0.012644127
40777226104,0.32598644
40782391702,0.35608655
40788235401,0.18828183
40792533602,0.009712181
40886781001,0.1493081
40886781002,0.5310609
40886781003,0.187216
40924801304,0.14579909
40933455502,0.9553824
40933621502,0.004655295
40933862402,0.09170968
40951882603,0.013514108
40951882604,0.033491626
40955715801,0.55340683
40959237601,0.97643286
40964103101,0.007299828
40964252401,0.31495115
40964996801,0.263403
40970267001,0.039974205
40993433001,0.9942134
41022754501,0.20054464
41025404901,0.6679947
41027154005,2.4842148e-10
41027154006,0.12364123
41033956303,0.00059091597
41034069502,0.23837356
41035498001,0.21894585
41035498005,0.7854511
41036747405,0.888843
41037198403,0.8664838
41037253601,0.79574025
41037295001,0.08456561
41038901401,0.7105634
41039709901,0.817386
41039932703,0.99605536
41040227203,3.4154094e-05
41183119203,0.046577014
41197709402,0.9191048
41207084802,0.14455858
41214384201,0.98936594
41215149801,0.05504517
41215312802,0.046172887
41220923901,0.12463182
41221501301,0.9978796
41221648601,0.35186708
41246968102,0.0015811486
41247121201,0.9982634
41252873901,0.22108522
41252873902,0.32808822
41265496701,0.40711343
41266024401,0.010695779
41266024402,0.005305272
41272654501,0.9255708
41272657702,0.4039943
41276125603,0.0011666695
41282055802,0.0059283525
41282204902,5.590084e-05
41829735101,0.54568905
41838209901,0.001335721
41838748701,0.9619832
41846057901,0.9516921
41846101303,0.22041035
41857611902,0.0033128294
41858092502,0.46991655
41858172601,0.005616601
41858172602,0.005890539
41861387703,0.0010428011
41861873001,0.36749926
41861901801,0.84136206
41861901802,0.39932743
41865533301,0.007574325
41871749402,0.0024125997
41871749403,0.008632646
41871749404,0.010251543
41872149801,0.013770841
41873617801,0.93872184
42035080401,0.47994575
42042653101,0.93171245
42043377102,0.00062067626
42043742001,0.41219282
42049042902,0.32691953
42056041503,0.00014010034
42069904001,0.5426026
42069908301,0.0041364455
42076165201,0.840593
42077426501,0.018069485
42090326402,0.04707094
42090366802,0.00070176396
42090366803,0.0011060877
42097126803,0.6932252
42097126805,0.14916179
42097878801,0.9901114
42106323301,0.64105934
42106552502,0.0031697897
42110746303,0.11481177
42110920401,0.14431804
42116363101,0.059169482
42116363102,0.3563252
42116736602,0.9217451
42116736603,0.82785267
42121534102,0.09472708
42121569001,0.8266545
42122982202,0.7153183
42126079703,0.051346418
42128537201,0.033282507
42128750301,0.97899276
42128750303,0.9650258
42213910801,0.003628608
42239316904,0.008405029
42248853201,0.9488226
42248973901,0.001923403
42249840101,0.0032191505
42270231501,0.93771815
42270489201,0.9807772
42302184705,0.9959318
42305589402,0.64600503
42305682402,0.0062098815
42326404002,0.9876315
42326506602,0.3802754
42335177004,0.21730477
42335405201,0.97946405
42341997102,0.043500617
42376889604,0.0031754922
42399150903,0.00015732257
42406383901,0.013532407
42406383902,0.8453624
42413015301,0.033139434
42413137802,0.11604557
42413137803,0.029694902
42433038303,0.0016370986
42433038306,0.0015256915
42433553309,0.00031420906
42433757602,0.5657461
42433757603,0.6487526
42436524101,0.6624409
42436524102,0.012989034
42441417101,0.5407134
42462205601,0.11640414
42462384803,0.8309983
42466817601,0.40388125
42466890201,0.9263554
42471677202,0.19613227
42489936001,0.12833133
42495087801,0.95278555
42496104501,0.0015234225
42496104502,0.96868974
42499682601,0.7647939
42508321602,0.96887624
42508326401,0.10466425
42508326402,0.26753458
42508326801,0.7302117
42508330901,0.8473169
42508330902,0.9157721
42508330903,0.7171253
42508470201,0.08165301
42563899203,0.118962936
42564154001,0.99117285
42564191201,0.20774768
42565755604,0.059956744
42569676401,0.0041020093
42585230101,0.53502005
42585616203,2.1600646e-07
42585719901,0.000996192
42585780401,0.009681445
42592453401,0.9404743
42592772601,0.97654986
42592772602,0.94692963
42594119402,0.9023499
42594491701,0.7281384
42600631901,0.98397577
42601126401,0.8885294
42602113302,0.0007987284
42602213101,0.8138454
42602343001,0.84290177
42602578401,0.6195848
42602673205,0.6670517
42603247501,0.9811492
42603247502,0.95362574
42606995801,0.00096068584
42607358101,0.9085219
42607708001,0.9289564
42608031001,0.000346281
42608031002,0.00041128733
42613004701,0.7178699
42613004702,0.9278872
42613416201,0.005697895
42613416202,0.0044326857
42613426703,0.050813165
42615621101,0.91066146
42619478302,5.4336797e-06
42619871701,0.6990035
42620625801,0.29541674
42620662801,0.5401127
42620731901,0.6768594
42620761301,0.67714834
42622734401,0.94893646
42623123201,0.93479985
42623198601,0.18801974
42623225604,0.003597414
42626468401,0.0006382771
42627663706,0.24585538
42628194901,0.18363227
42632054701,0.36007577
42632652201,0.9213169
42632664302,0.059687007
42632664303,0.004405657
42636372802,0.10843573
42640598101,0.50332373
42640639401,0.7782479
42641101301,0.48925227
42642237201,0.435951
42642237202,0.35509428
42642293306,0.43419257
42642717601,0.93506473
42645301701,0.0032899051
42646326401,0.012757291
42647544001,0.39710584
42648821601,0.3594462
42649244801,0.6217663
42649722501,0.009186134
42649722502,0.013544174
42653178903,0.03702172
42653363502,0.62801
42654068402,0.014688715
42654118001,0.24245906
42654118002,0.066899166
42660995204,0.016964365
42670732703,0.00018051773
42670942501,0.25699118
42670942502,0.015386612
42674755901,0.06368897
42683417301,0.93319494
42683873303,0.006511711
42683873304,0.009813267
42684080001,0.9067892
42687311001,0.902421
42687525301,0.13194409
42687740001,0.99766207
42687740002,0.5706369
42689967402,3.838898e-05
42690423602,0.8621689
42690639601,0.95420986
42696816603,0.2524499
42697573101,0.6012826
42697586601,0.90414065
42701106003,0.01989081
42701366501,0.1819507
42701848601,0.91128796
42703117101,0.92402565
42765949101,0.6731361
42766776601,0.080695264
42766776602,0.21480621
42766777601,0.900938
42766777604,0.8303609
42908277401,0.98927003
42908330202,0.0008364504
42953053801,0.0015212771
43046925501,0.65481466
43069330902,0.0015486154
43069330903,0.002129365
43070245002,0.23562817
43090883701,0.9239426
43091773401,0.0006001014
43091800701,0.14533466
43109523702,0.7479285
43110001502,0.045620743
43110033204,0.006969127
43138027802,0.19500463
43138031501,0.47587004
43586902102,0.13245505
44418909901,0.99217236
44419720801,0.705474
44426887501,0.2430229
44426912601,0.8273081
44426912602,0.0049034064
44429859801,0.0069455355
44429859802,0.0020938418
44442919301,0.020382425
44447867501,0.0066853557
44447867502,0.071158916
44447867503,0.00033898585
44448478801,0.76190114
44460887002,0.012724292
44470145001,0.00016734183
44470145002,0.00037804325
44470229601,0.5278251
44478951701,0.010822361
44487724601,0.7218035
44488599901,0.02491938
44492663502,0.0074671116
44500842301,0.03705953
44500842303,0.010724148
44521244701,0.7354319
44652214201,0.088013746
44652311001,0.96574354
44652311002,0.40115288
44654990501,0.9869463
44654990503,0.0025036917
44667821001,0.026705565
44667821002,0.001987108
44670309101,0.0032493959
44670707001,0.22682668
44670707002,0.17815207
44687160101,0.9505226
44687238601,0.09640905
44687238602,0.12200718
44688127201,0.99330235
44688628001,0.9630088
44688638401,0.025604047
44688638402,0.037709355
44689810302,0.5089796
44690139001,0.7489967
44690469801,0.4583775
44693121503,0.00083518063
44694034304,0.0849684
44695132901,0.51525676
44696551402,5.38834e-05
44697163401,0.1790012
44697763001,0.06831947
44698367501,0.0005008524
44700446001,0.051501203
44700938001,0.64443743
44700938002,0.008986805
44700938003,0.2888878
44701434901,0.9868972
44701554601,0.78624487
44701554602,0.97509104
44702119503,0.25327095
44702553803,0.011496477
44702621101,0.5648997
44702652802,0.7626917
44703836302,0.73052686
44704224301,0.612784
44704498803,0.012748737
44707555104,0.028757786
44708263601,0.0013840736
44708803401,0.9977984
44709216403,0.08885306
44709274601,0.95582783
44709430003,0.0062791375
44709488305,0.7658273
44709816702,0.02149669
44709820401,0.993341
44710734905,0.34959623
44711543501,0.7629678
44711543504,0.00034875554
44712681908,0.07626516
44713258101,0.8822339
44713553504,0.0018629341
44715555001,0.9751365
44717549601,0.92875737
44717549602,0.8492047
44718654702,0.07622327
44718897901,0.027843537
44718897902,0.010747315
44719328701,0.014956058
44719449903,0.0005346677
44719717002,0.13489982
44719717005,0.91462696
44722257801,0.8111849
44723020901,0.965711
44723094501,0.28781548
44723132704,0.002078925
44726048801,0.9694764
44726323304,0.8129714
44726765301,0.85156083
44729155601,2.125829e-05
44729155602,2.5697607e-05
44729973001,0.14902574
44732810101,0.091155015
44733814101,0.0010742849
44733814102,0.003755086
44735038102,0.0019025708
44741999901,0.98535824
44742020601,0.9952559
44742396207,8.745879e-05
44743060901,0.9030962
44745141201,0.35801524
44748816602,0.0017743248
44750939001,0.3655843
44751113401,0.90671355
44753946801,0.9970092
44753980703,0.036981303
44754436203,0.0036734317
44754436204,0.0034341668
44754492301,0.024593264
44754492302,0.00619661
44755787501,0.07291476
44757552104,0.2965422
44758338102,0.019787181
44763165502,0.6670697
44764986406,0.019884378
44769727501,0.8128789
44770632701,0.20922692
44772555402,0.012465167
44776342402,0.9811835
44776342403,0.78168607
45143902603,0.004262306
45144079601,0.65184265
45144079602,0.8327193
45144079603,0.44279286
45146621203,0.00018776346
45149328902,0.011632888
45149787407,0.109976865
45156410103,0.6296912
45159641501,0.9394443
45159641503,1.2074834e-06
45159952801,0.5244706
45159952802,0.8924595
45160697001,0.99576855
45238853802,0.00084904814
45238853803,0.0011861302
45240743103,0.26978472
45241706301,0.0013608676
45241706303,0.3891144
45241984301,0.6192185
45241984302,0.23230378
45243899103,1.2880305e-05
45243899105,0.06681611
45246516203,0.97750574
45248174503,0.020135632
45248174504,0.028817859
45251672904,0.14587305
45251797604,0.00010331717
45252161101,0.00025485695
45252161102,0.00014863843
45253029406,0.00025362478
45253364001,0.0007843181
45263116103,0.03515984
45263126802,0.94891834
45266583701,0.35020384
45266583702,0.50812393
45268263605,4.4587327e-06
45307990401,0.17168446
45308239401,0.00015649595
45309524703,0.09127247
45310065801,0.9194988
45325995104,0.00015623235
45326020901,0.99705255
45328891907,0.0146215
45328891908,0.03317963
45328952901,0.77396333
45425777804,0.004930846
45436597101,0.59224236
45461038201,0.62916744
45485803202,0.74249995
45491988701,0.9367499
45496183505,0.056284312
45496183506,0.042097755
45651998702,3.0704496e-06
45653678201,0.21528617
45654083401,0.005290768
45658861001,0.0007286971
45659278901,0.6323581
45659318702,0.7529078
45659345501,0.9550748
45659366401,0.25841242
45660992902,0.0010585366
45661078401,0.68041503
45662158601,0.567544
45662172001,0.550395
45804844402,0.0058850255
45805764701,0.87427026
45809116902,4.1039144e-05
45809366901,0.104769886
45812493801,0.010802372
45812493802,0.007982838
45827563301,0.0021556686
45827563302,0.0046578734
45829078201,0.99159604
46312062701,0.0015360485
46312063801,0.1197952
46313466001,0.5097317
46316435801,0.03073609
46316622601,0.0028386095
46316729001,0.99673045
46317022401,0.9121195
46317022402,0.9967908
46321687201,0.00019070452
46322506701,0.51536775
46322712001,0.85964864
46322712002,0.0039973254
46325234001,0.018526897
46328355901,0.048989296
46328355902,0.015675157
46339396705,0.10416954
46345068701,0.43908417
46345711601,0.25716478
46345711603,0.5449487
46345711604,0.5430372
46346554101,0.9946978
46352792201,0.97787607
46352792202,0.5940295
46353550101,0.010403028
46353843201,0.9819373
46356805201,0.19608288
46359550501,0.31147787
46373260502,0.8866727
46373446901,0.69589037
46374251601,0.9675363
46377008201,0.568416
46380770701,0.11261299
46383669101,0.32633507
46383933501,0.9780197
46388414201,0.9183901
46388423001,0.53268915
46392854301,0.94634473
46393241101,0.9229728
46396409001,0.5898595
46397544501,0.62215704
46404093701,0.9940912
46404796401,0.92123413
46418100801,0.49152848
46427637101,0.27796718
46427784301,0.6899787
46440584002,0.00030619858
46440790602,0.16385084
46441560101,0.5435248
46442017001,0.9958813
46454776502,0.06957184
46455428302,0.9876622
46455428303,0.8501605
46458300202,0.00015027895
46458427402,0.13042289
46458500501,0.9782653
46458854002,0.010916546
46458989601,0.064364634
46464121201,0.95489323
46499158703,0.8404208
46502411801,0.0026616806
46535453601,0.3273803
46539308501,0.972148
46543439101,0.9153723
46544621801,0.61532176
46548765001,0.77068424
46552476903,0.009662985
46557304501,0.39332888
46561682601,0.004033522
46563493603,0.02078403
46564641301,0.9944285
46571187001,0.9878677
46571321001,0.9296758
46571717301,0.7153023
46609661105,8.639925e-05
46610192702,0.4347254
46616294301,0.000109584165
46616302301,0.95558983
46668164802,0.95119536
46668903301,0.0072893235
46790259802,0.52186596
46790437704,0.05592863
46793405201,0.7828208
46815069102,0.59355766
46815489501,0.22580354
46817615002,0.012568425
46817819301,0.0007155756
46817859902,0.0078942785
46817970501,0.16650951
46818816101,0.47094774
46821607901,0.0058716135
46821607904,0.07186096
46904638701,0.5595612
46910098202,0.8643238
46915009001,0.35100925
46923312302,0.9825235
46926071001,0.4541814
46926071002,0.8649573
46926566701,0.44777435
46936026401,0.017531779
46940092701,0.012479686
46940092702,0.0005388611
46940662901,0.10945082
46944721201,0.8407526
46945129701,0.23049511
46945359502,0.43735307
46945511101,0.7592942
46947713801,0.99278694
46950693501,0.023018025
46955444501,0.8252668
46962027101,0.22301613
46962027102,0.03769423
46962869701,0.8224994
46965740001,0.034326833
46965740002,0.013346855
46966750801,0.93951654
46969286201,0.10101144
46969286202,0.0029678254
46969286203,0.0028352297
46981066301,0.94698715
46981066302,0.9716708
46981179205,0.0008049781
46981268101,0.7724412
46987211805,0.013734238
46987681901,0.014246719
47009736801,0.94876295
47010240101,0.057147704
47014731301,0.75323564
47018266201,0.00023658454
47018266202,0.0001844943
47018874504,0.04610197
47022060603,0.005320834
47022060604,0.002254407
47029179501,0.83751285
47029179502,0.9563954
47030342001,0.34385294
47032669801,0.95895374
47033668003,0.7405833
51662701404,0.0015873678
51885366801,0.0020749057
52010082501,0.7286204
52202662202,0.08868346
65026564501,0.99773115
65026564502,0.9847602
67504743810,0.71506274
67504743812,0.41576183
67791582702,0.2047479
68346032003,1.5341373e-05
68495592002,0.0011183784
72413093403,2.6853382e-07
72569488401,0.20919679
73227529802,0.9864319
73450558101,0.9978582
73450558601,0.9895536
73548785901,0.97222924
73587245602,0.000746146
73742523802,0.018145815
73748696402,0.3467205
76661994103,7.001123e-06
76723579601,0.09197195
80510082205,0.024831235
80586147301,0.0001147537
84278066801,0.97971344
90392977207,0.0021314058
100476507001,0.0042359936
110410011101,0.18246724
110410011102,0.014917603
110477688701,0.0015598779
110677071902,0.99535
110861508102,0.00060811365
110981975701,0.016963208
110986944601,0.579787
110986946101,0.66961163
120574527203,0.00073738926
120997343501,0.44895816
120997343502,0.010549582
120997348501,0.4197924
120997348502,0.008726091
121059797201,0.09114161
121339554501,0.8459779
121639492401,0.8538751
121900635301,0.97315365
122146990202,0.044556372
122425565905,0.98255575
122455164903,0.022469848
122455164904,0.5981281
123252203301,0.094709456
123438404601,0.9972301
123438702601,0.9973049
123481032401,0.99803644
123697841106,0.0041006217
131208749307,0.00024699132
131400428901,0.76332074
132249398101,0.00039277464
132249398102,0.00042184984
132249398104,0.00067996106
132249403601,0.00039207147
132249403602,0.00041473814
132590012601,0.7913934
132631597301,0.16331008
133157972501,0.02569771
133157972502,0.8409904
133160550401,0.001632393
133194648601,3.9220155e-05
133194648602,0.00011534642
133194648603,0.000111136505
133194648604,0.00063808955
133194648605,0.00021771897
133197258801,0.9653837
133532313901,0.6939822
133532313902,0.053745568
133585607901,0.029641306
133780551201,0.65660626
133780551202,0.056684807
133780552301,0.63508874
133780552302,0.015965927
134135128901,0.3822714
134344670907,0.04820316
134688048801,0.9520593
134694259001,0.80633974
135268414601,3.677997e-05
135350083301,0.7000751
135440442404,0.0030293455
140596584402,0.35235828
140599763501,0.9771184
141921455701,0.0010946017
142284626901,0.00065798283
142302019405,0.81713897
142346260801,0.9965064
142346260802,0.034612693
142395665402,0.46630752
151008818501,0.8354187
151183433907,0.00021544442
151325824001,0.6024747
151391111402,0.0010975426
151535546601,0.99669915
151838430102,0.0038962192
152922571201,0.9888503
152922576201,0.98219806
152997674502,1.3222381e-05
153367841801,0.5595529
153367842601,0.5462405
154654972401,0.7586703
154666784102,0.0026542342
154720174701,0.97432375
154731732101,0.0013785514
154731732102,0.20633316
155309950301,0.02192527
155614233407,0.0012715198
156720533204,0.42315954
168830672607,0.023163958
169108044701,0.005215635
169142746501,0.0005249952
169142746502,0.00023325265
169142747301,0.00041268306
169142747302,0.00021222624
169196215901,0.107338816
169317488301,0.85696524
169322625201,0.5869521
169704564901,0.0014570262
169704566001,0.00079404924
169704566002,0.30139384
169707298701,0.9035106
169868536603,0.9596551
170129211101,0.25430512
170129211501,0.2543154
170244231301,0.0001280879
170244231302,0.0016115945
170342329301,0.98319083
170630724702,0.9504125
181587036301,0.09506534
192238422901,0.656516
