astro_id,planet_score
146686601,0.8457567100000001
146686602,0.6270552159999999
187132401,0.00436079548
187599501,0.70441133
274305901,0.74014336
317876001,0.39771619399999997
317889001,0.01008872308
359579601,0.1219649876
359698601,0.80473154
360669601,0.8842730360000001
402988901,0.96080816
403061701,0.0033840412
403061702,0.00045013782600000004
446702702,0.1965875392
447174701,0.341383752
447673901,0.02484764364
487162902,0.843603444
487657001,0.535862192
488161201,0.94832783
533697002,0.9527933879999999
575113501,0.0252830504
575113503,0.0345074134
575563601,0.130824471
575563602,0.429310849
575563603,0.6705880879999999
619318901,0.9842063299999999
619318902,0.717010922
635590404,0.009811551376
639837301,0.652600128
703862601,0.752046728
704333601,0.00396981026
704818901,0.305899952
704818902,0.814150104
748441901,0.30151668119999997
748446301,0.30211873300000003
791546903,0.419653558
791560602,0.353858612
880121802,0.760613094
924306901,0.765599644
924772802,0.0001756566548
925236802,0.982664644
967723901,0.0031714165000000004
967723902,0.011986167459999999
967723903,0.02225613954
968788801,0.88273612
968788802,0.827532282
969292101,0.891205778
1009597401,0.060127139479999994
1052573004,0.101484615176
1053441301,0.01994280254
1139437301,0.2697205064
1139923501,0.971920968
1139923502,0.9393492179999999
1185668201,0.9235378539999999
1317343201,0.20243580579999998
1317833901,0.0032084411
1358861002,0.8524756760000001
1358887203,0.0785363638
1359346304,0.006863811636
1359459601,0.688053934
1359459603,0.8813844559999999
1404892901,0.718236712
1404892902,0.923835932
1405725501,0.332372846
1405740801,0.00474712882
1446659202,0.5296733
1447062701,0.478898792
1447567501,0.0025310110600000003
1532995001,0.24799809799999997
1533976301,0.0183155332
1534462401,0.599525482
1564162001,0.76460683
1564731001,0.49413971399999995
1580072901,0.9815612079999999
1612399801,0.48735368599999995
1612399802,0.7394490140000001
1623657601,0.18495629
1635457001,0.103135146
1636086003,0.01038175298
1643676902,0.154495878
1658550801,0.707382334
1666082901,0.2680048326
1666604501,0.8621543280000001
1711477001,0.9967040199999999
1752487701,0.5921851119999999
1753382302,0.02257766302
1797236302,0.48590587999999996
1797258201,0.1097646796
1798232703,0.01178100228
1798271601,0.347846682
1882728601,0.981134072
1927452702,0.0032087424599999996
1927473304,0.64015846
2062751702,0.00308314466
2062751703,0.09943441659999999
2062751704,0.1311690412
2104670801,0.624064384
2126191108,0.12703853234
2126207403,0.14873773699999998
2135589701,0.991204838
2147845102,0.752441642
2169987801,0.00222477526
2169987802,0.001908426346
2169987803,0.0796942268
2169987804,0.11128873719999999
2199901102,0.001598461508
2208947308,0.00148008031
2219374701,0.001072251426
2219719008,0.002043539618
2229403703,9.726350278e-05
2230620701,0.00332165576
2236170001,0.48912837800000003
2236170603,0.0059620826584
2240212202,0.297484026
2240340401,0.643392738
2240340402,0.711622658
2248758202,0.5438475292
2249717702,0.015681146540000003
2257561501,0.31726226
2269306501,0.976174368
2278714003,0.4257361294
2278733401,0.0008123031860000001
2282054001,0.000420565277
2282582301,0.00201554396
2283563801,0.9771086520000001
2288145801,0.042408108
2297574702,0.5354292940000001
2298235402,0.00597922728
2299118901,0.00827929824
2321110901,0.790728976
2325702201,0.6146149000000001
2331537803,0.000491609866
2331839901,0.494429538
2340085901,0.00902010184
2340186605,0.02088963668
2349099503,0.346576486
2349156501,0.04222926546
2349163301,0.000318822138
2349337001,0.88845107
2369119608,0.007831811785999999
2381892403,0.0007841820273999999
2381892404,0.00068338232
2382288001,0.1888621468
2382633101,0.729897946
2382633102,0.31997879500000004
2413763403,0.063283857
2414654901,0.960285758
2431354801,0.17944219420000002
2431354802,0.22942551940000003
2431354803,0.351365831
2431486803,0.028148820964
2431486804,0.022026001213600002
2431674302,0.6413922440000001
2431698501,0.42992335060000003
2431698502,0.34162309479999997
2440905701,0.681248128
2456122501,0.00356298882
2456122502,0.27039087300000003
2469352804,0.0032126077452000004
2498578301,0.7191100460000001
2506398602,9.1279288954e-06
2506399902,9.807057834643863e-08
2511727304,0.046210860672000004
2515483101,0.000489021064
2515483102,0.000506715338
2519562303,0.02405894516
2543370304,0.383734964
2558658502,0.0007864232871999999
2559088601,0.0422012716
2559088602,0.20096222
2559934101,0.8399264479999999
2560054501,0.643250454
2572286603,0.002026406519
2573502001,0.827600862
2585953003,0.7017926219999999
2587869801,0.1970689316
2598839001,0.5162975506
2629696301,0.0988107728
2630201102,0.03981467294
2633388402,0.012987566879999999
2668310702,2.417440452e-05
2670173501,0.886406518
2670932602,0.0938270006
2670998901,0.311696448
2711759301,0.9946759399999999
2712677601,0.001516492338
2712677602,0.000574453344
2755211904,0.0366257622968
2755686901,0.989184564
2755720001,0.000746201886
2755720002,0.000327890446
2795010701,0.00055569365
2795010702,0.00031509854659999995
2813740001,0.01677615014
2813962203,0.067641380288
2813962204,0.14167368537999997
2845569801,0.8665670320000001
2846479102,0.3098652578
2850953202,0.0574070682
2852637903,0.0832687124
2860940301,0.9782769379999999
2860940302,0.0366419257
2884064201,0.00849315054
2884064202,0.6614097778
2885271803,0.6025961320000001
2885606601,0.01263225326
2898001102,0.0023019591079999997
2931001401,0.000681307758
2973159301,0.737207812
2973919907,0.0036333828738
2978129201,0.673057992
2978129202,0.9965652500000001
2982926503,0.018827951
2983350401,0.00081460709534
2983448601,0.00142768382
2998401401,0.912825006
2998413101,0.274608163
2998413102,0.36631579000000003
2998680801,0.9044261519999999
3003143901,0.13165028
3014114101,0.7414531
3014130801,0.019347039599999998
3014155401,0.074077983
3014626201,0.96859132
3014666201,0.0013118407599999999
3018949201,0.01685027222
3018949202,0.0067370354600000005
3019337302,0.207779786
3026816802,0.948289552
3031174902,0.4942598172
3031368202,0.09141419279999999
3031428201,0.685115468
3046805201,0.53989114
3046945402,0.000482203558
3053489302,0.24795925712
3055760803,0.0022601706120000003
3058004502,0.5815400172
3058007201,0.892767508
3063992801,0.0919173204
3071881101,0.494445076
3071881103,0.07247418132000001
3071881104,0.18814735980000002
3102001301,0.681772224
3103558401,0.9890215080000001
3103575802,0.3135520428
3110540201,0.437890628
3110540202,0.20918813799999997
3110603901,0.499637652
3111950501,0.001070306758
3119795201,0.735309124
3120236902,1.2252966646e-05
3132119001,0.982907228
3132142001,0.4741494204
3133342702,0.16371788780000002
3140936101,0.054340161500000005
3141154101,0.0
3141154102,0.9118362299999999
3142064902,0.0157536189
3157252801,0.287365084
3167063202,0.20466273799999998
3175297102,0.001125718434
3176004601,0.796503212
3179612006,0.301841722
3179929603,0.16248631774
3179929604,0.29366232848
3185258505,0.20131419386186314
3185298001,0.996752788
3185298002,0.9920503079999999
3187201101,0.17026927360000002
3194381902,0.8481636
3194575303,0.00010602479788000001
3203463001,0.38199730680000005
3203463003,0.506586874
3213709901,0.001092430904
3222460802,0.047987786000000004
3231889301,0.3772746682
3232159104,0.032732770859999996
3232441901,0.968095256
3234812501,0.011461473659999999
3245705601,0.0349405934
3246227701,0.46307405199999996
3256908001,0.012304463259999999
3268340304,0.001748767192
3268340307,0.0041472574300000006
3269099802,0.001383673364
3269552901,0.00277812092
3269552902,0.879000818
3269953802,0.000475082312
3276522401,0.25987468480000003
3276533002,0.007130359280000001
3276533004,0.552821256
3280637501,0.73898155
3280637502,0.334084306
3307649701,0.17893870439999998
3318030301,0.2601687688
3318466001,0.8594343779999999
3318512401,0.002359601452
3334199001,0.9835584519999999
3335085001,0.00244162574
3335085002,0.013402568200000001
3353118201,0.9557282820000002
3362798301,0.984654828
3363285304,0.1052135464
3364330102,0.0017127822299999999
3370676108,0.09830940660000001
3371460301,0.34315210939999996
3373201704,0.012614017479540001
3377092703,0.297722485
3383635903,0.1555462238
3384068301,0.917021338
3390475201,0.769227364
3390701001,0.847979732
3391691903,0.002173723564
3392745901,0.836600818
3393136902,0.00013526115122
3393383702,0.333028914
3399912401,0.303157656
3400905505,0.3695576248
3411844501,0.5131290639999999
3417332101,0.013752053
3417332102,0.01143901274
3424745501,0.034991509920000004
3434489003,0.00187113488
3434489004,0.000796658906
3434489005,0.974218808
3434667601,0.05403453140000001
3441905501,0.025681178
3441973601,0.048260273
3441973602,0.0767883058
3442555603,0.00879296332
3442733801,0.85006553
3447794201,0.395441002
3448817501,0.07335925759999999
3448817502,0.001464568839
3448820401,0.73906875
3453778701,0.995223538
3467188601,0.8692301880000001
3488902701,0.827624606
3489887102,0.006615301600000001
3492120601,0.419732781
3492623801,0.514192232
3505074004,0.38430171
3515144901,0.0030338521
3515201401,0.728842034
3515201403,0.2873076972
3515201404,0.676446932
3528137002,0.03369567894
3531535801,0.9612194860000001
3531545301,0.9829200480000001
3531545302,0.22150789799999998
3539425602,0.007310417828
3561454202,0.04855611974
3561454203,0.11523379948000001
3563221601,0.325049614
3573729201,0.91156206
3577053401,0.0028638262
3577053402,0.740299052
3577053403,0.008109623120000001
3577105201,0.31319643719999996
3587746301,0.00609826397
3587746302,0.0021007407799999997
3599902601,0.1589300745
3599902602,0.1489444366
3627371304,0.14857875260000003
3659498501,0.9063917260000001
3659548101,0.689923362
3666336101,0.981706144
3666450101,0.834943148
3666450106,0.19230299039999998
3676842402,0.952789162
3677387808,0.176641423694
3692332901,0.81043168
3692332902,0.2854233988
3704799301,0.9815347600000001
3705786301,0.15874884920000001
3706298501,0.349786162
3706298502,0.00419921248
3719507701,0.9857460720000001
3785931001,0.351546144
3789267501,0.787826538
3823037501,0.650151726
3823424101,0.847893872
3831648301,3.0094584700000002e-05
3831648302,2.85508589e-05
3831650501,0.623348576
3831669101,0.0001657291288
3831669102,7.39741534e-05
3832537201,0.0037521303
3832537202,0.002261520084
3832537204,0.59662415262
3836271401,0.025059155399999998
3842383401,0.9765546940000001
3848340502,0.00287563297
3848340503,0.088370730186
3857102001,0.9976384039999999
3857190802,0.0794640826
3860367301,0.976993622
3871032102,0.23061627053999997
3872898902,0.594037928
3872898904,0.619483198
3874032101,0.7810531980000001
3874509601,0.17667553819999998
3875475301,0.789329068
3875475302,0.675030182
3899057102,0.90366556
3947803802,0.0404132771
3960490901,0.985797232
3960825001,0.352904706
3964510301,0.07386600880000001
3964510302,0.920671366
3964580201,0.717007086
3964596201,0.001381123254
3964596202,0.00065994669
3964596203,0.00757722916
3964598901,0.0008500760119999999
3964598902,0.0010700651280000002
3964598903,0.0033632750199999997
3964599101,0.00411932418
3964599102,0.0166170602
3964599103,0.002848475804
3964866401,2.4888096e-05
3964866402,7.16879026e-06
3964866403,3.384044212e-06
3965453201,0.00021541144800000001
3965453202,0.00098381126
3965453203,0.000120915445
3965926901,0.000300146804
3965926902,0.00262236512
3965926903,0.0002306882244
3985732201,0.466418174
3985850701,0.9981646339999999
4002980201,0.440104641
4002980202,0.29761832180000003
4006122601,0.928939632
4007664701,0.0062840343399999995
4007664702,0.00121909535
4015435201,0.18330398259999997
4024771902,0.6383019940000001
4049614402,0.0949872118
4049614403,0.13725791520000002
4049639801,0.000467371152
4053529007,0.066373689554
4053530302,0.07014597952
4054021301,0.36330085600000006
4054091401,0.6812124340000001
4054569402,0.793099934
4071509102,0.3761330544
4071736501,0.8205634400000001
4071736502,0.677856592
4074927402,0.9913213300000001
4079750401,0.00140953686
4079750402,0.63789546
4079755502,0.0702720276
4087813603,0.8195549119999999
4090461902,0.022413524925199997
4092452401,0.986157302
4092541804,0.041195701200000004
4097449901,0.0405972852
4097584204,0.0013758313899999998
4097584205,0.000586087926
4097584207,0.000820537654
4101147101,0.30307311
4103172102,0.01968673922
4103282404,0.00064135356408
4123125201,0.0050290163059999995
4123917001,0.40203568799999995
4124707301,0.63492583
4133885201,0.00994176942
4135932601,0.057290172400000006
4138586402,0.0006946284786
4150732601,0.37658424999999995
4150874601,0.973932108
4159045304,0.05861594220000001
4162249605,0.0324086678
4162577901,0.17346698200000002
4163071201,0.00017819478120000002
4163071202,0.0206490885
4194266004,0.16611975271999999
4195029201,0.793159166
4203595801,0.642691506
4204477601,0.027457649960000004
4204477602,0.030929445839999996
4214979601,0.773570346
4221337001,0.072720109
4221337004,0.20252532084000002
4242423301,0.000351439012
4242423302,0.000214347319
4242492204,0.023269259165628
4252370002,0.029056186699999997
4265744501,0.987509842
4265744601,0.99239002
4266274701,0.6024848580000001
4267727901,0.4665394398
4268151601,0.9614123259999999
4268548501,0.03094309074
4276855001,0.420980308
4277788301,0.1785104944
4277788302,0.00664093784
4317398502,0.14883472439999998
4317398504,0.4373439524
4318622401,0.28884201200000004
4351491201,0.0255362946
4351491203,0.00289763154
4351502401,0.81726756
4351502402,0.941002316
4351985201,0.0061837672400000005
4354192602,0.005671148417999999
4369702502,0.0565003058
4392689601,0.0449456284
4392689602,0.34939096599999997
4392938201,0.714942404
4397781501,0.78168555
4397827401,0.1894590998
4420128402,0.02448338348
4432802502,0.09248585354000001
4439556002,0.218776244
4440082102,0.9155803
4447659308,0.12421045532800001
4448257801,0.013463685
4448257802,0.0147130438
4448257803,0.115567624734
4459765301,0.4174433006
4471851601,0.0053757842
4472600001,0.8619215419999999
4480103301,0.9938018319999999
4483827501,0.8540236459999999
4526160001,0.9715304120000001
4526160002,0.8805346860000001
4526169201,0.9502380699999999
4526646101,0.0744864674
4527133503,0.531492336
4534806301,0.00108162304
4570121102,0.8074674720000001
4570163001,0.03707282854
4614313301,0.0849643694
4652070001,0.139101235
4654144401,0.0912029966614
4654993101,0.1889198292
4665897205,0.5139521979999999
4666292102,0.01858115414
4714868201,2.2469318e-05
4715124501,0.17772189379999997
4715124502,0.1765086019602
4740221401,0.973151108
4740233701,0.959778028
4740749901,0.088898396
4741205501,0.98788651
4741205502,0.962562928
4741205701,0.23770826
4741205702,0.1194766756
4828220101,0.9440982840000001
4828220103,0.18161311559999999
4828273601,0.610056752
4829203002,0.000679793734
4870279902,0.001114296292
4870344602,0.000463983156
4871280601,0.708429408
4897900502,0.0005454764928000001
4905823102,0.0010040828620000001
4905823103,0.0009245867032
4905977201,0.2243189954
4912648805,0.1120656221
4912648806,0.18094571426
4913506001,0.375246534
4913793601,0.2864426292
4921874606,0.243876850666
4929679601,0.000791610708
4929679602,0.0007211414180000001
4939022301,0.964112812
4939990902,0.04826001298
4953460001,0.00041529175200000006
4953460002,0.0001379232062
4954065603,0.0035734477000000002
4954066306,0.058121650394
4954140202,0.0006902877159999999
4957545301,0.8035685300000001
5001067201,0.514031148
5001068901,0.2643085586
5001102201,0.183898876
5001765202,0.30839169
5030995301,0.61917637
5030995302,0.9064271500000001
5037787401,0.37749307400000004
5042097601,0.8766539
5085962001,0.0957500018
5085962003,0.0763830794
5128835901,0.454698674
5171914801,0.0560072184
5257763902,0.0035385913111999996
5344625701,0.2339137279
5431124201,0.02697392868
5432059804,0.0998060016
5502166501,0.6342645640000001
5502186202,0.002293250924
5515505102,0.0180453206
5516463201,0.007734920000000001
5516463202,0.0513321268
5518119901,0.070722349
5527110401,0.50235671
5527226202,0.971458742
5545249501,0.8161424260000001
5545250301,0.0898708172
5545426902,0.21057831006
5545507402,0.0058075074
5547289901,0.761337296
5547289902,0.3084514902
5547432903,0.1633682742
5549728103,9.598309839999999e-05
5562237201,0.79280255
5565278504,0.002797078144
5570770602,0.006608189132
5574626201,0.949806236
5575808301,0.9115495499999999
5575899202,3.2043654000000095e-16
5584894004,0.0402447936
5591586001,0.540355738
5593112503,0.0026926787000000002
5600446501,0.915367024
5626985801,0.0151384338
5627065601,0.03473779614
5627482401,0.001890059698
5634727201,0.9029336880000001
5643788502,0.6365597
5643825301,0.662975108
5649444901,0.091758149
5659416702,0.0002513831974
5659617704,0.12985293992
5661352407,0.00167516038
5670177604,0.12254405099999999
5673306902,0.6519467480000001
5677316201,0.4523502786
5686364903,0.064146776
5686364905,0.02025232112
5686448101,0.1110609378
5686939601,0.1851131196
5686939602,0.01177549
5692699102,4.51052795e-05
5701501301,0.13227655312
5701501302,0.13200360760000002
5701929301,0.00618332324
5709587101,0.70715047
5711132401,0.8057488339999999
5711205901,0.942741972
5712239104,0.09340424412000001
5721670401,0.0017542582299999998
5721670402,0.0014369235499999999
5723846602,0.00490890696
5724783701,0.798926388
5727492901,0.33031458599999997
5738102001,0.797984188
5741840401,0.00038452445839999995
5741840402,0.0003982947326
5741840403,0.007655743614000001
5741840404,0.0044565902880000004
5754904201,0.9429964319999999
5769526201,0.181528568
5774550401,0.6657637599999999
5777786802,0.423315496
5784683004,0.5660569946
5784944902,0.630379516
5800167503,0.723533436
5800281702,0.609717878
5805734802,0.001761970712
5806463601,0.041496952399999995
5813672601,0.0701946352
5813672602,0.023389669679999996
5814217001,0.965208534
5814217002,0.19574598540000002
5815915803,0.000455357732
5815915804,0.0006803282308
5825911002,0.789379404
5837485301,0.0362467308
5837485302,0.06394447760000001
5837485303,0.149528996
5852494403,0.62691651
5857455101,0.00197417866
5865628302,0.0869684594
5865628303,0.29255343300000003
5865628304,0.633632008
5866378902,0.5271447300000001
5876996601,0.93321076
5887774601,0.10165574959999998
5887988502,0.8156415840000001
5888902201,0.677837048
5897340001,0.539650096
5905570003,0.687239272
5906064602,0.0008848173560000001
5906076703,2.3923129318199996e-05
5907142001,0.7987660080000001
5941366101,0.9659676660000001
5943297001,0.9793798340000001
5944023101,0.96847666
5944023102,0.5664935339999999
5944753601,0.762314558
5955473401,0.523238556
5955473402,0.67699959
5956030402,0.000173949342
5956983603,0.0008158789479999999
5965996401,0.2515796666
5965996402,0.027978335200000003
5966774301,0.0271674468
5970269802,0.02378891078
5978675402,0.512787104
5979358401,0.45129298999999995
5982349401,0.1134961834
5991614302,0.00026263616719999995
5997905301,0.577394298
5998056201,0.609817846
6007267401,0.63881146
6008380201,0.2972842864
6008963601,0.770563294
6008963602,0.262455086
6008963603,0.5899743159999999
6015938604,0.08342695795859999
6016002901,0.0001625079108
6016002902,0.00014177554160000003
6016700601,0.73352381
6016802201,0.01623704276
6026872001,0.2141875224
6027718501,0.370817077
6028377003,0.61466414
6030946801,0.28010952199999994
6035637701,0.775461254
6036742901,0.0002621909772
6036869001,0.01633073122
6042874501,0.602904402
6043004303,0.013393391979999999
6043004304,0.1543987235
6043375501,0.0006111559940000001
6043375502,0.0006137803959999999
6043909904,0.0037783415220000007
6046288601,0.0723431834
6053017901,0.005868052019999999
6053541501,0.0054685905
6053818401,0.962138976
6062971701,0.00346348192
6069763601,0.8113720839999999
6074889101,0.00938274324
6082305101,0.03012093994
6089059903,0.010380212558
6089158202,0.1735534941
6119174502,0.056288120399999995
6144129701,0.44775856599999997
6154771403,0.10236954528
6154771404,0.0623142516
6155090501,0.000868109092
6165397403,0.037858811
6165653403,0.00307302892
6165653405,0.0591623664
6178654902,0.2431037866
6180657801,0.1404318992
6180805201,0.722367922
6180805202,0.88043358
6192574301,0.0061120848
6192574302,0.001011318716
6215724701,0.9385515879999999
6217415803,0.3229268268
6228904502,0.315913722
6241089002,0.01613221628
6241093102,0.40386544999999996
6241590201,0.510982354
6242032601,0.1286354774
6253595402,2.8204620400000006e-05
6253595403,0.0005377657468
6253971902,0.002900135726
6254246401,0.0975973062
6254246402,0.0625874504
6261133301,0.9522304760000001
6261323802,0.0286980626
6265521202,0.0454151572
6272611201,0.728734022
6272665702,0.718896734
6279045202,0.8309482420000001
6280378905,0.0644357884
6280674301,0.80680784
6280856501,0.419907112
6288299303,0.029708574639999995
6288299304,0.02624110308
6291912801,0.001006727768
6299101801,0.347457402
6302337203,0.697899122
6302404701,0.674541034
6308923801,0.1520376014
6309331503,0.00023252384320000003
6309331505,0.000296597105
6313590502,0.615980074
6313914303,0.816530848
6318435402,0.521407864
6318435404,0.414759464
6324683401,0.92498661
6326181102,0.600390352
6327267202,0.0004747234012
6332963401,0.576022702
6340819502,0.801236834
6341634501,0.571005588
6351354601,0.0005468250644
6352203501,0.00019392237080000002
6352203502,0.000916444668
6352379501,0.48927401899999995
6359069701,0.034397748668
6359214001,0.0064206477
6361511001,0.0501406076
6361919203,0.653997526
6368632901,0.43875402399999996
6368776201,0.263807064
6376477803,0.0127819544
6376804901,0.01672225066
6376807501,0.00590983644
6376807502,0.0168140908
6387572703,0.000561536492
6387572704,0.012493838662
6387866702,0.12412517488000001
6387966304,0.58396615
6399136702,0.000621521092
6399459503,0.21579503500000002
6412380401,0.32147513
6424210504,0.0790821746
6434460401,0.2678586894
6435212501,0.161938655
6435212502,0.384976035
6485866101,0.000357996764
6485866102,0.00046005362
6485866103,0.00018590065
6485866104,0.012989174860000003
6485866105,0.01144864897
6485866106,0.009290069304
6525380401,0.8670520400000001
6538582002,0.1945999888
6586048304,0.00220816978
7375361601,0.6284502780000001
7375607502,0.26539261199999997
7392507002,0.0014386707030000002
7427155401,0.00462698616
7427155407,0.8636659
7434621201,0.0249499236
7434621202,0.0012324150080000001
7443700003,0.0505037988
7451108101,0.0016957747199999999
7451922401,0.01770277474
7459694901,0.4011989432
7459694902,0.1491809158
7482930601,0.08996769934
7507619201,0.7511923474
7516057103,0.08739158822000001
7522371801,0.797422846
7530608901,0.2322505342
7530702201,0.335631368
7538565803,0.056219222224
7538725301,0.5320271446
7538917601,0.30795602
7539189001,0.6246589220000001
7546329201,0.65943288
7561012505,0.011792890352
7568374001,0.9708070689999999
7575508203,0.03084338412
7575571607,0.0171710884394
7591712304,0.3067979774
7600180003,0.543126022
7605870901,0.368555888
7606518401,0.635256736
7606562302,0.6556291919999999
7606612701,0.8007707400000001
7606666902,0.707415196
7617356301,0.025501107000000002
7631539701,0.960113608
7631618801,0.23220890879999997
7631618802,0.007262493074
7638650802,0.300125806
7639159901,0.19611541240000002
7639303301,0.853997152
7639303302,0.859438552
7644614602,0.028386698499999995
7644614603,0.2729237014
7644614604,0.376168354
7661644001,0.598959408
7675873301,0.49208827599999994
7675873303,0.00571840994
7676218301,0.365179228
7676567601,0.01926381076
7689270401,0.14658398513999998
7689270402,0.71009162
7792450201,0.89779622
7824594601,0.9615021800000001
7837460901,0.058838926679999994
7875409802,0.09268332800000001
7875903801,0.0806795956
7912466701,0.0038810115200000003
7912507701,0.967444936
7912545601,0.06758368940000001
7913292301,0.00129105864
7926475902,0.357995632
7960579101,0.99888517
7971252002,0.373625462
7982089001,0.648884644
8004746701,0.405278232
8004867004,0.9553853739999999
8324325901,0.62352436
8359092201,0.73106001
8382728801,0.766574734
8391827801,0.75193605
8463689001,0.12184291759999999
8464525501,0.942441112
8474543001,0.71255913
8474787203,0.97480298
8475697403,0.00027263717179999995
8475836301,0.0019814811539999996
8500576401,0.00945293328
8501067001,0.6798313819999999
8512562301,0.400434356
8535969701,0.3342533204
8535969702,0.611857608
8536160701,0.8538975819999999
8557710801,0.3112878228
8563941501,0.006274469099999999
8564200602,0.07831580784299999
8564269102,0.0007000829174
8576045202,2.3593552132e-05
8585618401,0.1162475696
8585618402,0.679308538
8592489001,0.799204798
8602080602,0.02260572294
8603125301,0.000640100838
8625205701,0.42044554200000006
8625205702,0.676561064
8625492902,0.0002133102772
8632462302,0.1770974468
8633423501,0.872606358
8633435102,0.35428557117399995
8651144702,0.000742509556
8652128901,0.7740145359999999
8663328001,0.2953839412
8688852701,0.109225614
8688852702,0.00644726028
8705532001,0.31003940399999996
8705793603,0.0221992269
8705793605,0.1697954324
8716784101,0.23003257000000002
8716784103,0.19186421739999998
8726694203,0.09318089056000001
8733387901,0.867235146
8754358902,0.1267386304
8778408101,0.746556802
8788823901,0.549133742
8789967903,0.005183916068
8823309601,0.8100780860000001
8833986501,0.8755936520000001
8851497101,0.31438808519999994
8851956101,0.25509085000000004
8852008701,0.09304602740000001
8852189402,0.043704941600000005
8861191602,0.0001513477716
8881178201,0.9907727279999999
8898627501,0.535750876
8898627502,0.5274187112
8905393404,0.07134219566
8905697201,0.0060818593839999996
8905697202,0.00043310139079999997
8913706803,0.00144976378
8914097501,0.2024732608
8924303201,0.9804435999999999
8924303202,0.597665366
8925222504,0.298650164
8925357001,0.032096504600000006
8930756502,0.00661535764
8931838602,0.1583513862
8941135101,0.39148495399999994
8942065601,0.014595181539999998
8956699101,0.380619052
8957784501,0.131284846
8957784502,0.01719683534
8965832101,0.9498497260000001
8974209201,0.42194556600000005
8980662303,0.002432523854
8981040401,0.000812342098
8981040402,0.000517970882
8991306903,0.0002790540228
8996784601,0.916808176
8997116301,0.522562432
9008303701,0.991214572
9008303702,0.162703159
9016544001,0.6363321479999999
9022828902,0.0408127175
9022853401,0.0963306082
9022878501,0.760014124
9022890901,0.0411872056
9023643801,0.727911966
9041772101,0.990418722
9042252402,0.29892726852
9048609101,0.311797416
9049168001,0.0643310726
9065882101,0.35361748400000004
9066105801,0.04079827596
9066127701,0.151217366
9066386302,0.196743579
9071694402,0.13539254212000001
9073074701,0.000766403448
9081432501,0.7951618760000001
9081838502,0.643425824
9099943601,0.9508337000000001
9100943301,0.250301628
9107170701,0.255744306
9107893601,0.6854352539999999
9114721801,0.5096211580000001
9124466901,0.9055664800000001
9131653602,0.0197281764
9131653604,0.5868502259999999
9132419502,0.33112085
9141025802,0.019524925332
9141026002,0.0853418028
9141422303,0.001397442338
9475348801,0.8962629
9475628901,0.3161455748
9509231003,0.12872582796
9517431301,0.563511178
9518324401,0.0018078872400000001
9570260101,0.00079938492
9571788104,0.0927692922
9572072601,0.8967571879999999
9580433902,0.222273466
9580511005,0.016284029556
9581394501,0.0647719073
9584949203,0.00983536164
9603923601,0.949558576
9647563801,0.987087408
9654057203,0.00893461452
9681050603,0.040966688200000004
9681868001,0.10283518760000002
9688924805,0.037818007900000006
9708044101,0.1935938952
9708421301,0.26067291160000006
9710542301,0.002270956246
9710542302,0.0720635904
9729263202,0.0598415616
9729640903,0.00442040354
9769165301,0.9092156539999999
9776252401,0.000627642458
9776699301,0.89901622
9788835703,0.707334442
9790248301,0.9473832120000001
9799135801,0.722642558
9831842503,0.0617323752
9831864401,0.165942957
10019081801,0.8115588240000001
10019140201,0.5439852359999999
10030598401,1.92908092e-05
10030598402,1.283359356e-05
10031003601,0.00559675486
10056971004,0.036821199119999995
10057104001,0.800972386
10057104002,0.42174381399999994
10058843802,0.913196868
10058843804,0.023848734859999998
10068997301,0.04312026228
10069995501,0.964038332
10094739503,0.884213652
10094763201,0.0011649657260000001
10094797703,0.00383611483
10095808402,0.3378947498
10095843301,0.521999352
10096215701,0.008112008799999999
10096417101,0.17361798479999999
10108020001,0.1514357296
10108283401,0.002080299146
10119610201,0.008824340016
10119610202,0.005486146838
10132909501,0.00019945165838
10148655101,0.21339741659999997
10161078302,0.9451433120000001
10161080704,0.9416369980000001
10186375301,0.22610674199999997
10186596501,0.5611183200000001
10199039201,0.927411678
10212986001,0.010825470700000001
10224618801,0.8587685479999999
10224618802,0.275878276
10224901702,0.8398681800000001
10263813202,0.2856884126
10264287001,0.0005697849640000001
10264316301,0.00031531467600000003
10264348201,0.00449577076
10274366302,5.1902364920000005e-05
10314524801,0.0870788396
10325796706,0.068661552534
10353132902,2.0009960000167966e-08
10364895801,0.904936666
10376367904,0.353049652
10376397901,0.00532842125
10390531901,0.10021794939999999
10413925202,0.002366779034
10427433001,0.5201047423999999
10441934105,0.00557074158
10479034102,0.7848504199999999
10480383401,0.21416294279999998
10480383402,0.1094673236
10493181301,0.83541837
10518842403,0.872968088
10519098404,0.6777662680000001
10529676301,0.00446463012
10529676302,0.0334478856
10568487504,0.714348452
10837497602,0.0007345237419999999
10837842705,0.00032893656
10859048002,0.3426479404
10884591901,0.4060359548
10886092801,0.02820628369
10886419901,0.00030994671200000005
10886419902,0.000313866046
10898348201,0.782185648
10898348202,0.9138545880000001
10937635604,4.6341453600000005e-05
10938015501,0.0781693876
10938019301,0.0357682082
10949837601,0.485629866
10950331601,0.709532122
10963396401,0.907988282
10987510902,0.0498290627
11001893001,0.00825616258
11035433901,0.07100017080000001
11054170402,0.4941514738
11061602801,0.0049762801062599995
11062190401,0.837915976
11062805303,0.3212125652
11062805304,0.0538877202
11075892603,0.0012861292499999999
11087920102,0.22213897488
11102317801,0.916493322
11102719501,0.0736040636
11126632602,0.09645144679999999
11140384101,0.771333508
11144934701,0.0230054612
11144934702,0.0123298797
11150781601,0.8344032159999999
11157210001,0.5879509319999999
11162241502,0.33132298120000003
11172093002,0.00039976377
11172279402,0.29490771794000004
11172279403,0.4006790702
11175985301,0.47595552799999996
11176276901,0.19319169320000001
11177023101,0.37474939
11177053903,0.672514018
11184523001,0.6376035840000001
11188722501,0.789088836
11188877204,0.01860652788
11188897502,0.00965179662
11196832301,0.399317642
11208954303,0.0018716967600000002
11221303101,0.78891917
11226066102,0.42192401
11226298602,0.04105322
11237798102,0.090853047
11257430701,0.023189509400000002
11257592301,0.7912962020000001
11257820204,0.050189157084
11257820206,0.09446914936
11258650602,0.000317418738
11278457201,0.64906469
11289868301,0.634840798
11289874802,0.0938446359
11316068701,0.1145299348
11316097901,0.884512662
11326728502,0.2306645742888
11326728503,0.20233327532439999
11339655703,0.48640543799999997
11341112002,0.94344139
11351159103,0.1547501922
11376871801,0.978167444
11376871802,0.930720318
11390038802,0.530542976
11413054201,0.00026276504200000003
11413054202,0.0001208985558
11413963201,0.9956194820000001
11413963202,0.0988102296
11426827002,0.40023560720000007
11793527401,0.2604586952
11801117801,0.355580989
11801536001,0.6020543039999999
11801607802,0.207014168
11805993502,0.00592850852
11813989304,0.10673315876
11813989305,0.1525422669
11813989306,0.057932538320000004
11814710701,0.000519637062
11819609403,0.000648864562
11819664401,0.3584185814
11819664404,0.52040619
11819770903,0.0006514349451
11819824801,0.2864513724
11820008001,0.0009466010720000001
11828042701,0.46953204480000005
11832157008,0.005831781653079999
11832289607,0.663152226
11843969002,4.48088566e-05
11853010701,0.875895906
11866683301,0.9380490260000001
11879817401,0.15066356409999998
11892274901,0.6673531300000001
11898109002,0.00767979384
11904677202,0.0325873381
11921955101,0.6483528620000001
11922271301,0.0400314566
11922514501,0.3152395887
11933439101,0.8861188459999999
11938562501,0.45213814
11938810101,0.693099646
11950168708,0.18620637892
11950621401,0.2465712732
11956086701,0.853714048
11962420701,0.00420002394
11967724601,0.793561562
11987903601,0.659128086
11997553101,0.587008486
11998011201,0.916492938
11998113401,0.6016817480000001
12027622801,0.00774569414
12028115501,0.6475499659999999
12034182301,0.404309162
12039326407,0.028469889475999998
12039326408,0.0025440049316
12039326409,0.029593128412800002
12039326410,0.013248805155999998
12039326411,0.0108432327184
12039513701,0.0920360604
12039513702,0.2276623572
12039720501,0.6148055880000001
12039721702,0.061618135000000004
12040021401,0.5350634808
12061103001,0.749589838
12061103002,0.849524622
12081715301,0.010942696032
12081715302,0.681806028
12093407101,0.007094522240000001
12093761601,0.2557284172
12094161401,0.973454838
12113719101,0.0025343363719
12145433301,0.1485488028
12158637201,0.7875538719999999
12167517401,0.945259034
12200275401,0.7820839239999999
12200597701,0.0248230871
12200666501,0.987031744
12220988502,0.38523647
12242476801,0.0136329386
12243213301,0.924933134
12253794801,0.962294472
12264264401,0.99657313
12285400501,0.942175748
12317287902,0.00580798414
12339813301,0.9743802779999999
12350845102,0.00661296139
12381617802,0.00498495984
12390795801,0.28676590539999997
12390866501,0.546937336
12391973001,0.0010244801660000001
12426094001,0.7748161600000001
12426405501,0.665875094
12426405502,0.96159212
12426436303,7.4381468214e-05
12458398501,0.4844241008
12459356401,0.728276234
12459356402,0.53281428
12479663401,0.5087450419999999
12489976901,0.9723472020000001
12510041603,7.622558860000001e-05
12510943101,0.810486994
12522039801,0.1350781944
12522220604,0.08231548359999999
12522220605,0.040399955259999995
12522821001,0.8590523219999999
12533032001,0.1124396012
12533039501,0.818940302
12546033301,0.0001142384696
12553900602,6.0029624800000004e-05
12553900604,0.000686364586
12553921701,0.0003031239868
12565600201,0.1547072392
12565956701,0.318596538
12565956702,0.004374192752
12576085101,0.00494449674
12596876401,0.0095789117
12606428601,0.9735187460000001
12606499301,0.33960787800000003
12607327902,0.0015862513200000001
12607799201,0.8638630920000001
12607810001,0.44920418600000006
12630682801,0.501571692
12639315001,0.8075036600000001
12656178701,0.7412579060000001
14059590301,0.08020046659999999
14068744601,0.00012021566458000001
14079745901,0.0009018636636
14093858001,0.926805568
14094049302,6.283057300000001e-05
14128126001,0.28304007919999996
14128126002,0.821663358
14133479301,0.0311463119
14141282301,0.990782794
14143575801,0.00044715173196000006
14147252101,0.00898247974
14148039401,0.1405713894
14148238601,0.7554085739999999
14148498103,0.00038981076
14171216701,0.88726351
14175278701,0.1651535076
14175577002,0.00046802004600000007
14177059201,0.676193108
14180659802,0.000453288522
14181146904,0.008708502948706
14182800702,0.00506734233
14186670401,0.000263639998
14186670402,0.00015215689003999998
14187156903,0.0001243153668
14208293201,0.0023929817200000003
14210530801,0.03601983129
14210918504,0.0875227854
14214784903,0.111842724392
14214784904,0.14315466715
14214822801,0.914416732
14214871202,0.561554364
14785851101,0.984026926
14787355302,0.0026007155
14884825503,0.00476458466
14910260201,0.3651799076
14910260202,0.474332458
14917608001,0.19552572552
14917608002,0.1665295458
14917608003,0.17757738284
14919080201,0.006909137900000001
14919514302,0.46739777800000004
14922069301,0.339799562
14927061301,0.15881419849999998
14927436702,0.145774992
14930274401,0.991953672
14930274402,0.994430066
14930817504,0.07499364474
14934986701,0.9981999500000001
14934986702,0.99824199
14934986703,0.44837525320000005
14939257402,0.597778072
14944716001,3.283520600000623e-17
14944716002,7.40402693788474e-07
14949842501,0.000120442409
14949842502,0.0001462034468
14987370902,0.0223777957
14993094602,0.000213645884
15003020501,0.998948502
15003020502,0.99865718
15009886001,0.9981690839999999
15010147201,0.42972809200000006
15015126201,0.997259688
15015126202,0.996024456
15020394201,0.0597326082
15030038803,0.034612664956
15032061002,2.2221395260484798e-07
15042980702,0.004386204992
15044304601,0.13510431895
15051620201,0.9926113219999999
15052358402,0.002880300072
15063635601,0.010739322620000002
15063635602,0.1187765864
15071886401,0.044934503199999996
15086376801,0.433549613
15088003801,0.55213449
15104739403,0.17007291568
15105371901,0.47858611599999995
15118385001,0.0030383201
15118864503,0.3166802006
15120148501,0.46712022
15129820905,0.0602010217
15138784001,0.38446479720000004
15138832401,0.007139641800000001
15138832402,0.031771209099999996
15153447503,3.58302111e-05
15160209601,0.04022997906
15169357402,8.710668240000001e-05
15170787001,0.1622340134
15212279301,0.0046369143
15212279302,0.00036497411280000003
15226473702,0.9383911960000001
15235037301,0.36780347199999996
15235037302,0.070662497
15245720301,0.634266918
15254053806,0.015363621336
15254053807,0.009043908484
15254317001,0.80362572
15254700601,0.00891939006
15262595501,0.8163586540000001
15266038501,0.144232329
15289652401,0.411436507
15289903601,0.19203339079999998
15290875301,0.001040803946
15290875302,0.0003453722138
15290889701,0.000122580244
15290889702,9.834497739999998e-05
15290889703,0.001075391262
15301725001,0.795664384
15345478201,0.8472655660000001
15366956901,0.05661818519999999
15419006804,0.0249694668592
15419966501,0.19334749539999999
15437834606,0.0082127299616
15439316701,0.91488402
15439316702,0.9173322580000001
15439658101,0.00187083611
15439658102,0.00042549638199999997
15439674601,0.0036603493799999996
15439674602,0.0007018495940000001
15451417007,0.0031485912564800005
15452472302,0.031408709
15518488001,0.7418691
15518514202,0.06187354899999999
15518514205,0.38586918400000003
15518987401,0.5796612708
15528599301,0.002282028468
15528599303,0.00040642931200000004
15528612101,0.0503200274
15538521202,0.266137713504
15551479802,0.000653309638
15562018704,0.722542048
15562018706,0.41506536499999996
15622784802,0.001683566772
15622784804,0.0068301562
15622784805,0.973836432
15622784809,0.9686219680000001
15623636104,0.401900078
15632989001,0.0327077258
15665276702,0.088347381
15666885101,0.856846056
15677513102,0.46253534799999996
15706981801,0.007664601539999999
15706981802,0.00071902312
15719104502,0.01118021052
15806322501,0.804884676
15806322502,0.785343314
15809911601,0.227488238
15809958001,0.7137193799999999
15814195101,0.9790125959999999
15814195102,0.34694686199999997
15815687801,0.638436572
15815893201,0.2052962574
15815939202,0.00177387648
15815989102,0.05363302056
15860720701,0.428729228
15860722801,0.1676451218
15860741901,0.0163520882
15878178402,0.164505756
15878178403,0.7327574020000001
15912169301,0.0815996524
15924871502,0.76587084
15947215603,0.0020561733960000003
15947227802,0.750697074
15948113801,0.40031771000000005
15948113802,0.743211698
15948113803,0.6568658839999999
15956590202,0.522583496
15969873701,0.8551824399999999
15980342101,0.008726479059999999
15980342102,0.00282773136
16013434801,0.9807524539999999
16036773402,0.09211613599999999
16036773403,0.1844849276
16066016301,0.559957826
16066515901,0.9309984480000001
16066526601,0.298142674
16068880901,0.399502265
16084755501,0.775178972
16091601404,0.00670475398
16099102201,0.77032807
16099102202,0.84194286
16099304901,0.000797361268
16103732001,0.6188777599999999
16108228801,0.0673477616
16108228802,0.0002848397264
16108592104,0.0020892626519999997
16111060101,0.23672606940000002
16125373001,0.8148302940000001
16126004401,0.9646508600000001
16134286001,0.9949114339999999
16134286002,0.9045124019999999
16143602901,0.0007901531999999999
16154166701,0.0745797742
16154930501,0.9962718519999999
16155008801,0.001047699414
16176108901,0.5500765320000001
16176124703,0.191955512
16198132604,0.0106988197992
16198826901,0.00900882168
16210735001,0.0007248737720000001
16241062701,0.0208486212
16242925701,0.444401226
16253832601,0.711763336
16255155401,0.237553823
16265142702,0.19420309959999998
16266588403,0.2362651106
16338814401,0.001037059438
16340585502,3.7742029371999996e-05
16355726201,0.436163282
16356506601,0.723910202
16356506602,0.15939133290000002
16377210001,0.00010383823120000001
16377210002,0.0039754284
16398864501,0.37464557200000004
16696934602,3.789499272e-05
16700979201,0.553044506
16708620102,7.873973176321693e-07
16730338202,0.992932408
16730403801,0.00047373999399999997
16730403802,0.000297507668
16734243901,0.9894925139999999
16734313302,0.230095721
16736542802,0.000135697126
16741596501,0.998106168
16741596502,0.933193152
16741889801,0.986527046
16752648502,0.84601495
16755489801,0.996801456
16755489804,0.02063744128
16757013101,0.921437884
16757013102,0.00011839726887999998
16757013103,0.06929625168
16757119203,0.03722508585999999
16760273802,0.000574365572
16760273803,0.0026972727320000002
16760421701,0.276745055
16769439701,0.000896051248
16769572902,0.037216620560000004
16771839802,0.13746311390000002
16775073201,0.920148066
16775131902,0.014015848840000001
16775452301,0.2999007226
16779396102,0.00153801866
16781194601,0.021431077240000002
16781194602,0.025852608379999996
16995573401,0.000338299166
16995573402,0.0002762955434
17004831601,0.532491722
17023867602,0.00042775176399999996
17024094203,0.3712918166
17025467504,0.029998239599999997
17032889101,0.020774765
17032889102,0.005288345532
17033096503,0.006715688166
17033757001,0.028386791779999997
17033757002,0.050351121879999995
17033757003,0.1704082636
17033757004,0.223613039
17034101102,0.15753469879999998
17042211401,0.8908583520000001
17043049702,0.0773234872
17050929001,0.00301274152
17069188506,0.003361115672
17069237901,0.5779101019999999
17076902501,0.33609447000000003
17077392403,0.1116276338
17085770202,0.000835929524
17097239601,0.55097071
17097994501,0.651981244
17106091801,0.529349616
17106337909,0.00069382808
17106451103,0.02071722518
17129234303,0.004106304468
17138585501,0.877417662
17147300001,0.0007824861980000001
17147888202,0.026129944061999998
17148036601,0.001199077058
17153235801,0.633411559
17153235803,0.35096124139999996
17153653001,0.608121622
17153653002,0.241148482
17154219001,0.988113826
17154409102,0.0005097736912
17163328601,0.00796117378
17174562602,0.07456922976
17174562603,0.017328344160000002
17189929108,0.0018904297315999997
17195529805,0.001076610252
17196218101,0.094576769
17196218102,0.05131009232
17196401501,0.2619621316
17205337202,0.24998529319475357
17215521304,0.12614936670000002
17220307703,0.03495635742
17220325201,0.675362224
17220325202,0.2103988766
17250251405,0.11579812569999999
17254841501,0.038555877579999995
17263400901,0.981208728
17264424801,0.014808805920000001
17271798203,0.9331273019999999
17272238802,0.01109701698
17281527201,0.47368093799999994
17281527202,0.417908982
17289329601,0.980234568
17349331402,0.013669279452
17354412401,0.0077050289800000005
17354412402,0.054209391399999994
17354412403,0.007159700343199999
17354483502,0.01151000406
17364872701,0.1355492418
17364872702,0.333155392
17365440201,0.046951182999999994
17373887901,0.000695934942
17380768102,0.103906061
17381431501,0.70033649
17381431502,0.624003214
17381455001,0.42930215
17388516403,0.455794873
17389423101,0.01073893052
17389423102,0.03112569416
17389662202,0.673537866
17406818604,0.04062749532
17412582205,0.010807083728
17413303503,0.0035316666079999995
17418211001,0.7610527539999999
17429111201,0.372113496
17429382701,0.001043666624
17572863401,0.942368458
17595347901,0.882009296
17602056201,0.00550240514
17603913301,0.240338134
17610827402,0.000825056132
17610959901,0.7916292159999999
17611105801,0.2221627588
17616422501,0.606510776
17616676301,0.956098858
17687143801,0.99727556
17687143802,0.49155497
17687403401,0.00544292728
17693612401,0.1258741506
17695537902,0.003402840972
17702223203,0.00438518998
17707733601,0.998650624
17707745701,0.0003043091064
17707745702,0.0008853753419999999
17707747501,0.33898722328
17707747502,0.28325343259999997
17711698104,0.012102468659999999
17711955403,8.0219309687e-06
17717368601,0.532263046
17724213003,0.00021665461940000003
17725470301,0.05014091188000001
17728470202,0.20842823900000002
17730836401,0.991217698
17730877701,0.769185448
17735477101,0.23634980560000002
17738774502,0.00310448994
17738774503,0.03703342664
17904088001,0.23381678899999997
17904198901,0.085321196
17912356001,0.0012840324399999998
17912356002,0.0008244330459999999
17912356003,0.15909696401
17930792202,0.873019916
17938380501,0.76106575
17943740001,0.057808374600000004
17943740002,0.2723133528
17943740004,0.0002180276471
17944028903,0.647801446
17957923302,0.012693847042
17958004502,0.092744843
17963906301,0.0790277352
18134118402,0.583940142
18134186402,0.08795074988
18157661202,0.003516305294
18179853901,0.426505442
18245089201,0.1546239354
18892340101,0.01568834854
18892340102,0.00266772252
18916711201,0.9337247200000001
18917239501,0.2472974452
18918175801,0.0281615868
18944799901,0.936261204
18969437501,0.9973440520000001
18997220501,0.9007298479999999
18997702801,0.95863824
19023050401,0.531133644
19050445101,0.752347532
19103675001,0.02320245976
19103708201,0.76822718
19103708202,0.10238663236000001
19135159105,0.007188278298000001
19142298701,0.7616255940000001
19158371401,0.739082454
19174414201,0.357650804
19186209601,0.17736604720000002
19186718302,0.001425661114
19212631102,0.8483168299999999
19213189501,0.0018778198999999998
19238090201,0.7002990600000001
19239046901,0.594087662
19262673603,0.00023135831640000003
19263556101,0.8576773879999999
19289499801,0.0007519897899999999
19289499802,0.0006291685999999999
19290685501,0.960076602
19299731603,0.9345013099999999
19301306503,0.03390651114
19304883601,0.027090444479999996
19304883602,0.003818641008
19305978503,0.333787662
19312463703,0.0015656477456265998
19316382401,0.0014871311
19317415301,0.74997517
19324209701,0.9620087319999999
19324209702,0.795548084
19324232102,0.7102841740000001
19329729401,0.02126721354
19329729402,0.00722169572
19329739201,0.00177115226
19329739202,0.000819890794
19330551701,0.23876863080000002
19352855401,0.95107443
19358920203,0.00017989686312
19359667302,0.3596386088
19359680203,0.36412856600000004
19365589404,0.09476153152812
19377820301,0.9509891060000001
19377820302,0.8551128779999999
19378772601,0.8419190679999999
19378948901,0.042133673999999996
19384952301,0.385463356
19394961705,0.0372069692886
19396503501,0.9869412439999999
19410316602,0.542019386
19421013901,0.06078793600000001
19426444101,0.01305376724
19433831001,0.4753955879999999
19433831002,0.1684734948
19433996701,0.42832611800000003
19439116003,0.0151134239734
19439628702,0.7388158459999999
19440839001,0.02676555322
19446649601,0.520072917
19447582901,0.911194608
19447582902,0.0444685348
19459105101,0.373988131
19479865404,0.1703284
19487327602,0.0168296868024
19503056401,0.970132546
19504658201,0.8599809799999999
19510340103,0.00623330822
19511848201,0.421486026
19516342001,0.33086739600000004
19516427101,0.578411502
19516427103,0.358161586
19556847601,0.0015063887280000001
19557876001,0.2663777
19610149302,0.14013009986
19611596801,0.400731824
19636348401,0.984353184
19637335601,0.7434618580000001
19665444401,0.9914204999999999
19665471101,0.8664808
19679343201,0.9780579279999999
19680816201,0.758661458
19684734802,0.2044354874
19690447702,0.06571032696
19695427303,0.0193631258
19695804302,0.010893786664799999
19697034102,0.34112462200000004
19704547002,0.008151573934000001
19707467302,0.9240752279999999
19745290601,0.1988709177
19745799701,0.807002396
19746780001,0.0724806502
19784795401,0.1264231132
19784795402,0.02103142914
19806823901,0.16621307700000001
19806830001,0.006447482411999999
19825741102,0.00672053356
19825772701,0.22991641720000003
19884575902,0.0283877757
19885122601,0.721865492
19931894201,0.951570548
19957495301,0.9727205120000001
19957531501,0.053474870400000006
19983373801,0.761838904
19983373802,0.902979846
20010068801,0.887164982
20017246701,0.99223786
20017783901,0.44988848400000003
20071837702,0.000444812544
20071844301,0.6629457280000001
20095987302,0.36502784559999996
20119314702,0.000880405574
20119776801,0.945599728
20120198901,0.796007734
20164131702,0.00019772655400000002
20171847701,0.836195652
20171879901,0.697741668
20194192601,0.9926048599999999
20194235501,0.011550778340000002
20244560801,0.002390911554
20246185201,0.527026306
20681867404,0.007505094618
20697779102,0.0036216293999999996
20703226201,0.000259235848
20703226202,0.000120383232
20711385602,0.008029068185999999
20711942806,0.2457592698
20712481601,0.972680736
20712511201,0.640959922
20725890403,0.1877627564
20725890404,0.28250614
20726417201,0.9951725419999999
20734665902,0.7207638700000001
20735276401,0.6596377529999999
20742034902,0.0279795086
20750831101,0.9317505199999999
20752078601,0.9074187300000001
20752159901,0.911899326
20752344501,0.001419809578
20755487201,0.993607868
20756381601,0.6186630479999999
20756563501,0.889669496
20760243701,0.00548972848
20765451602,0.016522197500000002
20765451603,0.00923805476
20765455402,0.07260028059200001
20766138101,0.310797072
20766664002,0.28859697
20769515203,0.6007508180000001
20775736503,0.024461471000000002
20775736504,0.2864102354
20775746701,0.5903743020000001
20779901301,0.17956102399999999
20780616901,0.304335472
20780930202,0.5077101159999999
20785898801,0.278526066
20786993003,0.02717185828
20795453902,0.039308482094
20797839101,0.9659651520000001
20797845801,0.84147013
20798008701,0.1356597268
20798258101,0.8716643599999999
20798643301,0.0088238001
20798953402,0.01829373276
20799077002,0.0004149885432
20803004902,0.684006896
20803778201,0.863357482
20810887901,0.9356287200000001
20811480001,0.20148204880000004
20815128102,0.021410222468
20815513302,0.0001244582316
20820384201,0.99481456
20820384203,0.37102083919999995
20820384204,0.403709494
20823122404,0.1368552142
20823122405,0.06611807364
20829558601,0.992742896
20829696701,0.751951168
20829776001,0.9885630599999999
20829796302,0.3784138174
20830098501,4.22623708e-05
20830098502,4.757564e-05
20832372501,0.767711746
20833033601,0.3447330728
20833035301,0.8216399759999999
20833304701,0.0185765344
20833567901,0.955830998
20839872807,0.062853587032
20843557301,0.74725547
20843828802,0.10920744199999999
20844682303,0.000732449957
20844682304,0.0007187817102
20848998201,0.98845776
20849184703,0.49149367120000004
20849658702,0.1024238454
20853519401,0.784729194
20857996901,0.988759084
20859451101,0.0043319653
20859451102,0.001117904374
20863817306,0.15179891827999997
20864858501,0.97177881
20866976401,0.8375387240000001
20866976402,0.688184444
20871068001,0.9980252740000001
20871941901,0.58568501
20876387001,0.007209180040000001
20876387002,0.0007241073359999999
20876538102,0.1743872246
20877070601,0.9874498580000001
20877097501,0.680372524
20877160503,0.00963351512
20881574804,0.000623258806
20882540501,0.00104613825
20882540502,0.00074696164
20882540503,0.010960887130000001
20882540504,0.003996832112
20882540505,0.0191652524
20883055802,0.0003106981664
20885855301,0.9897507320000001
20891756401,0.01441886374
20891986001,0.808391554
20894301901,0.637208874
20895092801,0.00414761774
20895092802,0.000526100984
20895455901,0.263940488
20895507001,0.057139070199999996
20900171701,0.00597094086
20900301601,0.00414463096
20900301602,0.0028686427799999997
20900324601,0.000331068488
20900324602,0.000373968968
21162288202,0.000706202802
21168779101,0.84432022
21168779102,0.493905192
21174262801,0.9851948079999999
21177924002,0.1609234646
21183129201,0.51075547
21186454501,0.0775136084
21192554001,0.0305992522
21193012101,0.4024313414
21196596801,0.6517455400000001
21197189801,0.9516396199999999
21201552102,0.01466642676
21212162202,0.031007214659999997
21212162203,0.0651304144
21212414002,0.0001290693514
21216928501,0.8197628800000001
21217568001,0.345785972
21218078501,0.8471896579999999
21230498501,0.02484267783
21230498502,0.0265527486
21236733602,0.025275659319999998
21237202202,0.874773798
21237309701,0.0292240306
21237309702,0.015434078600000001
21241550901,0.001345418872
21241550902,0.017891260399999998
21241599002,1.712654148e-05
21241599802,1.3361697780000001e-05
21241914001,0.07889083
21245264701,0.763980264
21245906901,0.300199552
21246152401,0.866758422
21251976401,0.745984663
21252856203,0.036215279589999996
21253044103,0.00371461482
21261208201,0.5187726610000001
21261208202,0.24290012819999998
21271137101,0.0016932626399999997
21276053501,0.0043050525800000005
21276076902,0.969913968
21283521201,0.978755152
21284496701,0.30706563
21293936101,0.1735259332
21299863202,0.0007883498972000001
21302859304,0.010196525674
21302859305,0.004529733286000001
21302859307,0.000747179158
21311179602,0.0018518285219999999
21319315301,0.12447336980000001
21323016801,0.00890998602
21323016802,0.001303873138
21323175402,0.13762155199999998
21323673802,0.000525736304
21323673803,0.05041892962
21323673804,0.029256988560000002
21323789301,0.93116409
21324029201,0.9865799940000001
21324222802,0.00043937362800000005
21330315405,0.06673168925999999
21334217404,0.08406561994320001
21343634902,3.83069684e-05
21344125101,0.0127151144
21344177801,0.02346093454
21344177802,0.00093825807
21347491201,0.21773490999999998
21351426501,0.16688675599999997
21351687301,0.9156481299999999
21354540403,0.0016675958137799998
21357923702,0.478432627
21358862903,0.15087145350000003
21369280101,0.5416791759999999
21370744201,0.641056448
21371612901,0.00375053244
21376117101,0.41877380000000003
21379547201,0.40860161999999994
21382085601,0.781392726
21383074701,0.92996718
21392214003,0.0792548917
21392298602,3.023123486e-05
21395552101,0.9874129679999999
21397819501,0.5591375359999999
21401338602,0.00058020855
21401400102,0.00600562424
21404624901,0.0006269950040000001
21404624902,0.0010484143
21404773701,0.89858539
21405477303,0.0017260014640000001
21408274201,0.004037254
21417636202,0.075651471
21417639501,0.00914536034
21418818601,0.928680026
21419247401,0.00174330354
21419247402,0.1614193016
21424328701,0.9946348220000001
21424340001,0.051285627320000006
21424464601,0.376251712
21424625902,0.00860763601
21424810501,0.38451181619999997
21425014301,0.391020976
21425357803,0.001301727757
21429895701,0.69254724
21430373501,0.020460565679999997
21431374401,0.7431492559999999
21431625001,0.02334889314
21431625002,0.04816532954
21433255602,0.189540516
21435519801,0.47041709880000004
21436133101,0.9887425000000001
21437504701,0.31636845
21437890502,0.085688714
21438904401,0.07910336820000001
21441298902,0.0014089483766
21441648702,0.0103546144
21441671801,0.1487246042
21441803702,0.000878943498
21445435603,0.01240660532
21445547804,0.006208193870000001
21448380701,0.1091484984
21448380702,0.11405831740000001
21449529207,0.0106847259494
21453073701,0.932812
21453333202,0.07822356379999999
21453810603,0.0014572096159999998
21560515901,0.800701546
21561507901,0.009769333679999999
21570371901,0.99040202
21613660801,0.9615014260000001
21616553801,0.811344264
21619093401,0.00407630218
21619093402,0.001315446714
21619579301,0.984047672
21630651001,0.000920902172
21632808001,0.60172421
21634270201,0.2494531754
21636770801,0.8439084640000001
21638707302,0.0045498362
21638871801,0.43236031100000005
21638871802,0.7486470040000001
21639474101,0.9959760299999999
21641956201,0.000485334616
21644441801,0.989785058
21644554101,0.7831506260000001
21646588602,0.0120436376
21646621701,0.37484116
21646874601,0.0178393248
21648036401,0.925602058
21651177801,0.01317403428
21652075202,0.3803746
21652075203,0.423283336
21652663701,0.9663753939999999
21654581201,0.817486336
21655239101,0.010454765940000001
21655239102,0.0242462228
21658400803,0.3416965388
21658400804,0.00997437603
21660914401,0.645427
21661002701,0.39583847800000005
21661142601,0.561236866
21663805201,0.9870026199999999
21663983902,0.0655588224
21666856302,0.01357490922
21671727202,0.00487100146
21672292401,0.22956395000000002
21679508001,0.534056948
21686895903,0.000454122418
21687199401,0.065469746
21691211203,1.7783005664e-05
21691556001,0.272392494
21693606903,0.4825403508
21696909901,0.0035363631800000004
21697363101,0.91702754
21699533801,0.286191004
21699683101,0.01161520366
21699693002,0.4231089
21701033302,0.000569072056
21701324901,0.023909538
21702837001,0.00449722022
21702845301,0.0066022969
21703675301,0.625805204
21703680601,0.001018791808
21703680603,0.00101244745
21705936901,0.00690436474
21705936902,0.00786819732
21714502803,0.749975364
21715177601,0.021009841492
21718318102,0.6075611439999999
21718318103,0.8248849460000001
21718450605,0.011740781166
21722071702,0.804181102
21725383001,0.631653114
21725383002,0.59215946
21735190001,0.00228101306
21735190002,0.0019970848
21735190003,0.0032550296399999996
21736406701,0.38650149
21736721401,0.894577498
21736721402,0.97603793
21737488301,0.84589728
21738235901,0.067058117
21738722302,0.029780177400000003
21739621401,0.934604988
21741759401,0.9939719840000001
21744156804,0.283717803
21745976502,0.000320189412
21747858501,0.530558714
21747858502,0.61779365
21749660401,0.615920916
21749660402,0.59810994
21752990101,0.9744315880000001
21754901301,0.6588527660000001
21755040902,7.9222185e-05
21757087101,0.751680296
21758245801,0.9923305499999999
21764073301,0.837848312
21765575201,0.099011661
21766073801,0.449462882
21766785401,0.00336242626
21766785402,0.12256558840000001
21766795201,0.00110533892
21766814401,0.00018461737879999998
21766814402,0.001137284562
21767280102,0.9085830720000001
21770006501,0.23303577200000003
21778395101,0.00824638066
21778746203,0.5632704152
21780480001,0.21015126625999997
21780482701,0.19992945326
21780778101,0.0248206229
21784508901,0.458007236
21784583201,0.0070827098599999996
21787561401,0.34062066179999995
21793028904,0.4364454276
21793186802,0.3788186632
21793242001,0.372415764
21794109501,0.719242808
21794178201,0.030437062259999998
21796264901,0.817360412
21798386401,0.324878632
21798923801,0.00216956978
21798923802,0.002698739094
21798937102,0.012852283887999999
21799960901,0.01127190066
21800014702,0.20032784
21802995501,0.00945744724
21802995502,0.0098452553
21804892801,0.00176374309
21804892802,0.0003654093184
21807939301,0.549554266
21813361801,0.9935698260000001
21813375701,0.0221439639
21814393003,0.071256718237
21814527301,0.001183449578
21816012105,0.0011024834518
21816239901,0.710542252
21817353103,0.0509071456
21817823702,0.0005599494424
21820998101,0.18493201720000002
21821046702,0.28262705
21821046704,0.02621852502
21827103301,0.0943776738
21827849501,0.807411044
21828186503,0.43122869399999997
21828203401,0.000264698074
21828203402,0.000270506802
21828203403,0.0005015387020000001
21828203404,0.0006113086879999999
21832096401,0.0112576492364
21832697003,0.0016652772359999999
21837793001,0.35487661680000004
21839013001,0.944770398
21841795401,0.68334844
21842497303,0.0023713198839999997
21843045101,0.9805274879999999
21843171101,0.651384828
21845215601,0.8532936039999999
21846533601,0.002792060606
21847121601,0.8226401839999999
21847667403,0.066148541
21847697601,0.00277319494
21848394301,0.9526396399999999
21855367103,0.9684040319999999
21856004104,0.00500651236
21856070101,0.9744262499999999
21858952502,0.9659473000000001
21863120303,0.0155148015
21867923803,0.0007075967339999999
21869317701,0.541509714
21875366602,0.47146708200000004
21877724901,0.0003800905344
21877724902,0.00033719082599999997
21884606402,1.2097248526e-07
21886819801,0.804436512
21918310301,0.622434534
21919496902,0.008161064504
21940674701,0.452779184
22039160504,0.097268405748
22039625901,0.8619566860000001
22041468202,0.76048462
22041651201,0.266465101
22042174202,0.308307266
22042245602,0.003588767526
22042245603,0.0028982314400000002
22043080101,0.009683403608000001
22043718803,0.479341798
22047113103,0.013128743228
22047113104,0.008846218646000001
22047420901,0.0518164313
22047833502,6.18490500092e-08
22048045001,0.000436347146
22064680205,0.00269174429
22066768201,0.884411708
22067398002,0.0227044174
22073610901,0.89095558
22077204801,0.057007349799999996
22077204802,0.49035886200000006
22077721501,0.78389225
22079800901,0.2982323424
22079800902,0.3980232334
22082898301,0.95877877
22082898302,0.485516623
22085933102,0.00936350394
22086766701,0.2023983444
22086766702,0.075637121
22088892901,0.935246866
22090400508,0.009224820210000002
22093489901,0.32382627199999997
22094523101,0.54714099
22096832202,0.29640424099999996
22098420201,0.0454140406
22101369103,0.014185435159999999
22103845101,0.05300297080000001
22103845102,0.01123401116
22103887801,0.00013048052459999998
22103900703,0.0032509247399999997
22104909001,0.5385772018
22106594501,0.027342625
22107750301,0.946476272
22108849601,0.554467464
22109782601,0.001044933958
22109983001,0.9857212219999999
22110111605,0.01788879092
22110234201,0.8191411460000001
22110733802,0.09024376199999999
22110800501,0.419433088
22110851901,0.8124366479999999
22115196201,0.0061887903
22116154601,0.0161208813
22116342001,0.00685739886
22117902001,0.023410307488
22117964501,0.9981684120000001
22120066401,0.0843818402
22120066402,0.0015840158
22120576801,0.639429092
22120977701,0.865297522
22123841301,0.44771981600000005
22127652702,0.0016678954228
22131354402,0.606366892
22133708704,0.289835614
22133708706,0.084111541
22135424201,0.7514652500000001
22143361801,0.83818091
22144415901,0.96682261
22151674001,0.9920031119999999
22154093501,0.45862571399999996
22156544701,0.604805032
22156788401,0.9497868479999999
22157408101,0.57164507
22158378201,0.672655342
22159525701,0.296127488
22161997901,0.780553798
22162943901,0.579161166
22164094301,0.346068166
22167799501,0.0097614937
22168049702,0.0006620861420000001
22168220501,0.667929802
22168220502,0.029482463679999998
22168673801,0.988324418
22169748701,0.955952458
22169765001,0.399062592
22172402301,0.22925110499999998
22172402302,0.5318348260000001
22173421501,0.1355296582
22173674001,0.850717442
22174568201,0.299923654
22177719901,0.81048844
22177724601,0.200606844
22179856701,0.7669979299999999
22180188201,0.11199164660000001
22180501502,0.04004609904
22180501503,0.08300665964000001
22181043001,0.000846182062
22183805601,0.859243564
22184019601,0.000354114226
22184019602,0.0001003557696
22184019603,0.0001837264772
22184630701,0.716077718
22189569005,0.1447568408
22189572802,0.00016078570140000002
22191094301,0.7449064460000001
22194201401,0.935501766
22194334601,0.43759567199999994
22194347001,0.32260169699999997
22200826501,0.755957932
22201201104,0.06391744443
22205099901,0.02816921422
22205726801,0.557958728
22208455703,0.003079813474
22208687801,0.15755020520000002
22208918602,0.000569772502
22208918603,0.0006516801739999999
22211641901,0.359727926
22212659301,0.0398675393028
22216033601,0.804507454
22216033602,0.1302470088
22216570801,0.8000606400000001
22216579101,0.7203091859999999
22216579102,0.851140226
22218443806,0.015754086440000002
22221648305,0.0137247552
22222977801,0.5303868028000001
22223061701,0.9379119920000001
22224039201,0.34541464
22226337501,0.9897001
22483758801,0.00355304454
22483758802,0.0002718319846
22485147603,0.0027920438574
22492891801,0.9329681799999999
22493069501,0.9554908299999999
22496451701,0.9592941700000001
22498095001,0.45865525499999993
22504037201,0.994069286
22507683501,0.2028623058
22507683502,0.621314578
22510010602,0.0019549909779999998
22511986801,0.428462006
22511986802,0.75189094
22511986803,0.9539137419999999
22514644201,0.0786603454
22514674901,0.002212295094
22517492602,0.0003076298908
22517855904,0.767789238
22523551701,0.9855778
22524306902,0.554095914
22525381901,0.08554066928
22532909603,0.6444285080000001
22541044101,0.9601195
22541344601,0.9891487800000001
22545250102,0.0009571164159999999
22545250104,0.0031484747640000005
22545675103,0.31243760600000003
22574095501,0.9017519459999999
22575075201,0.79841948
22582540101,0.0031312670799999998
22582540102,0.00199232103
22594300401,0.97281053
22594767401,0.778416978
22604745701,0.62646801
22638249902,0.48926409700000006
22672232001,0.10764291100000001
22672232002,0.16836320899999999
22672232004,0.40172491600000004
22683261501,0.945804324
22683287103,0.0052289960000000005
22702617101,0.000438017176
22703128501,0.10659884500000001
22703623401,0.00749342804
22703623402,0.221538184
22713709301,0.862451206
22714156601,0.9654797900000001
22746079401,0.704685346
22746581101,0.1592290124
22746604201,0.49472422299999996
22746612201,0.001651167114
22747060403,0.96436919
22747585002,0.0115977343
22747585003,0.0254412525
22769036401,0.12254961280000001
22779793802,3.29570136e-05
22781298204,0.16380901331
22789763201,0.268114304
22789779601,0.9769563160000001
22812334101,0.724022774
22812804901,0.000700862358
22834291301,0.483502668
22834332601,0.745140184
22862957201,0.266465242
22862962201,0.00026221333799999997
22873211903,0.6692527939999999
22892300705,0.0027131020512
22892747501,0.385063546
22893246301,0.09954978480000001
22893257401,0.876544874
22893269302,0.1841955306
22911825702,0.2449234034
22911847001,0.490775232
22911847002,0.7570966880000001
22911847003,0.493364882
22942425302,0.365051788
22942427801,0.0049792202
22942482604,0.00233477951
22961976801,0.22768829080000003
22962968601,0.884256888
22971606501,0.00802100344
22971646101,0.47072398
22972674801,0.00031905748999999997
22972674802,0.00023757441600000002
22972674803,0.090801943886
22981724401,0.0764558996
23002970302,0.0028260938020000003
23002983901,0.00551922672
23004470901,0.69809404
23015290001,0.5308746560000001
23035362101,0.7183038479999999
23057082901,0.8152943520000001
23058130401,9.458657868599999e-05
23079372001,0.923589468
23090832901,0.86093172
23102425101,0.1450337946
23102425102,0.0604678904
23102870601,0.815787418
23103886301,0.8974079079999999
23107341601,0.57452724652
23107350501,8.178841321036713e-06
23112834801,0.532420082
23113689703,0.016773226800000002
23125098401,0.962685094
23125142202,0.752433018
23125580901,0.15859174380000002
23135126301,0.96673648
23135167201,0.035945006
23135171804,0.38709215099999994
23135623801,0.7479187919999999
23135659901,0.123358304
23136122801,0.40509382799999993
23136122802,0.2247370176
23136122803,0.11703305720000001
23146193401,0.41547497799999994
23146193402,0.029181165720000003
23146193403,0.00048762420200000004
23157353201,0.9324220320000001
23172100501,0.9906680480000001
23172100502,0.980793776
23174490501,0.06697434313999999
23177003201,0.96618384
23178018201,0.38779065
23178490102,0.2273789184
23180188501,0.3308090528
23190221601,0.963615532
23190221602,0.09217590140000001
23197688301,0.8824327139999999
23197743802,0.49079372479999994
23209700402,0.43120459999999994
23231213701,0.045769495
23243648101,0.981544792
23254876103,0.002666815944
23265254301,0.0060843778199999995
23276038102,0.442384514
23276887201,0.0302320262
23285972001,0.011996848360000001
23286914102,0.582096534
23286914104,0.25371325899999997
23287386901,0.75248801
23298543101,0.007937877999999999
23298545802,0.940180532
23299544601,0.00723345962
23300046202,0.8043839399999999
23310541701,0.0821845728
23310541702,0.002062126428
23311586404,0.9044312059999999
23332010701,0.655533688
23355321002,0.444545686
23355354701,0.922733968
23355843001,0.70908464
23355843002,0.9532400040000001
23356301702,0.36546123599999997
23376269705,0.027496051119999997
23377274401,0.5218059239999999
23398218101,0.779744116
23410160201,0.948345752
23420323404,0.27064604999999997
23431021405,0.605168796
23442220502,0.001074869336
23442220503,0.001524498868
23453219601,0.26069092720000003
23453966101,0.557435864
23463895601,0.9561900959999999
23474773401,0.053941218400000004
23496903003,0.31218967
23496903004,0.931370212
23509219903,0.00384221038
23518729202,0.019925711699999998
23519268102,0.001088282182
23520285401,0.279052598
23531881401,0.744826126
23541531501,0.589829586
23541623201,0.9743147820000001
23542521601,0.710807702
23552279601,0.012085963520000001
23553247401,0.0022147643600000004
23553303201,0.6515411560000001
23563172401,0.00475442168
23563172402,0.0168860655
23563172403,0.0019274527190000002
23564189001,0.0005837083780000001
23564189002,0.01587213136
23573923701,0.739654822
23583698801,0.7018545119999999
23606851101,0.0612722016
23629031201,0.004628794699999999
23629910601,0.661671216
23629910602,0.0008912801079999999
23629938301,0.8340262660000001
23640949101,0.0742992868
23640949102,0.00037915316100000003
23672559601,0.0086106366
23673050801,0.5563391748
23683298401,0.0331940342
23683818103,0.00472141014
23693775801,0.747543892
23694796301,0.0161488979
23695303701,0.907977402
23716404801,0.0013058905539999998
23716458801,0.0319879233
23716458802,0.6502741700000001
23717288501,0.9568202039999999
23795745101,0.094754204
23795745102,0.1928593868
23796990004,0.00781751029786
23805885501,0.314944942
23805918001,0.9975803580000001
23807039601,0.01590731632
23809035801,0.0002021000392
23809098302,0.0943712678
23812303602,0.2275731222
23812303603,0.13195821359999999
23812380203,0.2030261034
23812401603,0.099861096
23813118203,9.888897138027794e-09
23818056201,0.0011099249380000001
23819575802,9.24779954e-05
23819770901,0.9779681379999999
23819770902,0.147326707
23822807301,0.09077413100000001
23886995603,0.0015742940859999998
24549381901,0.31369644
24549662103,0.00024279142270000002
24552442202,2.767055726e-05
24552475402,5.95577768e-05
24556561301,0.93634127
24556863401,0.003274401372000001
24557497101,0.2768193974
24560385301,0.0067248238
24564376002,0.1234941796
24573035201,0.748218372
24576474701,0.9512967619999999
24581040301,0.1716090536
24583900004,0.06286339640000001
24587862401,0.985909356
24588812404,0.07555379517246
24593297202,0.2004116052
24598067702,0.5685411194000001
24600223201,0.000123820188
24600223202,8.96947416e-05
24600621501,0.4251808988
24601170001,0.07311573054
24601170002,0.955828264
24601849901,0.0892522638
24601849902,0.0007688499740000001
24601849903,0.22138521679999998
24601849904,0.002784497744
24603533501,0.9428581859999999
24603968601,0.2603022336
24603968602,0.153925756
24603968603,0.532641202
24604617403,0.016023776479999998
24605227504,0.00922823872
24605394301,0.01668863814
24605394302,0.352690626
24607585101,0.49175704600000003
24607593601,0.9078507419999999
24609526002,0.002471273836
24611740101,0.849527346
24612322301,0.97253528
24613706502,0.32274147
24614521102,0.00041504333662
24615293403,0.00015158621954000003
24617485301,0.003278968576
24617708302,0.0064831260000000005
24617945503,0.818420104
24618940801,0.2008254
24619891502,0.08576749639999999
24620686901,0.88699303
24622419701,0.34558399
24624474101,0.0016820803799999999
24625720401,0.31492552739999996
24625720402,0.316000896
24625811502,0.3051273882
24627345901,0.456017138
24628859601,0.0088863828
24628859603,0.493929996
24633486901,0.80203273
24637396302,0.00969819362
24639354902,5.9809945399999994e-05
24639639401,0.7224986168
24639676501,0.9677014820000001
24641295401,0.982263082
24641921101,0.0214791158
24641921102,0.006399057939999999
24641921103,0.014719118
24641926001,0.025123952999999997
24643969602,0.06440489871999999
24645286103,0.683932284
24645296502,0.70892954
24650911201,0.865219468
24652557704,0.084576641152
24652579902,0.062111980600000005
24655223401,0.000314490756
24655241401,0.026874603200000003
24657290602,0.87439164
24658694001,0.279256242
24659711403,0.9883035660000001
24660704601,0.056680635300000004
24660704602,0.7208094899999999
24660776002,0.00295970742
24661442601,0.914790888
24661690702,0.010542522680000001
24663933101,0.8581404499999999
24675923401,0.40716249300000007
24687771701,0.9948073900000001
24687793901,0.599436314
24688478702,0.00532942198
24691290901,0.7738632940000001
24692315202,0.000490288934
24702920902,0.0001260406154
24703510304,0.41905119858000006
24704045401,0.0271025613
24704054801,0.0043421015600000005
24704089201,0.001187069752
24704089202,0.00043119449599999995
24707346801,0.05893610142
24714373101,0.024873933
24715235901,0.13288632116
24719214304,0.000403925466
24719233201,0.000385727734
24719233202,0.00027642617000000005
24719233203,0.16004828999999998
24721732801,0.879379968
24722186901,0.31688731200000003
24729893501,0.0181520326
24730371701,0.007716592360000001
24735402302,0.01975593486
24742043703,0.05742633900000001
24742057301,0.9553465539999999
24744163501,0.277465078
24745174101,0.0019662486600000003
24745174102,0.0140048826
24748747801,0.004837879139999999
24748749901,0.012474999919999999
24749324801,0.00050728416102
24749324802,0.008115598816
24750520501,0.8526637340000001
24757802801,0.637772634
24764919603,0.073990350732
24764919604,0.114186482932
24765332701,0.5420390700000001
24765332702,0.19644138766000002
24769748502,0.829404588
24770252501,0.033241687516
24773016201,0.7229005660000001
24773592201,0.643694566
24778146401,0.577233246
24778146402,0.79135841
24780832201,0.0668633178
24781303801,9.32751042e-05
24785025603,0.744710608
24793347701,0.93849465
24793347702,0.982690542
25556746001,0.36567512199999996
25556746003,0.008333198640000001
25558687201,0.7351025019999999
25571712403,0.0008964453687999999
25576031901,0.11212266500000001
25576031902,0.05694022688
25576614501,0.191199074
25576684701,0.07301895979999999
25576988707,0.0044874269109999995
25578431601,0.000300864394613796
25583238602,0.0018484408144
25598969802,0.000306021466
25607453305,0.07449455999400001
25607453306,0.053570766448000004
25608610301,0.02610973172
25621352802,0.0129994093
25622677502,1.4624682007209627e-12
25623995302,0.01472812396
25637446901,0.6061768080000001
25637446902,0.650239912
25637446903,0.380780236
25638076101,0.0437379344
25639025101,0.23243719899999998
25654092301,0.0202664984
25695422201,0.149071228
25695825401,0.18850612660000002
25709323802,0.516632058
25724885602,0.00021290790919999998
25726621001,0.0009383362879999999
25726632304,0.008682022119999999
25741194501,0.992219886
25741598902,0.01937352192
25753472601,0.09188319040000001
25754091102,0.418961436
25754091103,0.159363426
25754095701,0.022417840520000003
25754095703,0.0402233734
25754095706,0.0413151272
25755065301,0.0979875238
25755065302,0.0015981634120000002
25757187203,0.05608095820000001
25757707402,0.184920415
25761106302,0.0013328197559999999
25764177801,0.165603977
25768437801,0.0913508318
25768558601,0.7181514840000001
25772023402,0.302394244
25773707302,0.000950778964
25773707304,0.5099467468000001
25825209501,0.00019666197399999998
25826069501,0.41182676799999995
25826069502,0.565579948
25826202302,0.0979117782
25842192501,0.00068444085
25842192502,0.0005825583025999999
25842192503,0.000177469044
25849045303,0.006914694594000001
25858126001,0.542152824
25858126002,0.2417117076
25858126006,0.047942136340000004
25872013903,0.1383482758
25872013904,0.2317511799
25874292302,0.00395363824
25881341102,0.002382401
25881390301,0.0289047602
25881390302,0.0386396444
25889775501,0.9422535140000001
25912451601,0.8246225280000001
25912503502,0.195864625
25912503505,0.1602461938
25919953404,0.042941698571999996
25948133904,0.8501591279999999
25948839702,0.00513618576
25958968901,0.059139063000000006
25963244204,0.597890402
25967529501,0.90693044
25970124201,0.886113512
25980273201,0.55074305
25994657402,0.33416485279999997
26000432401,0.9989257260000001
26004372301,0.986089382
26009174902,0.9311911399999999
26009712202,0.02615040302
26009712203,0.01069127792
26009712204,0.9323388400000001
26009771102,0.573708938
26009771103,0.21646241919999998
26012982601,0.10611456240000001
26013232701,0.0025046589
26013232702,0.1253297908
26013233002,0.35294293800000004
26016045303,0.024444357006799998
26016048201,0.3951026044
26016048202,0.36820810600000003
26019054701,0.00433069876
26019054702,0.00333199484
26024225701,0.4790025514
26026059502,0.010687980534
26026893203,0.0009675576740000001
26030427701,0.0007614328340000001
26030427702,0.000559229178
26030429601,0.0046290621
26030429602,0.002646030666
26035350703,0.0037044917600000003
26035371004,0.044982408939999996
26035371005,0.061774369620000005
26035384104,0.0056143032
26035384106,0.0046636262839999994
26035558604,0.0178799123632
26041493001,0.000564372136
26042445704,0.0651717
26045968002,6.599203539999999e-05
26046260902,0.03217047
26046665901,0.036953756600000005
26050411401,0.001101689046
26050411402,0.0014909848199999999
26050414701,0.0066935902
26050634002,0.06228370448
26051993801,0.520286268
26051993802,0.95618743
26054554501,0.992619064
26054617201,0.0010067726100000001
26055984401,0.9524495180000001
26055984403,0.004019057380000001
26060882002,0.987061456
26060922201,0.27528183
26060922203,0.2315076544
26070853701,0.99822247
26074903401,0.152921906
26081593601,0.48378208699999997
26091366601,0.7247696680000001
26091681104,1.197989502e-05
26092100501,0.629720574
26092577701,0.5524047291999999
26092999002,0.19710351528
26094918402,0.7855676199999999
26095128901,0.50665654
26095128903,0.398711582
26095128904,0.584328644
26095158801,0.7985826194338091
26096967001,0.018617377
26097151103,0.3292070088
26098650401,0.08366722060000001
26099532902,0.986294386
26105522601,0.955031948
26106049303,6.254988967999999e-05
26109007202,0.5244845612
26117841001,0.0005724134279999999
26117841002,0.0003796599
26120389105,0.048567922269999994
26123942502,0.0012544478140000001
26125771602,0.44985527999999997
26130623704,0.919712408
26131421501,0.000383925364
26131421502,0.00038170364000000005
26133274501,0.15089532779999998
26142447704,0.0042149037373999994
26144966803,0.0026060249774
26144985201,0.522353198
26145163701,0.00026120024800000005
26145163702,0.00012127746133999999
26154570303,0.0011006962086
26154596002,0.5906508479999999
26158021103,0.521995478
26158160601,0.0031371800400000005
26158160602,0.0008821955319999999
26158392003,0.574675496
26168060203,0.022500576680000002
26168060204,0.10250695973999999
26172424303,0.0007249499273999999
26174665703,5.1818265600000006e-05
26174687002,0.9763934900000001
26177241101,0.942381378
26186740901,0.14338205399999998
26187009103,0.0726731047
26187163801,0.825353028
26187479401,0.5694690880000001
26187515202,0.00119245026
26189900101,0.253495098
26190247803,0.07862702932
26190247804,0.06372645405999999
26191131102,0.00043197681600000003
26193037704,0.110019137764
26195174804,0.10624836794
26204521801,0.0008719501520000001
26204521802,0.00236626684
26215523601,0.8913141299999999
26215697801,0.967908302
26215706104,0.07821663072
26215782501,0.6654876940000001
26216234603,0.025628395119999998
26219093503,0.21119648079999997
26238506402,0.023976019780000003
26238506403,0.01518597656
26245583901,0.3812081966
26245758702,0.994642638
26250828302,0.000873962618
26251692401,0.94657234
26252300102,0.012902728720000001
26255335102,0.4708784608
26255871603,0.00386132658
26266623001,0.9799292980000001
26270656001,0.0090220142
26270656002,0.000226694417
26271099101,0.10067250999999999
26272820802,0.12309283138
26272820803,0.006466926691999999
26272918701,0.552461222
26282503603,0.0149244823
26283346001,0.0722901898
26283346002,0.12305830054
26283346003,0.006769137780000001
26283346004,0.6547905220000001
26283346005,0.6249966527999999
26291121401,0.692888256
26293961202,9.634988380240001e-05
26295481001,0.000828588124
26295481002,0.00666740614
26300317601,0.997169078
26303039202,0.836107758
26307226002,3.737305298417134e-10
26307226007,0.01913591106
26307393401,0.1655350178
26307961704,0.09501117340399999
26307961705,0.06917722210999999
26307961706,0.061064582006
26308038402,0.47766597399999994
26308463105,0.0342070212
26317656301,0.2262785424
26319792502,0.02361194574
26331062001,0.44972123399999997
26331064703,0.579102374
26331064704,0.658983208
26335061702,0.9887121499999999
26335076104,0.19261979988
26348683307,0.07244958591199999
26349337102,0.59304303
26349379603,0.011251535874
26357197102,0.353008014
26360788101,0.2549399094
26362976301,0.1629974752
26366173702,0.994376398
26366872402,0.0171999766
26371177901,0.658105628
26371330502,0.03808071396
26371330503,0.022493842620000003
26371340501,0.74531714
26371340502,0.656422124
26371340504,0.7911672519999999
26371563301,0.0720737744
26374803301,0.9882352400000001
26374838901,0.43967728399999995
26376831801,0.0040278971
26376831803,0.002195704426
26378510801,0.0318121661
26378517601,0.1763139432
26378555502,0.00011466792720000001
26387274202,0.80909157
26387429804,0.01079065848
26395378601,0.9000876879999999
26395546001,0.55013497
26419743803,0.0434664066
26421650602,0.0992546944
26448794102,0.336020826
26449602903,0.0154459502
26450110701,0.1380187184
26536978902,0.3480806532
26541498205,0.010862302654
26551039701,0.9481910320000001
26552021904,0.0018157420505999998
26552562901,0.01461429824
26565749303,0.17509412553999998
26582101601,0.0025871427200000003
26641246801,0.407462008
26645577102,0.932210728
26645611903,0.28553436220000006
26653025902,0.3668127496
26669663701,0.00047846150800000004
26670260503,0.04992484746
26685660501,0.0446065497
26701274602,0.01269158028
26702505201,0.447041034
26714251904,0.39413147
26714771203,0.003610582876
26714771204,0.0037270074
26714771206,0.0001318967204
26716638901,0.12933442966
26716684501,0.00321465634
26716684502,0.00439213018
26716684503,0.00421037254
26716684504,0.012154596399999999
26716684505,0.0053682149079999995
26716684506,0.007049549932
26716684508,0.061181094000000005
26716693904,0.07145256721326
26716782501,0.666135924
26730331204,0.007254022979999999
26730331205,0.00805034568
26730331206,0.07612701250000001
26730668703,0.000307965449
26730668704,0.002343381776
26730808301,0.2660202414
26758046601,0.458705732
26759440502,0.831640746
26880788703,0.01639548892
26974289504,0.0001262590952618
26979548101,0.04740069794
26984992001,0.0283060152
26991599001,0.5075380700000001
26991610901,0.60208716
27028529701,0.44255434979999997
27028529702,0.397035896
27034121401,0.998778032
27034331601,0.68609166
27042506203,0.01577686252
27050417001,9.149327606472443e-12
27050491005,0.08447667169999999
27055766601,2.60080094242266e-05
27055766602,0.0012484452588832
27152144201,0.310220868
27152203901,0.67971726
27155498801,0.1776688655
27157468501,0.1562112014
27163993103,0.0150703376
27172670301,0.0019316031340000002
27181132902,0.6177175794800001
27185283702,9.963261359999999e-05
27185449202,0.1422719516
27189259502,0.6688470360000001
27190096001,0.13640831599999997
27190324701,0.9304705679999999
27190324702,0.7758203659999999
27197246301,0.01006446754
27208686901,0.49333527200000005
27208686902,0.0076474386399999995
27212748401,0.00806754954
27212748402,0.0008719850899999999
27212958501,0.00040943311999999996
27212958502,0.0002740613888
27212995301,0.519708155
27219488301,0.5928317128
27219488302,0.0007054282101158079
27219488303,0.9921518880000001
27228581701,0.7738833780000001
27235713401,0.9873745599999999
27235713402,0.041552543500000004
27242919602,0.028149239319999998
27252754601,0.612534232
27256471803,0.3625012366
27256471804,0.18625249718
27276568603,0.08135371840000001
27276863101,0.99810578
27277359501,0.1986866444
27277359502,0.03334046416
27277359503,0.276396052
27285353901,0.932263412
27285415703,0.025373467226
27286134003,0.5767216599999999
27322473602,0.01588600906
27326899101,0.1985582942
27326899102,0.327249409
27326899103,0.80171597
27326899104,0.69251432
27327038903,0.0018418510715999998
27332341801,0.65659904
27369985401,0.275221143
27398839501,0.00529881054
27408221601,0.0129757561
27415113501,0.998581008
27446160001,0.40024831699999996
27641558601,0.29611280419999997
27643954201,0.5504942319999999
27664743902,0.705077882
27683657902,2.778200244e-05
27683743003,0.2973062682
27686430801,0.528687046
27686430802,0.459925829
27690479601,0.598114936
27697729101,0.016954576199999998
27697729102,0.0036756116400000005
27697854801,0.961946
27701729001,0.1497909892
27702250501,0.588096364
27703309601,0.54180803
27706982901,0.667461538
27710375202,0.0007018833524
27710395501,0.95345016
27710844901,0.9047666919999999
27714798503,0.3167956374
27729898901,0.41809186680000004
27730004501,0.4139682274
27805099803,0.24070354952
27805531504,0.008571857294678001
27818334201,0.7053168160000001
27829662102,0.043088871
27840861901,0.33742597620000003
27840861902,0.5415705080000001
27840939002,0.0005047165980000001
27851841601,0.023879769420000002
27851841602,0.001815625624
27854284101,0.9929434880000001
27854284105,0.9004795339999999
27858939301,0.3671332062
27859102702,0.486986658
27859364201,0.735378026
27868364102,0.01151931098
27868384401,0.9990486199999999
27868384402,0.9979098580000001
27872677001,0.9119735240000001
27873012001,0.004562354838
27873012002,0.00096627239
27873095601,0.02085455756
27873095602,0.01663998844
27877694802,8.09453501e-05
27878011701,0.902702526
27882343604,0.028810167344
27886178301,0.000384461702
27886182601,0.001116465078
27886182602,0.000473136752
27886274702,0.9888225
27886275001,0.985876596
27886277203,0.005400482529399999
27886621101,0.9949694819999999
27886622001,0.73358944
27889533801,0.0712543296
27889570501,0.985631978
27889825503,0.0010996505418
27899095402,0.898645174
27899166501,0.9163386219999999
27908839501,0.7194110140000001
27915500303,0.17291276679999998
27924762801,0.055317932800000004
27925025604,0.006166363068
27925155803,0.01160136548
27936139101,0.00742536046
27942806305,0.810840392
27942972201,0.07451824500000001
27943008802,0.655129084
27943008803,0.5797337579999999
27943042702,0.26864473211999995
27951416304,0.1275721709
27951615701,3.32638928428e-05
27956970702,0.0636641466
27956971802,0.0005597463118
27957311101,0.013098683960000001
27957459101,0.0156584556
27957459102,0.007169088379999999
27961363404,0.001044480527162
27961595601,0.018983543
27961595602,0.001153851866
27979776201,0.626547258
27979817003,0.0480733328
27995042301,0.00351945938
27995222801,0.9123131260000001
27995222802,0.939676106
28005211402,0.04103428990000001
28005269001,0.021981423
28005365101,0.9717123559999999
28005365103,0.148603306
28009683001,0.560817098
28069973201,0.0019034239799999998
28090966801,0.00872933678
28192762305,0.90527
28197926501,0.8302296760000001
28205019801,0.55895602
28205180302,0.14721498712
28208557301,0.10111433919999999
28209087502,0.0002365320388
28419483702,0.000841276178
28419483703,0.00197546038
28419676203,0.00671035368
28715696801,0.9787071199999999
28732926701,0.9458542879999999
28735439701,0.8500382099999999
28740200901,0.528793926
28740572701,0.001227049214
28742668902,0.01455600776
28742818402,5.59648282e-05
28743199002,0.0007317724140000001
28749081302,0.09426511950000001
28749174303,0.001317193214
28753093602,0.008927869459999998
28753435901,0.025710463779999998
28758831903,0.0054114563858
28759118302,0.05941697498
28759118303,0.07964253739999999
28764023204,0.2520569866
28764068003,0.0016445892640000001
28764068502,9.6324358e-05
28764195402,0.0030953325
28771712302,0.8097690359999999
28771712305,0.22482118373999999
28795766002,0.2246885308
28802749102,0.001526241964
28806738601,0.7284150739999999
28876984901,0.9992362699999999
29029048001,0.39980831400000005
29040817102,0.07375054711199999
29041097904,0.0001165447422
29041097905,0.0001400160656
29054777001,0.5266427419999999
29055928001,0.2317013024
29060531101,0.001182383286
29069929902,0.000182831287
29070370202,0.569812444
29070402701,0.4858818212
29070402703,0.0681919984
29074019201,0.6471096199999999
29083085001,0.236049314
29083403502,0.0861936786
29083951201,0.01253227532
29083951203,0.0027229648200000002
29095350408,0.12884285954879998
29095575303,0.1174057106
29100079303,0.07765361479999999
29100565601,0.670877598
29100565602,0.511414052
29100565603,0.880419882
29110114603,0.50874862
29110228401,0.00500119178
29110228402,0.007914576619999999
29110228403,0.333450976
29110228404,0.2716426525
29110592401,0.561542416
29132383101,0.674665218
29141720106,0.93399295
29142244001,0.352304926
29144913201,0.1994618982
29151753701,0.49735822400000007
29151760401,0.9841130579999999
29152077301,0.004215444699999999
29182529401,0.4473819994
29212271704,0.023869759968
29212276901,0.00021339561199999998
29212276902,7.58710002e-05
29212768701,0.00041440394600000005
29221488101,0.78400517
29221493501,0.00186695872
29221493502,0.0031008541939999998
29229480901,0.78100658
29229480902,0.451748092
29241156701,0.891322888
29241523402,0.74516105
29247930902,0.868776924
29251239901,5.355538695246e-08
29270577404,0.0004750579908
29282490402,0.4775685804
29308064101,0.0732646892
29315430402,0.000689597294
29316626904,0.0157902697244
29322246202,0.42910648726
29324062304,0.0109947303528
29324609001,0.14879771800000002
29327303201,0.001160512336
29343763701,0.482108708
29348090301,0.0707102242
29348090302,0.03419974654
29389805801,0.779349076
29396538402,0.0016759612319999998
29404794903,0.007292731074
29405213203,0.050109510664000004
29405213204,0.056545288183999995
29409296601,0.001225642308
29409296602,0.00010388850260000001
29409382403,0.00011191914254
29409382803,1.69491902086e-05
29414726401,0.57611528
29414726402,0.0684827244
29414726403,0.586308118
29414726404,0.39584748000000003
29414807901,0.00919897934
29414807902,0.01476454434
29415492801,0.758096862
29419561702,0.488099814
29419561703,0.0001942569074
29420837802,0.0004870875038800001
29429237301,0.9880691300000001
29432731204,0.0019750245052
29434148703,0.36603038359999995
29439947401,0.753103208
29443845601,0.43837135600000005
29443851901,0.265574726
29444175701,0.749448912
29460727001,0.650407958
29460732601,0.245258476
29468766501,0.64951028
29475193401,0.002499339791
29478154701,0.972524656
29483547602,0.00197247008
29486954902,0.7047424
29487345703,0.1910428832
29489270701,0.549949604
29492969502,0.1890970566
29497805101,0.662001258
29497805102,0.548665168
29498156601,0.886216714
29498222201,0.986105384
29498228902,0.600302264
29504166101,0.2548828908
29513104101,0.7486204620000001
29516943101,0.3489131916
29517639301,0.8592492459999999
29536876701,0.690422178
29537350203,0.00675220414
29537501101,0.597684364
29559371202,0.9378585000000002
29559925601,0.98470203
29559925602,0.02138932334
29559925603,0.002121602694
29564674901,0.609353932
29578046401,0.784631046
29755818303,0.000203607084
29755818304,0.0001737043886
29756126902,0.000148023563
29770101304,0.012012718668
29771119701,0.00462849538
29772274301,0.47962709600000003
29782930801,0.592835584
29782930802,0.553209234
29783354301,0.00444615118
29805684404,0.035564166576
29805991701,0.5792843299999999
29805991702,0.014421015799999997
29806911401,0.976805684
29828173501,0.56518592
29838867101,0.1558557502
29839044701,0.699340444
29839044706,0.0002476141881
29852037401,0.0013511183260000001
29852843101,0.8929478879999999
29862728501,0.07406207508
29863442301,0.337296353
29863442302,0.678044356
29863487601,0.857895532
29871998303,0.002418033012
29871998304,0.0018746809
29872318301,0.4206494772
29894113901,0.8405591619999999
29916232601,0.761598768
29917356101,0.000481438038
29917356102,0.03910836434
29917356103,0.000277667106
29917440301,0.78721327
29927187501,0.95239302
29927274602,0.0002290830494
29939926004,0.45166654800000006
29949898201,0.9789424560000001
29950712302,0.285708894
29971922903,0.01045639221
29972078402,0.000494329182
29972173801,0.689900888
29972871601,0.7326632419999999
29977986802,0.00267280602
29979965801,0.9990242
29987018701,0.012980881599999999
29994528501,0.001097123168
29994528502,0.00118729741
29994528503,0.86353294
30003893501,0.9756460739999999
30008705901,0.0006333777636666614
30014106204,0.0032294670947999996
30014106205,0.024934515459999997
30015908202,4.689802760000081e-06
30016476601,0.8776562379999999
30016656205,0.1525716714
30016759701,0.01044197006
30016860901,0.86628746
30028954301,0.16541530799999998
30029319702,0.96370738
30030730501,0.559165836
30031613204,0.47659625089999996
30032179801,0.623027234
30032649603,0.0119757071
30032649604,0.06156036454
30032683902,0.195041294
30037859601,8.9902435912296e-05
30044456803,0.2878583832
30044862502,0.341676826
30052399801,0.587431808
30064108703,0.41969785826
30071014401,0.57794506
30074436902,0.003641510832
30074542704,0.056741934694
30075494602,0.05453336604000001
30076192503,0.7699249
30080830101,0.88135492
30081008601,0.9684037919999999
30081274101,0.972501864
30081274102,0.9787490379999999
30087154501,0.9393418239999999
30087154502,0.0197460262
30087674601,0.3637239
30094897301,0.607639086
30094897302,0.617956812
30095543403,2.87284102e-07
30109886907,0.45436353079999997
30115216901,0.9879387700000001
30115379201,0.1085453112
30116063801,0.21538196260000003
30116063802,0.01968653228
30125009301,0.772860766
30125334401,0.880580726
30130923101,0.000766152882
30131311901,0.9042980399999999
30139977901,0.477212984
30154499103,0.0014798799948
30154920102,0.355645668
30155164401,0.9756189660000001
30160961501,0.013852365560000001
30161355903,0.2424686484
30175063001,0.23693727999999997
30175063002,0.39729045999999996
30175294302,0.25126608800000005
30189600401,0.00657871864
30189603002,0.065639901
30194895401,0.019565144920000003
30194895402,0.0001875426952
30195525702,0.2925572328
30195634201,0.859777558
30195634203,0.007027806904
30195635701,0.00130423888
30195635702,0.0020627768400000002
30205475701,0.7970648220000001
30205497401,0.07032759520000001
30298713005,0.02253647358
30298848601,0.12007131659999999
30301363001,0.554047434
30301363002,0.6318558160000001
30301363003,0.482604264
30301708302,0.24946096999999998
30314365601,0.0007902761140000001
30314365602,0.343410872
30326438701,0.06238873860000001
30326438703,0.316288174
30326870702,0.7513902800000001
30337329902,0.10772308659999999
30339007702,0.002743828036
30346690901,0.703968094
30346867104,0.17025280729999998
30346972501,0.710496788
30348573003,0.052868391800000004
30348734302,0.00144673106
30353147001,0.23306501639999996
30355737703,0.0018867386180000001
30365284401,0.0077615782800000005
30365617801,0.98239535
30365717101,0.8470603280000001
30371152901,0.44266992
30371572601,0.7953784
30378848702,0.0902796476
30379358301,0.00034432337
30384110102,0.09510322472
30384769801,0.836400712
30389946702,0.2008046448
30390173001,0.47493142600000005
30390173002,0.701716436
30399401101,0.32758842
30399951201,0.5657870067999999
30399951202,0.52278577
30399951203,0.453711788
30406573202,0.02442698318
30406638001,0.057481086199999996
30407181701,0.0030454742200000003
30407182701,0.773040692
30407401202,0.09167211260000001
30407503102,0.45549608499999994
30407951901,0.7957206579999999
30418255101,0.01663175266
30419007501,0.47880518520000004
30423779003,0.00462710742
30423787101,0.9279592539999999
30424573801,0.3464262514
30424590302,0.09721820773999999
30427458401,0.000982290094
30427458402,0.000871908052
30432655001,0.96429312
30433113801,0.00437547308
30444809701,0.627152218
30448101303,0.00445871606
30448178701,0.634370576
30448178702,0.5416315239999999
30448178704,0.6302442659999999
30454564202,0.181866384
30454785801,0.6536728719999999
30466376101,0.35268721140000003
30466376102,0.1336585934
30466456901,0.7929659179999999
30469061801,0.998868302
30469061802,0.98426434
30470641901,0.465496644
30470818201,0.759470398
30472961001,0.148720258
30473644201,0.540364182
30476876901,0.3355132898
30477444401,0.996160232
30477444402,0.9811812379999999
30484227701,0.63801197
30485533602,0.0026492834124
30486265301,0.0003782860492
30486265302,0.000374618424
30486265303,0.000863061072
30486265304,0.001434129232
30486443401,0.34213340799999997
30489838201,0.605819282
30490239003,0.007222903710000001
30490342801,0.2149570494
30501828801,0.8101791540000001
30501828802,0.8494046199999999
30501837302,0.75640026
30518186301,0.953699118
30532210702,5.1781235999999997e-05
30532369303,0.008740037972
30532857801,0.819160672
30532986802,0.526270242
30542400301,0.999372288
30542556602,0.03189543212
30552180001,0.11599372379999999
30552180002,0.1573747706
30575655101,0.1083164708
30620131104,0.10900258119999999
30627151403,0.0025342269906
30635759303,0.000167035362
30645349904,0.000667661328132
30646658201,0.72962198
30657320101,0.3936994543
30657320102,0.33326173280000004
30657378602,2.532614893e-05
30657955001,8.034171978928e-05
30663508801,0.9851509679999999
30663508802,0.694371944
30663842701,0.2813294978
30672323002,0.0188813047
30672377501,0.10844302719999999
30673953702,0.00707458826
30677139301,0.00016194318860000002
30677241102,0.004716240417999999
30679070201,0.45628642199999997
30679543103,0.31530558000000003
30682369201,0.000362219974
30689766403,0.088322192
30692926302,0.0823183066
30692926303,0.14702176819999999
30692926304,0.02166502454
30705737802,0.33315085759999996
30709150403,0.0034584501740000002
30715884502,0.039519361600000004
30715884503,0.0216407859
30715939602,0.0017907586939303632
30732028202,0.00187742722
30732409801,0.1762835542
30732748801,0.343413228
30739915702,6.40727246e-05
30749068601,0.395980228
30749106901,0.00378970242
30749112901,0.00036134944200000004
30749239801,0.2450010964
30935049801,0.1431008412
30935054301,0.47926846140000007
30935092101,0.964201068
30935092102,0.3079435776
30941059801,0.4933256542000001
30948580001,0.2658163036
30948629204,0.006791057946979999
30948634103,0.277726769
30948634104,0.257165008
30954461202,0.360840382
30963618501,0.1916687876
30965471901,0.8911739040000001
30965761001,0.36255633200000004
30965822101,0.661836452
30965953001,0.3039201312
30974462701,0.00153887497
30976004201,0.019017870319999998
30979235701,0.9991805320000001
30995649202,0.11213266819999998
30996336201,0.9773342060000001
30996340801,0.03510828596
31009982901,0.644850736
31010281101,0.1927731849
31010313601,0.9539033800000001
31010421501,0.307222784
31017413306,0.1172050608
31017948602,0.295665184
31018289901,0.3968249008
31035510601,0.840386554
31041914304,0.036629431149000004
31041979501,0.49265369999999997
31041979502,0.0409460586
31042640401,0.612163142
31050716202,0.000752542914
31050716203,0.000759045566
31050962601,0.0027443173
31051309701,0.07162992559999999
31051309702,0.009180240686
31065631301,0.13235903772
31066279003,0.009707010248000001
31066294604,0.49487078999999995
31073216103,0.038268090739999996
31073348401,0.92454776
31079639803,0.002324216901
31079639804,0.0059700301727999994
31079659601,0.672680182
31080328201,0.00037023691
31085579702,0.30910710519999995
31086235905,0.02480938364
31095468503,0.05525785839999999
31095512502,0.552791908
31095512503,0.4099244000000001
31095512505,0.018771542199999998
31095622501,0.21789250799999998
31095960601,0.02166299567
31095960602,0.07925164679999999
31095960604,0.469767792
31102893306,0.1738018774
31103481801,0.623767358
31110694003,0.000332871801
31117500803,0.410161903
31124246002,0.0074404280540000005
31139230601,0.014057370279999998
31139241705,0.0143743062
31141311301,0.0031215216440000004
31141311303,0.2020515854
31153074105,0.082509422
31153074106,0.2311743212
31153137204,0.097776053
31153423902,0.22509737159999998
31156458102,0.558373578
31189217004,0.231263706
31195859401,0.936525694
31196300402,0.0003007536824
31226738103,0.001981647776
31238678201,0.743660834
31239040401,0.745994476
31239225801,0.747531124
31264122401,0.0043637422199999994
31275867301,0.1209255652
31275884901,0.021499445540000002
31287423601,0.6164332619999999
31287423602,0.8031542899999999
31287640404,0.08613153358
31299226201,0.526373388
31299280601,0.17575628199999999
31300028601,0.6532563
31312069101,0.37193703860000005
31312069102,0.38625515720000003
31312389901,0.11338174059999999
31312800101,0.1519105312
31324528502,0.0453770122
31335382501,0.513131795
31348201604,0.03099617832
31360103001,0.489369386
31360186501,0.659471284
31360332501,0.000696911124
31360332502,0.0003782830062
31360332504,5.8227097748e-05
31371563702,0.00223513016
31384116301,0.0915877438
31384116302,0.0390598708
31384355301,0.962844282
31384390703,0.20744863260000002
31384390705,0.02124415878
31384645901,0.43388034
31394113801,0.9552261599999999
31407379003,7.88548192e-05
31407379004,7.762099939999999e-05
31419413202,0.009457069500000002
31443420602,0.583981696
31443586801,0.732290058
31444058201,0.00101128474
31444058202,0.00126578196
31456224401,0.645243574
31456224402,0.699140656
31456540002,0.120154432
31486596201,0.95271113
31493998303,0.01731071417854
31494107001,0.0047132086
31494107002,0.0281569348
31494111801,0.0012421181
31494111802,0.0044076771
31508122701,0.69875487
31519888203,0.41880491200000003
31528635401,0.294416735
31551522401,0.00048658239920000004
31551522407,0.552123268
31552073101,0.04466672523
31552916201,5.2989401e-05
31552916202,4.5691353199999996e-05
31552916203,4.48303486e-05
31552916205,0.0017703040740000002
31554413001,0.6523604439999999
31554555501,0.48877089599999995
31564628603,0.9410266820000001
31566869501,0.02742004672
31576279901,0.00474089258
31585451401,0.0795597344
31585451402,0.5110485180000001
31609788502,0.027167341160000004
31634576701,0.32216260599999996
31671014801,0.825825246
31685520601,0.561495176
31685520602,0.46715455000000006
31685540401,0.00764254208
31685540402,0.48188828040000004
31685879501,0.1277538786
31686730401,0.924469666
31715386201,0.514549794
31725062302,0.02292510492
31804494102,0.1075147372
31818199701,0.00851475094
31818199702,0.0128133549
31821351901,9.589433567092e-05
32227262801,0.7108415020000001
32227262803,0.8483932639999999
32290232001,0.001394304716
32290232002,0.0017787647720000001
32290232003,0.001658104186
32300722302,0.0008482876720000001
32300820904,0.003417232446
32306061402,0.000184336736876
32306315602,0.33482796800000003
32306337701,0.69456158
32313365901,0.00316561602
32329547901,0.9943917859999999
32335522503,0.657962596
32342670405,0.7970819140000001
32342916601,0.52974405
32343234404,0.04378038575358
32344319401,0.00453247944
32344319402,0.1112989174
32344329103,0.0003021979134
32346111801,0.647971744
32351102604,0.013941090187142
32352156203,0.694595054
32352169403,0.00239978145
32356256401,0.384210245
32356372903,0.07116575519999999
32362403904,9.2718001368e-05
32364689601,0.00020297729379999997
32364689602,2.7238555260000003e-05
32364897501,0.10764496139999999
32368510503,0.0005266992053
32372755601,0.00239946272
32372755602,0.023346000080000002
32373224603,0.0010105967814
32376232101,0.43553812599999997
32376427701,0.00154689541
32376427702,0.000368965665
32383694501,0.000984941008
32383694502,0.00390544284
32383694503,0.00163272786
32383743401,0.624640804
32383743403,0.997809872
32386421903,0.0006500555154
32387642601,0.9423876440000001
32387823602,0.000284466834
32396848403,0.0014096868844000001
32396856601,0.000780497574
32396856602,0.000409091628
32398924701,0.0340393218
32399241101,0.6555040599999999
32400358301,0.991409058
32401024105,0.281468072
32404819301,0.19470105935999998
32411913502,0.0001027555606
32412829502,0.2867862772
32414433702,0.00554978156
32420035801,0.00286685585
32420452301,0.663433312
32420575301,0.379434353
32420575302,0.405170556
32420822401,0.523473022
32420822402,0.1585128674
32431692402,1.6327803559999998e-05
32432445403,0.08993592748
32442452704,0.849238468
32442469603,0.00231946085
32442833403,0.00016102053839999998
32443497801,0.2177744064
32443724004,0.058683702564000004
32449469804,0.0451398427204
32450262801,0.630187984
32460755801,0.036697502800000004
32460851409,0.1944400666
32461281201,0.000423948384
32461281202,0.000535593628
32465481104,0.00020133450152
32474838902,0.450292821
32475731102,0.001665509084
32475935204,0.2848895776
32476072101,0.2649532846
32477497902,0.78032342
32477497905,0.5128168756
32485285301,0.8597284460000001
32485285302,0.874170432
32489057101,0.03709107124
32489057102,0.04884269552
32489275701,0.509910258
32489361302,0.004236694686
32492783604,0.000840027768
32501276804,0.179974886004
32556374402,0.315793789
32556436601,0.0806030514
32556436602,0.1790586266
32571096402,0.7650579726
32571096403,0.329473144
32571629603,0.0013425738143999998
32584736001,0.98189136
32587099002,0.00019121544588
32587307601,0.004881083572
32587307602,0.002073102474
32588833501,0.314104162
32602282201,0.2922363814
32612924502,0.000679530402
32612924504,0.037658520628
32622535503,0.20516922840000001
32622535504,0.13588513500000002
32638138401,0.227475176
32640871801,0.93384286
32641199403,0.3031487234
32641199404,0.325597816
32651018301,0.8673476900000001
32659876601,0.8225157
32659876602,0.75107384
32668934407,0.0129007118866
32669214401,0.646396778
32669398801,0.9616250839999999
32675196001,0.6547488400000001
32676001002,0.0024318984
32676544401,0.419247146
32677189203,0.007176254236
32690667202,0.053692391279999994
32705486401,0.666182208
32706790601,0.00112267409
32706987204,0.08686104729880001
32707125401,0.01251536
32707125402,0.01447906698
32730440601,0.034714663356
32738237101,0.4843297140000001
32738237102,0.11882629520000001
32738237103,0.35641413320000004
32738995301,0.0898539792
32739067303,0.30105699
32753630101,0.463339414
32784687701,0.9389218400000001
32796910402,0.0016617201240000001
32814130501,0.00876612396
32814453803,2.19421942e-05
32814799802,0.6747308304
32815595301,0.8924728399999999
32830675501,0.0340609548
32830675503,0.002544059352
32845763901,0.8407526219999999
32845763902,0.647156412
32862415802,0.00018627499064000002
32878113301,0.20671848699999998
32894674901,0.018861748719999998
32909842101,0.3435402956
32910447101,0.9613033919999999
32925562201,0.9769889600000001
32939977204,0.002885420148
32940118302,0.0001735968886
32957299901,0.006925187719999999
32957942701,0.9221183399999999
32958050701,0.4984007296
32972016201,0.793268736
32972016202,0.783711884
32972706401,0.00590352104
32973392601,0.171926066
32984872201,0.552552472
33016782201,0.5636670799999999
33017591802,0.0017412369519999998
33017594302,0.339300084
33035746001,0.059106987799999997
33051467502,0.733276562
33051605001,0.000602578846
33080881201,0.1567540442
33096295001,0.455339038
33096890201,0.9937574080000001
33113133001,0.046002078860000004
33125910901,0.01844123744
33125910902,0.0058781881600000006
33143630901,0.516358344
33158594701,0.1383566697
33159736001,0.08936397774
33176314802,0.349568816
33177386502,0.08694003776
33177387502,0.535161251
33188966805,0.15693442695999998
33189172901,0.600184574
33202650201,0.0845596936
33202859802,0.013031477
33218409501,0.937379902
33218409506,0.12308492094000001
33219007502,0.04882189514
33219100502,0.142441975
33219394901,0.00598355124
33244230008,0.0008789826529999999
33244372401,0.78678738
33518625602,1.3032235948999998e-07
33519369401,0.46464446600000003
33520653102,0.45034409200000003
33520653103,0.042683900159999996
33540139101,0.0120487405
33540210101,0.994238204
33554524001,0.342236878
33554524002,0.41077012879999997
33556261502,0.0707140834
33570153601,0.607525884
33570153602,0.8326273519999999
33601247201,0.348528691
33601247202,0.1574403632
33602313701,0.06014687486
33613706502,0.00085411936
33614287701,0.02483245214
33614287705,0.835533946
33614552001,0.00260379632
33657475801,0.8032211220000001
33670052102,0.004008094747
33670730501,0.4138162588
33685520901,0.7773962219999999
33686333101,0.23530683200000002
33696405901,0.00423285902
33696405902,0.000322075046
33697138001,0.21627327159999998
33697191503,0.0925216113
33712610301,0.0377345736
33719302801,0.47788683
33719312802,0.450302284
33719535302,2.5298876180000004e-05
33720058701,0.01980373116
33720058703,0.057996711500000006
33727469503,0.2212370762
33734938102,0.08116917180000001
33739324701,0.941310974
33739881902,0.0011257546260000002
33740881301,0.894823096
33743756601,0.557400712
33743756602,0.048152554878
33756090701,0.2731764866
33769074701,0.20203313280000001
33780683201,0.944694666
33787999701,0.8846538259999999
33788545601,0.92154516
33794511901,0.702917456
33794511902,0.655114608
33795222901,0.410476872
33799519402,0.0045883977
33799519403,0.00421699882
33800923301,0.69062394
33809866701,0.9742571999999999
33811950201,0.028117931939999997
33823254301,0.914881852
33829381102,0.5476628339999999
33835052701,0.9500201560000001
33849206802,0.006941831145999999
33849356703,0.0218472085
33863576701,0.297341774
33863576702,0.024462684499999998
33873659101,0.000644054558
33873673301,0.2960463
33873673302,0.231714874
33873942601,0.11440080059999999
33885756704,0.004122974999999999
33885997804,0.2651403292
33901599101,0.86799177
33927944001,0.882267208
33944248401,0.08289601560000001
33955867801,0.37130842399999997
33956336701,0.001476062494
33956342601,0.0033105543
33956454401,0.000427400238
33956455101,0.0003080266572
33956484501,0.00022579556
33956545201,5.40257066e-05
33956554206,0.338042234
33956558401,1.193929972e-05
33956558402,6.25870598e-06
33956558403,1.0985255519999999e-06
33956573901,1.41291288e-05
33956573902,4.85121276e-06
33956574001,4.84459162e-06
33956574002,5.5933894239999994e-06
33956798501,0.000497957914
33956798502,0.0233261461
33956800601,7.0560686e-06
33956800602,5.031388832e-06
33956800603,0.00041141018800000003
33956805901,0.0015796390900000002
33956807101,0.0476334566
33956807701,3.3629018399999995e-05
33956807702,5.7441677400000006e-05
33956807703,0.0627396036
33956812501,0.00080063706
33956817001,1.372811734e-05
33956817002,9.342313979999999e-07
33956817003,1.257789058e-06
33956820001,1.3773334699999998e-05
33956820002,7.2923151e-05
33956820003,0.0018796501
33956824702,0.8
33956824703,3.086791404e-07
33956824705,1.197360038e-06
33956824708,2.3026629800000003e-08
33956827001,0.0036422748200000002
33956832801,2.5545240719999998e-05
33956994201,6.30661952e-05
33956994202,4.0526414e-05
33957015301,0.0044177735199999995
33957015302,0.000993152152
33957026001,5.7062877600000006e-05
33957026002,3.710795426e-05
33957300901,0.09527846880000002
33961188301,0.844225354
33963358402,0.0002127398476
33968020301,0.01420040028
33968020302,0.000491898466
33968055201,0.00183313068
33968213401,0.97867772
33968283004,0.0016187160990000001
33968544502,0.01390754546
33968544504,0.02758145194
33968815801,0.22537399799999996
33968950202,0.39631205199999997
33972309902,0.012145962548
33973301301,0.9808586220000001
33973301302,0.639920994
33973301303,0.572443694
33975272901,0.7516378180000001
33975656101,0.24242303
33975889702,0.1852149702
33983299501,0.04770551427999999
33983649001,0.761444556
33991355001,0.545616654
33997920001,0.514802836
33999003801,8.322364159999999e-05
33999003802,9.22850494e-05
33999003803,0.0118593588
33999003804,0.00835712012
34009360401,0.00615861524
34013076702,0.9171183660000001
34013076703,0.010348155000000001
34013076704,0.00665932932
34016460202,0.55807299
34016616701,0.8753823239999999
34017008002,0.899560372
34020604405,0.13169975620000002
34027438401,0.17294123039999998
34028148307,0.01838350118
34028560001,0.47260013599999995
34028802201,0.000635186002
34050494501,0.0884423764
34062040703,0.1706404406
34062928903,0.0029758672
34063019701,0.612120494
34063019702,0.539433294
34067038701,0.02124840506
34067052301,0.0024477433999999998
34067092201,1.0485661920000001e-05
34067135701,0.349355014
34084498402,0.28120705171999993
34084582603,0.3122812276
34084689101,0.024174383272
34084689102,0.022261226840000002
34086810801,0.7466484760000001
34086831801,0.99123654
34086991502,0.0001513564946
34087762601,0.821324212
34087762602,0.7769215199999999
34088361401,0.8893086780000001
34103148002,0.0009037337940000001
34108527302,0.005352104014000001
34108771701,0.56384637
34114294302,0.005120804138
34114294303,0.01046779228
34125076101,0.889905086
34125818201,0.01502155466
34125818202,0.0004914898039999999
34125998901,0.49321300600000006
34126184601,1.429978912e-05
34126184602,9.97571474e-06
34126197001,1.314710544e-05
34126197002,1.015726578e-05
34133886502,0.00511822162
34138218301,0.000721392374
34138220901,0.00591605452
34138220902,0.19026242744
34138525601,0.980666834
34139966801,0.017907874299999998
34147057401,0.940079564
34147057403,0.53776281
34147613001,0.9854121279999999
34147927603,0.00891727392
34151302001,0.0282155592
34151521401,0.032328862199999996
34151521402,0.0017408669519999999
34151535501,0.02018675206
34151535502,0.00160571992
34152008201,0.5434246232
34152033401,0.00381859674
34152033402,0.000670025346
34152033403,0.00311520728
34159787501,0.791034826
34171016301,0.9697781080000001
34171016304,0.0577454366
34171577402,0.01719038392
34180339901,0.8406731620000001
34180340101,0.754338728
34180590801,0.9333170340000001
34180590802,0.652682044
34181881101,0.8041386920000001
34183842001,0.543955676
34191252203,0.4287859002
34191720604,6.941373391999999e-06
34191720606,3.321650406e-05
34195221801,0.2577776016
34195503101,0.02532441546
34195503102,0.020390060100000003
34204300801,0.2007108052
34204465701,0.88202376
34205138703,0.17562810331999998
34205138704,0.14157501816
34213578102,0.2123750926
34223289101,0.93177657
34223686701,0.597477016
34225913701,0.0050397932800000005
34225932401,0.0055082416
34225934401,0.009628696340000001
34236051401,0.09234409222000001
34236051402,0.341179957
34239922001,0.011512211999999999
34239922002,0.000192954732
34246945501,0.6778921992
34246945502,0.5945516232
34247401001,0.964157374
34247401002,0.564278836
34255472301,0.0662184186
34255632101,0.814671272
34256752902,0.00176660209
34256752903,0.05374627532
34256769501,0.8724820860000001
34261796801,0.851880014
34268386002,0.78377951
34270269903,0.004638411134
34270269904,0.10915347180599999
34291558001,0.013672455
34303199501,0.937077004
34303480901,0.44856713800000003
34311938102,0.009449832844
34316698301,0.7114780159999999
34316698302,0.370424496
34325328205,0.002009404434
34326030702,0.01752121992
34329605902,0.0004743816580000001
34333867602,0.4465087644
34336548101,0.4879817528
34336548102,0.851886132
34336548104,0.40249435599999994
34337716901,0.91111784
34337724601,0.485890484
34337745701,0.00226736656
34337762402,0.38631439199999995
34337834501,8.801976080000001e-05
34337834502,5.794195980000001e-05
34338368101,0.00063392292
34338368102,0.0005391971619999999
34344943703,0.105378300552
34354122201,0.797598062
34357397102,0.50092068
34357397104,0.799900084
34357397106,0.0490260154
34357569402,0.642710154
34358582401,0.312052334
34358700001,0.9584177479999999
34364733501,0.8034263020000001
34364813603,0.9324031639999999
34364945401,0.916048816
34365125505,0.0926586702
34365219603,0.0002455939628
34368152403,0.01065456506
34368187801,0.47534854000000004
34368487603,0.0004930447904
34375729902,0.007907217599999999
34376193202,0.441681058
34376436001,0.7307454059999999
34379800101,0.622422832
34379949301,0.0002610629
34380086601,0.9392846240000001
34385424001,0.951634428
34388482501,0.762001128
34388482502,0.863485796
34403162701,0.903384728
34407735302,0.0010124125519999998
34411135901,0.0926804834
34411269001,0.0044764791
34411575001,0.25055748219999996
34423230001,0.904472002
34423441402,0.00215315785
34425865701,8.962069619999999e-05
34433722504,0.017132315834600002
34433722506,0.010721356622
34433771301,0.0091886631
34433870301,0.1426849524
34433870302,0.08793199264
34435187103,0.037998402885999996
34439801801,0.995719562
34447050903,0.14833527093999999
34458859903,0.00943241286
34460040201,0.937824502
34460426301,0.00238991944
34466759001,0.8071558440000001
34467085401,0.370619492
34467085402,0.5476819108
34467569401,0.773515334
34469160301,0.9557718740000001
34479463202,0.00487121922
34479692104,3.9016736043099995e-06
34483848801,0.902232504
34492558801,0.003488850028
34492558802,0.004492955
34496460802,0.46872172459999994
34496955003,0.399863664
34497489301,0.9238893600000001
34509282901,0.890436438
34509763401,0.08167531
34509763402,0.1460535604
34517331502,0.0039565628
34520447101,0.14003499372
34537130801,0.239032336
34554436101,0.42926594200000007
34554436103,0.937503618
34554812702,0.000239824528
34555184101,0.670726834
34555184102,0.00251054764
34555192801,0.001083418238
34555390101,0.589297764
34582224601,0.814470172
34634767701,0.99345459
34639827902,0.868288332
34640522601,0.1690989154
34652034102,0.02098493606
34660497801,0.1115658276
34672609202,0.052382290379999995
34672720101,0.033153278259999995
34672720102,0.0485459746
34672720901,0.46726692400000003
34672792602,0.600688027
34674306203,0.587307732
34677039204,0.0001179655222
34679228101,0.99635421
34679523601,0.520564968
34679674101,0.17861784800000002
34681068601,0.1346583128
34681288703,0.0018295319993999997
34681395001,0.034139069
34682256401,0.0060449457
34682501402,0.0010590799720000001
34683058301,0.0427272425
34683058302,0.01212696286
34690292304,0.1516489338
34691262301,0.9792473879999999
34691262302,0.017732551008
34695350801,0.7772400100000001
34703035501,0.890477752
34704243201,0.020323823999999997
34704243202,0.011019108599999999
34706869302,0.012413739699999999
34708176101,0.0003025940008
34721352101,0.0628374581
34728360101,0.835105362
34729037202,0.11383612940000001
34736944701,0.0032740986
34736944702,0.0032510152799999996
34746077901,0.0032128240599999997
34746554101,0.0018838785740000002
34761353601,0.75478008
34761473301,0.0867081824
34761473302,0.01406090144
34762087002,0.026314879199999995
34765644407,0.11360489284
34765691101,0.0166466254
34765691102,0.022546423939999997
34765706602,0.00014069638299999998
34774338901,0.800594216
34778028501,0.977999346
34778558301,0.344957738
34778704101,0.0067130332
34787326202,0.00052073921
34787435802,0.9287375539999999
34800682402,0.0005577009880000001
34804054501,0.8704550620000001
34804243901,0.8928637079999999
34804243902,0.566482976
34813042001,0.002082395094
34816801901,0.8053279740000001
34817119901,0.9435888699999999
34817645401,0.96118401
34825025901,0.7850207819999999
34834137801,0.903345582
34834462207,0.1261278458
34840107101,0.006511979700000001
34840107102,0.0082495449208
34840107103,0.001195310074
34840107104,0.000723786472
34844886401,0.8592877800000001
34845963501,0.86092026
34846082901,0.66045709
34855628102,0.9008478520000001
34857057501,0.48825589599999997
34857132608,0.05302419882
34869424701,0.644772548
34869926003,0.08007786559999999
34876244101,0.5693118939999999
34876345301,0.02022201
34877117902,0.976183464
34883961101,0.10004820780000001
34884124202,7.765550432e-05
34885229801,0.56780848
34885229803,0.612422754
34885360504,0.014782000474
34889719902,0.03849411245999999
34889867301,0.051442418499999996
34895779302,3.3125894e-28
34897218401,0.967610254
34898480202,0.696705908
34898568201,0.1721834048
34899109903,0.00997524872
34899746702,0.03276320952
34899761203,0.00011278055260000001
34905944803,0.23934472599999998
34909514901,0.9668313
34914500401,0.43293579800000004
34915449001,0.57158701
34923744201,0.131359812
34924096101,0.297445614
34924366501,0.0014917637958
34924593002,0.6521766699
34926970102,2.9216446266000004e-05
34927000101,0.015401454980000001
34927000102,0.039202801079999995
34930944202,0.05314523132000001
34930944204,2.8236483574600003e-07
34937159501,0.1321871446
34937159502,0.00314597228
34937319201,0.0008877360060000001
34937319202,0.0008043293300000001
34940722801,0.000319546619429
34943397602,0.182021842
34943397604,0.709941204
34948459501,0.3788942972
34953966501,0.446711744
34953966502,0.8035362239999999
34954340105,0.46319414420000005
34954411201,0.34522595199999995
34964460603,0.15116557882
34964851002,0.161240309
34967968101,0.0035031419516200007
34974792902,0.3213007932
34975139306,0.002050281492
34975697201,0.508981072
34976705101,0.206123915
34978691601,0.994203214
34978691801,0.9934163699999999
34980504401,0.9297335840000001
34983282402,0.0003350636424
34986285201,0.2180054024
34986542306,0.008290557912
34989255901,0.534013936
34996391402,0.23344381220000004
34996426403,0.00563298011
35000584601,0.34466013799999995
35014629601,0.3689538912
35015411901,0.78080623
35027646202,0.0002689314994
35027706202,0.3393959238
35029767702,0.00850153396
35033350702,0.003053811936
35033613202,0.8718226079999999
35035563201,0.02323876408
35043133501,0.0014880207
35043133502,0.00171419398
35043133503,0.14584771559999998
35043133504,0.248641258
35046762401,0.47110906
35047910101,0.099174297
35057599701,0.991270048
35067974502,0.002269219048
35074247502,0.03552629754
35074371401,0.99711284
35076779401,0.28956834000000004
35079640702,0.450688174
35080347202,0.001627391772
35080347203,0.00312403018
35080469601,0.9880068359999999
35080884002,0.00300836684
35080884004,0.02130404152
35084283801,0.4680796304
35084283802,0.612582572
35084633401,0.8614106100000001
35085346601,0.9529653980000001
35085351302,0.001692577688
35085871301,0.0039748493
35085952701,0.27663032200000004
35086063103,0.01324117598
35093067201,0.2013722076649204
35096515901,0.00806196156
35109238501,0.99265375
35109482008,0.11114909057399999
35118188003,0.1376756778
35118188004,0.553287898
35127512701,0.965805628
35128467801,0.984263294
35128529701,0.97029331
35200055801,0.432532624
35200331801,0.34877882
35201671601,0.7924345159999999
35201690402,0.47351501
35208100106,0.22845826100000002
35214110704,0.796945602
35222923701,0.23118385660000002
35222926801,0.9920319320000001
35222926802,0.984217954
35222926804,0.8569905760000001
35494479401,0.033115387
35663935001,0.0025119917999999997
35663935002,0.0050367124200000005
35667591201,0.4264051552
35672996605,0.0849896366
35673165502,0.001693171404
35674784701,0.798096536
35674812701,0.418083776
35674812702,0.994803414
35684659401,0.388955402
35685023207,0.05723129142600001
35704416301,0.9885056759999999
35710407107,0.0054973499676
35710535202,0.00164570796
35720575001,0.0939357876
35736262304,0.013479954220000001
35736262305,0.01446829194
35736262306,0.00486840195
35751024701,0.01706757195
35760973002,0.03244392406
35765997203,0.05558844029
35766231601,0.765806112
35766231602,0.992494714
35770930001,0.983794984
35790947801,0.00563247284
35791120202,0.54433555
35802074501,0.9269409740000001
35802216901,0.0012704212520000002
35802216902,0.00101471766
35802216903,0.00044383366500000003
35804784102,0.00016039785089999999
35807104902,0.412707272
35810812602,0.009565636360000001
35815476402,0.30507087200000005
35815644202,0.0437551778552
35817632901,0.01233186016
35829066803,0.08827302832
35829066804,0.025043981284
35833558603,0.0032411291
35833558604,0.00345820362
35840238203,0.023550321494
35899383104,0.018012429680244003
36008791501,0.0411811362
36008811302,0.00152517216
36008887102,0.001612628894
36021781301,0.050640678774000004
36022222801,0.714684006
36032014601,0.29358465640000003
36032455801,0.504735612
36039503701,0.9163879319999999
36045755301,0.004910771
36046316002,0.08834592620000001
36054824702,0.00045981408
36054824703,0.000472604068
36060567001,0.6252282140000001
36061757001,0.46310655599999995
36069853903,0.27580149906
36080075401,0.2427112608
36084805604,0.10842250039999998
36085112301,0.0680609806
36085112302,0.239804664
36095173901,0.257545542
36095173902,0.0214524525
36095868901,0.02520677334
36103419601,0.6629857899999999
36103419602,0.0664963068
36107451001,0.764586558
36107514601,0.028514389619999997
36107514602,0.0074167498240000004
36108230204,0.194691529
36116866004,3.127183148e-05
36116875103,0.0006253153325999999
36116875104,0.000514601563
36116900301,0.0867673391
36116904201,0.87696337
36117072801,0.407367974
36117247901,0.810359592
36127261201,0.21303942999999997
36133308901,0.4201696988
36145892301,0.9827950939999999
36145892302,0.40476737199999996
36147312501,0.0825779382
36171360202,0.060543776540000004
36171769701,0.6522495
36179375701,0.930808056
36185866701,0.001471180442
36185866702,0.00038207885800000004
36186370501,0.0035251748999999997
36186370502,0.00377885756
36195723703,0.002167042712
36195801301,0.000929283308
36203025201,0.1014438366
36208509801,0.969447242
36208633303,0.010633797072
36208897901,0.09959749300000001
36211110402,0.00023941126000000002
36211110403,0.00021391235420000003
36211346601,0.6433966879999999
36212163901,0.0040714774
36212242702,0.001872598878
36212242703,0.0020442935720000003
36216542102,0.89807898
36223421902,0.000487795476
36223421903,0.000430764476
36224167401,0.0303048486
36232245001,0.44733832539999996
36232355002,0.005252432079999999
36232355003,0.10932297260000001
36232355004,0.1942464459
36232651002,0.5572331934
36232651004,0.2859090498
36232773002,0.13472276986
36238452701,0.79676956
36247892101,0.0273766389
36248081501,0.723042792
36248365501,0.0164813305542
36254444201,0.498511288
36254444202,0.5804696932000001
36263133101,0.7279678199999999
36265887103,0.05334227052
36266522904,0.24380285539999996
36266522905,0.22536986800000003
36270472201,0.723079866
36270988601,0.995911302
36270988603,0.0888494598
36273479503,0.8014705299999999
36273577502,0.7247759
36275381201,0.73371469
36282250301,0.6949809659999999
36282547001,0.0016212088560000001
36282547002,0.001139509972
36283395302,0.05831181448
36294416601,0.000838952472
36294416602,0.369946444
36294440401,0.26008887999999997
36294440402,0.000415232548
36301457701,0.713810428
36302476706,0.1874483734
36308238301,0.741513848
36308617801,0.9583509899999999
36314054702,0.05837388179999999
36320794101,0.47880711600000003
36320794102,0.610898704
36320794103,0.748446764
36321484301,0.106984237
36321759401,0.0023027237
36322109602,0.324217496
36323171601,0.565702854
36326755601,0.00490895202
36327032201,0.505532116
36327080203,0.002439861602
36337105701,0.008892373919999998
36337231302,0.49331741339999996
36337240301,0.93857921
36341472201,0.0039419623
36344758501,0.584080622
36348116302,0.25028465980000003
36348116303,0.1311184698
36348116306,0.70696579
36352747501,0.503144056
36352858301,0.1005192018
36360033001,0.0021773778600000003
36360033002,0.000624824232
36361158305,0.10339707510400001
36371002801,0.281249642
36373876501,0.976592818
36373876502,0.878172102
36379019501,0.9446896340000001
36379071001,0.030654538399999997
36379071002,0.00279790771
36379566801,0.46461347399999997
36379882103,0.15378079979999998
36380507102,0.4809751992
36380507104,0.22448786873999999
36392558001,0.28576802479999996
36393331302,0.0596951718
36397797801,0.6458449180000001
36398418002,0.290389986
36401811703,0.0006309527619999999
36410692902,0.000975600628
36410775301,0.996187954
36411583601,0.29146914
36413262801,0.8308482640000001
36415342401,0.0006655649479999999
36415342402,0.0118036539
36416385202,0.000407072556
36416490701,0.00974047208
36427960901,0.4073408532
36430211801,0.085081389
36432638403,0.01948271008
36432638404,0.17081779546
36432704501,0.2623648402
36435035401,0.280363888
36435264902,0.6625256088
36435444301,0.011914159939999999
36435462401,0.810538628
36454463302,0.0038674887399999997
36454478304,0.616721426
36454523401,0.1828515724
36454711201,0.0001437058466
36454711202,0.00030915852
36454918901,0.7625372
36462547201,0.479954446
36464290004,0.18924230479999998
36464600202,0.932359202
36478500901,0.3607049902
36478500902,0.5477594299999999
36478500903,0.747188442
36479758401,0.662869956
36479758402,0.06621419120000001
36487354001,0.21517069074
36487915501,0.3786970764
36488054201,0.748833884
36488198001,0.44118033199999995
36494463301,0.804113428
36494463302,0.032542033240000004
36501436301,0.595157236
36532521703,0.32305524382
36532562101,0.790585542
36546786701,0.785385984
36546910701,0.09016919720000001
36555694502,0.0013495820279999999
36566262301,0.75068976
36572172402,3.911885236e-05
36572727101,0.124857705
36573020702,0.589553112
36577423401,0.818412836
36589085601,0.53852939
36589718401,0.736834642
36595339605,0.05257488219999999
36595339606,0.07468309314
36599889601,0.0684814686
36600046901,0.352450384
36694633201,0.955254486
36695394901,0.322287802
36695840901,0.00023916310720000002
36695840902,0.00375001634
36705891203,0.02140643052
36713674101,0.000254048236
36713674102,0.000255904774
36713674103,0.000428138164
36713674104,0.000299965162
36713674106,0.000738980436
36721580201,0.2700312654
36721931201,0.642617416
36721958701,0.000691639748
36722441201,0.001091213396
36731106001,0.09848517579999999
36737894004,0.1098018516
36747358301,0.710441294
36747663301,0.0018208722079999999
36747663302,0.001188874592
36747812401,0.45073265540000007
36747812402,0.7199175839999999
36748491302,0.0014269454980000002
36757208301,0.46405614
36757282501,0.223437718
36757806102,0.24685431559999998
36766053402,0.001730378198
36767139701,0.403829714
36782403903,0.11211084140000001
36783273701,0.032243878399999995
36789557801,0.0003330270874
36790475303,0.0269443222
36797561603,0.002260529698
36808504701,0.7433992199999999
36809595301,0.84440916
36847142601,0.06746861159999999
36847142602,0.004132539199999999
36847142603,0.00363770864
36857403002,0.8505764960000001
36874788203,0.0002630349246
36874802403,0.001194722828
36875330301,0.57989958
36876173401,0.0900422246
36885458503,0.08754687256
36893059701,0.64596125
36893059702,0.61964957
36893454001,0.576695024
36893454002,0.58790196
36898885202,0.086624865
36900681701,0.7800379860000001
36910254905,0.072601702
36922914301,0.590313354
36925302301,0.39586019920000004
36932794701,0.99849649
36934506401,0.9984342180000001
36977912701,0.834280584
36981850803,0.00844260812
36986473801,0.9961231639999999
36996295501,0.675120232
37004042101,0.443914364
37022670202,3.0095360534e-05
37024349001,0.318811666
37246364501,0.2513019938968
37253040102,0.0005292755876
37253040103,0.003120647646
37253486701,0.0078027205399999995
37253772901,0.753184442
37253773301,0.716951682
37258954001,0.901826074
37266297201,0.0052257119800000005
37266297202,0.004378073532
37266342501,0.026351469420000002
37267053501,0.2476759748
37267063501,0.2611862988
37267063502,0.26664199860000004
37267351104,0.3473244962
37276861902,0.006481852319999999
37276896503,0.00018612049728000002
37277343501,0.960323546
37284782901,0.9560904320000001
37285035701,0.00635910252
37286911101,0.00622418534
37290811001,0.00502146274
37297899306,0.0008709089079999999
37298707301,0.11594999979999998
37301560401,0.0027171807399999997
37352305102,0.905172282
37359477101,0.6525985999999999
37376857602,0.0028700045288
37384385701,0.720135962
37392837401,0.2931565339
37401666004,0.00029230988366000003
37485899901,0.916038868
37486059001,0.2784338472
37491198603,0.386020138
37503656702,0.4641721928
37503656703,0.608767694
37505958701,0.993402354
37505958702,0.9826435659999999
37508912402,0.008738096094
37509071701,0.4084094068
37522151901,0.369420136
37522191803,0.4434622792
37522254905,0.00784048772
37522254906,0.046570555868
37522254907,0.09416770816
37522268303,0.2498830572
37522308001,0.975228228
37522545301,0.830513468
37522545302,0.931867534
37527395301,0.9266634939999999
37613191501,0.16230639
37740736902,0.7914670279999999
37775945505,0.254768028
37785944501,0.00438474474
37809361001,0.9669314059999999
37834445701,0.9352196279999999
37855542301,0.9859448839999999
37856305901,0.631701262
37856305902,0.546191078
37866689001,0.00834776946
37866689003,0.0192089792
37874201801,0.90191652
37874634801,0.053043050800000005
37874634802,0.016701314000000002
37875221802,0.5047119466
37886884902,0.557357526
37923400201,0.649780306
37923400202,0.618137849
37924036001,0.40908203800000004
37926673701,0.000681767932
37929030002,0.71757168
37934964301,0.0012825131866
37935463503,0.01256355924
37940371801,0.614035302
37940792702,0.014879037080000001
37940792703,0.0951337816
37941054001,0.7287060000000001
37961831901,0.829734172
37961831903,0.1440570288
37972308601,0.9938772419999999
37980177503,0.1741776025
37980177504,0.20428509496
37980419501,0.21202069699999998
37980635802,7.042334666000001e-05
37985274801,0.844598732
37986534701,0.395998454
37986534702,0.002818745386
37989769601,0.727470818
37990919501,0.355286678
37997324601,0.0160064123
37997366801,0.00287655642
38000137401,0.65124475
38008474301,0.01383869758
38008474302,0.01237371604
38008474303,0.00481220698
38008551702,0.592307988
38017354002,0.0018317455060000002
38021153801,0.680651774
38032669301,0.7793607619999999
38033014202,0.0008902482539999999
38033014204,0.009158545624
38033437201,0.000182673622
38033437202,0.00046760080200000003
38038582102,0.03062900716
38039496401,0.49550700000000003
38041913901,0.0463497602
38042259101,0.685231888
38053978405,0.002043335822
38053978406,0.005269599812
38065667301,0.277345254
38066437101,0.744700076
38071050103,0.11960906998000001
38077004701,0.0019453367499999998
38078325201,0.8315820119999999
38086277001,0.06302196606
38087068801,0.9816151
38091027701,0.882962554
38091623502,0.00039854012
38091702701,0.585342499
38097651501,0.002830751266
38099717802,0.040163937299999994
38104850602,0.000692294018
38104850603,0.000582759818
38109183801,0.577652104
38114124601,0.297293904
38123214401,0.0756102944
38123214402,0.2282340268
38123745204,0.070341418
38132860101,0.6847204899999999
38133345501,0.03178009566
38135169604,0.017279660905826003
38144788301,2.8707501e-05
38144788302,1.2947144260000001e-05
38154886602,0.053760277999999995
38154886606,0.07628595146
38155188001,0.6403031419999999
38155985502,0.000414516418
38164772203,0.0208122489
38172444401,0.28532638769999996
38189791701,0.9722154060000001
38190750205,0.03096563786
38190750206,0.06696594961999999
38191909001,0.9290614959999999
38192119303,0.37066699000000003
38192515602,0.0910844289
38194976102,0.524065914
38197796401,0.15506923179999998
38198711805,0.00045411602999999995
38200958001,7.681931539999999e-05
38200958003,0.00029512949199999997
38201108601,0.979789276
38201634801,0.8672091139999999
38202842501,0.93873509
38204309802,0.0847739928
38206916001,0.00226945048
38206916002,0.0009923963860000002
38207297301,0.00015926623140000002
38207297302,0.0001486674074
38207502502,0.8040742319999999
38207504501,0.49257165
38214552103,0.020021099650000002
38214863502,0.537033116
38218954202,0.22935553999999997
38219619302,0.95673132
38219944102,0.2219590766
38225200201,0.261794676
38230868402,0.0066790962
38231035801,0.666071072
38231205201,0.000390661806
38231205202,0.00013464175520000002
38231224302,0.4254895948
38272885901,0.0621155476
38282336802,0.0001838376546
38282769901,0.299613212
38291581101,0.9895152060000001
38318130001,0.809340014
38326621001,0.7224585
38326621002,0.367268267
38350309001,0.0007991154161599999
38352567802,0.023994043819999998
38352567804,0.4117251706
38359428206,0.003381207869
38359434101,0.00803046034
38359434102,0.00034112815
38359436001,0.30477452400000005
38359524203,0.003324153792
38371649601,0.000358178576
38372751002,0.720371372
38374689203,0.01375430882
38401591501,0.1698056932
38401824003,0.0008519203542
38402184601,0.379582248
38406533702,0.06865670414
38407312201,0.0797051116
38407312202,0.05286581351999999
38407462901,0.035560747079999996
38407462902,0.083235044504
38407470502,0.21439025800000003
38414505401,0.20599316399999998
38415584401,0.8894919939999999
38415604302,0.022957266868000002
38429880802,0.09334969359999999
38434431002,8.80718248e-05
38438583501,0.7014666079999999
38438596901,0.06750621329999999
38438622107,0.338860182
38438622108,0.0022054511
38438859701,0.251984414
38446538201,0.6463469820000001
38446538202,0.52721032
38446538204,0.6027187420000001
38453643001,0.9787963700000001
38460931201,0.0007704017960000001
38482355601,0.97981467
38482944004,0.0041150591
38710796102,0.061365930400000004
38813192401,0.00249572016
38823584501,0.0014019309500000001
38828704701,0.50978765
38882036303,0.0299557596
38884523303,0.7298552
38895168402,0.00020351444800000002
38907088401,0.56062171
38915972501,0.6274315188
38916880801,0.21461028099999999
38928579101,0.10374304949999999
38928698901,0.00241525522
38936374501,0.11563743280000001
38936728001,0.0810768698
38938234801,0.00237106982
38943736501,0.47237194000000005
38956470001,0.0183179991
38956548103,0.016592172076
38956733003,0.0006047959348
38957019601,0.005718864299999999
38957352702,0.671042152
38957603501,0.2083381748
38958027702,0.00058411719
38964397501,0.56460777
38965089503,0.0048397627799999995
38966979601,0.605644546
38966979602,0.462636422
38967796901,0.00860968486
38967902901,0.00511088844
38968293302,0.000918672526
38968293303,0.039576711460000004
38968293304,0.041702126480000004
38968406001,0.11996836079999999
38968406004,0.023336542294
38973327501,0.409505854
38973494601,0.790136838
38974765904,0.1830813362
39008315901,0.171574856
39013742002,0.000319542326
39014207204,0.081998039306
39014902701,0.000797726514
39015054702,0.8210206320000001
39021550001,0.509930182
39021912601,0.006767726659999999
39030588101,0.2566543078
39042770302,0.001061153446
39043477701,0.0028292639880000002
39072352903,0.4778172659999999
39081767501,0.85766376
39081767502,0.00021171364992
39174454004,0.06202578194080001
39174526001,0.9158576079999999
39181283901,0.472134182
39188739001,0.000805075376
39188798802,0.01192094
39189425701,0.00015194957878
39189524202,0.039860951
39190306401,0.9977453199999999
39190306402,0.9754795599999999
39190467002,9.423487946189773e-14
39194988001,0.9988567119999999
39202492501,0.31082959
39202492502,0.41512271799999995
39202492503,0.4401115828
39270667701,0.5666853606
39303086901,0.19460490466
39303285301,0.212297008
39308647301,0.951492322
39374762801,0.566080928
39422819607,0.05815796728556
39422819608,0.0745172089303
39423379001,0.485976244
39423698105,0.23286633399999998
39424416702,0.477492232
39427900401,0.239411357
39427958702,0.23011140980000003
39428451701,0.813353762
39428451703,0.707313206
39433218702,7.477728622e-05
39433576002,0.665485216
39434031901,0.9244489399999999
39434190102,0.07963616534
39435605006,0.3681158812
39435729401,0.7972179020000001
39445526701,0.00673309364
39449001201,0.891178948
39456111901,0.999266744
39456260903,0.002081597356
39456260904,0.0020182283919999997
39456288004,0.004030600025556
39459353002,0.0033542733539999995
39459416901,0.3565769564
39459426002,0.25614821473999994
39465795201,0.010433188020000001
39465797201,0.00394064218
39466088802,0.03972018376
39466131401,0.617505348
39470219102,0.01761148344
39471160506,0.006742850196
39471533201,0.733921954
39471614602,0.000514683702
39472987501,0.9900019480000001
39481226301,0.0006417330259999999
39481226302,0.045875576354000004
39483187602,0.1092990286
39491277004,0.38374769880000004
39491558303,0.814265142
39497269002,0.00212097473
39501170604,0.9801159439999999
39506494702,0.16512118520000002
39506618601,0.5973561500000001
39551584601,0.995278632
39551599201,0.08485965808000001
39551599202,0.002430200636
39574267601,0.12198675399999999
39574626502,0.00042200479
39585561207,0.34596625514
39585705301,0.01216822681
39603767901,0.785397466
39610664101,0.9303533380000001
39613960703,0.14345106774
39614288801,0.0787404038
39617007601,0.525419648
39621349201,0.006747137514000001
39621753701,0.000959330054
39624496701,0.75688806
39624770001,0.2212527486
39624770002,0.1801016642
39625543705,0.1868555822
39636522602,0.010386273008
39642179302,0.1348098318
39646733002,0.0705931484
39653739902,0.0008491358559999998
39653945901,0.668911704
39654389101,0.9262742740000001
39664803601,0.309365292
39672022301,0.463952418
39690392701,0.636797188
39690460304,0.02624485128
39690628101,0.748429056
39690779201,0.981224506
39703122703,0.002826633732
39703232401,0.845031978
39704082303,0.007029910819999999
39710897801,0.9263421519999999
39713731901,0.270776202
39716216201,0.503998324
39716261101,0.662305236
39771048501,0.53415493
39781653902,0.0018154989519999997
39790433502,0.003450682452
40151315403,0.160853864886
40156111901,0.78367182
40156772201,0.79044348
40157397301,0.597934128
40160576206,0.099511706592
40160692302,0.00421615853
40160803902,0.536297542
40167060701,0.00252036656
40167609403,0.050986832
40167800701,0.978390114
40172697304,0.099126450128
40177037001,0.734016112
40179595201,0.856265034
40182156702,0.4629596952
40183362602,0.1722670596
40185908804,0.0281030497228
40185908805,0.02055278119
40185908806,0.029308519138800004
40191380301,0.9924772479999999
40191435702,0.48105149
40191608001,0.20439993326
40198062401,0.9994530300000001
40198264101,0.3828629954
40203032802,0.6646368887999999
40208591104,0.02365384514
40208591105,0.0521145178
40211128901,0.906229518
40232963101,0.0184412932
40245420401,0.026230914120000004
40245490901,0.25449883
40245695801,0.141623816
40245713701,0.43483465
40246341803,0.0051533523399999994
40246930501,0.343705742
40247471401,0.431771776
40247729204,0.1470861826
40251280703,0.11530436352
40251355701,0.5076125
40251355702,0.639045414
40252725401,0.8194971360000001
40258614101,0.500766902
40258614102,0.04169907
40258624001,0.042804154
40262134301,0.9576661080000001
40262523401,0.14790295599999997
40264677607,0.000230720366578
40264910601,0.2533643094
40265106901,0.416060751
40267559901,0.0032150708399999997
40270895301,0.88026095
40271028001,0.996061192
40271155502,0.6136011
40271275802,0.00030376081
40271275803,0.001516744926
40271275804,0.003867403027999999
40274558804,0.47433482839999996
40275905302,0.37780446
40278607005,0.11925336002
40279311704,0.13312263880000003
40279502301,0.45048417399999996
40280028803,0.0761466821
40280028804,0.316969082
40283749502,1.0444030513399999e-05
40284010606,0.26315367203999995
40284375204,0.14260936393999998
40284583801,0.05224878200000001
40285466203,0.004528394319999999
40288513001,0.792384212
40292001201,0.002593293124
40297013001,0.001220157476
40297079601,0.937035554
40297297201,0.20854412
40301654403,0.00544277414
40301901402,0.06288437300000001
40302986402,0.3363427854
40304471502,0.2617167534
40304471503,0.26909257999999997
40307506702,0.98891674
40308377501,0.000708005812
40312524701,0.6863475059999999
40313150604,0.40520240980000005
40322650502,0.12193908680000001
40322738202,0.09497547351999999
40332051801,0.0141677789
40332051802,0.084802414
40332088805,0.01030718244
40336436001,0.97868248
40336671602,0.004856929192
40336674402,0.05344702800000001
40336742001,0.00562281812
40351167001,0.573954022
40356794903,0.03138972828
40356857801,0.7193978
40424173901,0.608941642
40434450701,0.0032632818119999996
40437995307,0.0049252761047999995
40441563501,0.702377272
40443166301,0.602917042
40451664502,0.19571248261882762
40477056201,0.514750248
40477658205,0.839959698
40477792202,0.1099805576
40479715101,0.705553726
40479715103,0.369806498
40479778401,0.1023411578
40483253101,0.41306595
40484930201,0.0088143736
40492766102,0.264638206
40493349302,0.916529522
40493394702,0.2486548266
40496996901,0.16839498768
40512956003,0.656715114
40512956004,0.7247729319999999
40536444701,0.9878526360000001
40536509601,0.749336862
40536534002,0.0006253097799999999
40586283001,0.9785683540000001
40586608902,0.658445416
40593091501,0.683187426
40677452001,0.0001830468648
40677452002,0.0001011274096
40677811702,2.8385839999999998e-05
40678033801,0.0841293884
40678033802,0.495674436
40686161801,0.251438148
40687225301,0.5677660560000001
40687225302,0.27932881319999997
40687484203,0.176499266
40687484204,0.33963903
40694161201,0.999360048
40694554701,0.8569773099999999
40697674601,0.99853629
40704486902,0.519322124
40704635703,0.003399623004
40706490202,0.00017718764520000002
40706644901,0.1691288994
40706644902,0.30860434
40706926502,0.6168379230000001
40708997303,0.00024274275152
40708997304,0.00024318670332
40708999001,0.2600514306
40712640801,0.9993730839999999
40714593901,0.027930259496869995
40714672301,0.105412316
40714672302,0.0001040218212
40714772701,0.01844256994
40714772702,0.001390241262
40716436803,0.1345077654
40716550905,0.00019210694400000002
40722536701,0.000472066688
40726459701,0.0048499118494
40766296101,0.04008969673992
40766364101,0.00397043284
40777226104,0.772274964
40782391702,0.3502611238
40788235401,0.305867992
40792533602,0.006470168007999999
40886781001,0.105758781
40886781002,0.444529306
40886781003,0.1597391318
40924801304,0.07120645340000001
40933455502,0.6482357440000001
40933621502,0.01010285118
40933862402,0.01023086698
40951882603,0.02378964992
40951882604,0.0393909246
40955715801,0.54345285
40959237601,0.969916602
40964103101,0.01332990604
40964252401,0.38306844479999996
40964996801,0.35597799599999996
40970267001,0.08287637119999999
40993433001,0.993974708
41022754501,0.32738384800000003
41025404901,0.74335942
41027154005,9.675197035662e-09
41027154006,0.0293800214
41033956303,0.022862671480000003
41034069502,0.4440778002
41035498001,0.34702298379999996
41035498005,0.713394176
41036747405,0.898178906
41037198403,0.9067891039999999
41037253601,0.3156440772
41037295001,0.21135073699999998
41038901401,0.663408482
41039709901,0.5011753600000001
41039932703,0.9959749459999999
41040227203,0.20704327952540003
41183119203,0.04704392412
41197709402,0.3076838708
41207084802,0.084727175
41214384201,0.979599938
41215149801,0.13024989879999999
41215312802,0.004140394074
41220923901,0.11392096779999998
41221501301,0.995585988
41221648601,0.489313834
41246968102,0.001822288188
41247121201,0.9975048940000001
41252873901,0.19724625359999998
41252873902,0.20871213160000002
41265496701,0.43962392999999994
41266024401,0.00558078107
41266024402,0.0038430348179999997
41272654501,0.948540914
41272657702,0.386341794
41276125603,0.0002394782232
41282055802,0.002469434526
41282204902,0.0001115682978
41829735101,0.335955826
41838209901,0.006778876264
41838748701,0.8455424539999999
41846057901,0.967411184
41846101303,0.399268408
41857611902,0.19503167914
41858092502,0.2257740736
41858172601,0.00385040872
41858172602,0.007502167700000001
41861387703,0.005423389111999999
41861873001,0.13873031
41861901801,0.789004212
41861901802,0.554231308
41865533301,0.0335634538
41871749402,0.00045846488200000006
41871749403,0.0393932332
41871749404,0.0573677284
41872149801,0.00606415974
41873617801,0.564516256
42035080401,0.46596232200000004
42042653101,0.919250108
42043377102,0.0001808593048
42043742001,0.347540654
42049042902,0.1605413062
42056041503,0.000167824088
42069904001,0.668356684
42069908301,0.07053807408
42076165201,0.544962748
42077426501,0.047214796399999995
42090326402,0.06853948509999999
42090366802,0.00546305077
42090366803,0.007100180934
42097126803,0.2527272806
42097126805,0.591786304
42097878801,0.9782849
42106323301,0.48245679599999997
42106552502,0.006588729428
42110746303,0.331071396
42110920401,0.13819153879999999
42116363101,0.0335145466
42116363102,0.565079228
42116736602,0.7381530460000001
42116736603,0.7256294000000001
42121534102,0.12077610781999999
42121569001,0.5926944005999999
42122982202,0.571992042
42126079703,0.20466755760000002
42128537201,0.097028486
42128750301,0.9856218
42128750303,0.952378046
42213910801,0.10992549596000001
42239316904,0.04367518978
42248853201,0.753408768
42248973901,0.002257068172
42249840101,0.0053704386
42270231501,0.913626582
42270489201,0.91085689
42302184705,0.990644634
42305589402,0.673780548
42305682402,0.01088584182
42326404002,0.9111296440000001
42326506602,0.1540458582
42335177004,0.37065166200000005
42335405201,0.97555631
42341997102,0.045503647800000005
42376889604,0.0617406158868
42399150903,0.0007987867968
42406383901,0.00814528412
42406383902,0.914106402
42413015301,0.0734776702
42413137802,0.02010143902
42413137803,0.00983295334
42433038303,0.0003579008506
42433038306,0.0027071773004000003
42433553309,0.033858849953379996
42433757602,0.7252014219999999
42433757603,0.7689215600000001
42436524101,0.733483
42436524102,0.085187122
42441417101,0.1506233492
42462205601,0.5681085419999999
42462384803,0.7326398212
42466817601,0.10597776080000001
42466890201,0.81646462
42471677202,0.2005059112
42489936001,0.160470986
42495087801,0.90161383
42496104501,0.000640848374
42496104502,0.959592758
42499682601,0.7603022740000001
42508321602,0.83380283
42508326401,0.1618036612
42508326402,0.262681744
42508326801,0.702410026
42508330901,0.748630586
42508330902,0.87241127
42508330903,0.56204072
42508470201,0.22475916894
42563899203,0.437548796
42564154001,0.991941366
42564191201,0.1115173596
42565755604,0.1852627638
42569676401,0.0043098925400000005
42585230101,0.25236962100000004
42585616203,7.464301868e-05
42585719901,0.000364077438
42585780401,0.004412865074
42592453401,0.844497088
42592772601,0.793142442
42592772602,0.8585557639999999
42594119402,0.61479749
42594491701,0.46560579099999994
42600631901,0.9751724639999999
42601126401,0.684120816
42602113302,0.000673413386
42602213101,0.65887176
42602343001,0.5852778240000001
42602578401,0.551960084
42602673205,0.16667162
42603247501,0.994891026
42603247502,0.892334938
42606995801,0.0018728234479999998
42607358101,0.901324922
42607708001,0.8647488799999999
42608031001,0.0002525546192
42608031002,0.0006315377652
42613004701,0.650786854
42613004702,0.824696472
42613416201,0.00394097718
42613416202,0.002052283938
42613426703,0.06449765778000001
42615621101,0.81414181
42619478302,6.732677433299999e-06
42619871701,0.712877014
42620625801,0.29867550600000004
42620662801,0.541518148
42620731901,0.28224240380000004
42620761301,0.766173998
42622734401,0.922568028
42623123201,0.88811115
42623198601,0.21875643140000003
42623225604,0.0853500595892
42626468401,0.000411860212
42627663706,0.479868894
42628194901,0.292520738
42632054701,0.36834420999999995
42632652201,0.9234392
42632664302,0.1077633764
42632664303,0.006723089028000001
42636372802,0.013049683119999999
42640598101,0.4335806108
42640639401,0.07199903732
42641101301,0.17957374399999998
42642237201,0.0461309124
42642237202,0.531476858
42642293306,0.14112674860000002
42642717601,0.8760900919999999
42645301701,0.0033458637200000003
42646326401,0.0046564741
42647544001,0.3992752762
42648821601,0.01440150148
42649244801,0.6194010480000001
42649722501,0.00805359551
42649722502,0.006504169356
42653178903,0.11221006
42653363502,0.2537543412
42654068402,0.010546884599999999
42654118001,0.29998311600000005
42654118002,0.021102953740000003
42660995204,0.031100975819999998
42670732703,0.00045364184880000003
42670942501,0.24813982399999998
42670942502,0.374626392
42674755901,0.058584142000000006
42683417301,0.953232066
42683873303,0.0055729631
42683873304,0.004244057006
42684080001,0.804476262
42687311001,0.74750477
42687525301,0.20837296800000002
42687740001,0.9975751300000001
42687740002,0.914800338
42689967402,2.839731326e-05
42690423602,0.6891381200000001
42690639601,0.571594784
42696816603,0.12719539632
42697573101,0.487145396
42697586601,0.37456246880000005
42701106003,0.2742522194
42701366501,0.26466748560000003
42701848601,0.7934207640000001
42703117101,0.8162472839999999
42765949101,0.440597554
42766776601,0.2762681934
42766776602,0.173004887
42766777601,0.84553303
42766777604,0.518070778
42908277401,0.9875170260000001
42908330202,0.001063440828
42953053801,0.00128845236
43046925501,0.70340757
43069330902,0.020627000580000002
43069330903,0.02535815406
43070245002,0.1380253944
43090883701,0.8148062599999999
43091773401,0.000962195496
43091800701,0.19692837800000002
43109523702,0.69149437
43110001502,0.0357416006
43110033204,0.012046207228
43138027802,0.2363980062
43138031501,0.502340968
43586902102,0.004021105548
44418909901,0.99724883
44419720801,0.44581186200000006
44426887501,0.33684166800000004
44426912601,0.864030412
44426912602,0.00420670846
44429859801,0.01884748982
44429859802,0.00246640482
44442919301,0.022731770919999998
44447867501,0.005390313339999999
44447867502,0.1518675408
44447867503,0.00075096724204
44448478801,0.91236962
44460887002,0.019100478060000002
44470145001,8.82634994e-05
44470145002,0.000126227639
44470229601,0.18872551740000001
44478951701,0.00317404174
44487724601,0.55821971
44488599901,0.08483871359999999
44492663502,0.00569623378
44500842301,0.016849169599999998
44500842303,0.00598876618
44521244701,0.638225908
44652214201,0.2821590236
44652311001,0.879253826
44652311002,0.312832784
44654990501,0.9883801140000001
44654990503,0.190667936
44667821001,0.026644684680000003
44667821002,0.005129389119999999
44670309101,0.03796531
44670707001,0.2858523332
44670707002,0.40310592200000006
44687160101,0.7837669899999999
44687238601,0.16992728299999998
44687238602,0.115646106
44688127201,0.809290446
44688628001,0.7903239440000001
44688638401,0.072025525
44688638402,0.20363707479999998
44689810302,0.376459366
44690139001,0.841678978
44690469801,0.697338066
44693121503,0.001091686028
44694034304,0.08962690738
44695132901,0.619071092
44696551402,2.7771666099999996e-05
44697163401,0.08457603452
44697763001,0.18027497720000002
44698367501,0.000251432158
44700446001,0.0168582132
44700938001,0.73222911
44700938002,0.00903786872
44700938003,0.22889171199999997
44701434901,0.898411444
44701554601,0.574039306
44701554602,0.784155884
44702119503,0.3056443938
44702553803,0.031072330399999997
44702621101,0.78197253
44702652802,0.5432290820000001
44703836302,0.3328457052
44704224301,0.5763267400000001
44704498803,0.29422303520000004
44707555104,0.23580843739999996
44708263601,0.000694230054
44708803401,0.9904851960000001
44709216403,0.19555673599999998
44709274601,0.766368268
44709430003,0.06402104160000001
44709488305,0.784331446
44709816702,0.0682419848
44709820401,0.9684295259999999
44710734905,0.6409891240000001
44711543501,0.732536054
44711543504,0.001258245232
44712681908,0.061270912840000004
44713258101,0.775721518
44713553504,0.041374253626199994
44715555001,0.8335413060000001
44717549601,0.883522638
44717549602,0.683845468
44718654702,0.0349708382
44718897901,0.0468339278
44718897902,0.025386365259999998
44719328701,0.02095489552
44719449903,0.0007242729300000001
44719717002,0.22464827659999997
44719717005,0.594213346
44722257801,0.220984374
44723020901,0.6308318039999999
44723094501,0.3537847288
44723132704,0.041403273549
44726048801,0.9423990119999999
44726323304,0.348952902
44726765301,0.844982724
44729155601,5.9084912599999996e-05
44729155602,4.45686608e-05
44729973001,0.351139415
44732810101,0.090959098
44733814101,0.000641872656
44733814102,0.000860267476
44735038102,0.014915637079999999
44741999901,0.96443888
44742020601,0.8849519960000001
44742396207,0.00808965818
44743060901,0.869534808
44745141201,0.160339059
44748816602,0.000183361951
44750939001,0.22096396499999998
44751113401,0.7571744499999999
44753946801,0.980845568
44753980703,0.0413597355
44754436203,0.0042667781
44754436204,0.001807551948
44754492301,0.00566699482
44754492302,0.001343747732
44755787501,0.1192483416
44757552104,0.3486998428
44758338102,0.0099465965
44763165502,0.287316882
44764986406,0.0602437135128
44769727501,0.669037466
44770632701,0.348667728
44772555402,0.0494105358
44776342402,0.6470012940000001
44776342403,0.5467271548
45143902603,0.0292841134
45144079601,0.427454068
45144079602,0.42985882999999997
45144079603,0.33480773399999997
45146621203,0.0009420425237399999
45149328902,0.131793676
45149787407,0.19255812639999997
45156410103,0.5042504248
45159641501,0.90985657
45159641503,0.001001279079026
45159952801,0.4263468648
45159952802,0.820862744
45160697001,0.9967524879999999
45238853802,0.0032119555500000002
45238853803,0.003649495498
45240743103,0.30828498037999996
45241706301,0.004114643284
45241706303,0.2568496744
45241984301,0.629623574
45241984302,0.44699343799999997
45243899103,0.196518110719425
45243899105,0.20100004056
45246516203,0.895930124
45248174503,0.3350553006
45248174504,0.300991923
45251672904,0.0721452095
45251797604,8.6341382085e-05
45252161101,0.000274430118
45252161102,0.000167975612
45253029406,0.0375165728
45253364001,0.0012092815600000001
45263116103,0.360636968
45263126802,0.575482434
45266583701,0.106559029
45266583702,0.25649268000000003
45268263605,0.0006305614142
45307990401,0.267840284
45308239401,0.00023042019400000002
45309524703,0.066385768
45310065801,0.906722742
45325995104,0.000650608828
45326020901,0.9694937400000001
45328891907,0.092274816774
45328891908,0.12089971537199999
45328952901,0.648134188
45425777804,0.048857956794
45436597101,0.5509153412
45461038201,0.490707238
45485803202,0.32432085600000005
45491988701,0.88848278
45496183505,0.0717350423
45496183506,0.08401376723
45651998702,4.71199263574e-06
45653678201,0.359517538
45654083401,0.0042991209
45658861001,0.000441022112
45659278901,0.529848598
45659318702,0.2049995713
45659345501,0.9082471999999999
45659366401,0.434611488
45660992902,0.001225533736
45661078401,0.530422242
45662158601,0.2745800306
45662172001,0.519087184
45804844402,0.00783246668
45805764701,0.820815374
45809116902,0.00016117805842
45809366901,0.2164420902
45812493801,0.005867761212
45812493802,0.00386051646
45827563301,0.000745229378
45827563302,0.00075002912
45829078201,0.995715258
46312062701,0.0003967134764
46312063801,0.046880174399999995
46313466001,0.2735465262
46316435801,0.1282400754
46316622601,0.00204882182
46316729001,0.9765167339999999
46317022401,0.9218855319999999
46317022402,0.9895948279999999
46321687201,0.0001774195596
46322506701,0.344075862
46322712001,0.748033326
46322712002,0.0020951684000000003
46325234001,0.0456802276
46328355901,0.039188319900000004
46328355902,0.01006431908
46339396705,0.2535307452
46345068701,0.646845716
46345711601,0.1371817126
46345711603,0.24203658720000001
46345711604,0.3364485476
46346554101,0.995484102
46352792201,0.968244518
46352792202,0.35060502800000004
46353550101,0.00642489772
46353843201,0.955379332
46356805201,0.32799220399999995
46359550501,0.327692918
46373260502,0.757578934
46373446901,0.76399571
46374251601,0.829430698
46377008201,0.48599251800000004
46380770701,0.216864048
46383669101,0.47797810599999996
46383933501,0.93963733
46388414201,0.880687926
46388423001,0.577688588
46392854301,0.8357857340000001
46393241101,0.874369422
46396409001,0.60429171
46397544501,0.481840792
46404093701,0.995674292
46404796401,0.960176454
46418100801,0.163334178
46427637101,0.62182721
46427784301,0.6204592010000001
46440584002,0.000134800062
46440790602,0.2397439112
46441560101,0.45537948000000006
46442017001,0.98754692
46454776502,0.69085486
46455428302,0.97870983
46455428303,0.756367222
46458300202,5.9786571200000005e-05
46458427402,0.0532635682
46458500501,0.776824288
46458854002,0.003027508422
46458989601,0.0516985738
46464121201,0.7223796
46499158703,0.511758698
46502411801,0.00213417626
46535453601,0.44035395800000005
46539308501,0.990536942
46543439101,0.744071588
46544621801,0.68660621
46548765001,0.542752384
46552476903,0.040930112
46557304501,0.2028323132
46561682601,0.0012642891999999999
46563493603,0.0347399236
46564641301,0.992716076
46571187001,0.9115753139999999
46571321001,0.591256808
46571717301,0.704977552
46609661105,0.006409060576000001
46610192702,0.641890006
46616294301,8.2576048e-05
46616302301,0.8943168719999999
46668164802,0.90559656
46668903301,0.03458906214
46790259802,0.6518551180000001
46790437704,0.615161396
46793405201,0.8008607480000001
46815069102,0.44487457199999997
46815489501,0.30101266200000004
46817615002,0.00627905574
46817819301,0.001023439428
46817859902,0.00866829798
46817970501,0.17945112540000002
46818816101,0.559930476
46821607901,0.00102642584
46821607904,0.01010283232
46904638701,0.412857598
46910098202,0.861737138
46915009001,0.402735618
46923312302,0.8319329
46926071001,0.22464903
46926071002,0.349794662
46926566701,0.282815958
46936026401,0.0274101795
46940092701,0.031651753199999993
46940092702,0.00018885341600000002
46940662901,0.0854573786
46944721201,0.727913682
46945129701,0.0714539512
46945359502,0.6840741400000001
46945511101,0.7761765300000001
46947713801,0.98897723
46950693501,0.0179011778
46955444501,0.695780328
46962027101,0.1247339296
46962027102,0.0641238926
46962869701,0.8447662960000001
46965740001,0.0344575976
46965740002,0.0023637168960000004
46966750801,0.9326696059999999
46969286201,0.0776801509
46969286202,0.00525299756
46969286203,0.00372785468
46981066301,0.8712986580000001
46981066302,0.675156076
46981179205,0.000714224692
46981268101,0.643666344
46987211805,0.09549990066
46987681901,0.00465464466
47009736801,0.872218398
47010240101,0.1168657524
47014731301,0.75981488
47018266201,0.00014450466139999998
47018266202,8.11389636e-05
47018874504,0.23167369899999998
47022060603,0.0037639293400000004
47022060604,0.002941804494
47029179501,0.901132774
47029179502,0.9709679299999999
47030342001,0.666234916
47032669801,0.9645383280000001
47033668003,0.1572070908
51662701404,0.0322656053162
51885366801,0.0017212394200000001
52010082501,0.545471358
52202662202,0.00986934008
65026564501,0.9970334
65026564502,0.957985328
67504743810,0.507241609
67504743812,0.3593362944
67791582702,0.344277444
68346032003,0.11728032536985925
68495592002,0.0007582642900000001
72413093403,6.602251986e-05
72569488401,0.350688508
73227529802,0.9370509
73450558101,0.997984346
73450558601,0.9936442
73548785901,0.9399753799999999
73587245602,0.0005243187598
73742523802,0.00138330252
73748696402,0.600437384
76661994103,0.00014687369206
76723579601,0.02987961108
80510082205,0.08358481966
80586147301,0.000195661428
84278066801,0.9811317199999999
90392977207,0.026024203272
100476507001,0.0002723378788
110410011101,0.214322698
110410011102,0.004838691088
110477688701,0.00323998412
110677071902,0.99668987
110861508102,9.56631374e-05
110981975701,0.0146066716
110986944601,0.641894234
110986946101,0.67092397
120574527203,0.00423023774
120997343501,0.5788582879999999
120997343502,0.01442460526
120997348501,0.534686898
120997348502,0.011808301779999999
121059797201,0.030510066399999997
121339554501,0.63116958
121639492401,0.8859002840000001
121900635301,0.977172354
122146990202,0.1535417682
122425565905,0.6803311439999999
122455164903,0.0244712597
122455164904,0.2866371452
123252203301,0.06006704852
123438404601,0.994514946
123438702601,0.9962270200000001
123481032401,0.9976398700000001
123697841106,0.050800207554
131208749307,0.0040452155668
131400428901,0.732430578
132249398101,0.000358693218
132249398102,0.000376244496
132249398104,0.0001586433379
132249403601,0.00033452733099999997
132249403602,0.00034866371
132590012601,0.739883982
132631597301,0.392351813
133157972501,0.024747389619999997
133157972502,0.637433382
133160550401,0.001190958188
133194648601,2.257601026e-06
133194648602,6.01940844e-06
133194648603,5.1475652e-05
133194648604,0.000202000146
133194648605,3.2876150999999995e-05
133197258801,0.933168888
133532313901,0.645818652
133532313902,0.006656506065999999
133585607901,0.0987166808
133780551201,0.636933454
133780551202,0.042583128799999995
133780552301,0.5432946860000001
133780552302,0.0280914462
134135128901,0.38067773
134344670907,0.3543154544
134688048801,0.918340626
134694259001,0.8088041479999999
135268414601,0.000269784886072
135350083301,0.5097637340000001
135440442404,0.06371684050626
140596584402,0.308055256
140599763501,0.9778022180000001
141921455701,0.0007817724264000001
142284626901,0.000385505608
142302019405,0.743242882
142346260801,0.9956139800000001
142346260802,0.09891008059999999
142395665402,0.5303892379999999
151008818501,0.843017856
151183433907,0.007549683786200001
151325824001,0.8449924020000001
151391111402,0.000379181076
151535546601,0.9928787480000001
151838430102,0.000462898356
152922571201,0.98394826
152922576201,0.98291123
152997674502,7.545871333800001e-06
153367841801,0.41299169999999996
153367842601,0.42853072000000003
154654972401,0.545608592
154666784102,0.0029536490799999997
154720174701,0.9275912780000001
154731732101,0.0007664789679999999
154731732102,0.04149478
155309950301,0.00462403764
155614233407,0.0215586755596
156720533204,0.22322132972
168830672607,0.12947266733
169108044701,0.01188707928
169142746501,0.00048844999
169142746502,8.83434916e-05
169142747301,0.000384830366
169142747302,7.28492614e-05
169196215901,0.162440366
169317488301,0.751947588
169322625201,0.515620062
169704564901,0.00100731101
169704566001,0.00063807015
169704566002,0.01198664676
169707298701,0.8985550800000001
169868536603,0.4405548694
170129211101,0.47102744799999996
170129211501,0.44147358400000003
170244231301,0.000191407774
170244231302,0.00109109263
170342329301,0.9660253360000001
170630724702,0.789618336
181587036301,0.16824047800000003
192238422901,0.596394936
