astro_id,planet_score
146686601,0.982563
146686602,0.6944397
187132401,0.007955839
187599501,0.94915885
274305901,0.9159324
317876001,0.29113838
317889001,0.017225292
359579601,0.2008073
359698601,0.92935634
360669601,0.9744169
402988901,0.98718274
403061701,0.0064885123
403061702,0.00075292547
446702702,0.20975061
447174701,0.54135364
447673901,0.05348328
487162902,0.98402876
487657001,0.71377975
488161201,0.9766432
533697002,0.9957802
575113501,0.036869586
575113503,0.047500297
575563601,0.109751955
575563602,0.40916747
575563603,0.8988565
619318901,0.9896375
619318902,0.8999388
635590404,0.0026909602
639837301,0.7895759
703862601,0.8164255
704333601,0.004404753
704818901,0.24276637
704818902,0.9731952
748441901,0.736778
748446301,0.23503006
791546903,0.06897989
791560602,0.30839568
880121802,0.8935379
924306901,0.9173093
924772802,0.00020506613
925236802,0.9969933
967723901,0.0068916935
967723902,0.02336908
967723903,0.05590021
968788801,0.9670154
968788802,0.9611789
969292101,0.9397227
1009597401,0.124828056
1052573004,0.00055971276
1053441301,0.018406205
1139437301,0.36673802
1139923501,0.983488
1139923502,0.97570306
1185668201,0.9750489
1317343201,0.051305883
1317833901,0.0051463763
1358861002,0.78826183
1358887203,0.16372676
1359346304,0.0005595146
1359459601,0.87699455
1359459603,0.9734213
1404892901,0.9363525
1404892902,0.95588773
1405725501,0.6509746
1405740801,0.006190273
1446659202,0.7080424
1447062701,0.6474426
1447567501,0.0031228825
1532995001,0.429401
1533976301,0.039497666
1534462401,0.7502225
1564162001,0.9508531
1564731001,0.45517957
1580072901,0.98921293
1612399801,0.7225531
1612399802,0.75197655
1623657601,0.2516824
1635457001,0.19425985
1636086003,0.010954274
1643676902,0.26522484
1658550801,0.90217614
1666082901,0.059940763
1666604501,0.9783003
1711477001,0.9984585
1752487701,0.88369393
1753382302,0.00523907
1797236302,0.5623561
1797258201,0.07551813
1798232703,0.02663693
1798271601,0.5073552
1882728601,0.991748
1927452702,0.004645498
1927473304,0.5962488
2062751702,0.006217883
2062751703,0.11549093
2062751704,0.14050022
2104670801,0.9024037
2126191108,0.41849226
2126207403,0.14244269
2135589701,0.99863535
2147845102,0.8953584
2169987801,0.004797946
2169987802,0.0042081103
2169987803,0.05689588
2169987804,0.08946219
2199901102,0.002375434
2208947308,0.002043427
2219374701,0.0014499871
2219719008,0.00035952392
2229403703,3.0976694e-06
2230620701,0.0050382093
2236170001,0.31420058
2236170603,0.016733874
2240212202,0.25862667
2240340401,0.8265941
2240340402,0.91062737
2248758202,0.9198858
2249717702,0.040275525
2257561501,0.2768986
2269306501,0.99627566
2278714003,0.5976369
2278733401,0.0012704814
2282054001,0.0007484526
2282582301,0.0032076004
2283563801,0.9976114
2288145801,0.09377227
2297574702,0.92376494
2298235402,0.008413813
2299118901,0.0054573743
2321110901,0.90045255
2325702201,0.6082897
2331537803,0.0005292075
2331839901,0.79851216
2340085901,0.02312418
2340186605,0.06460063
2349099503,0.30466643
2349156501,0.0023189103
2349163301,0.00013674618
2349337001,0.9826438
2369119608,0.013251423
2381892403,0.00018473594
2381892404,0.00017118637
2382288001,0.2312605
2382633101,0.9152148
2382633102,0.5033552
2413763403,0.18444501
2414654901,0.99300635
2431354801,0.56396914
2431354802,0.66090614
2431354803,0.80363435
2431486803,0.00018119904
2431486804,0.00015606612
2431674302,0.905192
2431698501,0.8062883
2431698502,0.48643148
2440905701,0.9540881
2456122501,0.0074800574
2456122502,0.484125
2469352804,0.0008717855
2498578301,0.7824518
2506398602,2.1173395e-05
2506399902,4.519148e-07
2511727304,0.22739153
2515483101,0.0011374387
2515483102,0.0011166135
2519562303,0.07618899
2543370304,0.6988734
2558658502,0.00036212473
2559088601,0.085627235
2559088602,0.22879316
2559934101,0.95143324
2560054501,0.831703
2572286603,0.0018720032
2573502001,0.9627008
2585953003,0.91541976
2587869801,0.6819259
2598839001,0.9507912
2629696301,0.09731055
2630201102,0.041674104
2633388402,0.037496787
2668310702,2.9690013e-05
2670173501,0.95039123
2670932602,0.030343993
2670998901,0.36348358
2711759301,0.9983828
2712677601,0.0037960978
2712677602,0.0015165602
2755211904,2.9202918e-05
2755686901,0.9976751
2755720001,0.0014040305
2755720002,0.0007580113
2795010701,0.0012679308
2795010702,0.000876056
2813740001,0.008957888
2813962203,0.001403493
2813962204,0.0017177272
2845569801,0.97741836
2846479102,0.983063
2850953202,0.013900012
2852637903,0.17044397
2860940301,0.9913799
2860940302,0.022504581
2884064201,0.01547704
2884064202,0.9435846
2885271803,0.82108545
2885606601,0.032607723
2898001102,0.002981374
2931001401,0.0010787064
2973159301,0.7635609
2973919907,0.0007697648
2978129201,0.9136581
2978129202,0.9992999
2982926503,0.030824808
2983350401,0.0025439276
2983448601,0.001834947
2998401401,0.9723937
2998413101,0.5246536
2998413102,0.80912656
2998680801,0.96092683
3003143901,0.15589125
3014114101,0.7056885
3014130801,0.028758675
3014155401,0.10812725
3014626201,0.9918133
3014666201,0.0024268609
3018949201,0.046636928
3018949202,0.015559321
3019337302,0.45423886
3026816802,0.98488796
3031174902,0.7923692
3031368202,0.37060812
3031428201,0.76899767
3046805201,0.8331345
3046945402,0.00089970784
3053489302,0.63379234
3055760803,0.0056830477
3058004502,0.9368349
3058007201,0.8391121
3063992801,0.18127638
3071881101,0.69693756
3071881103,0.08222318
3071881104,0.24065357
3102001301,0.89012706
3103558401,0.99555945
3103575802,0.69687986
3110540201,0.65760076
3110540202,0.3946999
3110603901,0.69565517
3111950501,0.0005675434
3119795201,0.8865392
3120236902,1.1150166e-05
3132119001,0.9954522
3132142001,0.7921312
3133342702,0.6758484
3140936101,0.081755005
3141154101,0.0
3141154102,0.97933084
3142064902,0.0018594575
3157252801,0.51592594
3167063202,0.6205137
3175297102,0.0004037163
3176004601,0.9441553
3179612006,0.25858268
3179929603,0.72036237
3179929604,0.8908104
3185258505,0.99921167
3185298001,0.9986045
3185298002,0.99446034
3187201101,0.35591072
3194381902,0.9700015
3194575303,7.473066e-07
3203463001,0.9814928
3203463003,0.6930513
3213709901,0.0016092953
3222460802,0.02577791
3231889301,0.8993178
3232159104,0.0021851447
3232441901,0.993958
3234812501,0.023895072
3245705601,0.09168236
3246227701,0.6641259
3256908001,0.020924078
3268340304,0.0022949304
3268340307,0.0042951177
3269099802,0.0007337186
3269552901,0.0033175286
3269552902,0.9833656
3269953802,0.0003056358
3276522401,0.5755345
3276533002,0.01722272
3276533004,0.8036965
3280637501,0.88482386
3280637502,0.6562596
3307649701,0.2205626
3318030301,0.30046082
3318466001,0.9312186
3318512401,0.003619618
3334199001,0.99047816
3335085001,0.0034801434
3335085002,0.038716644
3353118201,0.98692524
3362798301,0.9990989
3363285304,0.113797754
3364330102,0.0048464052
3370676108,0.18672778
3371460301,0.47778386
3373201704,0.04511748
3377092703,0.81916344
3383635903,0.1202803
3384068301,0.9865215
3390475201,0.933121
3390701001,0.99779296
3391691903,0.0021474508
3392745901,0.97121567
3393136902,3.062637e-05
3393383702,0.28760275
3399912401,0.26673308
3400905505,0.37933087
3411844501,0.6946624
3417332101,0.017423404
3417332102,0.038470153
3424745501,0.13615704
3434489003,0.0048925113
3434489004,0.002468899
3434489005,0.9872278
3434667601,0.077783234
3441905501,0.025935551
3441973601,0.10540691
3441973602,0.12060576
3442555603,0.009264064
3442733801,0.8958349
3447794201,0.48564202
3448817501,0.16995285
3448817502,0.0051025427
3448820401,0.9492519
3453778701,0.9984267
3467188601,0.94980323
3488902701,0.92033833
3489887102,0.009208522
3492120601,0.8567151
3492623801,0.48250127
3505074004,0.75087494
3515144901,0.0027113042
3515201401,0.9738166
3515201403,0.5021661
3515201404,0.9436032
3528137002,0.07569182
3531535801,0.992924
3531545301,0.9924787
3531545302,0.20377547
3539425602,0.017617581
3561454202,0.14801213
3561454203,0.47148514
3563221601,0.7033196
3573729201,0.9790278
3577053401,0.0032197454
3577053402,0.56970346
3577053403,0.014754487
3577105201,0.54964054
3587746301,0.01120796
3587746302,0.002873928
3599902601,0.52169687
3599902602,0.43267903
3627371304,0.1894892
3659498501,0.96224177
3659548101,0.86475146
3666336101,0.99293125
3666450101,0.89125717
3666450106,0.59287614
3676842402,0.95416343
3677387808,0.0022674797
3692332901,0.8831349
3692332902,0.43214098
3704799301,0.9949824
3705786301,0.341868
3706298501,0.35913274
3706298502,0.010749001
3719507701,0.9950688
3785931001,0.43050864
3789267501,0.9118101
3823037501,0.9415575
3823424101,0.9802131
3831648301,2.811502e-05
3831648302,3.6350226e-05
3831650501,0.9644406
3831669101,0.00047274938
3831669102,0.00015356531
3832537201,0.0070216595
3832537202,0.005357974
3832537204,0.75908995
3836271401,0.024623081
3842383401,0.99156207
3848340502,0.0030545215
3848340503,0.0020359938
3857102001,0.99913895
3857190802,0.18963891
3860367301,0.99503016
3871032102,0.8257635
3872898902,0.7865805
3872898904,0.7595778
3874032101,0.9049696
3874509601,0.5458276
3875475301,0.8250844
3875475302,0.89713377
3899057102,0.8981624
3947803802,0.028930701
3960490901,0.9902981
3960825001,0.30433112
3964510301,0.10136451
3964510302,0.9943929
3964580201,0.95083517
3964596201,0.0023639582
3964596202,0.0009783268
3964596203,0.009412234
3964598901,0.0012213832
3964598902,0.0018312363
3964598903,0.005838533
3964599101,0.008506367
3964599102,0.024853116
3964599103,0.0057565635
3964866401,3.8381404e-05
3964866402,1.2970785e-05
3964866403,8.636777e-06
3965453201,0.0003535215
3965453202,0.0010629826
3965453203,0.00022503924
3965926901,0.00048371466
3965926902,0.002998192
3965926903,0.00042826252
3985732201,0.70436627
3985850701,0.9988181
4002980201,0.76654196
4002980202,0.5854437
4006122601,0.9818527
4007664701,0.0120480005
4007664702,0.0018030917
4015435201,0.20374502
4024771902,0.8417826
4049614402,0.077571474
4049614403,0.14819571
4049639801,0.0008095237
4053529007,0.313655
4053530302,0.18233564
4054021301,0.58759165
4054091401,0.77831185
4054569402,0.98985696
4071509102,0.4970366
4071736501,0.9623988
4071736502,0.93717587
4074927402,0.9955462
4079750401,0.002675948
4079750402,0.7013251
4079755502,0.20735689
4087813603,0.65914863
4090461902,0.07380919
4092452401,0.99586666
4092541804,0.015168335
4097449901,0.07093917
4097584204,0.0013463642
4097584205,0.0005109634
4097584207,0.0010176853
4101147101,0.62454784
4103172102,0.031690586
4103282404,0.0021623569
4123125201,0.022163277
4123917001,0.5504551
4124707301,0.79688805
4133885201,0.009946983
4135932601,0.15456675
4138586402,0.0007267808
4150732601,0.3270031
4150874601,0.9976597
4159045304,0.17196442
4162249605,0.009766406
4162577901,0.39525402
4163071201,0.00026569472
4163071202,0.016493265
4194266004,0.010119348
4195029201,0.96899444
4203595801,0.94942546
4204477601,0.017786603
4204477602,0.11006408
4214979601,0.91730505
4221337001,0.08612899
4221337004,0.37430093
4242423301,0.00053432223
4242423302,0.0002979968
4242492204,5.0966224e-05
4252370002,0.05089555
4265744501,0.9951668
4265744601,0.9978947
4266274701,0.83645576
4267727901,0.65196365
4268151601,0.99097717
4268548501,0.042663723
4276855001,0.40712747
4277788301,0.58687574
4277788302,0.0010091432
4317398502,0.14967349
4317398504,0.4336287
4318622401,0.38982716
4351491201,0.043606028
4351491203,0.0008680153
4351502401,0.9301307
4351502402,0.97836405
4351985201,0.0113925645
4354192602,0.0035126565
4369702502,0.05796606
4392689601,0.1431933
4392689602,0.6491332
4392938201,0.81649345
4397781501,0.96147317
4397827401,0.33750492
4420128402,0.04967198
4432802502,0.03927172
4439556002,0.4235728
4440082102,0.9677394
4447659308,0.013954594
4448257801,0.016503168
4448257802,0.01739444
4448257803,0.012898204
4459765301,0.6540059
4471851601,0.0131729925
4472600001,0.9700366
4480103301,0.99829346
4483827501,0.92375857
4526160001,0.9963322
4526160002,0.96041036
4526169201,0.9955806
4526646101,0.12295394
4527133503,0.8324483
4534806301,0.0021866008
4570121102,0.8445581
4570163001,0.082751736
4614313301,0.15159875
4652070001,0.30522773
4654144401,0.09178005
4654993101,0.20321923
4665897205,0.85538226
4666292102,0.028466236
4714868201,2.0428597e-05
4715124501,0.008117499
4715124502,0.017192436
4740221401,0.9894163
4740233701,0.98578274
4740749901,0.111397974
4741205501,0.9960699
4741205502,0.9908501
4741205701,0.42774037
4741205702,0.2930666
4828220101,0.93879277
4828220103,0.7383679
4828273601,0.9700225
4829203002,0.0014407693
4870279902,0.00072951923
4870344602,0.0005668012
4871280601,0.6790684
4897900502,0.0002586554
4905823102,0.0007529613
4905823103,0.00090939173
4905977201,0.47087142
4912648805,0.38026983
4912648806,0.3671493
4913506001,0.9386729
4913793601,0.6665885
4921874606,0.6110166
4929679601,0.001955398
4929679602,0.0017729198
4939022301,0.9847956
4939990902,0.12693703
4953460001,0.00048797592
4953460002,0.00021861444
4954065603,0.00056081417
4954066306,0.15121067
4954140202,0.00016797788
4957545301,0.93264914
5001067201,0.7762379
5001068901,0.56740206
5001102201,0.3086034
5001765202,0.6580004
5030995301,0.88843906
5030995302,0.97434264
5037787401,0.80623436
5042097601,0.96008956
5085962001,0.13419548
5085962003,0.26398474
5128835901,0.69343555
5171914801,0.019759757
5257763902,0.004628547
5344625701,0.0070276465
5431124201,0.03413488
5432059804,0.17826003
5502166501,0.91405904
5502186202,0.004310124
5515505102,0.026291838
5516463201,0.008484228
5516463202,0.05443827
5518119901,0.08058799
5527110401,0.94787216
5527226202,0.97755516
5545249501,0.8736052
5545250301,0.17060581
5545426902,0.82888687
5545507402,0.0058255023
5547289901,0.94488865
5547289902,0.7972689
5547432903,0.044054694
5549728103,8.611981e-05
5562237201,0.951566
5565278504,0.0059561655
5570770602,0.01985244
5574626201,0.97923684
5575808301,0.96315885
5575899202,4.7056645e-30
5584894004,0.0011206629
5591586001,0.8944408
5593112503,0.005120692
5600446501,0.98639756
5626985801,0.011713698
5627065601,0.016415324
5627482401,0.004177895
5634727201,0.99056584
5643788502,0.7986671
5643825301,0.9791808
5649444901,0.37726122
5659416702,0.00031794285
5659617704,0.012341522
5661352407,0.00010658486
5670177604,0.02107006
5673306902,0.8694338
5677316201,0.5825398
5686364903,0.02456867
5686364905,0.004681816
5686448101,0.23696811
5686939601,0.080321334
5686939602,0.00726217
5692699102,4.0113737e-05
5701501301,0.59136206
5701501302,0.12713145
5701929301,0.011768345
5709587101,0.86824626
5711132401,0.97424364
5711205901,0.9897167
5712239104,0.0035648476
5721670401,0.0030879169
5721670402,0.0012907924
5723846602,0.0016220934
5724783701,0.9440084
5727492901,0.5360827
5738102001,0.96614856
5741840401,0.00016973444
5741840402,0.0001810671
5741840403,0.0007311423
5741840404,0.0010631253
5754904201,0.9891641
5769526201,0.64657533
5774550401,0.80249596
5777786802,0.7807756
5784683004,0.93894416
5784944902,0.85546345
5800167503,0.9758763
5800281702,0.6752803
5805734802,0.003994366
5806463601,0.06643391
5813672601,0.12886189
5813672602,0.08446087
5814217001,0.9626156
5814217002,0.5285417
5815915803,0.00015720539
5815915804,0.00024460428
5825911002,0.926295
5837485301,0.059075728
5837485302,0.16050099
5837485303,0.09834342
5852494403,0.7966497
5857455101,0.0064406376
5865628302,0.20534255
5865628303,0.5868121
5865628304,0.78214425
5866378902,0.70920545
5876996601,0.9720116
5887774601,0.1328837
5887988502,0.9613472
5888902201,0.8833495
5897340001,0.6295911
5905570003,0.9779846
5906064602,0.00081844395
5906076703,2.4106016e-06
5907142001,0.9872377
5941366101,0.98926336
5943297001,0.99291867
5944023101,0.9900718
5944023102,0.80378234
5944753601,0.90794134
5955473401,0.81381273
5955473402,0.96627384
5956030402,0.00020280918
5956983603,0.00069897104
5965996401,0.72123766
5965996402,0.023672234
5966774301,0.053010322
5970269802,0.08045087
5978675402,0.8960149
5979358401,0.5801638
5982349401,0.19396754
5991614302,0.00011060674
5997905301,0.8419526
5998056201,0.9170275
6007267401,0.63421875
6008380201,0.111485004
6008963601,0.9265674
6008963602,0.5701356
6008963603,0.7862591
6015938604,0.000316164
6016002901,0.00018042015
6016002902,0.00023103325
6016700601,0.96541303
6016802201,0.04603357
6026872001,0.5852408
6027718501,0.7444509
6028377003,0.9831361
6030946801,0.07723955
6035637701,0.9677615
6036742901,0.00040934363
6036869001,0.03722624
6042874501,0.87398833
6043004303,0.00024359049
6043004304,0.03433209
6043375501,0.000450903
6043375502,0.0005315948
6043909904,0.0005883965
6046288601,0.06975068
6053017901,0.007843915
6053541501,0.006486628
6053818401,0.98784167
6062971701,0.0052182567
6069763601,0.93124175
6074889101,0.016250905
6082305101,0.08123598
6089059903,0.00030269884
6089158202,0.3508475
6119174502,0.12545878
6144129701,0.7030241
6154771403,0.058222964
6154771404,0.023759635
6155090501,0.001297264
6165397403,0.027339434
6165653403,0.0031666819
6165653405,0.016722579
6178654902,0.28764668
6180657801,0.07334958
6180805201,0.9024448
6180805202,0.9626253
6192574301,0.0110206725
6192574302,0.0030768511
6215724701,0.9889643
6217415803,0.70444435
6228904502,0.5987785
6241089002,0.028674422
6241093102,0.73390305
6241590201,0.7585175
6242032601,0.30638996
6253595402,6.204671e-05
6253595403,0.0015230827
6253971902,0.00045704027
6254246401,0.18089676
6254246402,0.15684229
6261133301,0.97385806
6261323802,0.08504866
6265521202,0.048240505
6272611201,0.8136821
6272665702,0.97770613
6279045202,0.8836478
6280378905,0.10303776
6280674301,0.9907107
6280856501,0.5495039
6288299303,0.008241428
6288299304,0.009042714
6291912801,0.0011740888
6299101801,0.4686968
6302337203,0.9660669
6302404701,0.9694987
6308923801,0.26639065
6309331503,0.0001858607
6309331505,0.000109858855
6313590502,0.66235334
6313914303,0.9806723
6318435402,0.25215104
6318435404,0.29295048
6324683401,0.96594906
6326181102,0.9862114
6327267202,0.00020169417
6332963401,0.89517236
6340819502,0.99764603
6341634501,0.7633745
6351354601,0.0010614031
6352203501,0.00037809124
6352203502,0.001424728
6352379501,0.83902633
6359069701,0.008731258
6359214001,0.008801794
6361511001,0.09444744
6361919203,0.87515223
6368632901,0.53259134
6368776201,0.37399077
6376477803,0.005128838
6376804901,0.029542003
6376807501,0.017500626
6376807502,0.019359343
6387572703,7.660925e-05
6387572704,0.0002665813
6387866702,0.3042133
6387966304,0.7841213
6399136702,0.0004873368
6399459503,0.79916865
6412380401,0.69412965
6424210504,0.013913968
6434460401,0.5167623
6435212501,0.3900015
6435212502,0.60299695
6485866101,0.00050491147
6485866102,0.000584069
6485866103,0.00025147552
6485866104,0.0008459746
6485866105,0.002105114
6485866106,0.0010040959
6525380401,0.9440505
6538582002,0.21095027
6586048304,0.0021209437
7375361601,0.87131965
7375607502,0.22938275
7392507002,0.0016817381
7392507002,0.0016830555
7427155401,0.007950737
7427155407,0.9412995
7434621201,0.058810476
7434621201,0.058810476
7434621202,0.0030208894
7434621202,0.0030208894
7443700003,0.003501603
7451108101,0.0021102822
7451922401,0.03994167
7459694901,0.57784325
7459694902,0.3194612
7482930601,0.11184484
7507619201,0.82875866
7516057103,0.0014254446
7522371801,0.96042377
7530608901,0.084518634
7530702201,0.27573287
7538565803,0.0023150316
7538725301,0.8392327
7538917601,0.27107397
7539189001,0.8088821
7546329201,0.7687438
7561012505,0.02943745
7568374001,0.98500293
7568374001,0.9858401
7575508203,0.0054844553
7575571607,0.0004909115
7591712304,0.7104486
7600180003,0.94289047
7605870901,0.7857694
7606518401,0.66918653
7606562302,0.9381307
7606612701,0.9614018
7606666902,0.9405955
7617356301,0.054705124
7631539701,0.98888844
7631618801,0.4096878
7631618802,0.022448817
7638650802,0.3445999
7639159901,0.44079205
7639303301,0.98831326
7639303302,0.98798126
7644614602,0.01288426
7644614603,0.09943483
7644614604,0.3055675
7661644001,0.9532686
7675873301,0.84071076
7675873303,0.0069752736
7676218301,0.5901981
7676567601,0.0774159
7689270401,0.06124213
7689270402,0.97869176
7792450201,0.97082615
7824594601,0.9956573
7837460901,0.0030032364
7875409802,0.2075198
7875903801,0.10803109
7912466701,0.004936289
7912507701,0.98431844
7912545601,0.10389246
7913292301,0.001699311
7926475902,0.66916645
7960579101,0.99930036
7971252002,0.6254845
7982089001,0.8837983
8004746701,0.68885905
8004867004,0.9710363
8324325901,0.5152245
8359092201,0.8604624
8382728801,0.92176217
8391827801,0.8309086
8463689001,0.10820016
8464525501,0.9850214
8474543001,0.9674145
8474787203,0.9930479
8475697403,4.02594e-05
8475836301,0.0040294128
8500576401,0.02443446
8501067001,0.71577793
8512562301,0.9521561
8535969701,0.54242104
8535969702,0.8352578
8536160701,0.96319735
8557710801,0.5181536
8563941501,0.008640644
8564200602,2.6465745e-05
8564269102,0.00015650544
8576045202,2.4764226e-05
8585618401,0.21657509
8585618402,0.77435446
8592489001,0.8355422
8602080602,0.0047706855
8603125301,0.00048458943
8625205701,0.65029705
8625205702,0.95081854
8625492902,0.00037032535
8632462302,0.40793735
8633423501,0.94749296
8633435102,0.6680745
8651144702,0.0005484769
8652128901,0.96515745
8663328001,0.49982244
8688852701,0.16290802
8688852702,0.009595318
8705532001,0.27138808
8705793603,0.026016185
8705793605,0.13310733
8716784101,0.41204572
8716784103,0.53170305
8726694203,0.020125972
8733387901,0.9844988
8754358902,0.14550889
8778408101,0.9378561
8788823901,0.7642497
8789967903,0.010459099
8823309601,0.8594724
8833986501,0.98179215
8851497101,0.5906416
8851956101,0.22257449
8852008701,0.21801856
8852189402,0.09791446
8861191602,0.00019792681
8881178201,0.99903524
8898627501,0.75184923
8898627502,0.9062262
8905393404,0.02914026
8905697201,0.021471672
8905697202,0.001447007
8913706803,0.002618793
8914097501,0.34683827
8924303201,0.98223937
8924303202,0.87337095
8925222504,0.07962928
8925357001,0.06880496
8930756502,0.01090293
8931838602,0.40843436
8941135101,0.31686115
8942065601,0.0070570265
8956699101,0.55038387
8957784501,0.29544255
8957784502,0.05487333
8965832101,0.99475384
8974209201,0.76604044
8980662303,0.0010163336
8981040401,0.0011625732
8981040402,0.0009311457
8991306903,5.8619935e-05
8996784601,0.96347976
8997116301,0.896871
9008303701,0.99596125
9008303702,0.03561453
9016544001,0.84165186
9022828902,0.047849506
9022853401,0.12990218
9022878501,0.9197733
9022890901,0.051491648
9023643801,0.7763071
9041772101,0.99894255
9042252402,0.19186595
9048609101,0.2746764
9049168001,0.061918195
9065882101,0.6731487
9066105801,0.09139043
9066127701,0.13052987
9066386302,0.16426003
9071694402,0.21976306
9073074701,0.00079119706
9081432501,0.840993
9081838502,0.90080136
9099943601,0.9901162
9100943301,0.5242265
9107170701,0.1498313
9107893601,0.76058847
9114721801,0.47519088
9124466901,0.99100083
9131653602,0.031577833
9131653604,0.5854021
9132419502,0.28495052
9141025802,0.052685775
9141026002,0.19312106
9141422303,0.0016828752
9475348801,0.9778828
9475628901,0.7095426
9509231003,0.47263405
9517431301,0.96312195
9518324401,0.0045702597
9570260101,0.001019246
9571788104,0.2936766
9572072601,0.96525294
9580433902,0.25151548
9580511005,0.00042020614
9581394501,0.14338395
9584949203,0.009248938
9603923601,0.9879496
9647563801,0.99679023
9654057203,0.021162027
9681050603,0.11177805
9681868001,0.21004532
9688924805,0.05424459
9708044101,0.64471036
9708421301,0.78470284
9710542301,0.004417529
9710542302,0.2165716
9729263202,0.14046352
9729640903,0.0006769281
9769165301,0.98045564
9776252401,0.00091642456
9776699301,0.9800094
9788835703,0.9007059
9790248301,0.97654486
9799135801,0.88839334
9831842503,0.079837285
9831864401,0.48468623
10019081801,0.93507415
10019140201,0.7095534
10030598401,3.4044908e-05
10030598402,2.5425856e-05
10031003601,0.011330594
10056971004,0.089427166
10057104001,0.96289796
10057104002,0.89336395
10058843802,0.897366
10058843804,0.008833287
10068997301,0.009329207
10069995501,0.965173
10094739503,0.98281616
10094763201,0.00087604177
10094797703,0.0009869711
10095808402,0.34865358
10095843301,0.7939998
10096215701,0.012262436
10096417101,0.39192948
10108020001,0.2710949
10108283401,0.003583194
10119610201,0.023461815
10119610202,0.0021233067
10132909501,1.773143e-05
10148655101,0.4532116
10161078302,0.99328506
10161080704,0.99425805
10186375301,0.2914684
10186596501,0.8685617
10199039201,0.9925001
10212986001,0.018501047
10224618801,0.94110477
10224618802,0.2923893
10224901702,0.92058045
10263813202,0.49149314
10264287001,0.0011180941
10264316301,0.00041698472
10264348201,0.007962289
10274366302,4.4631335e-05
10314524801,0.22893356
10325796706,0.059305537
10353132902,8.3937956e-19
10364895801,0.96830887
10376367904,0.30410072
10376397901,0.012872609
10390531901,0.07743312
10413925202,0.0027649452
10427433001,0.47425374
10441934105,0.0054250774
10479034102,0.9562204
10480383401,0.57595396
10480383402,0.1898675
10493181301,0.891382
10518842403,0.9021419
10519098404,0.9143329
10529676301,0.010471941
10529676302,0.048027437
10568487504,0.94299805
10837497602,0.001133954
10837842705,0.00061845814
10859048002,0.742594
10884591901,0.4914984
10886092801,0.012583769
10886419901,0.00069158105
10886419902,0.00041133427
10898348201,0.9854327
10898348202,0.9888868
10937635604,8.486651e-06
10938015501,0.102891095
10938019301,0.04922399
10949837601,0.71361375
10950331601,0.86129034
10963396401,0.9772276
10987510902,0.06278959
11001893001,0.016227288
11035433901,0.12579538
11054170402,0.922206
11061602801,0.00012055133
11062190401,0.973586
11062805303,0.21986288
11062805304,0.022571726
11075892603,0.0011138226
11087920102,0.4849652
11102317801,0.970038
11102719501,0.1136981
11126632602,0.2648016
11140384101,0.91934
11144934701,0.018993476
11144934702,0.020103997
11150781601,0.92333627
11157210001,0.8355168
11162241502,0.08807952
11172093002,0.00014382624
11172279402,0.7597849
11172279403,0.5882597
11175985301,0.84031355
11176276901,0.273718
11177023101,0.32609165
11177053903,0.9509691
11184523001,0.8747128
11188722501,0.9819478
11188877204,0.035753116
11188897502,0.012358843
11196832301,0.5943757
11208954303,0.0016423261
11221303101,0.8432899
11226066102,0.5147241
11226298602,0.031018402
11237798102,0.08431416
11257430701,0.027915081
11257592301,0.893522
11257820204,0.073754445
11257820206,0.0812619
11258650602,0.00011675546
11278457201,0.7927746
11289868301,0.8647487
11289874802,0.060444344
11316068701,0.32201606
11316097901,0.9636675
11326728502,0.9941403
11326728503,0.92134553
11339655703,0.86939067
11341112002,0.9606147
11351159103,0.44759515
11376871801,0.9961289
11376871802,0.9845925
11390038802,0.94787025
11413054201,0.00044810626
11413054202,0.00023867049
11413963201,0.998336
11413963202,0.15493636
11426827002,0.49663863
11793527401,0.21409652
11801117801,0.59374166
11801536001,0.8929578
11801607802,0.17833343
11805993502,0.0070379293
11813989304,0.059854135
11813989305,0.15713586
11813989306,0.045518536
11814710701,0.00018095922
11819609403,0.00044614397
11819664401,0.52566373
11819664404,0.45696253
11819770903,3.5839555e-05
11819824801,0.5099352
11820008001,0.001818897
11828042701,0.6737524
11832157008,0.00015482816
11832289607,0.8103673
11843969002,5.03466e-05
11853010701,0.8456245
11866683301,0.9709616
11879817401,0.3633914
11892274901,0.8074141
11898109002,0.010275409
11904677202,0.023578674
11921955101,0.94566077
11922271301,0.10946888
11922514501,0.47450688
11933439101,0.9846864
11938562501,0.32884288
11938810101,0.9517266
11950168708,0.4161427
11950621401,0.38553876
11956086701,0.8244429
11962420701,0.008931473
11967724601,0.89276886
11987903601,0.9275077
11997553101,0.9690536
11998011201,0.9974941
11998113401,0.9433497
12027622801,0.0018390301
12028115501,0.90194035
12034182301,0.34535915
12039326410,0.0025919913
12039326411,0.0023367507
12039326407,0.004811583
12039326408,0.0031651892
12039326409,0.016022824
12039513701,0.17381117
12039513702,0.53094584
12039720501,0.815407
12039721702,0.049154352
12040021401,0.7240978
12061103001,0.98025197
12061103002,0.9367848
12081715301,0.0378737
12081715302,0.97440594
12093407101,0.0154209975
12093761601,0.43710354
12094161401,0.9928437
12113719101,0.0009397057
12145433301,0.33218083
12158637201,0.9785985
12167517401,0.9960652
12200275401,0.93850887
12200597701,0.05366544
12200666501,0.995693
12220988502,0.26786268
12242476801,0.016845942
12243213301,0.9743731
12253794801,0.9907442
12264264401,0.99788326
12285400501,0.9312868
12317287902,0.0042860764
12339813301,0.9894945
12350845102,0.007771956
12381617802,0.0095384605
12390795801,0.47802824
12390866501,0.72088814
12391973001,0.002254361
12426094001,0.96367645
12426405501,0.87411946
12426405502,0.99563736
12426436303,1.7885737e-05
12458398501,0.8693054
12459356401,0.8053492
12459356402,0.9144047
12479663401,0.50933015
12489976901,0.99676895
12510041603,1.8187704e-06
12510943101,0.99592954
12522039801,0.08173614
12522220604,0.037986428
12522220605,0.14707354
12522821001,0.9480155
12533032001,0.23613949
12533039501,0.951779
12546033301,0.00011706358
12553900602,6.976012e-05
12553900604,0.00082532904
12553921701,0.00018113617
12565600201,0.3166244
12565956701,0.4463563
12565956702,0.006530003
12576085101,0.007260609
12596876401,0.021598957
12606428601,0.9856574
12606499301,0.6091895
12607327902,0.0027137718
12607799201,0.9451166
12607810001,0.461897
12630682801,0.7506002
12639315001,0.9159589
12656178701,0.88974404
14059590301,0.12440951
14068744601,0.0003732081
14079745901,0.0014214139
14093858001,0.9758193
14094049302,9.260375e-05
14128126001,0.5279688
14128126002,0.9448834
14133479301,0.05395086
14141282301,0.9946408
14143575801,2.4996768e-07
14147252101,0.013123316
14148039401,0.34637517
14148238601,0.9009908
14148498103,0.00018132453
14171216701,0.92603475
14175278701,0.47473451
14175577002,4.5749548e-05
14177059201,0.8329053
14180659802,0.0006966627
14181146904,0.040180456
14182800702,0.000721004
14186670401,0.0004064005
14186670402,0.0004899253
14187156903,1.5426465e-05
14208293201,0.0038485918
14210530801,0.0155359525
14210918504,0.07888753
14214784903,0.003105009
14214784904,0.021902826
14214822801,0.9433638
14214871202,0.9892707
14785851101,0.9925007
14787355302,0.006163183
14884825503,0.0060985824
14910260201,0.45942762
14910260202,0.7090709
14917608001,0.6001005
14917608002,0.2986071
14917608003,0.3462337
14919080201,0.008988202
14919514302,0.5903651
14922069301,0.29974082
14927061301,0.61889714
14927436702,0.56453323
14930274401,0.99915576
14930274402,0.9978046
14930817504,0.00043618426
14934986701,0.9992105
14934986702,0.998752
14934986703,0.89067423
14939257402,0.9823307
14944716001,3.1143756e-29
14944716002,3.696062e-06
14949842501,0.00019431299
14949842502,0.00027376474
14987370902,0.026788326
14993094602,2.141895e-05
15003020501,0.99897194
15003020502,0.9989612
15009886001,0.9992747
15010147201,0.74740773
15015126201,0.9990318
15015126202,0.99864656
15020394201,0.091449685
15030038803,0.10232733
15032061002,5.4036747e-07
15042980702,0.0041261427
15044304601,0.058030758
15051620201,0.99535024
15052358402,0.0063206595
15063635601,0.017891092
15063635602,0.013499134
15071886401,0.10138209
15086376801,0.48885727
15088003801,0.43065026
15104739403,0.50206715
15105371901,0.73638177
15118385001,0.0038301467
15118864503,0.71741295
15120148501,0.9606896
15129820905,0.06107367
15138784001,0.78436583
15138832401,0.011551282
15138832402,0.02621108
15153447503,2.6428102e-06
15160209601,0.017777259
15169357402,0.00011259706
15170787001,0.14582111
15212279301,0.008128944
15212279302,0.00071061956
15226473702,0.99534434
15235037301,0.4799083
15235037302,0.027538955
15245720301,0.70635116
15254053806,0.00391216
15254053807,0.0020329074
15254317001,0.98470956
15254700601,0.020553388
15262595501,0.898411
15266038501,0.46757856
15289652401,0.6259375
15289903601,0.2873648
15290875301,0.0012132272
15290875302,0.0005472612
15290889701,0.00018823035
15290889702,0.0001912062
15290889703,0.0014605304
15301725001,0.85414207
15345478201,0.7531845
15366956901,0.16987433
15419006804,2.3147066e-05
15419966501,0.4420706
15437834606,0.036288407
15439316701,0.9183657
15439316702,0.9779294
15439658101,0.0041066594
15439658102,0.0008774536
15439674601,0.009035701
15439674602,0.001490615
15451417007,3.710513e-05
15452472302,0.04867009
15518488001,0.7806582
15518514202,0.18768086
15518514205,0.2095536
15518987401,0.7251899
15528599301,0.0031733417
15528599303,0.001527941
15528612101,0.045214325
15538521202,0.9553147
15551479802,0.0005648365
15562018704,0.7468664
15562018706,0.64271194
15622784802,0.0025441211
15622784804,0.016737342
15622784805,0.968997
15622784809,0.9992736
15623636104,0.18115853
15632989001,0.07634261
15665276702,0.08394319
15666885101,0.90649533
15677513102,0.7813682
15706981801,0.016831612
15706981802,0.001689774
15719104502,0.0401427
15806322501,0.9994185
15806322502,0.99643135
15809911601,0.30218518
15809958001,0.9559467
15814195101,0.98858905
15814195102,0.3029327
15815687801,0.71319395
15815893201,0.63898385
15815939202,0.0009948523
15815989102,0.0026496348
15860720701,0.5704865
15860722801,0.20975992
15860741901,0.022286493
15878178402,0.31243995
15878178403,0.71511257
15912169301,0.07597742
15924871502,0.73692656
15947215603,0.00014961626
15947227802,0.9655492
15948113801,0.5593603
15948113802,0.8954267
15948113803,0.9259269
15956590202,0.5686318
15969873701,0.929839
15980342101,0.02969216
15980342102,0.009831843
16013434801,0.99330187
16036773402,0.24385568
16036773403,0.13611373
16066016301,0.9555847
16066515901,0.94740486
16066526601,0.2589123
16068880901,0.5896628
16084755501,0.9096089
16091601404,0.02087226
16099102201,0.9580283
16099102202,0.9071018
16099304901,0.0015898182
16103732001,0.920196
16108228801,0.15910392
16108228802,0.0007739216
16108592104,0.00304898
16111060101,0.6793249
16125373001,0.92544925
16126004401,0.9515693
16134286001,0.9978198
16134286002,0.97898394
16143602901,0.0009876239
16154166701,0.1856388
16154930501,0.9977162
16155008801,0.0017252176
16176108901,0.92362493
16176124703,0.26444465
16198132604,0.0045721605
16198826901,0.009864452
16210735001,0.0014979087
16241062701,0.04251415
16242925701,0.5039643
16253832601,0.9093884
16255155401,0.3849179
16265142702,0.42184234
16266588403,0.36622444
16338814401,0.002003284
16340585502,3.385326e-06
16355726201,0.645589
16356506601,0.93589026
16356506602,0.6060533
16377210001,0.0001063108
16377210002,0.004630362
16398864501,0.23506293
16696934602,4.195649e-05
16700979201,0.76960397
16708620102,6.3107817e-09
16730338202,0.99812835
16730403801,0.0010283837
16730403802,0.0004906997
16734243901,0.9948698
16734313302,0.08652337
16736542802,6.933884e-05
16741596501,0.9994485
16741596502,0.9941094
16741889801,0.9948791
16752648502,0.7245785
16755489801,0.9983033
16755489804,0.0018573763
16757013101,0.97634107
16757013102,3.382196e-06
16757013103,0.18626821
16757119203,0.08240189
16760273802,0.0004942592
16760273803,0.0003373623
16760421701,0.8105809
16769439701,0.0015284766
16769572902,0.015276995
16771839802,0.41222593
16775073201,0.988593
16775131902,0.017160874
16775452301,0.41896367
16779396102,0.0018427145
16781194601,0.040080927
16781194602,0.06959364
16995573401,0.00077916816
16995573402,0.0006633815
17004831601,0.5665194
17023867602,0.00061543286
17024094203,0.9037375
17025467504,0.05575383
17032889101,0.044503942
17032889102,0.02412783
17033096503,0.020588964
17033757001,0.12105993
17033757002,0.201454
17033757003,0.46862465
17033757004,0.6782063
17034101102,0.35187757
17042211401,0.9867887
17043049702,0.08772721
17050929001,0.0035333803
17069188506,0.0031614227
17069237901,0.8564913
17076902501,0.5697443
17077392403,0.1584657
17085770202,0.0009523705
17097239601,0.7213275
17097994501,0.9709679
17106091801,0.52862376
17106337909,0.00020494571
17106451103,0.0052285637
17129234303,0.012826321
17138585501,0.991536
17147300001,0.0008232782
17147888202,0.21011366
17147888202,0.0012134168
17148036601,0.0018989064
17153235801,0.82659465
17153235803,0.5361341
17153653001,0.8477789
17153653002,0.2729764
17154219001,0.99758637
17154409102,0.00037212364
17163328601,0.0063078725
17174562602,0.10300999
17174562603,0.03769009
17189929108,0.00025801748
17195529805,0.00013533908
17196218101,0.17924921
17196218102,0.104770035
17196401501,0.54892904
17205337202,2.657489e-06
17205337202,0.90401304
17215521304,0.0077930735
17220307703,0.086290784
17220325201,0.8230118
17220325202,0.39519373
17250251405,0.014925203
17254841501,0.0007979669
17263400901,0.9941018
17264424801,0.02127018
17271798203,0.9786508
17272238802,0.024522433
17281527201,0.6027916
17281527202,0.65340406
17289329601,0.9950329
17349331402,0.051992223
17354412401,0.0183893
17354412402,0.118186004
17354412403,0.034535345
17354483502,0.0134638855
17364872701,0.37212682
17364872702,0.5150873
17365440201,0.075888366
17373887901,0.00057814963
17380768102,0.09079415
17381431501,0.9140201
17381431502,0.70741373
17381455001,0.6350571
17388516403,0.46684885
17389423101,0.016368272
17389423102,0.04279448
17389662202,0.74560547
17406818604,0.017864252
17412582205,0.021834172
17413303503,0.009091117
17418211001,0.920314
17429111201,0.53150624
17429382701,0.0018622396
17572863401,0.94399804
17595347901,0.95628124
17602056201,0.010523231
17603913301,0.35019925
17610827402,0.00059999776
17610959901,0.9443589
17611105801,0.2405486
17616422501,0.9313203
17616676301,0.99262273
17687143801,0.9984785
17687143802,0.5052252
17687403401,0.0065927473
17693612401,0.07129831
17695537902,0.0017751686
17702223203,0.0029122767
17707733601,0.99926287
17707745701,0.0001221322
17707745702,0.0005195529
17707747501,0.6396788
17707747502,0.68445855
17711698104,0.0002622796
17711955403,5.0497545e-07
17717368601,0.87030274
17724213003,0.00011173531
17725470301,0.038637407
17728470202,0.51926744
17730836401,0.99913377
17730877701,0.9410136
17735477101,0.82996434
17738774502,0.0038540836
17738774503,0.009092725
17904088001,0.3336123
17904198901,0.19088376
17912356001,0.0029956002
17912356002,0.0016690175
17912356003,0.5873743
17930792202,0.9861005
17938380501,0.9287418
17943740001,0.20635307
17943740002,0.8794447
17943740004,0.00030926394
17944028903,0.86371183
17957923302,0.0043437984
17958004502,0.124168776
17963906301,0.1870214
18134118402,0.8397231
18134186402,0.27780178
18157661202,0.0062458306
18179853901,0.9205191
18245089201,0.09907222
18892340101,0.05431869
18892340102,0.003977055
18916711201,0.9843201
18917239501,0.07833204
18918175801,0.059538074
18944799901,0.9951207
18969437501,0.9982407
18997220501,0.95072407
18997702801,0.9901432
19023050401,0.7685093
19050445101,0.94807047
19103675001,0.04215824
19103708201,0.9350569
19103708202,0.2709895
19135159105,0.010462331
19142298701,0.9667781
19158371401,0.8774933
19174414201,0.4453914
19186209601,0.105678596
19186718302,0.004283233
19212631102,0.97088665
19213189501,0.0027380364
19238090201,0.85112786
19239046901,0.8681296
19262673603,9.429541e-05
19263556101,0.951086
19289499801,0.0010712454
19289499802,0.0010227554
19290685501,0.98947185
19299731603,0.98044294
19301306503,0.053753726
19304883601,0.075666346
19304883602,0.009698282
19305978503,0.8882865
19312463703,0.0078111202
19316382401,0.0017465426
19317415301,0.839003
19324209701,0.9944983
19324209702,0.9642301
19324232102,0.9249587
19329729401,0.059798867
19329729402,0.014467685
19329739201,0.0038026965
19329739202,0.0016344603
19330551701,0.5702727
19352855401,0.97880816
19358920203,1.3363971e-05
19359667302,0.4509848
19359680203,0.12552497
19365589404,0.00015169663
19377820301,0.9867584
19377820302,0.9700346
19378772601,0.98475915
19378948901,0.0570892
19384952301,0.65094364
19394961705,0.010656125
19396503501,0.99617046
19410316602,0.79861933
19421013901,0.057532996
19426444101,0.042240333
19433831001,0.90278715
19433831002,0.20808052
19433996701,0.23641214
19439116003,0.008138589
19439628702,0.79405016
19440839001,0.0070384424
19446649601,0.80787754
19447582901,0.93665415
19447582902,0.047715966
19459105101,0.6401379
19479865404,0.2749605
19487327602,0.0005171603
19503056401,0.9854102
19504658201,0.9509409
19510340103,0.013137947
19511848201,0.7306723
19516342001,0.68094367
19516427101,0.81541574
19516427103,0.70702195
19556847601,0.002554523
19557876001,0.1859808
19610149302,0.2489171
19611596801,0.541238
19636348401,0.99101603
19637335601,0.87782454
19665444401,0.99691725
19665471101,0.95302486
19679343201,0.99320626
19680816201,0.89792293
19684734802,0.35842454
19690447702,0.18657511
19695427303,0.013202447
19695804302,0.000314746
19697034102,0.53560144
19704547002,0.0036403772
19707467302,0.99287224
19745290601,0.68167853
19745799701,0.9426098
19746780001,0.117761694
19784795401,0.20664911
19784795402,0.025481293
19806823901,0.29083747
19806830001,0.008479223
19825741102,0.0007799088
19825772701,0.44686288
19884575902,0.070361294
19885122601,0.8647513
19931894201,0.9677796
19957495301,0.9916357
19957531501,0.1736029
19983373801,0.8364119
19983373802,0.98465747
20010068801,0.91344106
20017246701,0.99670213
20017783901,0.5316907
20071837702,0.00019395279
20071844301,0.8735742
20095987302,0.4466965
20119314702,0.00075020205
20119776801,0.9527309
20120198901,0.8459994
20164131702,0.00019157043
20171847701,0.98279136
20171879901,0.954443
20194192601,0.9974056
20194235501,0.025854891
20244560801,0.0027828168
20246185201,0.6696173
20681867404,0.0004682205
20697779102,0.0025701516
20703226201,0.00041160686
20703226202,0.0002452841
20711385602,0.0025409102
20711942806,0.3397653
20712481601,0.9795228
20712511201,0.89919424
20725890403,0.05364138
20725890404,0.07497917
20726417201,0.99604166
20734665902,0.9910802
20735276401,0.8076478
20742034902,0.04574524
20750831101,0.9659456
20752078601,0.9975695
20752159901,0.98988837
20752344501,0.002871239
20755487201,0.99735403
20756381601,0.78110206
20756563501,0.97433656
20760243701,0.015138683
20765451602,0.013213014
20765451603,0.010480864
20765455402,0.049581733
20766138101,0.5377455
20766664002,0.52848965
20769515203,0.9435782
20775736503,0.026947042
20775736504,0.26566032
20775746701,0.7338104
20779901301,0.34078303
20780616901,0.36048728
20780930202,0.5672294
20785898801,0.50635326
20786993003,0.009832506
20795453902,0.15993491
20797839101,0.9910874
20797845801,0.9324868
20798008701,0.3465045
20798258101,0.9598108
20798643301,0.014379788
20798953402,0.0022963262
20799077002,6.12548e-05
20803004902,0.9494676
20803778201,0.95777684
20810887901,0.98167944
20811480001,0.25157738
20815128102,0.035721093
20815513302,0.00015244936
20820384201,0.9985946
20820384203,0.804739
20820384204,0.77318186
20823122404,0.008665559
20823122405,0.0023985922
20829558601,0.9974485
20829696701,0.9506621
20829776001,0.99399537
20829796302,0.31985688
20830098501,9.404137e-05
20830098502,0.0001056807
20832372501,0.9349057
20833033601,0.54977524
20833035301,0.88794875
20833304701,0.029694399
20833567901,0.9869572
20839872807,0.00012457388
20843557301,0.89617074
20843828802,0.15454851
20844682303,0.00018287732
20844682304,0.00022633703
20848998201,0.9946325
20849184703,0.9493477
20849658702,0.07407615
20853519401,0.991546
20857996901,0.99561465
20859451101,0.008252804
20859451102,0.0030944073
20863817306,0.18506977
20864858501,0.96980804
20866976401,0.93467957
20866976402,0.9407073
20871068001,0.99830735
20871941901,0.4930424
20876387001,0.010313098
20876387002,0.0011924204
20876538102,0.46609563
20877070601,0.99570423
20877097501,0.8796832
20877160503,0.0044071414
20881574804,6.268945e-05
20882540501,0.0010995776
20882540502,0.00066304643
20882540503,0.0014427217
20882540504,0.00061417016
20882540505,0.0019822754
20883055802,0.00014379881
20885855301,0.98689526
20891756401,0.030540658
20891986001,0.89387447
20894301901,0.7390825
20895092801,0.0044610742
20895092802,0.0008736265
20895455901,0.53726006
20895507001,0.060391184
20900171701,0.011363241
20900301601,0.009157855
20900301602,0.010645799
20900324601,0.0007796814
20900324602,0.0007840269
21162288202,0.0013160469
21168779101,0.9758068
21168779102,0.9004734
21174262801,0.99154764
21177924002,0.1817808
21183129201,0.8467833
21186454501,0.08824048
21192554001,0.07599908
21193012101,0.8225967
21196596801,0.8237103
21197189801,0.9979311
21201552102,0.020166712
21212162202,0.10996836
21212162203,0.14495106
21212414002,0.00010364971
21216928501,0.9245195
21217568001,0.5350462
21218078501,0.99481934
21230498501,0.041964825
21230498502,0.09198942
21236733602,0.05905434
21237202202,0.9465943
21237309701,0.034016173
21237309702,0.02447611
21241550901,0.0023003991
21241550902,0.025638664
21241599002,1.1239105e-05
21241599802,8.670795e-06
21241914001,0.18355148
21245264701,0.9071063
21245906901,0.4408629
21246152401,0.9198463
21251976401,0.9555901
21252856203,0.060646106
21253044103,0.0021846883
21261208201,0.8165263
21261208202,0.653913
21271137101,0.0026840665
21276053501,0.011688111
21276076902,0.989085
21283521201,0.99880517
21284496701,0.735085
21293936101,0.12888351
21299863202,0.0018498863
21302859304,0.015990019
21302859305,0.0065329885
21302859307,0.0013811233
21311179602,0.0077792625
21319315301,0.33245084
21323016801,0.017970106
21323016802,0.0019622927
21323175402,0.29621163
21323673802,0.0006080273
21323673803,0.012807914
21323673804,0.018714774
21323789301,0.9638212
21324029201,0.9965659
21324222802,0.0005185503
21330315405,0.044461314
21334217404,0.00069903303
21343634902,5.4826076e-05
21344125101,0.04147521
21344177801,0.052197903
21344177802,0.002820375
21347491201,0.6533135
21351426501,0.20591229
21351687301,0.9944629
21354540403,0.00040808495
21357923702,0.73259294
21358862903,0.2713706
21369280101,0.9293875
21370744201,0.8401454
21371612901,0.0038552757
21376117101,0.78940594
21379547201,0.34860593
21382085601,0.7774496
21383074701,0.9782185
21392214003,0.13884644
21392298602,4.476313e-05
21395552101,0.99799085
21397819501,0.75942117
21401338602,0.00081939745
21401400102,0.012389881
21404624901,0.00094371097
21404624902,0.00130784
21404773701,0.96996385
21405477303,0.0021719735
21408274201,0.0068994095
21417636202,0.019255918
21417639501,0.011458044
21418818601,0.94677657
21419247401,0.0024269163
21419247402,0.10781473
21424328701,0.9986804
21424340001,0.024915954
21424464601,0.39590368
21424625902,0.0089002345
21424810501,0.47307152
21425014301,0.7749934
21425357803,0.00028755234
21429895701,0.9593688
21430373501,0.006402098
21431374401,0.98489547
21431625001,0.052932747
21431625002,0.11763698
21433255602,0.19312334
21435519801,0.62889713
21436133101,0.997086
21437504701,0.59724134
21437890502,0.19098186
21438904401,0.14135937
21441298902,0.0036643334
21441648702,0.0009792317
21441671801,0.3381134
21441803702,0.0007548648
21445435603,0.035919007
21445547804,0.0024161485
21448380701,0.13097705
21448380702,0.14764
21449529207,0.00040518714
21453073701,0.9878592
21453333202,0.11364113
21453810603,0.00033685178
21560515901,0.8988487
21561507901,0.0064404546
21570371901,0.99768615
21613660801,0.98590773
21616553801,0.9110707
21619093401,0.008354826
21619093402,0.0037731938
21619579301,0.99212986
21630651001,0.0019028689
21632808001,0.83268106
21634270201,0.48691586
21636770801,0.9653603
21638707302,0.0017948371
21638871801,0.61587214
21638871802,0.8860162
21639474101,0.9978277
21641956201,0.0008484845
21644441801,0.9949019
21644554101,0.9819033
21646588602,0.005385773
21646621701,0.4238189
21646874601,0.011538027
21648036401,0.98528254
21651177801,0.021020478
21652075202,0.4704512
21652075203,0.7115975
21652663701,0.98619837
21654581201,0.92860305
21655239101,0.033226073
21655239102,0.03248885
21658400803,0.35951486
21658400804,0.005213276
21660914401,0.9584193
21661002701,0.86570174
21661142601,0.8607423
21663805201,0.9962281
21663983902,0.166378
21666856302,0.04349392
21671727202,0.0012211435
21672292401,0.30219436
21679508001,0.72088706
21686895903,0.00069186446
21687199401,0.052351907
21691211203,1.3154033e-07
21691556001,0.5013309
21693606903,0.9725523
21696909901,0.008353309
21697363101,0.91568524
21699533801,0.24368255
21699683101,0.021477621
21699693002,0.48721802
21701033302,0.0005889772
21701324901,0.032349803
21702837001,0.007494302
21702845301,0.008766027
21703675301,0.9544077
21703680601,0.0015486992
21703680603,0.0017367366
21705936901,0.001838232
21705936902,0.0018512327
21714502803,0.89291936
21715177601,0.025535552
21718318102,0.7504763
21718318103,0.99139047
21718450605,0.0068884143
21722071702,0.8114101
21725383001,0.8133505
21725383002,0.69189906
21735190001,0.0053761564
21735190002,0.004755195
21735190003,0.008727615
21736406701,0.5124602
21736721401,0.9779578
21736721402,0.98824525
21737488301,0.900898
21738235901,0.14601019
21738722302,0.12125336
21739621401,0.9835106
21741759401,0.9981121
21744156804,0.12821685
21745976502,0.0004017243
21747858501,0.853442
21747858502,0.82313883
21749660401,0.8376579
21749660402,0.8994893
21752990101,0.99312407
21754901301,0.83424324
21755040902,6.6030545e-05
21757087101,0.9354508
21758245801,0.99878687
21764073301,0.8826047
21765575201,0.20100625
21766073801,0.69681317
21766785401,0.0050294204
21766785402,0.15190059
21766795201,0.0019928026
21766814401,0.00028436122
21766814402,0.0010986981
21767280102,0.9587685
21770006501,0.2887719
21778395101,0.0077190856
21778746203,0.7848044
21780480001,0.0064287973
21780482701,0.0053892583
21780778101,0.042196956
21784508901,0.65497386
21784583201,0.0088743735
21787561401,0.32353064
21793028904,0.9150261
21793186802,0.7177718
21793242001,0.6084318
21794109501,0.9313226
21794178201,0.08341404
21796264901,0.9858656
21798386401,0.2801798
21798923801,0.003609071
21798923802,0.011805441
21798937102,0.041586343
21799960901,0.026107552
21800014702,0.07755209
21802995501,0.032381702
21802995502,0.03332279
21804892801,0.0038546221
21804892802,0.001043384
21807939301,0.46028608
21813361801,0.99158853
21813375701,0.030719766
21814393003,0.0005188494
21814527301,0.0013825432
21816012105,6.0876577e-05
21816239901,0.8859417
21817353103,0.030322632
21817823702,0.0012731798
21820998101,0.4679168
21821046702,0.2777425
21821046704,0.008502607
21827103301,0.2536412
21827849501,0.952134
21828186503,0.5766842
21828203401,0.0006127278
21828203402,0.0005123834
21828203403,0.00092854985
21828203404,0.0005714606
21832096401,0.00017890237
21832697003,1.307355e-05
21837793001,0.8672488
21839013001,0.9822795
21841795401,0.69689155
21842497303,0.0029251515
21843045101,0.9665033
21843171101,0.88092256
21845215601,0.9137749
21846533601,0.004017955
21847121601,0.9735311
21847667403,0.03350165
21847697601,0.0036187354
21848394301,0.99598265
21855367103,0.99474734
21856004104,0.002389293
21856070101,0.9913531
21858952502,0.9932167
21863120303,0.05928943
21867923803,9.71923e-05
21869317701,0.8252016
21875366602,0.2308967
21877724901,0.00045480428
21877724902,0.00029177062
21884606402,4.3876753e-08
21886819801,0.9352326
21918310301,0.9587172
21919496902,0.0030599919
21940674701,0.5262517
22039160504,0.0039375382
22039625901,0.9704568
22041468202,0.8604473
22041651201,0.49869367
22042174202,0.780463
22042245602,0.007278568
22042245603,0.004034173
22043080101,0.006820534
22043718803,0.57721764
22047113103,0.00093999004
22047113104,0.002217991
22047420901,0.1318146
22047833502,4.3386073e-09
22048045001,0.00045978953
22064680205,0.00034582985
22066768201,0.9014104
22067398002,0.015175773
22073610901,0.9013112
22077204801,0.07327642
22077204802,0.15067585
22077721501,0.92039376
22079800901,0.81934226
22079800902,0.64139456
22082898301,0.9853721
22082898302,0.44307408
22085933102,0.0051876577
22086766701,0.19019926
22086766702,0.08157359
22088892901,0.96279967
22090400508,0.01609597
22093489901,0.27912626
22094523101,0.6562605
22096832202,0.41892987
22098420201,0.03570889
22101369103,0.007819487
22103845101,0.06294656
22103845102,0.0047966074
22103887801,0.00012408922
22103900703,9.253833e-05
22104909001,0.88745266
22106594501,0.03136942
22107750301,0.99073243
22108849601,0.67288643
22109782601,0.0016012478
22109983001,0.9935196
22110111605,0.0061075664
22110234201,0.9415879
22110733802,0.13623276
22110800501,0.5987871
22110851901,0.9324115
22115196201,0.00993837
22116154601,0.018648734
22116342001,0.02247241
22117902001,0.02662976
22117964501,0.9986627
22120066401,0.2360025
22120066402,0.003949398
22120576801,0.78107655
22120977701,0.9887318
22123841301,0.57129806
22127652702,0.0036195249
22131354402,0.6911635
22133708704,0.27687228
22133708706,0.13045284
22135424201,0.79236495
22143361801,0.9629426
22144415901,0.9955243
22151674001,0.99329466
22154093501,0.48009226
22156544701,0.9391228
22156788401,0.98802453
22157408101,0.61257285
22158378201,0.8675868
22159525701,0.49772444
22161997901,0.90935963
22162943901,0.5706048
22164094301,0.45117
22167799501,0.017861892
22168049702,0.00059446436
22168220501,0.81974965
22168220502,0.049773052
22168673801,0.9959247
22169748701,0.99106795
22169765001,0.51636934
22172402301,0.30415455
22172402302,0.73866165
22173421501,0.3724804
22173674001,0.9614297
22174568201,0.2624747
22177719901,0.9845138
22177724601,0.21708111
22179856701,0.90120333
22180188201,0.22074904
22180501502,0.04381623
22180501503,0.32961184
22181043001,0.0016583762
22183805601,0.9590237
22184019601,0.0007601236
22184019602,0.00029524858
22184019603,0.00041617325
22184630701,0.7849711
22189569005,0.012348265
22189572802,0.00020379643
22191094301,0.97872263
22194201401,0.99445456
22194334601,0.6917694
22194347001,0.72096145
22200826501,0.9717561
22201201104,0.16487637
22205099901,0.013572149
22205726801,0.7112491
22208455703,0.0057739685
22208687801,0.29384312
22208918602,0.00021702546
22208918603,0.0002262682
22211641901,0.28244376
22212659301,0.0012483835
22216033601,0.950266
22216033602,0.19613121
22216570801,0.9181422
22216579101,0.9043496
22216579102,0.9689714
22218443806,0.01789628
22221648305,0.0029161132
22222977801,0.9319072
22223061701,0.98872733
22224039201,0.47495216
22226337501,0.9911997
22483758801,0.0038240352
22483758802,0.00042753277
22485147603,0.006479454
22492891801,0.98465663
22493069501,0.9672993
22496451701,0.9819902
22498095001,0.61089575
22504037201,0.99709666
22507683501,0.46273437
22507683502,0.9147526
22510010602,0.007120151
22511986801,0.40779218
22511986802,0.9348143
22511986803,0.99393106
22514644201,0.2031798
22514674901,0.0032122647
22517492602,0.00019151859
22517855904,0.81874025
22523551701,0.9953766
22524306902,0.4765958
22525381901,0.06728088
22532909603,0.9387379
22541044101,0.98621505
22541344601,0.9969291
22545250102,0.0021312768
22545250104,0.00792839
22545675103,0.04656542
22574095501,0.9385581
22575075201,0.9963397
22582540101,0.009051623
22582540102,0.0048182597
22594300401,0.99634737
22594767401,0.95705545
22604745701,0.98324895
22638249902,0.9664061
22672232001,0.27468288
22672232002,0.09803447
22672232004,0.7403986
22683261501,0.98310447
22683287103,0.00619656
22702617101,0.00029502012
22703128501,0.06379697
22703623401,0.010429587
22703623402,0.62938726
22713709301,0.9549826
22714156601,0.9942105
22746079401,0.8511939
22746581101,0.36122605
22746604201,0.7566608
22746612201,0.0027237935
22747060403,0.9948257
22747585002,0.011030671
22747585003,0.060279854
22769036401,0.088570654
22779793802,3.769266e-05
22781298204,0.00884863
22789763201,0.23371364
22789779601,0.99519736
22812334101,0.90603757
22812804901,0.00082773954
22834291301,0.8475838
22834332601,0.9393269
22862957201,0.23004463
22862962201,0.00022441336
22873211903,0.85500187
22892300705,0.0007655603
22892747501,0.31034657
22893246301,0.06497202
22893257401,0.91938674
22893269302,0.5552818
22911825702,0.60407776
22911847001,0.6304342
22911847002,0.9677613
22911847003,0.90779936
22942425302,0.3165133
22942427801,0.010106794
22942482604,0.0023945007
22961976801,0.39538872
22962968601,0.9119363
22971606501,0.007336497
22971646101,0.6163428
22972674801,0.0005009663
22972674802,0.0005445747
22972674803,0.023440385
22981724401,0.070645034
23002970302,0.0017459474
23002983901,0.005982034
23004470901,0.71188426
23015290001,0.825653
23035362101,0.80695283
23057082901,0.8100203
23058130401,2.1339903e-05
23079372001,0.9781814
23090832901,0.96070105
23102425101,0.2513501
23102425102,0.16687194
23102870601,0.8982362
23103886301,0.9878656
23107341601,0.96242017
23107350501,3.9352755e-05
23112834801,0.941807
23113689703,0.02283398
23125098401,0.9884261
23125142202,0.8375641
23125580901,0.26010415
23135126301,0.9948651
23135167201,0.08778492
23135171804,0.47839212
23135623801,0.72734165
23135659901,0.17750664
23136122801,0.757396
23136122802,0.43642813
23136122803,0.097012065
23146193401,0.7123438
23146193402,0.12628163
23146193403,0.00078776054
23157353201,0.9882483
23172100501,0.9969568
23172100502,0.9973392
23174490501,0.24429825
23177003201,0.9842738
23178018201,0.75276726
23178490102,0.08290483
23180188501,0.9683092
23190221601,0.9847985
23190221602,0.2147647
23197688301,0.9622562
23197743802,0.65289855
23209700402,0.9141267
23231213701,0.074898675
23243648101,0.9968514
23254876103,0.0072396873
23265254301,0.013028808
23276038102,0.8223862
23276887201,0.048115112
23285972001,0.009654926
23286914102,0.96913266
23286914104,0.6929402
23287386901,0.94567144
23298543101,0.013882168
23298545802,0.97408223
23299544601,0.014417487
23300046202,0.9495072
23310541701,0.19746913
23310541702,0.0071679484
23311586404,0.99583936
23332010701,0.8059899
23355321002,0.5362067
23355354701,0.9743235
23355843001,0.95616496
23355843002,0.97375315
23356301702,0.86433953
23376269705,0.020031447
23377274401,0.44624594
23398218101,0.8534741
23410160201,0.9910397
23420323404,0.36717662
23431021405,0.97078
23442220502,0.0037832917
23442220503,0.004495605
23453219601,0.27623206
23453966101,0.68239176
23463895601,0.97263837
23474773401,0.17782661
23496903003,0.5281849
23496903004,0.99263
23509219903,0.003863659
23518729202,0.0136241745
23519268102,0.0007530912
23520285401,0.68706036
23531881401,0.9235167
23541531501,0.76381004
23541623201,0.99402434
23542521601,0.7968969
23552279601,0.016920606
23553247401,0.0018217666
23553303201,0.870089
23563172401,0.009005879
23563172402,0.021525823
23563172403,0.008514954
23564189001,0.0006299636
23564189002,0.030417036
23573923701,0.9250788
23583698801,0.89598334
23606851101,0.07604648
23629031201,0.008204892
23629910601,0.82127076
23629910602,0.000457066
23629938301,0.97651356
23640949101,0.12791952
23640949102,0.0007588873
23672559601,0.018874723
23673050801,0.9485602
23683298401,0.02820134
23683818103,0.0008644719
23693775801,0.75187063
23694796301,0.01345426
23695303701,0.9812189
23716404801,0.0017572565
23716458801,0.072808266
23716458802,0.8814549
23717288501,0.9832866
23795745101,0.22157288
23795745102,0.6334182
23796990004,0.032015413
23805885501,0.31583178
23805918001,0.99864405
23807039601,0.026195915
23809035801,0.00023811088
23809098302,0.095819905
23812303602,0.4028051
23812303603,0.3719391
23812380203,0.5533132
23812401603,0.24635938
23813118203,2.317463e-15
23818056201,0.0025330393
23819575802,3.5805053e-05
23819770901,0.9925678
23819770902,0.27151805
23822807301,0.10626465
23886995603,0.00018600909
24549381901,0.6209261
24549662103,2.4279718e-05
24552442202,3.2132433e-05
24552475402,7.193452e-05
24556561301,0.9785079
24556863401,0.0024385543
24557497101,0.76776505
24560385301,0.013484149
24564376002,0.19063787
24573035201,0.8983945
24576474701,0.98056376
24581040301,0.6483884
24583900004,0.06597932
24587862401,0.9880873
24588812404,8.0843274e-05
24593297202,0.11682244
24598067702,0.8268673
24600223201,0.00021442314
24600223202,0.00015224004
24600621501,0.67891353
24601170001,0.09811934
24601170002,0.98869693
24601849901,0.30094072
24601849902,0.0011435732
24601849903,0.16672082
24601849904,0.008938094
24603533501,0.99667656
24603968601,0.3523812
24603968602,0.2298184
24603968603,0.86786765
24604617403,0.0063694105
24605227504,0.022058036
24605394301,0.03327277
24605394302,0.30567068
24607585101,0.8620285
24607593601,0.9854174
24609526002,0.0019964695
24611740101,0.920539
24612322301,0.9882734
24613706502,0.7778203
24614521102,0.00014018719
24615293403,5.4970747e-06
24617485301,0.002072043
24617708302,0.009856914
24617945503,0.94010526
24618940801,0.28800043
24619891502,0.060195457
24620686901,0.9415086
24622419701,0.29770708
24624474101,0.0025550919
24625720401,0.2864704
24625720402,0.7205864
24625811502,0.41037202
24627345901,0.91357636
24628859601,0.004204621
24628859603,0.5813408
24633486901,0.92339414
24637396302,0.0006829235
24639354902,7.290181e-05
24639639401,0.95475996
24639676501,0.9955983
24641295401,0.99044865
24641921101,0.02434586
24641921102,0.015889077
24641921103,0.03413453
24641926001,0.042865887
24643969602,0.20519531
24645286103,0.9151081
24645296502,0.9755229
24650911201,0.93220073
24652557704,0.0002622121
24652579902,0.14996938
24655223401,0.00051219517
24655241401,0.032637157
24657290602,0.7070312
24658694001,0.5272751
24659711403,0.9986933
24660704601,0.0075503853
24660704602,0.9058325
24660776002,0.004371693
24661442601,0.99086493
24661690702,0.0024760468
24663933101,0.9577952
24675923401,0.97988003
24687771701,0.99780935
24687793901,0.7739043
24688478702,0.0053987904
24691290901,0.9158155
24692315202,0.00019624908
24702920902,0.0001883555
24703510304,0.3699675
24704045401,0.013795326
24704054801,0.002567223
24704089201,0.0010667057
24704089202,0.0004250531
24707346801,0.055036686
24714373101,0.04186618
24715235901,0.15554263
24719214304,0.00058044546
24719233201,0.00090960873
24719233202,0.0006188927
24719233203,0.1678395
24721732801,0.9798924
24722186901,0.37610322
24729893501,0.023461787
24730371701,0.0080201235
24735402302,0.03320316
24742043703,0.014841971
24742057301,0.98752254
24744163501,0.4773746
24745174101,0.0025710624
24745174102,0.0254341
24748747801,0.008404242
24748749901,0.022555025
24749324801,0.0021597545
24749324802,0.026122183
24750520501,0.9724888
24757802801,0.70156586
24764919603,0.0015782462
24764919604,0.0019634846
24765332701,0.76726866
24765332702,0.026024047
24769748502,0.9969132
24770252501,0.00081675017
24773016201,0.8291591
24773592201,0.8622663
24778146401,0.6502228
24778146402,0.9080327
24780832201,0.14571717
24781303801,9.537071e-05
24785025603,0.96451926
24793347701,0.9937225
24793347702,0.9922043
25556746001,0.76557046
25556746003,0.010594504
25558687201,0.9438889
25571712403,0.00013516936
25576031901,0.19328819
25576031902,0.2242626
25576614501,0.22197269
25576684701,0.14386216
25576988707,0.0020725825
25578431601,2.0269779e-07
25583238602,0.0070668664
25598969802,0.0010015325
25607453305,0.03072756
25607453306,0.041642897
25608610301,0.018753426
25621352802,0.024501385
25622677502,1.9444181e-15
25623995302,0.032955166
25637446901,0.86085874
25637446902,0.9307511
25637446903,0.41856796
25638076101,0.06929444
25639025101,0.14174932
25654092301,0.035450656
25695422201,0.23357727
25695825401,0.20899262
25709323802,0.40934873
25724885602,0.00032678575
25726621001,0.0014805883
25726632304,0.012909331
25741194501,0.9987888
25741598902,0.06826125
25753472601,0.099036776
25754091102,0.57501596
25754091103,0.153852
25754095701,0.03996932
25754095703,0.033805862
25754095706,0.030886965
25755065301,0.023544248
25755065302,0.00053447986
25757187203,0.19134991
25757707402,0.42225635
25761106302,0.0005079957
25764177801,0.28784382
25768437801,0.13281617
25768558601,0.9749415
25772023402,0.2942358
25773707302,0.001959992
25773707304,0.58781314
25825209501,0.00035438887
25826069501,0.6153
25826069502,0.84943104
25826202302,0.2751567
25842192501,0.00094519573
25842192502,0.0010416186
25842192503,0.00026246443
25849045303,0.0020427804
25858126001,0.8521377
25858126002,0.36590973
25858126006,0.1757012
25872013903,0.16045785
25872013904,0.09365418
25874292302,0.0029573191
25881341102,0.0008200239
25881390301,0.058663208
25881390302,0.07234692
25889775501,0.9724115
25912451601,0.95558244
25912503502,0.4943744
25912503505,0.026324656
25919953404,0.069217265
25948133904,0.9807242
25948839702,0.0027978295
25958968901,0.0960286
25963244204,0.7595817
25967529501,0.9529939
25970124201,0.9707041
25980273201,0.9532562
25994657402,0.818758
26000432401,0.9992793
26004372301,0.9962574
26009174902,0.9890654
26009712202,0.04723898
26009712203,0.010829931
26009712204,0.9902278
26009771102,0.55133086
26009771103,0.36733413
26012982601,0.20951726
26013232701,0.0045213867
26013232702,0.33717814
26013233002,0.57712954
26016045303,0.00041294453
26016048201,0.6659241
26016048202,0.6430892
26019054701,0.0115775755
26019054702,0.0074438653
26024225701,0.93697876
26026059502,0.01149652
26026893203,0.0009027059
26030427701,0.001901245
26030427702,0.0013580129
26030429601,0.014749484
26030429602,0.008076552
26035350703,0.005355073
26035371004,0.01594149
26035371005,0.08714269
26035384104,0.00578771
26035384106,0.005236268
26035558604,0.080908105
26041493001,0.00090084225
26042445704,0.01753075
26045968002,8.182025e-05
26046260902,0.087831534
26046665901,0.02804276
26050411401,0.0010506315
26050411402,0.0014183572
26050414701,0.0036209663
26050634002,0.11182642
26051993801,0.791998
26051993802,0.96921736
26054554501,0.99595046
26054617201,0.0014139013
26055984401,0.99778205
26055984403,0.004368861
26060882002,0.9977527
26060922201,0.44107
26060922203,0.6359756
26070853701,0.9993007
26074903401,0.15345508
26081593601,0.86733687
26091366601,0.97933
26091681104,3.102735e-05
26092100501,0.8273049
26092577701,0.8507433
26092999002,0.304906
26094918402,0.9853313
26095128901,0.95702225
26095128903,0.83900404
26095128904,0.90783286
26095158801,0.9999696
26096967001,0.013501509
26097151103,0.91150707
26098650401,0.27423868
26099532902,0.99812716
26105522601,0.9786188
26106049303,1.3087844e-06
26109007202,0.54029113
26117841001,0.0015477063
26117841002,0.0009962664
26120389105,0.1280039
26123942502,0.0045260224
26125771602,0.8726333
26130623704,0.98863834
26131421501,0.00031130572
26131421502,0.00026317057
26133274501,0.16361938
26142447704,0.018520314
26144966803,0.0043355306
26144985201,0.6870439
26145163701,0.0005303594
26145163702,0.00010624351
26154570303,0.0005839302
26154596002,0.83767307
26158021103,0.81174
26158160601,0.008100282
26158160602,0.0019617719
26158392003,0.9112157
26168060203,0.00792198
26168060204,0.024360308
26172424303,9.78073e-06
26174665703,0.00010159747
26174687002,0.9884614
26177241101,0.98700714
26186740901,0.32493213
26187009103,0.20322706
26187163801,0.9758365
26187479401,0.7498416
26187515202,0.0020578387
26189900101,0.33974692
26190247803,0.1882313
26190247804,0.25213933
26191131102,0.00025240105
26193037704,8.714798e-06
26195174804,0.32274276
26204521801,0.0016579627
26204521802,0.0020691385
26215523601,0.98049164
26215697801,0.9884455
26215706104,0.00095325965
26215782501,0.93467313
26216234603,0.02672446
26219093503,0.38332012
26238506402,0.002509609
26238506403,0.0046737855
26245583901,0.604993
26245758702,0.99880743
26250828302,0.001536223
26251692401,0.9756334
26252300102,0.0070223073
26255335102,0.6183392
26255871603,0.0036046272
26266623001,0.9958429
26270656001,0.0041089146
26270656002,0.00019133878
26271099101,0.0531889
26272820802,0.42990062
26272820803,0.020689754
26272918701,0.916952
26282503603,0.0011053433
26283346001,0.17949256
26283346002,0.44561604
26283346003,0.014933211
26283346004,0.80285394
26283346005,0.9012101
26291121401,0.9807005
26293961202,0.000292819
26295481001,0.0014109851
26295481002,0.006950918
26300317601,0.99901175
26303039202,0.98753697
26307226002,1.2475577e-11
26307226007,0.058816217
26307393401,0.20009309
26307961704,0.0068061035
26307961705,0.0022773014
26307961706,0.0023522894
26308038402,0.5868686
26308463105,0.0478638
26317656301,0.61947304
26319792502,0.053462584
26331062001,0.62358403
26331064703,0.7718093
26331064704,0.980702
26335061702,0.98893785
26335076104,0.50331575
26348683307,0.19536851
26349337102,0.9409821
26349379603,0.015030108
26357197102,0.30623162
26360788101,0.6149381
26362976301,0.3893777
26366173702,0.99713564
26366872402,0.041278772
26371177901,0.8333725
26371330502,0.09319019
26371330503,0.047719877
26371340501,0.8908779
26371340502,0.90413636
26371340504,0.9275633
26371563301,0.15235762
26374803301,0.992554
26374838901,0.84229046
26376831801,0.0012755436
26376831803,0.0022097519
26378510801,0.009355447
26378517601,0.22149982
26378555502,0.00014676944
26387274202,0.8375065
26387429804,0.0016618858
26395378601,0.9848769
26395546001,0.6351731
26419743803,0.08236742
26421650602,0.24925289
26448794102,0.29070935
26449602903,0.026801964
26450110701,0.2645832
26536978902,0.5527319
26541498205,0.00066026335
26551039701,0.9935801
26552021904,0.008630564
26552562901,0.03779689
26565749303,0.60352796
26582101601,0.004218009
26641246801,0.7580514
26645577102,0.9790334
26645611903,0.83035135
26653025902,0.6167912
26669663701,0.00050420786
26670260503,0.10695763
26685660501,0.10308239
26701274602,0.005851062
26702505201,0.749419
26714251904,0.23103064
26714771203,0.0073500522
26714771204,0.006188264
26714771206,0.00025652515
26716638901,0.0618625
26716684501,0.007481105
26716684502,0.012307107
26716684503,0.01110161
26716684504,0.029023016
26716684505,0.016096454
26716684506,0.025787458
26716684508,0.19789049
26716693904,0.0002688486
26716782501,0.9292203
26730331204,0.023634838
26730331205,0.022472369
26730331206,0.19372119
26730668703,0.00016112643
26730668704,0.0018440456
26730808301,0.52694845
26758046601,0.45794526
26759440502,0.9932354
26880788703,0.01719122
26974289504,0.00042827782
26979548101,0.113580234
26984992001,0.0447125
26991599001,0.8725133
26991610901,0.7613716
27028529701,0.8994333
27028529702,0.97555465
27034121401,0.99939
27034331601,0.9868472
27042506203,0.007993415
27050417001,4.574662e-11
27050491005,0.124686405
27055766601,0.00012448315
27055766602,0.005931496
27152144201,0.271885
27152203901,0.883321
27155498801,0.8111331
27157468501,0.18031494
27163993103,0.017178414
27172670301,0.002205836
27181132902,0.9999745
27185283702,0.0001019976
27185449202,0.10816242
27189259502,0.9558686
27190096001,0.08149146
27190324701,0.9803792
27190324702,0.9406943
27197246301,0.01645959
27208686901,0.67807496
27208686902,0.011024025
27212748401,0.014386095
27212748402,0.002422914
27212958501,0.0007032801
27212958502,0.00052485196
27212995301,0.89223504
27219488301,0.98874587
27219488302,9.737955e-08
27219488303,0.9959992
27228581701,0.97386885
27235713401,0.99539423
27235713402,0.031078039
27242919602,0.003363574
27252754601,0.74955225
27256471803,0.962251
27256471804,0.72407454
27276568603,0.05812926
27276863101,0.9993099
27277359501,0.29163194
27277359502,0.09125401
27277359503,0.4212513
27285353901,0.9937484
27285415703,0.024595983
27286134003,0.9262726
27322473602,0.008220299
27326899101,0.32187533
27326899102,0.70652974
27326899103,0.9782267
27326899104,0.96268564
27327038903,0.0012491959
27332341801,0.7338755
27369985401,0.6566175
27398839501,0.008967994
27408221601,0.039979123
27415113501,0.9996512
27446160001,0.39806053
27641558601,0.37894157
27643954201,0.9696613
27664743902,0.98129773
27683657902,2.7711452e-05
27683743003,0.6800617
27686430801,0.90944195
27686430802,0.889002
27690479601,0.97383195
27697729101,0.062055964
27697729102,0.009733448
27697854801,0.99217856
27701729001,0.25076628
27702250501,0.8662234
27703309601,0.8346813
27706982901,0.6902811
27710375202,0.0019949528
27710395501,0.9847851
27710844901,0.9622765
27714798503,0.4766383
27729898901,0.67371774
27730004501,0.79606915
27805099803,0.9708086
27805531504,0.04214334
27818334201,0.982152
27829662102,0.040666267
27840861901,0.81825924
27840861902,0.9443706
27840939002,0.00038897264
27851841601,0.04748943
27851841602,0.005037134
27854284101,0.9970106
27854284105,0.99123514
27858939301,0.70702714
27859102702,0.8426925
27859364201,0.7987913
27868364102,0.0074417694
27868384401,0.9992704
27868384402,0.999081
27872677001,0.9769065
27873012001,0.0181189
27873012002,0.001757853
27873095601,0.034974072
27873095602,0.021164585
27877694802,9.2452065e-05
27878011701,0.97303337
27882343604,0.0010176963
27886178301,0.00046820578
27886182601,0.0032175637
27886182602,0.0011638512
27886274702,0.9976133
27886275001,0.99649614
27886277203,0.00010457399
27886621101,0.99699116
27886622001,0.8788679
27889533801,0.04406786
27889570501,0.9933468
27889825503,6.871509e-05
27899095402,0.93654966
27899166501,0.973643
27908839501,0.79629517
27915500303,0.5499537
27924762801,0.08404364
27925025604,0.0077168504
27925155803,0.014749851
27936139101,0.009124425
27942806305,0.9832587
27942972201,0.18537591
27943008802,0.9889535
27943008803,0.9724132
27943042702,0.6929941
27951416304,0.015704475
27951615701,2.5669894e-07
27956970702,0.07579494
27956971802,0.0017218147
27957311101,0.025543053
27957459101,0.038160775
27957459102,0.018177995
27961363404,0.0041074515
27961595601,0.015678152
27961595602,0.0022847492
27979776201,0.86729634
27979817003,0.12806252
27995042301,0.010009104
27995222801,0.9821148
27995222802,0.98178434
28005211402,0.018845562
28005269001,0.021722693
28005365101,0.99606127
28005365103,0.22968905
28009683001,0.939287
28069973201,0.0023790312
28090966801,0.018951222
28192762305,0.9826775
28197926501,0.980903
28205019801,0.9262747
28205180302,0.25504103
28208557301,0.21467713
28209087502,0.00021680683
28419483702,0.0018762964
28419483703,0.0031690157
28419676203,0.02319841
28715696801,0.9948901
28732926701,0.9776438
28735439701,0.9615556
28740200901,0.9308188
28740572701,0.0021621236
28742668902,0.023370413
28742818402,4.490482e-05
28743199002,0.0006510656
28749081302,0.3653015
28749174303,0.00045432345
28753093602,0.0033705602
28753435901,0.08596231
28758831903,0.0003644721
28759118302,0.0004309053
28759118303,0.004225883
28764023204,0.13677979
28764068003,0.00038532252
28764068502,6.326297e-05
28764195402,0.004779861
28771712302,0.9934267
28771712305,0.80813396
28795766002,0.621006
28802749102,0.003964279
28806738601,0.96158457
28876984901,0.99935025
29029048001,0.34899214
29040817102,0.00040925486
29041097904,0.00011317296
29041097905,0.00010675983
29054777001,0.79538447
29055928001,0.47367242
29060531101,0.0019913882
29069929902,0.00017464688
29070370202,0.9053782
29070402701,0.9406972
29070402703,0.04085968
29074019201,0.917467
29083085001,0.6521567
29083403502,0.15452136
29083951201,0.031248003
29083951203,0.0038428346
29095350408,6.903152e-05
29095575303,0.016514858
29100079303,0.123987496
29100565601,0.87898463
29100565602,0.8151709
29100565603,0.9890542
29110114603,0.86707866
29110228401,0.008914307
29110228402,0.00791818
29110228403,0.073632374
29110228404,0.038439043
29110592401,0.74959064
29132383101,0.95264727
29141720106,0.9730804
29142244001,0.31187627
29144913201,0.37032324
29151753701,0.46598843
29151760401,0.9963062
29152077301,0.006689102
29182529401,0.5443995
29212271704,0.11419165
29212276901,0.00040699483
29212276902,0.00022172651
29212768701,0.0006593934
29221488101,0.8766915
29221493501,0.0030939118
29221493502,0.008670749
29229480901,0.98385864
29229480902,0.53260463
29241156701,0.9772017
29241523402,0.7600107
29247930902,0.95439553
29251239901,2.6570302e-07
29270577404,7.6510114e-05
29282490402,0.3714769
29308064101,0.13776524
29315430402,0.0007297126
29316626904,0.01937083
29322246202,0.86291987
29324062304,0.054314017
29324609001,0.16365209
29327303201,0.0015385975
29343763701,0.85518223
29348090301,0.17573103
29348090302,0.034242384
29389805801,0.9494792
29396538402,0.0010288601
29404794903,0.0033644931
29405213203,0.0034006888
29405213204,0.0027631433
29409296601,0.000593473
29409296602,0.00010177103
29409382403,9.057642e-06
29409382803,2.8344448e-06
29414726401,0.7105886
29414726402,0.2135855
29414726403,0.8128558
29414726404,0.49553812
29414807901,0.026715288
29414807902,0.06340052
29415492801,0.9460172
29419561702,0.5782679
29419561703,0.00019969924
29420837802,1.6652484e-05
29429237301,0.9962459
29432731204,5.8945396e-05
29434148703,0.83244777
29439947401,0.95036966
29443845601,0.50598145
29443851901,0.3357226
29444175701,0.93445843
29460727001,0.7621362
29460732601,0.48478302
29468766501,0.8954805
29475193401,0.0056629283
29478154701,0.9944936
29483547602,0.003070041
29486954902,0.9870123
29487345703,0.5949024
29489270701,0.51223093
29492969502,0.57810813
29497805101,0.9012101
29497805102,0.90946805
29498156601,0.9785275
29498222201,0.9960426
29498228902,0.74507296
29504166101,0.22531867
29513104101,0.9072894
29516943101,0.6161126
29517639301,0.9148984
29536876701,0.83375216
29537350203,0.0049669207
29537501101,0.9470132
29559371202,0.9932794
29559925601,0.99313265
29559925602,0.022081692
29559925603,0.0035754251
29564674901,0.8415049
29578046401,0.95877683
29755818303,0.00044808513
29755818304,0.0003904929
29756126902,1.9546136e-05
29770101304,0.0002081058
29771119701,0.0027833576
29772274301,0.5063293
29782930801,0.83072895
29782930802,0.78181845
29783354301,0.0080879135
29805684404,0.00057473546
29805991701,0.8452308
29805991702,0.04898834
29806911401,0.9989059
29828173501,0.42821673
29838867101,0.21987168
29839044701,0.8387313
29839044706,9.614046e-05
29852037401,0.0029956247
29852843101,0.9928746
29862728501,0.055378772
29863442301,0.60966134
29863442302,0.7907266
29863487601,0.9556535
29871998303,0.0003372856
29871998304,0.00024092573
29872318301,0.7089957
29894113901,0.9865906
29916232601,0.8528124
29917356101,0.00061744393
29917356102,0.12855348
29917356103,0.0003176956
29917440301,0.9654101
29927187501,0.9895328
29927274602,0.0001601692
29939926004,0.15652901
29949898201,0.9936393
29950712302,0.38989335
29971922903,0.00012751891
29972078402,0.00011162009
29972173801,0.8616602
29972871601,0.7359041
29977986802,0.002019379
29979965801,0.9990545
29987018701,0.016976148
29994528501,0.0008770398
29994528502,0.0008827611
29994528503,0.8717109
30003893501,0.9922496
30008705901,0.0013477568
30014106204,0.00043523518
30014106205,0.00090887194
30015908202,2.3620858e-06
30016476601,0.9838756
30016656205,0.03246035
30016759701,0.0334525
30016860901,0.9564802
30028954301,0.28117907
30029319702,0.9940602
30030730501,0.93233514
30031613204,0.8895758
30032179801,0.7896772
30032649603,0.0024481053
30032649604,0.003996184
30032683902,0.16754173
30037859601,0.000441502
30044456803,0.7795119
30044862502,0.6858704
30052399801,0.7203297
30064108703,0.78972805
30071014401,0.88572174
30074436902,0.0019780104
30074542704,0.0001727813
30075494602,0.1860265
30076192503,0.9784839
30080830101,0.95861214
30081008601,0.99276954
30081274101,0.9932801
30081274102,0.9932225
30087154501,0.97756165
30087154502,0.01769932
30087674601,0.77452
30094897301,0.5495302
30094897302,0.8914847
30095543403,9.557101e-07
30109886907,0.78061193
30115216901,0.9919327
30115379201,0.1997926
30116063801,0.4935467
30116063802,0.060563117
30125009301,0.8115809
30125334401,0.9765869
30130923101,0.0012675739
30131311901,0.9649348
30139977901,0.9042442
30154499103,0.00012673679
30154920102,0.68884206
30155164401,0.98936915
30160961501,0.017441832
30161355903,0.6184805
30175063001,0.61826074
30175063002,0.13984971
30175294302,0.429973
30189600401,0.015861519
30189603002,0.1286745
30194895401,0.0065943995
30194895402,0.00015199563
30195525702,0.81264204
30195634201,0.9547363
30195634203,0.0026350492
30195635701,0.001594899
30195635702,0.00041747652
30205475701,0.9924982
30205497401,0.13567795
30298713005,0.0008578075
30298848601,0.33054546
30301363001,0.9212997
30301363002,0.86111337
30301363003,0.831237
30301708302,0.42883265
30314365601,0.0010077908
30314365602,0.29584262
30326438701,0.17479473
30326438703,0.4924669
30326870702,0.9669261
30337329902,0.06525531
30339007702,0.0064564208
30346690901,0.86796504
30346867104,0.0073063807
30346972501,0.92884886
30348573003,0.10349488
30348734302,0.002122054
30353147001,0.29075468
30355737703,0.001098145
30365284401,0.013243893
30365617801,0.9962943
30365717101,0.94779944
30371152901,0.41962543
30371572601,0.8486968
30378848702,0.01715921
30379358301,0.0003782517
30384110102,0.03157135
30384769801,0.9939996
30389946702,0.31532508
30390173001,0.7945328
30390173002,0.8458524
30399401101,0.59044427
30399951201,0.82979363
30399951202,0.38721654
30399951203,0.89763784
30406573202,0.0019976015
30406638001,0.071839325
30407181701,0.0048486316
30407182701,0.7940806
30407401202,0.07320424
30407503102,0.77529204
30407951901,0.9932413
30418255101,0.0304256
30419007501,0.51729923
30423779003,0.011799068
30423787101,0.9614564
30424573801,0.5124629
30424590302,0.03900066
30427458401,0.0018684649
30427458402,0.0023258242
30432655001,0.9947353
30433113801,0.005540301
30444809701,0.72962296
30448101303,0.0004224219
30448178701,0.94447035
30448178702,0.93625426
30448178704,0.9492569
30454564202,0.29762435
30454785801,0.8030312
30466376101,0.44197315
30466376102,0.34838727
30466456901,0.9159414
30469061801,0.99949384
30469061802,0.9992311
30470641901,0.71359503
30470818201,0.92023295
30472961001,0.14103624
30473644201,0.4622927
30476876901,0.8534073
30477444401,0.99815136
30477444402,0.9905257
30484227701,0.977754
30485533602,0.0022141112
30486265301,0.00075771235
30486265302,0.0007521707
30486265303,0.0013860677
30486265304,0.0023206077
30486443401,0.29639223
30489838201,0.87585133
30490239003,0.019144634
30490342801,0.27488533
30501828801,0.97379047
30501828802,0.9756073
30501837302,0.9645314
30518186301,0.9901218
30532210702,4.5809666e-05
30532369303,0.0005667269
30532857801,0.9350513
30532986802,0.30909494
30542400301,0.9994518
30542556602,0.01258876
30552180001,0.22676478
30552180002,0.4043932
30575655101,0.23197283
30620131104,0.27445585
30627151403,0.00064737385
30635759303,1.0920613e-05
30645349904,0.003128408
30646658201,0.90235853
30657320101,0.8044636
30657320102,0.21244912
30657378602,3.3253524e-05
30657955001,0.00033014864
30663508801,0.9928664
30663508802,0.97361135
30663842701,0.5435783
30672323002,0.062244184
30672377501,0.038210515
30673953702,0.020745574
30677139301,0.00029342907
30677241102,0.0094261635
30679070201,0.55350983
30679543103,0.78294957
30682369201,0.00035694768
30689766403,0.066323675
30692926302,0.11625176
30692926303,0.33611822
30692926304,0.008772588
30705737802,0.5100851
30709150403,0.0038503835
30715884502,0.025660029
30715884503,0.021623004
30715939602,0.0074615157
30732028202,0.0021688836
30732409801,0.07097005
30732748801,0.37044698
30739915702,5.2193853e-05
30749068601,0.66270536
30749106901,0.006094179
30749112901,0.00083665573
30749239801,0.7046382
30935049801,0.5627738
30935054301,0.86302567
30935092101,0.9957415
30935092102,0.6161288
30941059801,0.7869418
30948580001,0.55959696
30948629204,0.0333447
30948634103,0.11607327
30948634104,0.03777293
30954461202,0.6709562
30963618501,0.16742113
30965471901,0.9730771
30965761001,0.85888284
30965822101,0.793148
30965953001,0.31912872
30974462701,0.00046042062
30976004201,0.054640017
30979235701,0.99953866
30995649202,0.11155173
30996336201,0.99597293
30996340801,0.06388912
31009982901,0.8911987
31010281101,0.48199046
31010313601,0.9667463
31010421501,0.26909843
31017413306,0.053850595
31017948602,0.46806508
31018289901,0.5867211
31035510601,0.9777321
31041914304,0.00024440986
31041979501,0.5959061
31041979502,0.13970004
31042640401,0.8128164
31050716202,0.00023050517
31050716203,0.0003168559
31050962601,0.0036727618
31051309701,0.04570833
31051309702,0.002379691
31065631301,0.4033075
31066279003,0.02430673
31066294604,0.53488845
31073216103,0.09320668
31073348401,0.9847053
31079639803,0.00014911109
31079639804,0.00044025842
31079659601,0.9761138
31080328201,0.0005587738
31085579702,0.18435852
31086235905,0.036993552
31095468503,0.031872213
31095512502,0.62506783
31095512503,0.7052308
31095512505,0.0151003115
31095622501,0.22130144
31095960601,0.0071860785
31095960602,0.051884804
31095960604,0.89396584
31102893306,0.36485878
31103481801,0.98269534
31110694003,7.117215e-05
31117500803,0.9341768
31124246002,0.01427698
31139230601,0.03456818
31139241705,0.005886008
31141311301,0.0050845533
31141311303,0.008921089
31153074105,0.14608002
31153074106,0.42162496
31153137204,0.16685452
31153423902,0.5799884
31156458102,0.8213075
31189217004,0.1768296
31195859401,0.97597027
31196300402,0.00023986655
31226738103,0.0006259567
31238678201,0.9852651
31239040401,0.9922363
31239225801,0.91623694
31264122401,0.00949687
31275867301,0.3142986
31275884901,0.029803228
31287423601,0.8528926
31287423602,0.9467329
31287640404,0.0023533269
31299226201,0.6836139
31299280601,0.44397023
31300028601,0.9354394
31312069101,0.825079
31312069102,0.6538817
31312389901,0.09528635
31312800101,0.08376245
31324528502,0.053799417
31335382501,0.58165383
31348201604,0.0028995876
31360103001,0.8201355
31360186501,0.9516706
31360332501,0.0010815159
31360332502,0.0013551647
31360332504,0.00019309144
31371563702,0.0040948587
31384116301,0.23677252
31384116302,0.062101904
31384355301,0.98684597
31384390703,0.72870773
31384390705,0.0037590389
31384645901,0.6382385
31394113801,0.99206626
31407379003,2.2361359e-05
31407379004,2.3464803e-05
31419413202,0.019223087
31443420602,0.6988138
31443586801,0.9341201
31444058201,0.001522892
31444058202,0.0016421566
31456224401,0.76892096
31456224402,0.6642698
31456540002,0.13254608
31486596201,0.9953597
31493998303,6.841758e-05
31494107001,0.010443218
31494107002,0.050252482
31494111801,0.0021583778
31494111802,0.0100861015
31508122701,0.98984784
31519888203,0.2676401
31528635401,0.46443817
31551522401,0.00023077744
31551522407,0.51194996
31552073101,0.00078994915
31552916201,9.5228934e-05
31552916202,4.9041377e-05
31552916203,4.359704e-05
31552916205,0.0010577368
31554413001,0.5232951
31554555501,0.7091616
31564628603,0.99544984
31566869501,0.046886224
31576279901,0.009860647
31585451401,0.15523364
31585451402,0.6532694
31609788502,0.033801828
31634576701,0.37707406
31671014801,0.95429856
31685520601,0.7347397
31685520602,0.8557879
31685540401,0.021350648
31685540402,0.75259846
31685879501,0.26933372
31686730401,0.98380476
31715386201,0.87923586
31725062302,0.06401457
31804494102,0.34541434
31818199701,0.005096855
31818199702,0.041124254
31821351901,3.7384252e-06
32227262801,0.99365073
32227262803,0.989181
32290232001,0.0048082783
32290232002,0.0063999207
32290232003,0.005824069
32300722302,0.0008070032
32300820904,0.015484447
32306061402,8.6227004e-07
32306315602,0.06709319
32306337701,0.97353894
32313365901,0.006291443
32329547901,0.99882215
32335522503,0.9013762
32342670405,0.97089064
32342916601,0.9043892
32343234404,0.20298868
32344319401,0.00827407
32344319402,0.11225594
32344329103,0.0001682411
32346111801,0.848614
32351102604,0.06925531
32352156203,0.83520347
32352169403,0.0037046173
32356256401,0.86472917
32356372903,0.019712038
32362403904,0.00025999328
32364689601,0.00021839213
32364689602,2.7974746e-05
32364897501,0.35668284
32368510503,3.3053605e-06
32372755601,0.0029318419
32372755602,0.021136668
32373224603,0.00064478925
32376232101,0.6268081
32376427701,0.0024879186
32376427702,0.0007184073
32383694501,0.0014945078
32383694502,0.0053050467
32383694503,0.0016866608
32383743401,0.38920787
32383743403,0.9994752
32386421903,8.9464695e-05
32387642601,0.97668684
32387823602,0.00029009886
32396848403,8.320553e-05
32396856601,0.0018849425
32396856602,0.0008565227
32398924701,0.052164394
32399241101,0.60418016
32400358301,0.99253756
32401024105,0.37169293
32404819301,0.41668296
32411913502,8.8893314e-05
32412829502,0.5925491
32414433702,0.0078120474
32420035801,0.0053614494
32420452301,0.9079823
32420575301,0.33533373
32420575302,0.6577807
32420822401,0.81280375
32420822402,0.5954504
32431692402,1.9944724e-05
32432445403,0.18131816
32442452704,0.9518342
32442469603,0.0006639715
32442833403,0.00026944754
32443497801,0.7008151
32443724004,0.21707729
32449469804,0.0008704267
32450262801,0.60624987
32460755801,0.14770356
32460851409,0.29661337
32461281201,0.00083000626
32461281202,0.0009609332
32465481104,1.1571503e-06
32474838902,0.7208458
32475731102,0.004289583
32475935204,0.2732007
32476072101,0.40941605
32477497902,0.8754941
32477497905,0.97661966
32485285301,0.9832328
32485285302,0.98515224
32489057101,0.13090627
32489057102,0.18687698
32489275701,0.9248018
32489361302,0.00024996503
32492783604,0.0019473826
32501276804,0.009853471
32556374402,0.29591238
32556436601,0.18469483
32556436602,0.4994595
32571096402,0.974865
32571096403,0.2850108
32571629603,0.002657655
32584736001,0.9890887
32587099002,9.00384e-06
32587307601,0.019294176
32587307602,0.0059671383
32588833501,0.27674562
32602282201,0.55629396
32612924502,0.0005185429
32612924504,0.001408472
32622535503,0.27940124
32622535504,0.037145235
32638138401,0.16352388
32640871801,0.9921151
32641199403,0.21551476
32641199404,0.30965358
32651018301,0.96857655
32659876601,0.9855473
32659876602,0.8846481
32668934407,0.0004934933
32669214401,0.8667059
32669398801,0.99604046
32675196001,0.8740075
32676001002,0.0023544566
32676544401,0.5942803
32677189203,0.013560893
32690667202,0.04886169
32705486401,0.9505058
32706790601,0.0016642824
32706987204,0.00025889796
32707125401,0.0375941
32707125402,0.0333815
32730440601,0.008646957
32738237101,0.9228617
32738237102,0.07829124
32738237103,0.27031738
32738995301,0.20376396
32739067303,0.59572774
32753630101,0.8835583
32784687701,0.98910856
32796910402,0.0023816458
32814130501,0.020387959
32814453803,2.997293e-05
32814799802,0.8313802
32815595301,0.979652
32830675501,0.05608939
32830675503,0.0010258607
32845763901,0.97101307
32845763902,0.8723615
32862415802,5.8598634e-05
32878113301,0.7383234
32894674901,0.006873542
32909842101,0.50412714
32910447101,0.99231297
32925562201,0.9911602
32939977204,0.0005446125
32940118302,6.700433e-05
32957299901,0.0058817067
32957942701,0.95292336
32958050701,0.93456763
32972016201,0.92315674
32972016202,0.84432673
32972706401,0.013615769
32973392601,0.23503813
32984872201,0.7532023
33016782201,0.8197324
33017591802,0.00046917994
33017594302,0.2928158
33035746001,0.09849726
33051467502,0.82346463
33051605001,0.00086576893
33080881201,0.09816793
33096295001,0.67755216
33096890201,0.9981256
33113133001,0.051884376
33125910901,0.031388525
33125910902,0.004819712
33143630901,0.52816015
33158594701,0.19835174
33159736001,0.095729016
33176314802,0.13404863
33177386502,0.0108787045
33177387502,0.1336715
33188966805,0.66435754
33189172901,0.96058214
33202650201,0.28809956
33202859802,0.01824398
33218409501,0.9843693
33218409506,0.08819587
33219007502,0.17612965
33219100502,0.21059176
33219394901,0.01553671
33244230008,0.00014815203
33244372401,0.8779334
33518625602,5.398348e-10
33519369401,0.5621401
33520653102,0.8374074
33520653103,0.100369394
33540139101,0.00952419
33540210101,0.992407
33554524001,0.31404775
33554524002,0.48656493
33556261502,0.06080276
33570153601,0.9415931
33570153602,0.95980406
33601247201,0.7324578
33601247202,0.30099982
33602313701,0.048678845
33613706502,0.0006650203
33614287701,0.05492145
33614287705,0.930969
33614552001,0.003888691
33657475801,0.92925006
33670052102,0.00023992831
33670730501,0.78391963
33685520901,0.87130064
33686333101,0.24968235
33696405901,0.0066479766
33696405902,0.0006053327
33697138001,0.3221153
33697191503,0.1311339
33712610301,0.056780018
33719302801,0.5980332
33719312802,0.9293114
33719535302,3.5208912e-05
33720058701,0.0723526
33720058703,0.04675463
33727469503,0.81157273
33734938102,0.15886177
33739324701,0.97179645
33739881902,0.00028466393
33740881301,0.98519194
33743756601,0.743262
33743756602,0.0003748737
33756090701,0.16865455
33769074701,0.3586891
33780683201,0.9784192
33787999701,0.9481983
33788545601,0.9712415
33794511901,0.8393726
33794511902,0.8759579
33795222901,0.8303637
33799519402,0.0104608545
33799519403,0.009113155
33800923301,0.8397079
33809866701,0.99343383
33811950201,0.019961104
33823254301,0.98042136
33829381102,0.70881516
33835052701,0.94532573
33849206802,0.008171975
33849356703,0.036653355
33863576701,0.15621935
33863576702,0.042665746
33873659101,0.000602491
33873673301,0.42784783
33873673302,0.45236897
33873942601,0.022071201
33885756704,0.0007679811
33885997804,0.06419332
33901599101,0.95338655
33927944001,0.99768853
33944248401,0.06380845
33955867801,0.7220658
33956336701,0.0014790405
33956342601,0.004168435
33956454401,0.00065846555
33956455101,0.00043585215
33956484501,0.00018805904
33956545201,7.708103e-05
33956554206,0.29085365
33956558401,2.456289e-05
33956558402,1.1614152e-05
33956558403,1.8182795e-06
33956573901,1.1760012e-05
33956573902,4.8730867e-06
33956574001,5.53372e-06
33956574002,5.2519235e-06
33956798501,0.00060363807
33956798502,0.035756666
33956800601,9.504524e-06
33956800602,7.681936e-06
33956800603,0.00070374674
33956805901,0.0010701662
33956807101,0.0762548
33956807701,4.7090543e-05
33956807702,2.7062411e-05
33956807703,0.06809975
33956812501,0.0011600566
33956817001,1.4834577e-05
33956817002,1.0963896e-06
33956817003,1.5103369e-06
33956820001,1.0247024e-05
33956820002,8.70007e-05
33956820003,0.0028705047
33956824702,1.0
33956824703,2.3749739e-07
33956824705,6.0287397e-07
33956824708,3.7493784e-08
33956827001,0.005507393
33956832801,5.6604982e-05
33956994201,8.0611404e-05
33956994202,8.656995e-05
33957015301,0.009336906
33957015302,0.0023811858
33957026001,7.225235e-05
33957026002,8.66166e-05
33957300901,0.094869874
33961188301,0.8260751
33963358402,1.8829374e-05
33968020301,0.03498001
33968020302,0.001283712
33968055201,0.0020854254
33968213401,0.9941472
33968283004,3.2769763e-05
33968544502,0.005191604
33968544504,0.0030400122
33968815801,0.29182023
33968950202,0.319347
33972309902,0.01215692
33973301301,0.9961669
33973301302,0.82026416
33973301303,0.9344678
33975272901,0.91531914
33975656101,0.44994769
33975889702,0.70199907
33983299501,0.1421072
33983649001,0.8185
33991355001,0.86121124
33997920001,0.63788986
33999003801,0.00018458592
33999003802,0.00019709441
33999003803,0.0025206818
33999003804,0.0041929553
34009360401,0.011124378
34013076702,0.9657
34013076703,0.025897104
34013076704,0.016287489
34016460202,0.86148477
34016616701,0.9693369
34017008002,0.95009196
34020604405,0.022596188
34027438401,0.26347065
34028148307,0.046387613
34028560001,0.6134149
34028802201,0.0005884265
34050494501,0.02250384
34062040703,0.50086427
34062928903,0.0031618539
34063019701,0.9185906
34063019702,0.9092393
34067038701,0.026934497
34067052301,0.002152659
34067092201,1.5449314e-05
34067135701,0.39812642
34084498402,0.6494639
34084582603,0.56142634
34084689101,0.058743548
34084689102,0.006214377
34086810801,0.92175525
34086831801,0.9979367
34086991502,0.00019882053
34087762601,0.8656334
34087762602,0.8976876
34088361401,0.970292
34103148002,0.00042894608
34108527302,0.01976723
34108771701,0.90033275
34114294302,0.00011367589
34114294303,0.00031395
34125076101,0.95630085
34125818201,0.032510635
34125818202,0.0010489388
34125998901,0.5437006
34126184601,2.5090778e-05
34126184602,2.3578756e-05
34126197001,2.3740622e-05
34126197002,2.4282195e-05
34133886502,0.010009388
34138218301,0.00065551855
34138220901,0.0030264289
34138220902,0.0031032912
34138525601,0.99608505
34139966801,0.054214317
34147057401,0.98466796
34147057403,0.88433975
34147613001,0.99644464
34147927603,0.0034662357
34151302001,0.06918756
34151521401,0.027172666
34151521402,0.0034274957
34151535501,0.016831746
34151535502,0.0036513712
34152008201,0.874337
34152033401,0.011406923
34152033402,0.0019506225
34152033403,0.0014137168
34159787501,0.96204543
34171016301,0.9933739
34171016304,0.0062673776
34171577402,0.026223453
34180339901,0.9654908
34180340101,0.96646625
34180590801,0.97039187
34180590802,0.958623
34181881101,0.95647806
34183842001,0.8818757
34191252203,0.9882798
34191720604,1.6513113e-05
34191720606,4.578704e-05
34195221801,0.6811964
34195503101,0.09636083
34195503102,0.007175132
34204300801,0.36783102
34204465701,0.9770355
34205138703,0.0043657487
34205138704,0.0045941733
34213578102,0.052278668
34223289101,0.963059
34223686701,0.9388992
34225913701,0.005944613
34225932401,0.01135196
34225934401,0.012342149
34236051401,0.031823922
34236051402,0.3393767
34239922001,0.011501951
34239922002,0.0004662848
34246945501,0.96112174
34246945502,0.8603895
34247401001,0.98643273
34247401002,0.88074
34255472301,0.110545926
34255632101,0.98245746
34256752902,0.00027717554
34256752903,0.058806725
34256769501,0.9816426
34261796801,0.9638142
34268386002,0.954096
34270269903,0.0004540767
34270269904,0.0015364498
34291558001,0.025357997
34303199501,0.9778536
34303480901,0.59884065
34311938102,0.00046926562
34316698301,0.9056683
34316698302,0.62130153
34325328205,0.00061363535
34326030702,0.006522397
34329605902,0.0004381053
34333867602,0.8712048
34336548101,0.8826675
34336548102,0.94948757
34336548104,0.62016773
34337716901,0.9920415
34337724601,0.7716217
34337745701,0.0037119475
34337762402,0.86455965
34337834501,0.00015949468
34337834502,9.30253e-05
34338368101,0.00088110263
34338368102,0.0005093121
34344943703,0.0005056575
34354122201,0.9219462
34357397102,0.783683
34357397104,0.96071965
34357397106,0.13296627
34357569402,0.9715262
34358582401,0.6547563
34358700001,0.97904414
34364733501,0.8308963
34364813603,0.97822237
34364945401,0.98637736
34365125505,0.1029889
34365219603,3.643296e-05
34368152403,0.009327947
34368187801,0.7012475
34368487603,0.00038160628
34375729902,0.010269663
34376193202,0.77116644
34376436001,0.8407444
34379800101,0.9155441
34379949301,0.0004711939
34380086601,0.98311883
34385424001,0.9833045
34388482501,0.9198125
34388482502,0.97851664
34403162701,0.9827169
34407735302,0.0017819512
34411135901,0.2410469
34411269001,0.0021643343
34411575001,0.4400046
34423230001,0.96431154
34423441402,0.004844336
34425865701,0.00011465479
34433722504,6.181278e-05
34433722506,0.0006517551
34433771301,0.006489454
34433870301,0.33089605
34433870302,0.18083864
34435187103,0.0024894055
34439801801,0.9982014
34447050903,0.008173378
34458859903,0.014600802
34460040201,0.9873145
34460426301,0.005259737
34466759001,0.98514473
34467085401,0.64358896
34467085402,0.5698006
34467569401,0.8662854
34469160301,0.9743939
34479463202,0.0068471627
34479692104,6.059231e-07
34483848801,0.96258014
34492558801,0.0074538924
34492558802,0.010414136
34496460802,0.79181194
34496955003,0.826676
34497489301,0.9464169
34509282901,0.9812835
34509763401,0.08631966
34509763402,0.15580638
34517331502,0.007716138
34520447101,0.32105613
34537130801,0.2069222
34554436101,0.71906155
34554436103,0.9860217
34554812702,0.00030337457
34555184101,0.8298319
34555184102,0.0022118136
34555192801,0.0016148337
34555390101,0.84137136
34582224601,0.9915978
34634767701,0.9976459
34639827902,0.9788613
34640522601,0.368728
34652034102,0.002578735
34660497801,0.09140881
34672609202,0.019930633
34672720101,0.06636351
34672720102,0.0666347
34672720901,0.7979344
34672792602,0.9629179
34674306203,0.9921365
34677039204,4.839717e-05
34679228101,0.99893135
34679523601,0.76250833
34679674101,0.08540533
34681068601,0.21752721
34681288703,0.0014269957
34681395001,0.04242987
34682256401,0.009892929
34682501402,0.0011876922
34683058301,0.016397718
34683058302,0.012704477
34690292304,0.110012695
34691262301,0.99467814
34691262302,0.03597534
34695350801,0.92902106
34703035501,0.9846918
34704243201,0.053020366
34704243202,0.03652734
34706869302,0.04953784
34708176101,0.00030051806
34721352101,0.13622539
34728360101,0.9771457
34729037202,0.24547227
34736944701,0.006307185
34736944702,0.0064052776
34746077901,0.0026463177
34746554101,0.0015032886
34761353601,0.84106463
34761473301,0.21413818
34761473302,0.04689505
34762087002,0.01306158
34765644407,0.07554402
34765691101,0.017523196
34765691102,0.04064128
34765706602,0.00015397601
34774338901,0.7469727
34778028501,0.9961733
34778558301,0.71539277
34778704101,0.0068782507
34787326202,0.00092765136
34787435802,0.9838102
34800682402,0.00069789006
34804054501,0.9674901
34804243901,0.91648054
34804243902,0.7749826
34813042001,0.0023098774
34816801901,0.7851606
34817119901,0.9835722
34817645401,0.9981438
34825025901,0.8916906
34834137801,0.95744157
34834462207,0.009059343
34840107101,0.008108527
34840107102,0.00019357866
34840107103,0.001228435
34840107104,0.0016481675
34844886401,0.8663738
34845963501,0.984991
34846082901,0.93988836
34855628102,0.9982834
34857057501,0.59649074
34857132608,0.076613724
34869424701,0.8461949
34869926003,0.1637068
34876244101,0.84814954
34876345301,0.0077572656
34877117902,0.99307525
34883961101,0.09386296
34884124202,3.9628914e-05
34885229801,0.8463617
34885229803,0.98112065
34885360504,0.0016774388
34889719902,0.13959284
34889867301,0.08042284
34895779302,1.6562947e-27
34897218401,0.99528307
34898480202,0.6863144
34898568201,0.2242454
34899109903,0.005882903
34899746702,0.08079698
34899761203,0.00015441091
34905944803,0.7099322
34909514901,0.9983589
34914500401,0.6632381
34915449001,0.8866661
34923744201,0.3328942
34924096101,0.3951436
34924366501,3.297953e-05
34924593002,0.8820889
34926970102,2.786257e-06
34927000101,0.01346039
34927000102,0.09656522
34930944202,0.0015047602
34930944204,1.232858e-08
34937159501,0.3022059
34937159502,0.0123048825
34937319201,0.0016446899
34937319202,0.0013297512
34940722801,5.121382e-05
34943397602,0.025241217
34943397604,0.9206227
34948459501,0.4485699
34953966501,0.6526459
34953966502,0.9457893
34954340105,0.6422706
34954411201,0.7366944
34964460603,0.009336967
34964851002,0.4721529
34967968101,1.0378663e-05
34974792902,0.3657442
34975139306,0.005070081
34975697201,0.9403232
34976705101,0.30489647
34978691601,0.997335
34978691801,0.9969373
34980504401,0.93809617
34983282402,0.0009815515
34986285201,0.3489618
34986542306,0.001478573
34989255901,0.87640613
34996391402,0.41264275
34996426403,0.0017146236
35000584601,0.8587868
35014629601,0.1211183
35015411901,0.8456512
35027646202,8.7482564e-05
35027706202,0.59183496
35029767702,0.008015788
35033350702,0.003971879
35033613202,0.9852962
35035563201,0.06897018
35043133501,0.0039358954
35043133502,0.004538143
35043133503,0.104046844
35043133504,0.1318994
35046762401,0.6410783
35047910101,0.05510179
35057599701,0.99661
35067974502,0.0006381688
35074247502,0.05265965
35074371401,0.99895453
35076779401,0.27054858
35079640702,0.79321146
35080347202,0.0018681741
35080347203,0.0021062843
35080469601,0.99489427
35080884002,0.005296124
35080884004,0.02174028
35084283801,0.7348096
35084283802,0.89738005
35084633401,0.9091643
35085346601,0.9888108
35085351302,0.00087473146
35085871301,0.007748491
35085952701,0.24008916
35086063103,0.0027185152
35093067201,0.99516875
35096515901,0.0055154483
35109238501,0.996727
35109482008,0.0018311884
35118188003,0.15236959
35118188004,0.7724649
35127512701,0.991524
35128467801,0.99468356
35128529701,0.9950087
35200055801,0.8161936
35200331801,0.18546532
35201671601,0.95013964
35201690402,0.47763196
35208100106,0.15540323
35214110704,0.9741233
35222923701,0.47094396
35222926801,0.9924975
35222926802,0.99445677
35222926804,0.97125375
35494479401,0.062176332
35663935001,0.0045960685
35663935002,0.013469892
35667591201,0.42737138
35672996605,0.012678313
35673165502,0.0007432979
35674784701,0.8225381
35674812701,0.72341156
35674812702,0.9953413
35684659401,0.92127126
35685023207,0.02680464
35704416301,0.99890053
35710407107,0.0002677885
35710535202,0.0011708902
35720575001,0.12451161
35736262304,0.027810143
35736262305,0.039153665
35736262306,0.014930791
35751024701,0.011223618
35760973002,0.12566502
35765997203,0.0011129344
35766231601,0.9767577
35766231602,0.99144757
35770930001,0.9905347
35790947801,0.005520051
35791120202,0.89894176
35802074501,0.9842881
35802216901,0.003946505
35802216902,0.0034879493
35802216903,0.0010903401
35804784102,0.00017372475
35807104902,0.28682452
35810812602,0.0133535275
35815476402,0.26131347
35815644202,0.057102572
35817632901,0.016030006
35829066803,0.35436177
35829066804,0.07661005
35833558603,0.00862104
35833558604,0.008343065
35840238203,0.05844672
35899383104,0.08955095
36008791501,0.04858323
36008811302,0.0024542254
36008887102,0.004237931
36021781301,0.0024607189
36022222801,0.83461803
36032014601,0.43290028
36032455801,0.8490384
36039503701,0.98013306
36045755301,0.0028456633
36046316002,0.24156441
36054824702,0.00021779741
36054824703,0.00019525312
36060567001,0.9650168
36061757001,0.6628743
36069853903,0.029619345
36080075401,0.5127094
36084805604,0.33922383
36085112301,0.17131941
36085112302,0.3781124
36095173901,0.31019497
36095173902,0.047400374
36095868901,0.08186415
36103419601,0.77490336
36103419602,0.18789479
36107451001,0.70408624
36107514601,0.075282805
36107514602,0.026710907
36108230204,0.38708678
36116866004,4.020711e-05
36116875103,0.00010315571
36116875104,0.00011101557
36116900301,0.08488678
36116904201,0.9247462
36117072801,0.7492124
36117247901,0.97919583
36127261201,0.3319089
36133308901,0.738226
36145892301,0.9982821
36145892302,0.34059727
36147312501,0.066752605
36171360202,0.014487339
36171769701,0.61853
36179375701,0.9831761
36185866701,0.0034274694
36185866702,0.0008635778
36186370501,0.004471964
36186370502,0.006675416
36195723703,0.0034398474
36195801301,0.0016787851
36203025201,0.030843554
36208509801,0.99346656
36208633303,0.009634658
36208897901,0.3315522
36211110402,0.0005844298
36211110403,0.0005024952
36211346601,0.85624385
36212163901,0.004522404
36212242702,8.559419e-05
36212242703,0.00014047355
36216542102,0.9884321
36223421902,0.00022795983
36223421903,0.00018763724
36224167401,0.051827677
36232245001,0.8837101
36232355002,0.008137426
36232355003,0.014221964
36232355004,0.036350083
36232651002,0.9849674
36232651004,0.58138746
36232773002,0.03991517
36238452701,0.9683345
36247892101,0.059097346
36248081501,0.7766478
36248365501,9.6511365e-05
36254444201,0.81139666
36254444202,0.83972883
36263133101,0.9014182
36265887103,0.14596899
36266522904,0.035804357
36266522905,0.11847708
36270472201,0.9097249
36270988601,0.99840313
36270988603,0.14244975
36273479503,0.99322295
36273577502,0.6630621
36275381201,0.99658656
36282250301,0.8203056
36282547001,0.0050894693
36282547002,0.0031468691
36283395302,0.05138188
36294416601,0.001680308
36294416602,0.6070544
36294440401,0.34035918
36294440402,0.0007752167
36301457701,0.7632209
36302476706,0.37104943
36308238301,0.9948881
36308617801,0.9937645
36314054702,0.05205653
36320794101,0.39606413
36320794102,0.8178844
36320794103,0.88092774
36321484301,0.022916341
36321759401,0.002329383
36322109602,0.400277
36323171601,0.78592765
36326755601,0.009855866
36327032201,0.81502944
36327080203,0.0023434546
36337105701,0.017408008
36337231302,0.17354186
36337240301,0.9483448
36341472201,0.004197464
36344758501,0.78956
36348116302,0.03475382
36348116303,0.21291614
36348116306,0.8092879
36352747501,0.9140657
36352858301,0.26346657
36360033001,0.0046810894
36360033002,0.0022959537
36361158305,0.18438652
36371002801,0.26763162
36373876501,0.9946207
36373876502,0.9567209
36379019501,0.9881243
36379071001,0.010626451
36379071002,0.004820346
36379566801,0.5404058
36379882103,0.5457803
36380507102,0.86080223
36380507104,0.48433027
36392558001,0.8817431
36393331302,0.15955356
36397797801,0.9401853
36398418002,0.49380544
36401811703,0.00016088862
36410692902,0.0008288085
36410775301,0.99843913
36411583601,0.4324113
36413262801,0.974477
36415342401,0.0010859428
36415342402,0.0066880053
36416385202,4.3318913e-05
36416490701,0.0133368075
36427960901,0.5595019
36430211801,0.12146075
36432638403,0.006600509
36432638404,0.064902976
36432704501,0.56580025
36435035401,0.3866156
36435264902,0.960132
36435444301,0.017612943
36435462401,0.9145286
36454463302,0.004814685
36454478304,0.86825794
36454523401,0.26853037
36454711201,0.0002813393
36454711202,0.00052112417
36454918901,0.9319785
36462547201,0.7947284
36464290004,0.07214547
36464600202,0.9813503
36478500901,0.6364659
36478500902,0.8465206
36478500903,0.93391246
36479758401,0.7799627
36479758402,0.09057505
36487354001,0.70589477
36487915501,0.7448371
36488054201,0.94135845
36488198001,0.9105382
36494463301,0.95545423
36494463302,0.026509413
36501436301,0.7560738
36532521703,0.9898408
36532562101,0.9278506
36546786701,0.893398
36546910701,0.09569155
36555694502,0.0040488485
36566262301,0.9644344
36572172402,4.6689707e-05
36572727101,0.1478984
36573020702,0.89076895
36577423401,0.90525967
36589085601,0.87926626
36589718401,0.8704796
36595339605,0.026482591
36595339606,0.2520882
36599889601,0.09387225
36600046901,0.8207907
36694633201,0.98869413
36695394901,0.82574904
36695840901,0.00025226464
36695840902,0.0021317666
36705891203,0.0535932
36713674101,0.0005630804
36713674102,0.00059199467
36713674103,0.000822315
36713674104,0.00068337144
36713674106,0.0018947816
36721580201,0.34215808
36721931201,0.8021833
36721958701,0.0009364108
36722441201,0.0023307244
36731106001,0.11152922
36737894004,0.03304179
36747358301,0.9670913
36747663301,0.0016073557
36747663302,0.0017178417
36747812401,0.5548934
36747812402,0.9817625
36748491302,0.0005611371
36757208301,0.5504751
36757282501,0.32757285
36757806102,0.73130614
36766053402,0.00015989789
36767139701,0.5129368
36782403903,0.39164382
36783273701,0.013060553
36789557801,0.0004057942
36790475303,0.018038696
36797561603,0.0037477433
36808504701,0.9089153
36809595301,0.9344342
36847142601,0.12415086
36847142602,0.007883458
36847142603,0.006565527
36857403002,0.86314756
36874788203,0.00024411362
36874802403,0.0006871399
36875330301,0.7661069
36876173401,0.3013345
36885458503,0.055262823
36893059701,0.9452885
36893059702,0.7896687
36893454001,0.91608423
36893454002,0.81243294
36898885202,0.04273582
36900681701,0.9257619
36910254905,0.06427453
36922914301,0.81906253
36925302301,0.60334957
36932794701,0.99932826
36934506401,0.99908006
36977912701,0.9864153
36981850803,0.0031760626
36986473801,0.9977957
36996295501,0.9952766
37004042101,0.6948563
37022670202,2.5195055e-05
37024349001,0.28192
37246364501,1.3948784e-05
37253040102,0.0013724111
37253040103,0.012649777
37253486701,0.015771093
37253772901,0.94594276
37253773301,0.94552565
37258954001,0.9565378
37266297201,0.0145401005
37266297202,0.015889585
37266342501,0.06937068
37267053501,0.5755048
37267063501,0.6777982
37267063502,0.83654726
37267351104,0.8781716
37276861902,0.021858864
37276896503,9.604956e-05
37277343501,0.9865963
37284782901,0.9919337
37285035701,0.0060609397
37286911101,0.005922706
37290811001,0.017851455
37297899306,0.00021405137
37298707301,0.170145
37301560401,0.002772434
37352305102,0.9705226
37359477101,0.77326083
37376857602,0.0007937605
37384385701,0.89661235
37392837401,0.9857378
37401666004,0.0010010827
37485899901,0.9980216
37486059001,0.48997855
37491198603,0.9200325
37503656702,0.86412835
37503656703,0.86537707
37505958701,0.9980331
37505958702,0.9984598
37508912402,0.030226214
37509071701,0.7908845
37522151901,0.89996994
37522191803,0.90811276
37522254905,0.004813342
37522254906,0.00051408366
37522254907,0.00686346
37522268303,0.04146989
37522308001,0.99403834
37522545301,0.9810387
37522545302,0.990256
37527395301,0.9752181
37613191501,0.37918538
37740736902,0.9424992
37775945505,0.4943494
37785944501,0.004617935
37809361001,0.98858076
37834445701,0.9808312
37855542301,0.9945345
37856305901,0.73835725
37856305902,0.9101836
37866689001,0.0116153695
37866689003,0.014013381
37874201801,0.93983
37874634801,0.04445412
37874634802,0.060647137
37875221802,0.8694993
37886884902,0.4320934
37923400201,0.80259186
37923400202,0.9942127
37924036001,0.87116617
37926673701,0.0010175437
37929030002,0.95174205
37934964301,0.0012748599
37935463503,0.029530711
37940371801,0.9872852
37940792702,0.05079655
37940792703,0.34951112
37941054001,0.9618673
37961831901,0.9743536
37961831903,0.41043356
37972308601,0.9985253
37980177503,0.0649952
37980177504,0.015015306
37980419501,0.2903587
37980635802,7.0826376e-05
37985274801,0.98706657
37986534701,0.5666839
37986534702,0.0026712206
37989769601,0.7271393
37990919501,0.56339043
37997324601,0.028856063
37997366801,0.0052494584
38000137401,0.7867082
38008474301,0.047712054
38008474302,0.041809864
38008474303,0.011905949
38008551702,0.6688391
38017354002,0.005104325
38021153801,0.832856
38032669301,0.9954196
38033014202,0.0014043743
38033014204,0.0016432459
38033437201,0.00037930754
38033437202,0.00096531207
38038582102,0.04975113
38039496401,0.5808536
38041913901,0.02291689
38042259101,0.91043115
38053978405,0.00040792747
38053978406,0.00069170556
38065667301,0.4612848
38066437101,0.9502353
38071050103,0.25998387
38077004701,0.0024909382
38078325201,0.984903
38086277001,0.17493515
38087068801,0.9971449
38091027701,0.949177
38091623502,0.00044124032
38091702701,0.8356931
38097651501,0.0059818556
38099717802,0.04245636
38104850602,0.0018167037
38104850603,0.0011352905
38109183801,0.5326307
38114124601,0.2938885
38123214401,0.1293817
38123214402,0.33464748
38123745204,0.031952713
38132860101,0.89110494
38133345501,0.11232321
38135169604,0.08372835
38144788301,4.5952784e-05
38144788302,2.6962822e-05
38154886602,0.06434619
38154886606,0.007372428
38155188001,0.91274154
38155985502,0.00039244
38164772203,0.0412979
38172444401,0.17379668
38189791701,0.9974015
38190750205,0.021194985
38190750206,0.20525019
38191909001,0.983067
38192119303,0.16834629
38192515602,0.06080894
38194976102,0.84471095
38197796401,0.28852105
38198711805,0.0006104073
38200958001,7.635501e-05
38200958003,0.00022805373
38201108601,0.99670744
38201634801,0.9076711
38202842501,0.94894075
38204309802,0.019208046
38206916001,0.0032280507
38206916002,0.0026393558
38207297301,0.00021662147
38207297302,0.00025807062
38207502502,0.5817007
38207504501,0.6094637
38214552103,0.08679696
38214863502,0.54088575
38218954202,0.26452798
38219619302,0.9909368
38219944102,0.6946938
38225200201,0.23656313
38230868402,0.013374954
38231035801,0.70166206
38231205201,0.0008818939
38231205202,0.00045664056
38231224302,0.47120556
38272885901,0.041910134
38282336802,0.00023412176
38282769901,0.2632324
38291581101,0.9963988
38318130001,0.9562976
38326621001,0.89907426
38326621002,0.90711796
38350309001,1.20861105e-05
38352567802,0.10117777
38352567804,0.7503694
38359428206,0.012588605
38359434101,0.006737451
38359434102,0.00033192226
38359436001,0.26708147
38359524203,0.0006868293
38371649601,0.00062920875
38372751002,0.96398574
38374689203,0.025125802
38401591501,0.749932
38401824003,9.5865995e-05
38402184601,0.7400662
38406533702,0.006701996
38407312201,0.24382344
38407312202,0.13356203
38407462901,0.10228214
38407462902,0.20180371
38407470502,0.4650947
38414505401,0.17769401
38415584401,0.99323034
38415604302,0.022469576
38429880802,0.38893247
38434431002,0.00013753682
38438583501,0.9872234
38438596901,0.044415448
38438622107,0.7356538
38438622108,0.004814169
38438859701,0.42364654
38446538201,0.99538815
38446538202,0.9052367
38446538204,0.8902594
38453643001,0.9971065
38460931201,0.0009890712
38482355601,0.99655354
38482944004,0.0061786063
38710796102,0.07778067
38813192401,0.0033177983
38823584501,0.0014112405
38828704701,0.41484997
38882036303,0.07209379
38884523303,0.9059875
38895168402,0.00022624877
38907088401,0.8198211
38915972501,0.9284887
38916880801,0.28863862
38928579101,0.3443515
38928698901,0.0048213475
38936374501,0.37981746
38936728001,0.094295815
38938234801,0.0035553714
38943736501,0.8220592
38956470001,0.0062493416
38956548103,0.032138947
38956733003,0.0005130231
38957019601,0.016072804
38957352702,0.9701249
38957603501,0.28754744
38958027702,0.0007384532
38964397501,0.2541943
38965089503,0.0035872327
38966979601,0.8827611
38966979602,0.7293058
38967796901,0.012068058
38967902901,0.0013726262
38968293302,0.0006573159
38968293303,0.0026643
38968293304,0.003514087
38968406001,0.17117634
38968406004,0.05824858
38973327501,0.5748329
38973494601,0.9568747
38974765904,0.31967294
39008315901,0.07528076
39013742002,0.00019274453
39014207204,0.0008017077
39014902701,0.0019329744
39015054702,0.9948219
39021550001,0.6052035
39021912601,0.012364456
39030588101,0.87660795
39042770302,0.0009920757
39043477701,0.008779105
39072352903,0.85208124
39081767501,0.9794922
39081767502,2.2061322e-05
39174454004,0.00024527288
39174526001,0.9816372
39181283901,0.64561373
39188739001,0.0037997514
39188798802,0.023020009
39189425701,0.00018404463
39189524202,0.071521156
39190306401,0.9985322
39190306402,0.9991597
39190467002,3.609896e-17
39194988001,0.9992762
39202492501,0.63997424
39202492502,0.80170095
39202492503,0.6654429
39270667701,0.80413187
39303086901,0.12410088
39303285301,0.1837086
39308647301,0.9841265
39374762801,0.61394376
39422819607,6.8417585e-06
39422819608,9.764449e-06
39423379001,0.8175951
39423698105,0.28857622
39424416702,0.81974834
39427900401,0.61210513
39427958702,0.48136494
39428451701,0.9056344
39428451703,0.995053
39433218702,0.00012169867
39433576002,0.5800898
39434031901,0.970618
39434190102,0.26840246
39435605006,0.053302996
39435729401,0.96262765
39445526701,0.0087319305
39449001201,0.9406258
39456111901,0.999539
39456260903,0.00041769326
39456260904,0.0004745873
39456288004,0.018780032
39459353002,0.00018015747
39459416901,0.79029644
39459426002,0.07819037
39465795201,0.015755927
39465797201,0.0043663024
39466088802,0.1647694
39466131401,0.98404616
39470219102,0.06953963
39471160506,0.0017964989
39471533201,0.7966956
39471614602,0.0007030851
39472987501,0.99843675
39481226301,0.0004248392
39481226302,0.21603204
39483187602,0.13649453
39491277004,0.9303937
39491558303,0.93841875
39497269002,0.0027504312
39501170604,0.9993123
39506494702,0.44189873
39506618601,0.2983275
39551584601,0.9980737
39551599201,0.3059973
39551599202,0.008697317
39574267601,0.4380398
39574626502,0.00087241986
39585561207,0.72413087
39585705301,0.03019341
39603767901,0.91409034
39610664101,0.9541629
39613960703,0.011153881
39614288801,0.31885305
39617007601,0.85775274
39621349201,0.003386817
39621753701,0.00089306565
39624496701,0.87786955
39624770001,0.3844965
39624770002,0.40464383
39625543705,0.47303492
39636522602,0.009835199
39642179302,0.044262636
39646733002,0.059877146
39653739902,0.0008887347
39653945901,0.9798748
39654389101,0.9948191
39664803601,0.270969
39672022301,0.5106801
39690392701,0.85782826
39690460304,0.054126635
39690628101,0.9565893
39690779201,0.99376136
39703122703,0.00020507317
39703232401,0.9803192
39704082303,0.010863046
39710897801,0.978742
39713731901,0.23685376
39716216201,0.80594325
39716261101,0.99308383
39771048501,0.69901454
39781653902,0.0017649552
39790433502,0.0011048613
40151315403,0.0052014715
40156111901,0.8456492
40156772201,0.9836553
40157397301,0.61071724
40160576206,0.062930375
40160692302,0.006460113
40160803902,0.8838107
40167060701,0.0044012787
40167609403,0.02227002
40167800701,0.9951351
40172697304,0.48908272
40177037001,0.95901877
40179595201,0.90551573
40182156702,0.7608934
40183362602,0.39565688
40185908804,0.0008711801
40185908805,0.000892995
40185908806,0.0007816122
40191380301,0.99546623
40191435702,0.6158394
40191608001,0.7138183
40198062401,0.99962795
40198264101,0.4800847
40203032802,0.940577
40208591104,0.06072517
40208591105,0.058088716
40211128901,0.99820924
40232963101,0.02152306
40245420401,0.0036965883
40245490901,0.2541077
40245695801,0.021781858
40245713701,0.8831213
40246341803,0.009169696
40246930501,0.29795104
40247471401,0.50365424
40247729204,0.14314169
40251280703,0.32385102
40251355701,0.8287357
40251355702,0.94171715
40252725401,0.97962224
40258614101,0.79576474
40258614102,0.16114217
40258624001,0.052744873
40262134301,0.973007
40262523401,0.02183517
40264677607,3.8475542e-07
40264910601,0.50295204
40265106901,0.8865097
40267559901,0.0057566236
40270895301,0.96219295
40271028001,0.9930783
40271155502,0.6843906
40271275802,0.00024028821
40271275803,0.0018913796
40271275804,0.0038539774
40274558804,0.76935256
40275905302,0.6434217
40278607005,0.40330598
40279311704,0.05940573
40279502301,0.4193011
40280028803,0.08399124
40280028804,0.27536756
40283749502,9.625166e-06
40284010606,0.2921081
40284375204,0.0040451083
40284583801,0.041319843
40285466203,0.01617409
40288513001,0.9360847
40292001201,0.0002205891
40297013001,0.00143063
40297079601,0.98726034
40297297201,0.17915548
40301654403,0.006107462
40301901402,0.11722382
40302986402,0.63010496
40304471502,0.37510714
40304471503,0.6009216
40307506702,0.999343
40308377501,0.0009801207
40312524701,0.77498883
40313150604,0.5462507
40322650502,0.16112335
40322738202,0.12733686
40332051801,0.0012129291
40332051802,0.3179658
40332088805,0.036000658
40336436001,0.992993
40336671602,0.00088353315
40336674402,0.11116591
40336742001,0.009093897
40351167001,0.8858515
40356794903,0.002558054
40356857801,0.8647106
40424173901,0.90460825
40434450701,6.267583e-05
40437995307,0.00030457263
40441563501,0.98304844
40443166301,0.57491857
40451664502,0.97852075
40477056201,0.9162597
40477658205,0.8548037
40477792202,0.28446954
40479715101,0.93247586
40479715103,0.7722806
40479778401,0.21597391
40483253101,0.48373047
40484930201,0.01878458
40492766102,0.12030688
40493349302,0.9965808
40493394702,0.63827276
40496996901,0.6388007
40512956003,0.9813473
40512956004,0.9571252
40536444701,0.9925653
40536509601,0.912474
40536534002,0.0011558551
40586283001,0.9921366
40586608902,0.5725802
40593091501,0.9010539
40677452001,0.00021881441
40677452002,9.841122e-05
40677811702,4.1175983e-05
40678033801,0.23170464
40678033802,0.81234246
40686161801,0.23549043
40687225301,0.845562
40687225302,0.7505744
40687484203,0.02995468
40687484204,0.50588685
40694161201,0.99959105
40694554701,0.99496776
40697674601,0.99931836
40704486902,0.87168604
40704635703,0.0025020381
40706490202,0.0004129199
40706644901,0.27205828
40706644902,0.44009253
40706926502,0.9371408
40708997303,3.0364807e-05
40708997304,3.2464217e-05
40708999001,0.6212259
40712640801,0.99960846
40714593901,1.6804583e-05
40714672301,0.09258551
40714672302,4.6875168e-05
40714772701,0.052274946
40714772702,0.0031707517
40716436803,0.46370715
40716550905,0.00032690726
40722536701,0.0005257299
40726459701,9.688887e-05
40766296101,7.0653496e-06
40766364101,0.003929996
40777226104,0.65392876
40782391702,0.070482135
40788235401,0.26859245
40792533602,0.003684804
40886781001,0.3046733
40886781002,0.76614136
40886781003,0.4436403
40924801304,0.06331747
40933455502,0.9820904
40933621502,0.038056556
40933862402,0.0015008342
40951882603,0.00933142
40951882604,0.009360885
40955715801,0.37797368
40959237601,0.99872345
40964103101,0.02702282
40964252401,0.54851073
40964996801,0.59014636
40970267001,0.28229597
40993433001,0.99725133
41022754501,0.31359124
41025404901,0.9274218
41027154005,4.5528203e-08
41027154006,0.013222044
41033956303,0.067666136
41034069502,0.6112926
41035498001,0.9155237
41035498005,0.9614727
41036747405,0.9917229
41037198403,0.94610906
41037253601,0.6298431
41037295001,0.23654845
41038901401,0.84447485
41039709901,0.979711
41039932703,0.99894935
41040227203,0.8934176
41183119203,0.098816566
41197709402,0.67812395
41207084802,0.09139432
41214384201,0.9974481
41215149801,0.114486784
41215312802,0.00493362
41220923901,0.058389407
41221501301,0.9965146
41221648601,0.83757895
41246968102,0.0013241771
41247121201,0.9979861
41252873901,0.123954765
41252873902,0.29250923
41265496701,0.58835995
41266024401,0.017941836
41266024402,0.01569019
41272654501,0.9656123
41272657702,0.38905942
41276125603,6.6894776e-05
41282055802,0.0064868685
41282204902,5.6120814e-05
41829735101,0.51656044
41838209901,0.0015443735
41838748701,0.97298354
41846057901,0.98978174
41846101303,0.69129753
41857611902,0.5955767
41858092502,0.6997107
41858172601,0.0029853997
41858172602,0.008098248
41861387703,0.00309029
41861873001,0.24099046
41861901801,0.9413958
41861901802,0.8557729
41865533301,0.015685331
41871749402,0.00068561384
41871749403,0.010677093
41871749404,0.020857526
41872149801,0.017705157
41873617801,0.84825814
42035080401,0.8526873
42042653101,0.979224
42043377102,0.00014699282
42043742001,0.51963615
42049042902,0.20333874
42056041503,5.3326257e-05
42069904001,0.86207956
42069908301,0.0030430749
42076165201,0.4797118
42077426501,0.065534
42090326402,0.13824637
42090366802,0.00047578785
42090366803,0.00050604617
42097126803,0.6330133
42097126805,0.93292904
42097878801,0.9960323
42106323301,0.6046629
42106552502,0.024954293
42110746303,0.9985921
42110920401,0.23661904
42116363101,0.07050925
42116363102,0.75363153
42116736602,0.94198686
42116736603,0.9912971
42121534102,0.14753221
42121569001,0.96581763
42122982202,0.9170777
42126079703,0.6462417
42128537201,0.1146333
42128750301,0.99182993
42128750303,0.9958943
42213910801,0.0030837038
42239316904,0.0067136437
42248853201,0.9317754
42248973901,0.0036768997
42249840101,0.008648592
42270231501,0.9884288
42270489201,0.69564146
42302184705,0.99311334
42305589402,0.94546694
42305682402,0.031061428
42326404002,0.9921616
42326506602,0.44574106
42335177004,0.32059005
42335405201,0.9918242
42341997102,0.08692381
42376889604,0.0011481915
42399150903,9.3120354e-05
42406383901,0.02046808
42406383902,0.9682065
42413015301,0.13965902
42413137802,0.03636081
42413137803,0.015775941
42433038303,0.0001075942
42433038306,6.977329e-05
42433553309,1.7829607e-05
42433757602,0.8938361
42433757603,0.8964136
42436524101,0.93945825
42436524102,0.07915588
42441417101,0.34551856
42462205601,0.8204981
42462384803,0.93967
42466817601,0.12315958
42466890201,0.8703664
42471677202,0.23760644
42489936001,0.33389077
42495087801,0.9838792
42496104501,0.00055013504
42496104502,0.99189246
42499682601,0.99553156
42508321602,0.94202423
42508326401,0.33369544
42508326402,0.55046344
42508326801,0.8280187
42508330901,0.95707583
42508330902,0.9815693
42508330903,0.9259614
42508470201,0.765792
42563899203,0.17769738
42564154001,0.9993851
42564191201,0.4179971
42565755604,0.0036081327
42569676401,0.003458782
42585230101,0.80700415
42585616203,1.0767186e-06
42585719901,0.00052132166
42585780401,0.0053568087
42592453401,0.95653594
42592772601,0.9224668
42592772602,0.97584575
42594119402,0.85826254
42594491701,0.3991531
42600631901,0.9917303
42601126401,0.92205435
42602113302,0.00026156838
42602213101,0.9325691
42602343001,0.62609905
42602578401,0.73377925
42602673205,0.28099373
42603247501,0.9989532
42603247502,0.93991417
42606995801,0.0033342293
42607358101,0.935119
42607708001,0.96372575
42608031001,0.00036213835
42608031002,0.00035199005
42613004701,0.9561404
42613004702,0.95487136
42613416201,0.008069029
42613416202,0.0034466262
42613426703,0.11701042
42615621101,0.949998
42619478302,1.3365643e-06
42619871701,0.8109153
42620625801,0.18259132
42620662801,0.653539
42620731901,0.732678
42620761301,0.73334646
42622734401,0.9988926
42623123201,0.91928035
42623198601,0.3178272
42623225604,0.000119999444
42626468401,0.0006557173
42627663706,0.77608347
42628194901,0.25620976
42632054701,0.5547059
42632652201,0.9951042
42632664302,0.078219675
42632664303,0.008026157
42636372802,0.011314324
42640598101,0.604317
42640639401,0.14839214
42641101301,0.12219132
42642237201,0.013779693
42642237202,0.36263213
42642293306,0.12657961
42642717601,0.9030166
42645301701,0.006395544
42646326401,0.0071223797
42647544001,0.69817495
42648821601,0.011980159
42649244801,0.63348585
42649722501,0.025217688
42649722502,0.02073232
42653178903,0.16118155
42653363502,0.050233856
42654068402,0.024344506
42654118001,0.45528516
42654118002,0.051770978
42660995204,0.06416416
42670732703,0.00027144302
42670942501,0.34420422
42670942502,0.5228416
42674755901,0.109611526
42683417301,0.98498386
42683873303,0.002886748
42683873304,0.0021185866
42684080001,0.991715
42687311001,0.95606273
42687525301,0.13448606
42687740001,0.99865663
42687740002,0.9178843
42689967402,3.3521585e-05
42690423602,0.93899125
42690639601,0.9473245
42696816603,0.58477485
42697573101,0.9563024
42697586601,0.32860407
42701106003,0.4817657
42701366501,0.47004178
42701848601,0.82891595
42703117101,0.9145437
42765949101,0.6259501
42766776601,0.27108547
42766776602,0.27417254
42766777601,0.9473453
42766777604,0.7218616
42908277401,0.99454343
42908330202,0.00045630572
42953053801,0.0024635554
43046925501,0.9592807
43069330902,0.0051354677
43069330903,0.0049740337
43070245002,0.15384196
43090883701,0.9683747
43091773401,0.0013896285
43091800701,0.21448465
43109523702,0.8838949
43110001502,0.031399958
43110033204,0.0013732387
43138027802,0.35451716
43138031501,0.19116136
43586902102,0.01674329
44418909901,0.9987036
44419720801,0.82060343
44426887501,0.45150825
44426912601,0.93956727
44426912602,0.0074778735
44429859801,0.012359064
44429859802,0.0027908855
44442919301,0.046335045
44447867501,0.007802031
44447867502,0.119568974
44447867503,0.0034590894
44448478801,0.97276074
44460887002,0.014227073
44470145001,0.00011613564
44470145002,0.00023162634
44470229601,0.18847872
44478951701,0.0041014715
44487724601,0.937147
44488599901,0.10323845
44492663502,0.019859187
44500842301,0.019478464
44500842303,0.019919448
44521244701,0.93783504
44652214201,0.6932868
44652311001,0.9728915
44652311002,0.34667823
44654990501,0.99462223
44654990503,0.01672872
44667821001,0.048232954
44667821002,0.0053238333
44670309101,0.021489568
44670707001,0.6393803
44670707002,0.846191
44687160101,0.96289134
44687238601,0.1369341
44687238602,0.049360912
44688127201,0.9833851
44688628001,0.93875575
44688638401,0.25389344
44688638402,0.5843031
44689810302,0.43572885
44690139001,0.9711149
44690469801,0.8412975
44693121503,0.001686317
44694034304,0.3026816
44695132901,0.43612242
44696551402,3.350982e-05
44697163401,0.0072588976
44697763001,0.60449606
44698367501,0.00041843133
44700446001,0.03362208
44700938001,0.88672805
44700938002,0.020090062
44700938003,0.47568005
44701434901,0.9875386
44701554601,0.78512275
44701554602,0.9720334
44702119503,0.22459711
44702553803,0.022762384
44702621101,0.9163111
44702652802,0.6058729
44703836302,0.60137194
44704224301,0.77128786
44704498803,0.119414166
44707555104,0.032976426
44708263601,0.0011593176
44708803401,0.9821516
44709216403,0.24788319
44709274601,0.8739413
44709430003,0.22131474
44709488305,0.93572646
44709816702,0.007930866
44709820401,0.985748
44710734905,0.47290638
44711543501,0.878077
44711543504,0.0015995031
44712681908,0.027235081
44713258101,0.8702015
44713553504,0.2064326
44715555001,0.96919966
44717549601,0.95026845
44717549602,0.8711185
44718654702,0.05712233
44718897901,0.13439006
44718897902,0.07525008
44719328701,0.041914724
44719449903,0.0002230407
44719717002,0.21238643
44719717005,0.85038203
44722257801,0.5002959
44723020901,0.77879554
44723094501,0.86805165
44723132704,0.00013446322
44726048801,0.9789211
44726323304,0.6593323
44726765301,0.89937013
44729155601,0.0001209977
44729155602,7.421525e-05
44729973001,0.56930035
44732810101,0.16037129
44733814101,0.0013897636
44733814102,0.0013298437
44735038102,0.0040424312
44741999901,0.9971142
44742020601,0.9864531
44742396207,0.0012093552
44743060901,0.96213424
44745141201,0.14082731
44748816602,0.00022433978
44750939001,0.051379625
44751113401,0.94815254
44753946801,0.99173415
44753980703,0.02788926
44754436203,0.0017025945
44754436204,0.0012762576
44754492301,0.014140124
44754492302,0.0036734862
44755787501,0.22928564
44757552104,0.21091217
44758338102,0.04071298
44763165502,0.23031415
44764986406,0.13208845
44769727501,0.78536075
44770632701,0.30743703
44772555402,0.07431939
44776342402,0.9864871
44776342403,0.8649517
45143902603,0.06579329
45144079601,0.7565603
45144079602,0.62605566
45144079603,0.394308
45146621203,0.0004162018
45149328902,0.24499995
45149787407,0.024860807
45156410103,0.95199126
45159641501,0.9683384
45159641503,0.00028457626
45159952801,0.9083156
45159952802,0.9766135
45160697001,0.9991679
45238853802,0.0050727227
45238853803,0.006576914
45240743103,0.7599752
45241706301,0.0011393462
45241706303,0.88096255
45241984301,0.7526848
45241984302,0.48204064
45243899103,0.008946672
45243899105,0.03268533
45246516203,0.99643075
45248174503,0.18508947
45248174504,0.050515555
45251672904,0.0064782905
45251797604,0.0004228221
45252161101,0.00053207227
45252161102,0.00036067117
45253029406,0.062041335
45253364001,0.001463505
45263116103,0.19229025
45263126802,0.20338894
45266583701,0.37693822
45266583702,0.4541587
45268263605,9.0003516e-05
45307990401,0.23237595
45308239401,0.00040996904
45309524703,0.10977172
45310065801,0.9453747
45325995104,0.00015572898
45326020901,0.99591017
45328891907,0.05851317
45328891908,0.07929852
45328952901,0.97481686
45425777804,0.0013018636
45436597101,0.8706786
45461038201,0.90042365
45485803202,0.07588665
45491988701,0.948524
45496183505,0.031111116
45496183506,0.021615665
45651998702,2.3042254e-05
45653678201,0.31704834
45654083401,0.0103723705
45658861001,0.00066633767
45659278901,0.970811
45659318702,0.49587867
45659345501,0.898385
45659366401,0.53289
45660992902,0.0032651504
45661078401,0.917658
45662158601,0.4729134
45662172001,0.798852
45804844402,0.007831956
45805764701,0.97823024
45809116902,4.0544513e-05
45809366901,0.54846376
45812493801,0.02013184
45812493802,0.015024828
45827563301,0.0012455307
45827563302,0.0007909943
45829078201,0.9979436
46312062701,0.00046659558
46312063801,0.12757629
46313466001,0.56605923
46316435801,0.28718475
46316622601,0.00309475
46316729001,0.9958988
46317022401,0.9667048
46317022402,0.9980585
46321687201,6.835452e-05
46322506701,0.63123745
46322712001,0.8464509
46322712002,0.0029183947
46325234001,0.033872455
46328355901,0.106498174
46328355902,0.007929009
46339396705,0.18870668
46345068701,0.76396656
46345711601,0.3258845
46345711603,0.47751564
46345711604,0.48534894
46346554101,0.9971976
46352792201,0.98886555
46352792202,0.4539128
46353550101,0.010083397
46353843201,0.98045117
46356805201,0.28397235
46359550501,0.5418164
46373260502,0.7930002
46373446901,0.8978515
46374251601,0.90228903
46377008201,0.76957333
46380770701,0.2398838
46383669101,0.75728434
46383933501,0.98047435
46388414201,0.9761654
46388423001,0.88270384
46392854301,0.82134664
46393241101,0.9797855
46396409001,0.8813754
46397544501,0.79231745
46404093701,0.99838114
46404796401,0.9885194
46418100801,0.30713755
46427637101,0.93952215
46427784301,0.984979
46440584002,9.847232e-05
46440790602,0.20286855
46441560101,0.9033773
46442017001,0.9927322
46454776502,0.98449266
46455428302,0.9976673
46455428303,0.80655634
46458300202,4.9377843e-05
46458427402,0.08396677
46458500501,0.91083
46458854002,0.00095384475
46458989601,0.089871876
46464121201,0.8889915
46499158703,0.83909094
46502411801,0.0033352852
46535453601,0.7153554
46539308501,0.9986092
46543439101,0.8782882
46544621801,0.91852283
46548765001,0.79280484
46552476903,0.08343004
46557304501,0.25053933
46561682601,0.0021434256
46563493603,0.03305343
46564641301,0.99452233
46571187001,0.86081797
46571321001,0.78399944
46571717301,0.8895931
46609661105,0.0006985355
46610192702,0.66673404
46616294301,3.212358e-05
46616302301,0.9725673
46668164802,0.94132435
46668903301,0.008169645
46790259802,0.7320196
46790437704,0.8222083
46793405201,0.9332822
46815069102,0.09640583
46815489501,0.7481022
46817615002,0.02263066
46817819301,0.0010768309
46817859902,0.02746999
46817970501,0.24208675
46818816101,0.9879695
46821607901,0.0010338997
46821607904,0.009614469
46904638701,0.5321634
46910098202,0.9454238
46915009001,0.37454587
46923312302,0.95824444
46926071001,0.47676334
46926071002,0.8851418
46926566701,0.23133217
46936026401,0.05948653
46940092701,0.010012767
46940092702,0.00018362464
46940662901,0.22223037
46944721201,0.92742354
46945129701,0.09431781
46945359502,0.8211299
46945511101,0.91631126
46947713801,0.9940503
46950693501,0.009057424
46955444501,0.880405
46962027101,0.12748116
46962027102,0.01760636
46962869701,0.8746487
46965740001,0.04684399
46965740002,0.0074458066
46966750801,0.9692523
46969286201,0.012331662
46969286202,0.0032679448
46969286203,0.005899757
46981066301,0.95958394
46981066302,0.9734987
46981179205,0.00025634104
46981268101,0.8937605
46987211805,0.0055826697
46987681901,0.0062946426
47009736801,0.98892224
47010240101,0.18936138
47014731301,0.8888004
47018266201,0.00017104622
47018266202,0.00010333914
47018874504,0.05877781
47022060603,0.0008662942
47022060604,0.00049516273
47029179501,0.99036366
47029179502,0.9918643
47030342001,0.92619896
47032669801,0.98714334
47033668003,0.14311591
51662701404,0.00063440413
51885366801,0.0022651842
52010082501,0.5575379
52202662202,0.001513914
65026564501,0.9980216
65026564502,0.9674397
67504743810,0.562299
67504743812,0.48026696
67791582702,0.29650348
68346032003,0.5863851
68495592002,0.00048176292
72413093403,1.5872529e-06
72569488401,0.30391493
73227529802,0.9684797
73450558101,0.9990114
73450558601,0.99763477
73548785901,0.9789205
73587245602,0.0018953995
73742523802,0.0013398819
73748696402,0.9484295
76661994103,8.625212e-06
76723579601,0.045853972
80510082205,0.062104177
80586147301,0.00029514587
84278066801,0.99031234
90392977207,0.024236275
100476507001,0.00013717126
110410011101,0.34268227
110410011102,0.008563503
110477688701,0.0059982114
110677071902,0.9978248
110861508102,0.00010589497
110981975701,0.020078486
110986944601,0.9204369
110986946101,0.94725007
120574527203,0.005137744
120997343501,0.84550506
120997343502,0.048943527
120997348501,0.81726974
120997348502,0.030454338
121059797201,0.031503472
121339554501,0.9870629
121639492401,0.9860422
121900635301,0.99231625
122146990202,0.19098477
122425565905,0.9668833
122455164903,0.02684383
122455164904,0.26593003
123252203301,0.124516934
123438404601,0.99912125
123438702601,0.9991387
123481032401,0.99820566
123697841106,0.035944976
131208749307,0.0011332047
131400428901,0.5485501
132249398101,0.00078969816
132249398102,0.0008354898
132249398104,0.00046340618
132249403601,0.00073686097
132249403602,0.00077228027
132590012601,0.8211823
132631597301,0.21312281
133157972501,0.056577027
133157972502,0.9061767
133160550401,0.0018604429
133194648601,2.1181604e-06
133194648602,7.0570322e-06
133194648603,9.245471e-05
133194648604,0.00028538404
133194648605,6.923246e-05
133197258801,0.978791
133532313901,0.8397166
133532313902,0.024720782
133585607901,0.09911715
133780551201,0.8872495
133780551202,0.033736628
133780552301,0.8150746
133780552302,0.015685728
134135128901,0.6852573
134344670907,0.7365697
134688048801,0.9679878
134694259001,0.9543435
135268414601,0.00013602998
135350083301,0.66428876
135440442404,8.843455e-05
140596584402,0.3982914
140599763501,0.99150753
141921455701,0.0006861093
142284626901,0.0005145835
142302019405,0.7602433
142346260801,0.9983296
142346260802,0.15478255
142395665402,0.94781286
151008818501,0.9589113
151183433907,0.0009903772
151325824001,0.88697
151391111402,0.0004860726
151535546601,0.9990414
151838430102,0.0005698536
152922571201,0.9961881
152922576201,0.99545574
152997674502,1.1502174e-05
153367841801,0.5320916
153367842601,0.7287297
154654972401,0.8096697
154666784102,0.0021151963
154720174701,0.99556834
154731732101,0.0013435942
154731732102,0.0798083
155309950301,0.005347647
155614233407,0.00043605664
156720533204,0.29507446
168830672607,0.01795357
169108044701,0.006705845
169142746501,0.0006684077
169142746502,0.00014221227
169142747301,0.00049982604
169142747302,0.000113241294
169196215901,0.22154148
169317488301,0.89772296
169322625201,0.7775678
169704564901,0.0011663978
169704566001,0.00077307835
169704566002,0.0015031198
169707298701,0.9310369
169868536603,0.95655286
170129211101,0.71871775
170129211501,0.69152707
170244231301,0.00032492957
170244231302,0.003443783
170342329301,0.9944555
170630724702,0.91998094
181587036301,0.13637869
192238422901,0.85961586
