astro_id,planet_score
146686601,0.9453884
146686602,0.4748377
187132401,0.008438992
187599501,0.2717097
274305901,0.6531487
317876001,0.06184065
317889001,0.012627624
359579601,0.071589805
359698601,0.6455784
360669601,0.62841153
402988901,0.87069046
403061701,0.0010656726
403061702,0.00014007576
446702702,0.32997465
447174701,0.29788017
447673901,0.03132428
487162902,0.38563043
487657001,0.5735186
488161201,0.88454044
533697002,0.8974574
575113501,0.023783373
575113503,0.012374725
575563601,0.02018241
575563602,0.054859895
575563603,0.39215884
619318901,0.9778601
619318902,0.29735118
635590404,0.002507212
639837301,0.3968655
703862601,0.8495464
704333601,0.0061813705
704818901,0.37216404
704818902,0.9657214
748441901,0.11291487
748446301,0.2097503
791546903,0.30278385
791560602,0.32150328
880121802,0.24722351
924306901,0.17024682
924772802,9.362815e-05
925236802,0.9394973
967723901,0.0018459575
967723902,0.026446411
967723903,0.009807409
968788801,0.5496694
968788802,0.33924347
969292101,0.79728204
1009597401,0.0011536331
1052573004,0.0003560275
1053441301,0.03303067
1139437301,0.025512662
1139923501,0.9847888
1139923502,0.8147721
1185668201,0.9083366
1317343201,0.15086396
1317833901,0.0032378493
1358861002,0.9662271
1358887203,0.014481704
1359346304,0.00076443225
1359459601,0.45527232
1359459603,0.63058853
1404892901,0.50483316
1404892902,0.87331533
1405725501,0.3464107
1405740801,0.00302264
1446659202,0.19579905
1447062701,0.3572445
1447567501,0.0061794166
1532995001,0.12537846
1533976301,0.00841548
1534462401,0.4758996
1564162001,0.19333121
1564731001,0.23763765
1580072901,0.9561741
1612399801,0.29019547
1612399802,0.22983372
1623657601,0.04418481
1635457001,0.1045996
1636086003,0.0012310259
1643676902,0.048665863
1658550801,0.7041512
1666082901,0.11273047
1666604501,0.6092781
1711477001,0.9954566
1752487701,0.31004465
1753382302,0.04032677
1797236302,0.41736612
1797258201,0.029577848
1798232703,0.004911913
1798271601,0.29193786
1882728601,0.95640236
1927452702,0.0012638398
1927473304,0.8694618
2062751702,0.0006487487
2062751703,0.027784696
2062751704,0.02137135
2104670801,0.23944345
2126191108,0.005784125
2126207403,0.020251283
2135589701,0.963126
2147845102,0.6389293
2169987801,0.0004538324
2169987802,0.00045959078
2169987803,0.024432138
2169987804,0.089816086
2199901102,0.0018335824
2208947308,0.0004328794
2219374701,0.0012193902
2219719008,0.0001380416
2229403703,3.0671451e-06
2230620701,0.0028172226
2236170001,0.3959797
2236170603,0.00065371837
2240212202,0.2671921
2240340401,0.5115991
2240340402,0.38359162
2248758202,0.105161846
2249717702,0.0058759185
2257561501,0.28626314
2269306501,0.92679745
2278714003,0.040975317
2278733401,0.00054187886
2282054001,0.00035170556
2282582301,0.001839742
2283563801,0.9546848
2288145801,0.008707996
2297574702,0.20309696
2298235402,0.0028560262
2299118901,0.016588595
2321110901,0.283103
2325702201,0.49510387
2331537803,0.00014167183
2331839901,0.33393842
2340085901,0.0023815448
2340186605,0.005692197
2349099503,0.31217733
2349156501,0.009100233
2349163301,0.00023808342
2349337001,0.78077346
2369119608,0.000833166
2381892403,2.5808637e-05
2381892404,1.958883e-05
2382288001,0.042818774
2382633101,0.1273028
2382633102,0.017475089
2413763403,0.00265931
2414654901,0.9111309
2431354801,0.011827997
2431354802,0.028799074
2431354803,0.047737215
2431486803,0.00043055712
2431486804,0.00027116365
2431674302,0.21853629
2431698501,0.6237793
2431698502,0.7149169
2440905701,0.26585925
2456122501,0.002489191
2456122502,0.17795411
2469352804,0.00033304404
2498578301,0.5991235
2506398602,2.5032715e-08
2506399902,1.2803571e-15
2511727304,6.398033e-05
2515483101,0.0003289676
2515483102,0.00042225097
2519562303,0.0019237973
2543370304,0.10351099
2558658502,0.0008199418
2559088601,0.02676152
2559088602,0.23348098
2559934101,0.6201667
2560054501,0.19605021
2572286603,0.0001801537
2573502001,0.67436856
2585953003,0.4980954
2587869801,0.1553089
2598839001,0.044086583
2629696301,0.015351554
2630201102,0.00487474
2633388402,0.0015733445
2668310702,4.584526e-07
2670173501,0.6668167
2670932602,0.006194754
2670998901,0.01585765
2711759301,0.99314755
2712677601,0.0004733009
2712677602,8.028077e-05
2755211904,2.0576588e-05
2755686901,0.96177036
2755720001,0.00086883653
2755720002,0.0001208418
2795010701,7.430724e-05
2795010702,2.3481703e-05
2813740001,0.046056718
2813962203,0.00699702
2813962204,0.020322878
2845569801,0.7221407
2846479102,0.027543321
2850953202,0.029265482
2852637903,0.017107362
2860940301,0.94796205
2860940302,0.0051301885
2884064201,0.009514065
2884064202,0.013272839
2885271803,0.11159645
2885606601,0.016469566
2898001102,0.00095681974
2931001401,0.0005790176
2973159301,0.6833304
2973919907,4.9153743e-05
2978129201,0.28290606
2978129202,0.9869265
2982926503,0.004974246
2983350401,5.324197e-07
2983448601,1.755262e-05
2998401401,0.737423
2998413101,0.111355245
2998413102,0.07243818
2998680801,0.7638829
3003143901,0.04914672
3014114101,0.84611285
3014130801,0.008370086
3014155401,0.057305593
3014626201,0.9041276
3014666201,0.0008055661
3018949201,0.0011552161
3018949202,0.0007880056
3019337302,0.0708775
3026816802,0.869217
3031174902,0.100447826
3031368202,0.03880794
3031428201,0.39579362
3046805201,0.20389383
3046945402,0.00041676077
3053489302,0.0077177156
3055760803,0.0002528787
3058004502,0.338784
3058007201,0.8512767
3063992801,0.032686595
3071881101,0.04852142
3071881103,0.0061181756
3071881104,0.011005929
3102001301,0.40550426
3103558401,0.9880498
3103575802,0.075395994
3110540201,0.21418528
3110540202,0.07366439
3110603901,0.38708714
3111950501,0.001303271
3119795201,0.14973742
3120236902,4.2622023e-07
3132119001,0.9401219
3132142001,0.2358764
3133342702,0.006896884
3140936101,0.037449602
3141154101,0.0
3141154102,0.70986784
3142064902,0.018017678
3157252801,0.44824904
3167063202,0.06331224
3175297102,0.00027211854
3176004601,0.7794105
3179612006,0.2708928
3179929603,0.0012106714
3179929604,0.0060680644
3185258505,2.7603623e-11
3185298001,0.9953731
3185298002,0.9915309
3187201101,0.08623867
3194381902,0.709346
3194575303,3.6706588e-06
3203463001,0.06110728
3203463003,0.19784616
3213709901,0.0005011566
3222460802,0.02345747
3231889301,0.091488265
3232159104,0.005495862
3232441901,0.87285227
3234812501,0.0058879587
3245705601,0.017490864
3246227701,0.23359808
3256908001,0.008856056
3268340304,0.0040547
3268340307,0.011419253
3269099802,0.00017924693
3269552901,0.0069535547
3269552902,0.5563804
3269953802,0.00030067452
3276522401,0.14322245
3276533002,0.0036986945
3276533004,0.27758017
3280637501,0.66749835
3280637502,0.09265831
3307649701,0.028127622
3318030301,0.15301797
3318466001,0.62882805
3318512401,0.004165708
3334199001,0.96458334
3335085001,0.003596971
3335085002,0.0006978047
3353118201,0.936612
3362798301,0.9583363
3363285304,0.042208143
3364330102,0.00010630877
3370676108,0.011562268
3371460301,0.03277593
3373201704,3.666303e-05
3377092703,0.010761801
3383635903,0.007077229
3384068301,0.89241785
3390475201,0.25865254
3390701001,0.45858076
3391691903,0.00018982092
3392745901,0.6676004
3393136902,0.00016169666
3393383702,0.30185226
3399912401,0.2724787
3400905505,0.058958944
3411844501,0.2501236
3417332101,0.0326054
3417332102,0.0018604774
3424745501,0.0079738265
3434489003,0.0013111182
3434489004,0.00028761427
3434489005,0.9650361
3434667601,0.07093317
3441905501,0.014040248
3441973601,0.011029875
3441973602,0.025902666
3442555603,0.007639296
3442733801,0.7523516
3447794201,0.1657782
3448817501,0.014498597
3448817502,0.000115060255
3448820401,0.7020179
3453778701,0.996073
3467188601,0.8844335
3488902701,0.58931994
3489887102,0.005014391
3492120601,0.100195475
3492623801,0.54414827
3505074004,0.22147796
3515144901,0.005752237
3515201401,0.35757816
3515201403,0.07509151
3515201404,0.24001251
3528137002,0.0007511417
3531535801,0.85721403
3531545301,0.9549129
3531545302,0.08128272
3539425602,0.00031002826
3561454202,0.001291244
3561454203,0.0018114108
3563221601,0.0889072
3573729201,0.7823679
3577053401,0.005120374
3577053402,0.9413388
3577053403,0.015304033
3577105201,0.07646055
3587746301,0.004297614
3587746302,0.0035545859
3599902601,0.013406289
3599902602,0.027613066
3627371304,0.010612463
3659498501,0.79230106
3659548101,0.49480188
3666336101,0.95363647
3666450101,0.55197465
3666450106,0.050658245
3676842402,0.85405284
3677387808,0.009369658
3692332901,0.79845226
3692332902,0.08164904
3704799301,0.9479408
3705786301,0.016920226
3706298501,0.5282275
3706298502,0.0022869012
3719507701,0.9547251
3785931001,0.18867102
3789267501,0.63974375
3823037501,0.7798067
3823424101,0.6980371
3831648301,2.5233e-05
3831648302,1.859894e-05
3831650501,0.31090066
3831669101,7.1351824e-05
3831669102,7.868113e-05
3832537201,0.004458815
3832537202,0.0013379119
3832537204,0.0025808231
3836271401,0.011873719
3842383401,0.96626717
3848340502,0.0041316384
3848340503,0.009312754
3857102001,0.99831957
3857190802,0.048145577
3860367301,0.9665323
3871032102,0.0010495327
3872898902,0.10469404
3872898904,0.07857576
3874032101,0.28118822
3874509601,0.008187267
3875475301,0.566363
3875475302,0.20616564
3899057102,0.7860626
3947803802,0.0059240055
3960490901,0.9680145
3960825001,0.32216406
3964510301,0.025682576
3964510302,0.80128026
3964580201,0.2566138
3964596201,0.00081480877
3964596202,0.0003090329
3964596203,0.009986521
3964598901,0.0012154186
3964598902,0.0011131858
3964598903,0.003554427
3964599101,0.0055265543
3964599102,0.013769265
3964599103,0.005901978
3964866401,1.476708e-05
3964866402,1.3751015e-06
3964866403,4.2945456e-07
3965453201,0.00012930886
3965453202,0.0011127912
3965453203,4.335235e-05
3965926901,0.00013392553
3965926902,0.0023446109
3965926903,4.6167002e-05
3985732201,0.03245022
3985850701,0.99722904
4002980201,0.036555685
4002980202,0.027733069
4006122601,0.74111724
4007664701,0.0046982807
4007664702,0.0011499878
4015435201,0.21002764
4024771902,0.80724984
4049614402,0.18206315
4049614403,0.05330632
4049639801,0.00027715045
4053529007,0.00016807977
4053530302,0.008658254
4054021301,0.27110958
4054091401,0.49476802
4054569402,0.54990274
4071509102,0.035757292
4071736501,0.5066462
4071736502,0.23928714
4074927402,0.9745247
4079750401,0.0014092415
4079750402,0.5308687
4079755502,0.07000533
4087813603,0.66111773
4090461902,9.4290626e-05
4092452401,0.9509094
4092541804,0.022435615
4097449901,0.02656883
4097584204,0.00049706403
4097584205,0.0006534826
4097584207,0.0007661128
4101147101,0.17999351
4103172102,0.0036344547
4103282404,1.4268974e-05
4123125201,3.002566e-05
4123917001,0.28417483
4124707301,0.42261225
4133885201,0.0041163927
4135932601,0.005470613
4138586402,6.875586e-05
4150732601,0.34403557
4150874601,0.9327069
4159045304,0.0079757385
4162249605,0.008235821
4162577901,0.03362184
4163071201,8.982715e-05
4163071202,0.0025633555
4194266004,0.030121336
4195029201,0.43062973
4203595801,0.4681476
4204477601,0.010802239
4204477602,0.0100212125
4214979601,0.5372849
4221337001,0.028400721
4221337004,0.46982768
4242423301,0.00041488287
4242423302,0.0002677732
4242492204,0.00017196593
4252370002,0.001148937
4265744501,0.9698102
4265744601,0.9778878
4266274701,0.33870462
4267727901,0.74876845
4268151601,0.95170915
4268548501,0.053980708
4276855001,0.12870099
4277788301,0.044579864
4277788302,0.0019156183
4317398502,0.056885332
4317398504,0.039187852
4318622401,0.40545642
4351491201,0.027702548
4351491203,0.0017608871
4351502401,0.5107316
4351502402,0.8333745
4351985201,0.006430006
4354192602,5.263114e-05
4369702502,0.0063458276
4392689601,0.012550935
4392689602,0.14563324
4392938201,0.7363465
4397781501,0.8463503
4397827401,0.044470195
4420128402,0.002840625
4432802502,0.008329915
4439556002,0.19469349
4440082102,0.81250644
4447659308,0.0007950322
4448257801,0.004163782
4448257802,0.015461702
4448257803,0.021008113
4459765301,0.045741133
4471851601,0.0035616644
4472600001,0.7410421
4480103301,0.99026906
4483827501,0.75811356
4526160001,0.8910633
4526160002,0.62551117
4526169201,0.93378145
4526646101,0.035294306
4527133503,0.16243233
4534806301,0.0005721966
4570121102,0.6336964
4570163001,0.06391506
4614313301,0.058177248
4652070001,0.010998037
4654144401,4.0193307e-05
4654993101,0.33075425
4665897205,0.14490968
4666292102,0.015167532
4714868201,2.0107782e-05
4715124501,0.07243565
4715124502,2.9193201e-05
4740221401,0.92425084
4740233701,0.9151012
4740749901,0.045013502
4741205501,0.95908105
4741205502,0.8773614
4741205701,0.07377632
4741205702,0.01802254
4828220101,0.9354734
4828220103,0.008147879
4828273601,0.16599755
4829203002,0.00013166969
4870279902,0.00068754546
4870344602,0.00021970039
4871280601,0.859587
4897900502,0.00016045965
4905823102,0.00011861151
4905823103,0.000114782546
4905977201,0.027832247
4912648805,0.13339192
4912648806,0.031584676
4913506001,0.05733608
4913793601,0.068437956
4921874606,0.0028693106
4929679601,0.0003148291
4929679602,0.00027981558
4939022301,0.9295863
4939990902,0.032795865
4953460001,0.00053351204
4953460002,5.3984415e-05
4954065603,0.0005342746
4954066306,0.0017447436
4954140202,0.0003889075
4957545301,0.5644943
5001067201,0.13916743
5001068901,0.050711118
5001102201,0.11319538
5001765202,0.03853182
5030995301,0.66419655
5030995302,0.7905771
5037787401,0.16382353
5042097601,0.68728685
5085962001,0.014757615
5085962003,0.008503729
5128835901,0.17047937
5171914801,0.07343414
5257763902,0.00015510329
5344625701,0.026755173
5431124201,0.051577102
5432059804,0.013158736
5502166501,0.30585045
5502186202,0.0024580657
5515505102,0.0025986
5516463201,0.012413446
5516463202,0.061587907
5518119901,0.022265162
5527110401,0.01583948
5527226202,0.9489043
5545249501,0.66908383
5545250301,0.10766743
5545426902,0.007258667
5545507402,0.0028014919
5547289901,0.7895055
5547289902,0.03428433
5547432903,0.009436727
5549728103,0.00011479864
5562237201,0.5686053
5565278504,0.0002816259
5570770602,0.0003563333
5574626201,0.9414383
5575808301,0.9136223
5575899202,0.0
5584894004,0.0035351857
5591586001,0.31283075
5593112503,0.0019574845
5600446501,0.73385596
5626985801,0.0066063805
5627065601,0.097934656
5627482401,0.00090470625
5634727201,0.71154577
5643788502,0.5052411
5643825301,0.2987027
5649444901,0.015257819
5659416702,5.8698977e-05
5659617704,0.0072392304
5661352407,3.171115e-05
5670177604,0.06658335
5673306902,0.14238934
5677316201,0.010438613
5686364903,0.03129195
5686364905,0.04252361
5686448101,0.048955895
5686939601,0.019832034
5686939602,0.001425106
5692699102,1.2078125e-06
5701501301,0.008176994
5701501302,0.12993497
5701929301,0.005764497
5709587101,0.85202205
5711132401,0.93327904
5711205901,0.81207955
5712239104,0.05842826
5721670401,0.0019489662
5721670402,0.0005634476
5723846602,0.0015697874
5724783701,0.6406336
5727492901,0.33529547
5738102001,0.520645
5741840401,5.2340092e-05
5741840402,5.2358613e-05
5741840403,0.00031068307
5741840404,0.00033130514
5754904201,0.77873194
5769526201,0.082171105
5774550401,0.33276722
5777786802,0.12811996
5784683004,0.024466973
5784944902,0.18585058
5800167503,0.33181193
5800281702,0.6406277
5805734802,0.00020778361
5806463601,0.043395847
5813672601,0.03323934
5813672602,0.0054402654
5814217001,0.9467101
5814217002,0.015292202
5815915803,0.00018263563
5815915804,0.00016770486
5825911002,0.40641788
5837485301,0.010556633
5837485302,0.011454079
5837485303,0.25765178
5852494403,0.50530994
5857455101,0.0010788728
5865628302,0.036930073
5865628303,0.19972542
5865628304,0.2927523
5866378902,0.44425473
5876996601,0.8726155
5887774601,0.08941441
5887988502,0.38074702
5888902201,0.2684196
5897340001,0.32605183
5905570003,0.16242886
5906064602,0.0008160691
5906076703,8.296934e-05
5907142001,0.65995187
5941366101,0.95798707
5943297001,0.955151
5944023101,0.9473802
5944023102,0.1073916
5944753601,0.26693925
5955473401,0.33884406
5955473402,0.11352921
5956030402,2.186367e-05
5956983603,0.0008700772
5965996401,0.032904353
5965996402,0.002876408
5966774301,0.020877654
5970269802,0.0012722482
5978675402,0.23746789
5979358401,0.1893734
5982349401,0.046671648
5991614302,0.0001974119
5997905301,0.27639624
5998056201,0.31141728
6007267401,0.5592487
6008380201,0.04529928
6008963601,0.62235534
6008963602,0.09929967
6008963603,0.19909923
6015938604,0.0020029463
6016002901,9.6461314e-05
6016002902,1.6269374e-05
6016700601,0.20257318
6016802201,0.0037888542
6026872001,0.024939975
6027718501,0.08225328
6028377003,0.13697246
6030946801,0.192927
6035637701,0.20769273
6036742901,0.0002054219
6036869001,0.025365442
6042874501,0.28660446
6043004303,0.0039542615
6043004304,0.010743951
6043375501,0.0015004491
6043375502,0.0014669312
6043909904,0.0011476676
6046288601,0.019872691
6053017901,0.010313911
6053541501,0.011632002
6053818401,0.85447365
6062971701,0.002617188
6069763601,0.6408197
6074889101,0.00530107
6082305101,0.0030791117
6089059903,0.00066063635
6089158202,0.031936884
6119174502,0.0330789
6144129701,0.07021383
6154771403,0.0025038824
6154771404,0.005198129
6155090501,0.0020280934
6165397403,0.00895523
6165653403,0.0027656117
6165653405,0.01552034
6178654902,0.022442153
6180657801,0.074530445
6180805201,0.18977258
6180805202,0.722452
6192574301,0.0049424157
6192574302,0.00022297098
6215724701,0.8740679
6217415803,0.13882196
6228904502,0.13651021
6241089002,0.0045076134
6241093102,0.43362495
6241590201,0.11115925
6242032601,0.015404317
6253595402,1.5284755e-05
6253595403,7.008217e-05
6253971902,0.00016807
6254246401,0.008935767
6254246402,0.006751941
6261133301,0.93687207
6261323802,0.00520791
6265521202,0.004250371
6272611201,0.45491663
6272665702,0.37706685
6279045202,0.87141407
6280378905,0.022475798
6280674301,0.5877109
6280856501,0.17069118
6288299303,0.0034379046
6288299304,0.0027143979
6291912801,0.0011438162
6299101801,0.02803154
6302337203,0.19059397
6302404701,0.1591818
6308923801,0.257734
6309331503,0.0002570699
6309331505,0.00034395422
6313590502,0.45936653
6313914303,0.360667
6318435402,0.2107646
6318435404,0.10271735
6324683401,0.7178282
6326181102,0.23043758
6327267202,0.0003749021
6332963401,0.14287569
6340819502,0.65631074
6341634501,0.22789408
6351354601,1.0143959e-05
6352203501,0.00017396711
6352203502,0.00095972954
6352379501,0.079998665
6359069701,0.005872989
6359214001,0.0081385
6361511001,0.056584258
6361919203,0.4787103
6368632901,0.23699932
6368776201,0.23801158
6376477803,0.008285543
6376804901,0.012510207
6376807501,0.0015080228
6376807502,0.011411436
6387572703,0.00058484165
6387572704,0.0003683401
6387866702,0.0034864964
6387966304,0.19016024
6399136702,0.0004513044
6399459503,0.008851495
6412380401,0.13675061
6424210504,0.031386025
6434460401,0.5428165
6435212501,0.012045634
6435212502,0.033717275
6485866101,0.00039388434
6485866102,0.0005852133
6485866103,0.00015436986
6485866104,0.0005415177
6485866105,0.00046630745
6485866106,0.00038560032
6525380401,0.58846766
6538582002,0.23598744
6586048304,0.0025854842
7375361601,0.3188496
7375607502,0.23746562
7392507002,0.0004627469
7392507002,0.00046298033
7427155401,0.0060259122
7427155407,0.5702069
7434621201,0.009198351
7434621201,0.009198351
7434621202,0.00060816633
7434621202,0.00060816633
7443700003,0.0021639462
7451108101,0.0018091997
7451922401,0.0021114494
7459694901,0.039718546
7459694902,0.023048133
7482930601,0.0034085487
7507619201,0.9782778
7516057103,0.0068442705
7522371801,0.6398142
7530608901,0.018147137
7530702201,0.2720405
7538565803,0.0054565333
7538725301,0.054834865
7538917601,0.27649495
7539189001,0.5359144
7546329201,0.42160425
7561012505,0.0008191773
7568374001,0.9728309
7568374001,0.95441496
7575508203,0.0016054966
7575571607,5.8768197e-05
7591712304,0.02200941
7600180003,0.12259619
7605870901,0.13290687
7606518401,0.4432773
7606562302,0.49168003
7606612701,0.5691657
7606666902,0.14209814
7617356301,0.008151344
7631539701,0.8779472
7631618801,0.18705006
7631618802,0.0007715307
7638650802,0.30752245
7639159901,0.012051452
7639303301,0.48400548
7639303302,0.5323727
7644614602,0.0034922445
7644614603,0.038365103
7644614604,0.06583605
7661644001,0.13158305
7675873301,0.158326
7675873303,0.0047323764
7676218301,0.18158834
7676567601,0.0022624356
7689270401,0.50175226
7689270402,0.88011235
7792450201,0.65516454
7824594601,0.9186931
7837460901,0.033665217
7875409802,0.009554912
7875903801,0.035543695
7912466701,0.0019683545
7912507701,0.91821426
7912545601,0.053076163
7913292301,0.0012611474
7926475902,0.23806006
7960579101,0.9970552
7971252002,0.23390344
7982089001,0.14062242
8004746701,0.14505531
8004867004,0.8415717
8324325901,0.79313004
8359092201,0.5582338
8382728801,0.17871839
8391827801,0.5709118
8463689001,0.033642188
8464525501,0.8362374
8474543001,0.35610574
8474787203,0.8976438
8475697403,3.6870984e-05
8475836301,0.0025077558
8500576401,0.0050527942
8501067001,0.5196507
8512562301,0.09043572
8535969701,0.053106062
8535969702,0.22159834
8536160701,0.6290742
8557710801,0.111465044
8563941501,0.004741283
8564200602,0.0005637825
8564269102,0.00031549163
8576045202,6.5578166e-07
8585618401,0.014621922
8585618402,0.48966992
8592489001,0.7553248
8602080602,0.0010636415
8603125301,0.0017327226
8625205701,0.10654809
8625205702,0.47293574
8625492902,8.615119e-05
8632462302,0.043369744
8633423501,0.87033653
8633435102,0.00034191087
8651144702,0.000517043
8652128901,0.59146273
8663328001,0.048668556
8688852701,0.010787132
8688852702,0.0012913684
8705532001,0.27596283
8705793603,0.016851263
8705793605,0.045607172
8716784101,0.09030591
8716784103,0.012835037
8726694203,0.0026764162
8733387901,0.5600903
8754358902,0.035710424
8778408101,0.14878872
8788823901,0.26139227
8789967903,0.00073817064
8823309601,0.5876438
8833986501,0.5965987
8851497101,0.033421326
8851956101,0.22754376
8852008701,0.010604194
8852189402,0.012706349
8861191602,3.740084e-05
8881178201,0.9947732
8898627501,0.41803655
8898627502,0.034176346
8905393404,0.19270043
8905697201,0.00037409292
8905697202,1.8999344e-05
8913706803,0.0003311637
8914097501,0.15410177
8924303201,0.9763749
8924303202,0.20794208
8925222504,0.04719282
8925357001,0.01918981
8930756502,0.0029005597
8931838602,0.027613332
8941135101,0.14237277
8942065601,0.021372134
8956699101,0.21430577
8957784501,0.07095862
8957784502,0.0031391631
8965832101,0.83449316
8974209201,0.33187872
8980662303,0.00019679997
8981040401,0.00060782675
8981040402,6.662999e-05
8991306903,1.0143979e-05
8996784601,0.833525
8997116301,0.14886042
9008303701,0.98989457
9008303702,0.097483955
9016544001,0.29902804
9022828902,0.0128698405
9022853401,0.008155921
9022878501,0.54036885
9022890901,0.041902926
9023643801,0.5080488
9041772101,0.9849844
9042252402,0.51885563
9048609101,0.2804368
9049168001,0.009439753
9065882101,0.39301333
9066105801,0.0066389805
9066127701,0.24912187
9066386302,0.03436151
9071694402,0.0069792676
9073074701,0.00048679614
9081432501,0.41704848
9081838502,0.3036357
9099943601,0.8350726
9100943301,0.06816601
9107170701,0.36460614
9107893601,0.6639485
9114721801,0.44146767
9124466901,0.94163877
9131653602,0.003426548
9131653604,0.37530148
9132419502,0.30170333
9141025802,0.00038081856
9141026002,0.045967862
9141422303,0.00020520834
9475348801,0.7682521
9475628901,0.11090454
9509231003,0.003055544
9517431301,0.10932564
9518324401,0.002139854
9570260101,0.0008144629
9571788104,0.034539636
9572072601,0.63981956
9580433902,0.1028746
9580511005,0.048370384
9581394501,0.0023678085
9584949203,0.001959675
9603923601,0.931222
9647563801,0.96517885
9654057203,0.005505085
9681050603,0.01609616
9681868001,0.04957422
9688924805,0.0046422775
9708044101,0.05752251
9708421301,0.049133282
9710542301,0.0024519118
9710542302,0.015093511
9729263202,0.07684553
9729640903,0.0008107454
9769165301,0.7971381
9776252401,0.00067262043
9776699301,0.8046527
9788835703,0.31773686
9790248301,0.8781887
9799135801,0.58744955
9831842503,0.019288594
9831864401,0.019915149
10019081801,0.37928703
10019140201,0.47299308
10030598401,7.683438e-06
10030598402,3.0959773e-06
10031003601,0.0041501354
10056971004,0.0030120986
10057104001,0.65775144
10057104002,0.15206043
10058843802,0.81105584
10058843804,0.0030979658
10068997301,0.16728587
10069995501,0.95791966
10094739503,0.7135943
10094763201,0.0030542095
10094797703,0.014517503
10095808402,0.4771108
10095843301,0.20559064
10096215701,0.00855323
10096417101,0.11702771
10108020001,0.030161938
10108283401,0.0027025884
10119610201,0.012194569
10119610202,0.0023581176
10132909501,2.7210413e-07
10148655101,0.043871883
10161078302,0.8108297
10161080704,0.83065593
10186375301,0.18040729
10186596501,0.14249054
10199039201,0.746208
10212986001,0.013724635
10224618801,0.88000137
10224618802,0.08479835
10224901702,0.62214774
10263813202,0.035301913
10264287001,0.00062322826
10264316301,0.00014314026
10264348201,0.002858368
10274366302,5.5169185e-05
10314524801,0.03992757
10325796706,0.00082868146
10353132902,2.6352614e-38
10364895801,0.8561672
10376367904,0.32306
10376397901,0.00056809705
10390531901,0.007126697
10413925202,0.0036880646
10427433001,0.024238672
10441934105,0.0005598003
10479034102,0.5529978
10480383401,0.14582947
10480383402,0.21088377
10493181301,0.62246305
10518842403,0.7115616
10519098404,0.1881028
10529676301,0.0023925956
10529676302,0.00983682
10568487504,0.65733445
10837497602,0.00019056081
10837842705,4.2293854e-05
10859048002,0.013390883
10884591901,0.058149774
10886092801,0.00071550615
10886419901,0.00018305179
10886419902,0.00015855425
10898348201,0.3398861
10898348202,0.635901
10937635604,3.1853273e-05
10938015501,0.02574857
10938019301,0.012402274
10949837601,0.32944795
10950331601,0.3923285
10963396401,0.6113071
10987510902,0.0077938735
11001893001,0.006885808
11035433901,0.017595114
11054170402,0.018598167
11061602801,6.663603e-05
11062190401,0.69056374
11062805303,0.045030296
11062805304,0.023466203
11075892603,0.00052464235
11087920102,0.006498098
11102317801,0.85873777
11102719501,0.055256765
11126632602,0.044241987
11140384101,0.50907874
11144934701,0.016087145
11144934702,0.0052351826
11150781601,0.6385283
11157210001,0.22196764
11162241502,0.10506886
11172093002,0.00012295002
11172279402,0.0064092097
11172279403,0.017308172
11175985301,0.16038677
11176276901,0.28470322
11177023101,0.34182495
11177053903,0.71795017
11184523001,0.3088198
11188722501,0.57543474
11188877204,0.0018025254
11188897502,0.0012489206
11196832301,0.34101242
11208954303,0.001588229
11221303101,0.6549481
11226066102,0.10903023
11226298602,0.015855284
11237798102,0.004669245
11257430701,0.039903484
11257592301,0.59707004
11257820204,0.00041496672
11257820206,0.0004465407
11258650602,0.00065473217
11278457201,0.23651415
11289868301,0.54422367
11289874802,0.013334743
11316068701,0.044708822
11316097901,0.85137707
11326728502,8.5862244e-05
11326728503,1.8846422e-05
11339655703,0.09277485
11341112002,0.9062316
11351159103,0.020484565
11376871801,0.91616476
11376871802,0.75617856
11390038802,0.3065911
11413054201,0.00028023153
11413054202,3.5824454e-05
11413963201,0.9907644
11413963202,0.009644358
11426827002,0.04638679
11793527401,0.45257354
11801117801,0.70871925
11801536001,0.21672602
11801607802,0.18188737
11805993502,0.0043464825
11813989304,0.0021882558
11813989305,0.0043390845
11813989306,0.0013382286
11814710701,0.0018459319
11819609403,5.967779e-05
11819664401,0.07849842
11819664404,0.25889137
11819770903,1.02250115e-05
11819824801,0.011943067
11820008001,0.0007134414
11828042701,0.13862132
11832157008,0.00022336633
11832289607,0.0980046
11843969002,1.4100384e-05
11853010701,0.8502369
11866683301,0.90140283
11879817401,0.003208537
11892274901,0.77944064
11898109002,0.0017868578
11904677202,0.13121137
11921955101,0.14366189
11922271301,0.012277121
11922514501,0.0125039695
11933439101,0.65417063
11938562501,0.52414787
11938810101,0.3031541
11950168708,0.0051953606
11950621401,0.041988976
11956086701,0.85779124
11962420701,0.0048166253
11967724601,0.6518329
11987903601,0.24187723
11997553101,0.45006534
11998011201,0.81015795
11998113401,0.7470074
12027622801,0.03294284
12028115501,0.11515022
12034182301,0.24982977
12039326410,7.903185e-05
12039326411,2.3972952e-05
12039326407,0.00014064538
12039326408,3.8061888e-05
12039326409,0.000120989964
12039513701,0.00959771
12039513702,0.02877629
12039720501,0.10559957
12039721702,0.003946231
12040021401,0.021983244
12061103001,0.38362998
12061103002,0.5437826
12081715301,0.0045307428
12081715302,0.18062517
12093407101,0.0071385764
12093761601,0.30322716
12094161401,0.9361485
12113719101,8.1279795e-06
12145433301,0.020714922
12158637201,0.5598109
12167517401,0.91003305
12200275401,0.57729214
12200597701,0.027582802
12200666501,0.95301133
12220988502,0.13294289
12242476801,0.026116028
12243213301,0.79576176
12253794801,0.90191036
12264264401,0.99338925
12285400501,0.9661044
12317287902,0.0011060307
12339813301,0.92092043
12350845102,0.0017719696
12381617802,0.0022348387
12390795801,0.030133301
12390866501,0.19268401
12391973001,0.0008902403
12426094001,0.51229775
12426405501,0.15530035
12426405502,0.8684208
12426436303,0.00013019671
12458398501,0.065275624
12459356401,0.6339904
12459356402,0.14962232
12479663401,0.27478212
12489976901,0.945003
12510041603,2.4112087e-06
12510943101,0.26788127
12522039801,0.005925449
12522220604,0.004422229
12522220605,0.006338621
12522821001,0.46882924
12533032001,0.091032356
12533039501,0.6828922
12546033301,0.00014854966
12553900602,5.509858e-05
12553900604,0.00011811895
12553921701,0.00045032203
12565600201,0.041204646
12565956701,0.18909758
12565956702,0.00042286306
12576085101,0.005259066
12596876401,0.007110307
12606428601,0.96992797
12606499301,0.29978463
12607327902,0.0010510224
12607799201,0.7653441
12607810001,0.48719198
12630682801,0.25173154
12639315001,0.7057787
12656178701,0.3306971
14059590301,0.08804102
14068744601,3.1629163e-06
14079745901,1.036909e-06
14093858001,0.7612659
14094049302,1.2745957e-05
14128126001,0.1003123
14128126002,0.73932874
14133479301,0.06692006
14141282301,0.9847285
14143575801,1.2813112e-07
14147252101,0.0027736204
14148039401,0.016697874
14148238601,0.48356873
14148498103,0.00010439924
14171216701,0.6533249
14175278701,0.008205214
14175577002,0.00039543872
14177059201,0.4873549
14180659802,0.0001380216
14181146904,9.2826185e-06
14182800702,0.00033368
14186670401,0.0002671846
14186670402,1.2241926e-05
14187156903,1.9210303e-05
14208293201,0.0022908212
14210530801,0.12565076
14210918504,0.017090587
14214784903,0.0081649255
14214784904,0.009721899
14214822801,0.8389982
14214871202,0.10340816
14785851101,0.95551056
14787355302,0.0010855523
14884825503,0.001187815
14910260201,0.015754618
14910260202,0.07284021
14917608001,0.0032399446
14917608002,0.002473442
14917608003,0.0019641642
14919080201,0.005095006
14919514302,0.056380596
14922069301,0.30494067
14927061301,0.05674694
14927436702,0.0040839
14930274401,0.98058206
14930274402,0.9865145
14930817504,0.0002769043
14934986701,0.99743015
14934986702,0.9979736
14934986703,0.1726428
14939257402,0.0440433
14944716001,0.0
14944716002,5.1471837e-13
14949842501,7.3030875e-05
14949842502,1.3701514e-05
14987370902,0.0049861856
14993094602,0.00021370898
15003020501,0.9985985
15003020502,0.9969734
15009886001,0.9957579
15010147201,0.27580658
15015126201,0.99232954
15015126202,0.98724955
15020394201,0.044503246
15030038803,4.952356e-05
15032061002,5.89822e-15
15042980702,0.003740614
15044304601,0.00082322175
15051620201,0.98932016
15052358402,0.00084419746
15063635601,0.006634177
15063635602,0.004742548
15071886401,0.0482175
15086376801,0.028285975
15088003801,0.14685856
15104739403,0.0023536514
15105371901,0.08341734
15118385001,0.0011755964
15118864503,0.050916713
15120148501,0.22900882
15129820905,0.010345109
15138784001,0.36654192
15138832401,0.0075237406
15138832402,0.052584924
15153447503,1.4266076e-06
15160209601,0.12707852
15169357402,2.7859762e-05
15170787001,0.05976657
15212279301,0.0018087728
15212279302,0.000112554124
15226473702,0.8337793
15235037301,0.20082307
15235037302,0.001380473
15245720301,0.4351603
15254053806,0.00031136625
15254053807,0.00026600648
15254317001,0.65091246
15254700601,0.007346564
15262595501,0.67577064
15266038501,0.073144324
15289652401,0.108773455
15289903601,0.083118014
15290875301,0.00035528393
15290875302,2.7353739e-05
15290889701,9.094174e-05
15290889702,1.2581124e-05
15290889703,0.0018128356
15301725001,0.7038803
15345478201,0.84392333
15366956901,0.043259833
15419006804,1.9802768e-05
15419966501,0.040917117
15437834606,1.5480742e-05
15439316701,0.7987641
15439316702,0.7691016
15439658101,0.0010677237
15439658102,0.00022986213
15439674601,0.0010901162
15439674602,0.00024516627
15451417007,5.3108824e-06
15452472302,0.017022388
15518488001,0.68563104
15518514202,0.015863188
15518514205,0.17479414
15518987401,0.124160394
15528599301,0.00081781944
15528599303,4.503004e-05
15528612101,0.011738967
15538521202,0.003085462
15551479802,0.00066920853
15562018704,0.51786804
15562018706,0.057796065
15622784802,0.004048512
15622784804,0.0059780404
15622784805,0.98090017
15622784809,0.88585544
15623636104,0.03284015
15632989001,0.022319697
15665276702,0.03907104
15666885101,0.7110491
15677513102,0.12833376
15706981801,0.0017642397
15706981802,0.00011982768
15719104502,0.0004911967
15806322501,0.18518904
15806322502,0.40503067
15809911601,0.42011133
15809958001,0.93079704
15814195101,0.935543
15814195102,0.31402385
15815687801,0.44477406
15815893201,0.022655493
15815939202,0.0011163721
15815989102,0.007090209
15860720701,0.11729182
15860722801,0.032275915
15860741901,0.007536231
15878178402,0.20572564
15878178403,0.44712183
15912169301,0.012003752
15924871502,0.689942
15947215603,0.0004284461
15947227802,0.22409047
15948113801,0.15279262
15948113802,0.49932453
15948113803,0.50174725
15956590202,0.20095351
15969873701,0.6269688
15980342101,0.0010371814
15980342102,0.0004453368
16013434801,0.96128696
16036773402,0.032233577
16036773403,0.52002966
16066016301,0.14977352
16066515901,0.8348595
16066526601,0.26824728
16068880901,0.036301255
16084755501,0.4709545
16091601404,0.0001523218
16099102201,0.89292634
16099102202,0.8356741
16099304901,0.00040195245
16103732001,0.25765407
16108228801,0.006840288
16108228802,6.0362672e-05
16108592104,0.0015179024
16111060101,0.034047257
16125373001,0.43611535
16126004401,0.91878206
16134286001,0.9894566
16134286002,0.66792804
16143602901,0.0009357918
16154166701,0.025734203
16154930501,0.9935661
16155008801,0.00029045477
16176108901,0.27153632
16176124703,0.15087007
16198132604,0.00022356595
16198826901,0.0042728004
16210735001,0.0001519549
16241062701,0.005731466
16242925701,0.3568615
16253832601,0.32202584
16255155401,0.05343002
16265142702,0.025487004
16266588403,0.042848393
16338814401,0.00084990775
16340585502,2.3182237e-07
16355726201,0.18590036
16356506601,0.5494988
16356506602,0.0098822825
16377210001,4.296465e-05
16377210002,0.0013092533
16398864501,0.24066137
16696934602,2.7919436e-06
16700979201,0.3395483
16708620102,7.604154e-14
16730338202,0.9858824
16730403801,0.00038160264
16730403802,0.00031684624
16734243901,0.96196157
16734313302,0.2496018
16736542802,0.00016075614
16741596501,0.9943025
16741596502,0.919139
16741889801,0.9730355
16752648502,0.8127135
16755489801,0.99496317
16755489804,0.004789993
16757013101,0.80776805
16757013102,0.00030156938
16757013103,0.0048766094
16757119203,0.0041917493
16760273802,8.765324e-05
16760273803,7.525918e-05
16760421701,0.03217209
16769439701,0.00057656365
16769572902,0.0030386988
16771839802,0.0101570655
16775073201,0.7448952
16775131902,0.0010044493
16775452301,0.58455914
16779396102,0.0015270945
16781194601,0.0026200972
16781194602,0.0025916079
16995573401,5.943771e-05
16995573402,4.4458277e-05
17004831601,0.15584777
17023867602,9.58979e-05
17024094203,0.060309477
17025467504,0.005642784
17032889101,0.010877576
17032889102,0.00019157518
17033096503,0.0021237917
17033757001,0.0023744125
17033757002,0.0038048143
17033757003,0.11542076
17033757004,0.11844024
17034101102,0.014155754
17042211401,0.6959734
17043049702,0.038126677
17050929001,0.0055067977
17069188506,0.00040403276
17069237901,0.2002707
17076902501,0.10540458
17077392403,0.04088053
17085770202,0.0008206176
17097239601,0.08864281
17097994501,0.06979121
17106091801,0.5829922
17106337909,9.126813e-05
17106451103,0.01074384
17129234303,0.00077130314
17138585501,0.533654
17147300001,0.0018836072
17147888202,0.004734389
17147888202,0.004116932
17148036601,0.00152079
17153235801,0.071566045
17153235803,0.029700987
17153653001,0.22685835
17153653002,0.20670068
17154219001,0.95925736
17154409102,0.00064292754
17163328601,0.01030385
17174562602,0.0013933218
17174562603,0.03341103
17189929108,4.714329e-05
17195529805,0.00014841743
17196218101,0.020614764
17196218102,0.0044538756
17196401501,0.014157058
17205337202,4.8543896e-08
17205337202,0.10337751
17215521304,0.007124602
17220307703,0.0027386511
17220325201,0.23949572
17220325202,0.013178113
17250251405,0.0005778832
17254841501,0.10476306
17263400901,0.9393903
17264424801,0.020553537
17271798203,0.81852394
17272238802,0.0076226243
17281527201,0.17119811
17281527202,0.15994503
17289329601,0.9899395
17349331402,0.00035221726
17354412401,0.006003755
17354412402,0.03598721
17354412403,3.3245346e-05
17354483502,0.0017380748
17364872701,0.075223155
17364872702,0.20387325
17365440201,0.030321334
17373887901,0.0010128774
17380768102,0.018330498
17381431501,0.701771
17381431502,0.40916535
17381455001,0.18006289
17388516403,0.079752505
17389423101,0.0014310081
17389423102,0.0019221005
17389662202,0.2637491
17406818604,0.010753651
17412582205,0.005413756
17413303503,0.00034769418
17418211001,0.34748584
17429111201,0.2344129
17429382701,0.0009359987
17572863401,0.9115705
17595347901,0.7688661
17602056201,0.006206899
17603913301,0.31265882
17610827402,0.00050457544
17610959901,0.5724615
17611105801,0.034101274
17616422501,0.26428455
17616676301,0.8915099
17687143801,0.9961753
17687143802,0.11141335
17687403401,0.0062651657
17693612401,0.01997953
17695537902,0.00080128986
17702223203,0.0014073591
17707733601,0.9979418
17707745701,0.0010524292
17707745702,0.0028596432
17707747501,0.37166607
17707747502,0.24773888
17711698104,0.0001608877
17711955403,2.6383468e-05
17717368601,0.06798089
17724213003,3.709674e-05
17725470301,0.11925006
17728470202,0.010919155
17730836401,0.96609825
17730877701,0.68111044
17735477101,0.019793484
17738774502,0.0013584191
17738774503,0.0068303472
17904088001,0.06359753
17904198901,0.18030585
17912356001,0.0013851514
17912356002,0.00070274214
17912356003,0.19288006
17930792202,0.75698966
17938380501,0.3599352
17943740001,0.019137152
17943740002,0.025640164
17943740004,0.00048781876
17944028903,0.23425396
17957923302,0.00071634434
17958004502,0.007732299
17963906301,0.09432366
18134118402,0.37456492
18134186402,0.004229635
18157661202,0.00010530337
18179853901,0.09927633
18245089201,0.30832314
18892340101,0.0031772614
18892340102,0.0008768256
18916711201,0.8276693
18917239501,0.06244551
18918175801,0.006082528
18944799901,0.75971365
18969437501,0.99422836
18997220501,0.69974047
18997702801,0.8517428
19023050401,0.25348032
19050445101,0.53434503
19103675001,0.018519161
19103708201,0.648234
19103708202,0.0028645208
19135159105,0.00022014366
19142298701,0.50060207
19158371401,0.5303306
19174414201,0.2170633
19186209601,0.1108782
19186718302,0.0003464428
19212631102,0.50707656
19213189501,0.002322631
19238090201,0.517929
19239046901,0.3960829
19262673603,2.3447019e-05
19263556101,0.8718883
19289499801,0.0009980839
19289499802,0.0005399182
19290685501,0.86256284
19299731603,0.83116317
19301306503,0.0022597227
19304883601,0.011281568
19304883602,0.00081872434
19305978503,0.17218636
19312463703,1.4597364e-07
19316382401,0.0010525445
19317415301,0.4265364
19324209701,0.8500205
19324209702,0.30099052
19324232102,0.4120874
19329729401,0.0023260145
19329729402,0.0014163158
19329739201,0.0014390285
19329739202,0.00072529004
19330551701,0.059560504
19352855401,0.83359367
19358920203,1.0878629e-05
19359667302,0.2905996
19359680203,0.6739618
19365589404,9.649498e-05
19377820301,0.80713964
19377820302,0.6171564
19378772601,0.90963614
19378948901,0.036674224
19384952301,0.7297288
19394961705,0.0053408537
19396503501,0.9738207
19410316602,0.3479153
19421013901,0.053773895
19426444101,0.003992836
19433831001,0.163587
19433831002,0.013395464
19433996701,0.23591195
19439116003,0.0022234144
19439628702,0.2041802
19440839001,0.066695936
19446649601,0.038584195
19447582901,0.80750895
19447582902,0.024495352
19459105101,0.123374015
19479865404,0.09859111
19487327602,2.5111412e-05
19503056401,0.91525763
19504658201,0.7622858
19510340103,0.0021403122
19511848201,0.11713601
19516342001,0.5312836
19516427101,0.22447567
19516427103,0.12458088
19556847601,0.0014687448
19557876001,0.12822224
19610149302,0.0010174463
19611596801,0.32447
19636348401,0.95713633
19637335601,0.37525877
19665444401,0.97129583
19665471101,0.5255965
19679343201,0.92617285
19680816201,0.6312363
19684734802,0.22264552
19690447702,0.0009400308
19695427303,0.019971978
19695804302,0.00682971
19697034102,0.31460425
19704547002,0.0019377808
19707467302,0.6689807
19745290601,0.07544609
19745799701,0.4014645
19746780001,0.012132771
19784795401,0.10791379
19784795402,0.0013803809
19806823901,0.2699597
19806830001,0.002354545
19825741102,0.0008381027
19825772701,0.080404736
19884575902,0.0067724995
19885122601,0.25871646
19931894201,0.9248697
19957495301,0.90841466
19957531501,0.014823221
19983373801,0.40198994
19983373802,0.74398816
20010068801,0.8447402
20017246701,0.97996014
20017783901,0.16181195
20071837702,0.00052580435
20071844301,0.18244454
20095987302,0.041338272
20119314702,0.000639448
20119776801,0.88668084
20120198901,0.5839436
20164131702,0.00020290221
20171847701,0.7812033
20171879901,0.1348276
20194192601,0.9814539
20194235501,0.0025790292
20244560801,0.00074606517
20246185201,0.2805656
20681867404,0.00069963647
20697779102,0.0013494414
20703226201,0.00027114144
20703226202,7.09999e-05
20711385602,0.00027613973
20711942806,0.035267115
20712481601,0.94482255
20712511201,0.57542783
20725890403,0.02466018
20725890404,0.1936658
20726417201,0.98948485
20734665902,0.43812245
20735276401,0.100638665
20742034902,0.037801865
20750831101,0.8968392
20752078601,0.7355175
20752159901,0.9486357
20752344501,0.00093004404
20755487201,0.98345333
20756381601,0.35114518
20756563501,0.616521
20760243701,0.0020567537
20765451602,0.01537979
20765451603,0.0052342615
20765455402,0.00059298996
20766138101,0.35479182
20766664002,0.15392208
20769515203,0.13112375
20775736503,0.030662462
20775736504,0.023940796
20775746701,0.32208326
20779901301,0.03664532
20780616901,0.06256068
20780930202,0.3284232
20785898801,0.32150736
20786993003,0.010913733
20795453902,0.0025323394
20797839101,0.91909647
20797845801,0.7188808
20798008701,0.01589869
20798258101,0.7326735
20798643301,0.0008040449
20798953402,0.0028425353
20799077002,0.0005801498
20803004902,0.7807144
20803778201,0.7811129
20810887901,0.8468446
20811480001,0.078757614
20815128102,0.00058418204
20815513302,2.0268522e-05
20820384201,0.98343223
20820384203,0.090412706
20820384204,0.08233516
20823122404,0.056941412
20823122405,0.10930264
20829558601,0.98665744
20829696701,0.5916649
20829776001,0.9625288
20829796302,0.022650577
20830098501,1.7464909e-05
20830098502,1.6379423e-05
20832372501,0.6009212
20833033601,0.373076
20833035301,0.747852
20833304701,0.0039026295
20833567901,0.8857403
20839872807,0.00016814358
20843557301,0.37800866
20843828802,0.011630126
20844682303,2.6270965e-05
20844682304,2.7616821e-05
20848998201,0.98727554
20849184703,0.032736156
20849658702,0.016961997
20853519401,0.48645303
20857996901,0.9751799
20859451101,0.0069643166
20859451102,0.0004368438
20863817306,0.003576975
20864858501,0.93004835
20866976401,0.59926915
20866976402,0.38695046
20871068001,0.99768126
20871941901,0.9592485
20876387001,0.016425714
20876387002,0.0016431754
20876538102,0.044202413
20877070601,0.9954146
20877097501,0.6230563
20877160503,0.001668481
20881574804,0.00056730787
20882540501,0.00055827585
20882540502,0.0005338361
20882540503,0.00599081
20882540504,0.009379028
20882540505,0.022474311
20883055802,0.00047458438
20885855301,0.9776183
20891756401,0.012190078
20891986001,0.5659891
20894301901,0.24987176
20895092801,0.0050986498
20895092802,0.00048058803
20895455901,0.3048751
20895507001,0.033160806
20900171701,0.004434603
20900301601,0.0017909894
20900301602,0.0002581511
20900324601,0.00023788803
20900324602,0.0002791284
21162288202,0.000503025
21168779101,0.6936512
21168779102,0.12116152
21174262801,0.9643837
21177924002,0.010535348
21183129201,0.43805683
21186454501,0.041754264
21192554001,0.016693609
21193012101,0.057861317
21196596801,0.5199776
21197189801,0.8289087
21201552102,0.0014239848
21212162202,0.0071551693
21212162203,0.009595811
21212414002,7.170406e-05
21216928501,0.5873822
21217568001,0.08086632
21218078501,0.9421199
21230498501,0.04721948
21230498502,0.005838422
21236733602,0.017822903
21237202202,0.67696416
21237309701,0.012034158
21237309702,0.016827613
21241550901,0.0013668862
21241550902,0.011072902
21241599002,6.856834e-07
21241599802,4.994109e-07
21241914001,0.10363943
21245264701,0.5919614
21245906901,0.12656735
21246152401,0.72577757
21251976401,0.092739955
21252856203,0.002463532
21253044103,0.002160954
21261208201,0.123301305
21261208202,0.022583116
21271137101,0.0021241393
21276053501,0.00427484
21276076902,0.88967466
21283521201,0.90522355
21284496701,0.1030912
21293936101,0.117617846
21299863202,0.000113582166
21302859304,0.00071946037
21302859305,0.00075161253
21302859307,0.00023753085
21311179602,0.000669666
21319315301,0.11625119
21323016801,0.0016132933
21323016802,0.00020566139
21323175402,0.09618667
21323673802,0.0006353226
21323673803,0.012008137
21323673804,0.01018441
21323789301,0.83143675
21324029201,0.9769882
21324222802,0.00016565529
21330315405,0.00817989
21334217404,0.00090379117
21343634902,7.96704e-06
21344125101,0.0018256946
21344177801,0.03782778
21344177802,0.00051299087
21347491201,0.02494234
21351426501,0.06420435
21351687301,0.7768624
21354540403,0.00076376885
21357923702,0.21956332
21358862903,0.0039846445
21369280101,0.0865831
21370744201,0.20824048
21371612901,0.0060231504
21376117101,0.04482243
21379547201,0.15804693
21382085601,0.36812478
21383074701,0.9226887
21392214003,0.0069883615
21392298602,9.282338e-07
21395552101,0.96220535
21397819501,0.4161664
21401338602,0.00035193498
21401400102,0.0015688894
21404624901,0.0006099487
21404624902,0.0009830254
21404773701,0.6355482
21405477303,0.00012999425
21408274201,0.0026453475
21417636202,0.06420696
21417639501,0.012005099
21418818601,0.93011904
21419247401,0.0022156422
21419247402,0.024640618
21424328701,0.9884333
21424340001,0.17219923
21424464601,0.37330645
21424625902,0.0066801957
21424810501,0.030685531
21425014301,0.30925533
21425357803,7.6077515e-05
21429895701,0.44583622
21430373501,0.0038823034
21431374401,0.16939147
21431625001,0.040005088
21431625002,0.059729468
21433255602,0.34891245
21435519801,0.74562055
21436133101,0.98371327
21437504701,0.07433771
21437890502,0.005067164
21438904401,0.010404645
21441298902,0.0007875965
21441648702,0.0019157041
21441671801,0.037479546
21441803702,0.00031195072
21445435603,0.0013761183
21445547804,0.0017136525
21448380701,0.0311966
21448380702,0.029050192
21449529207,9.827647e-05
21453073701,0.8225561
21453333202,0.024842814
21453810603,0.0006674385
21560515901,0.38671288
21561507901,0.0005186682
21570371901,0.96530485
21613660801,0.891463
21616553801,0.5679062
21619093401,0.001239813
21619093402,0.00016141722
21619579301,0.97622097
21630651001,0.00068770075
21632808001,0.1869055
21634270201,0.036453113
21636770801,0.68687344
21638707302,0.001678308
21638871801,0.054699615
21638871802,0.2945466
21639474101,0.9973116
21641956201,0.00044692965
21644441801,0.97089356
21644554101,0.55078113
21646588602,0.005531761
21646621701,0.4279213
21646874601,0.04002192
21648036401,0.7059929
21651177801,0.013683645
21652075202,0.15078768
21652075203,0.5367856
21652663701,0.92950016
21654581201,0.9618376
21655239101,0.010182189
21655239102,0.01206953
21658400803,0.077207744
21658400804,0.0001650612
21660914401,0.15919788
21661002701,0.11803073
21661142601,0.40956396
21663805201,0.9629803
21663983902,0.068268575
21666856302,0.0031195176
21671727202,0.006435285
21672292401,0.1435059
21679508001,0.29879454
21686895903,0.0007823842
21687199401,0.019342748
21691211203,3.2903415e-07
21691556001,0.17402813
21693606903,0.050564464
21696909901,0.0015812938
21697363101,0.88444686
21699533801,0.12694222
21699683101,0.008199023
21699693002,0.27189845
21701033302,0.00055079086
21701324901,0.004093095
21702837001,0.0040962743
21702845301,0.006450944
21703675301,0.15101488
21703680601,0.0006903513
21703680603,0.00058321655
21705936901,0.0018682539
21705936902,0.0004960244
21714502803,0.21185376
21715177601,0.057201613
21718318102,0.33543104
21718318103,0.5050447
21718450605,0.009309762
21722071702,0.4817761
21725383001,0.29896683
21725383002,0.40315938
21735190001,0.0018286912
21735190002,0.0017516686
21735190003,0.0028120738
21736406701,0.13022324
21736721401,0.7580635
21736721402,0.94074196
21737488301,0.5234309
21738235901,0.004887386
21738722302,0.002134835
21739621401,0.79923004
21741759401,0.9949443
21744156804,0.07643565
21745976502,0.00018372167
21747858501,0.16524307
21747858502,0.34274045
21749660401,0.1594228
21749660402,0.0978829
21752990101,0.9302832
21754901301,0.56113124
21755040902,6.14661e-05
21757087101,0.65776485
21758245801,0.96948695
21764073301,0.71968216
21765575201,0.034292385
21766073801,0.15052132
21766785401,0.0036588833
21766785402,0.010889218
21766795201,0.0010600182
21766814401,0.00013370415
21766814402,0.00029845088
21767280102,0.68777156
21770006501,0.20424797
21778395101,0.017648233
21778746203,0.068906076
21780480001,0.014085754
21780482701,0.013280484
21780778101,0.001110763
21784508901,0.4159176
21784583201,0.017122168
21787561401,0.025772277
21793028904,0.044876978
21793186802,0.10700134
21793242001,0.13121368
21794109501,0.19450854
21794178201,0.0044483203
21796264901,0.68390775
21798386401,0.29815808
21798923801,0.0037635649
21798923802,0.00015120117
21798937102,0.00024878714
21799960901,0.0058612693
21800014702,0.04006175
21802995501,0.0010510114
21802995502,0.001122601
21804892801,0.00034377965
21804892802,1.5836702e-05
21807939301,0.30594525
21813361801,0.9838307
21813375701,0.046650838
21814393003,0.0015917715
21814527301,0.0015775709
21816012105,8.323331e-06
21816239901,0.3010751
21817353103,0.022156881
21817823702,1.7637289e-05
21820998101,0.08650763
21821046702,0.0857249
21821046704,0.010731415
21827103301,0.029939367
21827849501,0.7805292
21828186503,0.17940785
21828203401,0.00021404584
21828203402,0.00027871542
21828203403,0.00047296332
21828203404,0.0012194047
21832096401,2.122934e-05
21832697003,4.7381443e-05
21837793001,0.030212084
21839013001,0.8063004
21841795401,0.65664905
21842497303,0.00044993282
21843045101,0.984313
21843171101,0.41614288
21845215601,0.5924729
21846533601,0.0025459551
21847121601,0.19863456
21847667403,0.006835515
21847697601,0.0015020467
21848394301,0.8304974
21855367103,0.95015526
21856004104,0.0019784453
21856070101,0.93688965
21858952502,0.9087898
21863120303,0.0009470022
21867923803,0.00030080212
21869317701,0.17536755
21875366602,0.3847256
21877724901,0.0007270686
21877724902,0.0005336725
21884606402,9.373093e-10
21886819801,0.61690366
21918310301,0.2209267
21919496902,0.03435842
21940674701,0.7604336
22039160504,0.0026602687
22039625901,0.7880646
22041468202,0.48131096
22041651201,0.013558915
22042174202,0.06016951
22042245602,0.00052741583
22042245603,0.0049870065
22043080101,0.03455079
22043718803,0.0398157
22047113103,0.006251015
22047113104,0.003941144
22047420901,0.005385058
22047833502,1.2109746e-11
22048045001,0.0002009781
22064680205,0.001530528
22066768201,0.7179844
22067398002,0.0027269502
22073610901,0.8251976
22077204801,0.013162309
22077204802,0.54116476
22077721501,0.8757979
22079800901,0.03202599
22079800902,0.019228287
22082898301,0.84751195
22082898302,0.031464215
22085933102,0.002737244
22086766701,0.6386587
22086766702,0.15964863
22088892901,0.87935305
22090400508,0.00050963525
22093489901,0.29419586
22094523101,0.70126504
22096832202,0.011588965
22098420201,0.048472773
22101369103,0.021987846
22103845101,0.016322203
22103845102,0.0013029204
22103887801,0.00028329232
22103900703,0.002456851
22104909001,0.043542754
22106594501,0.013443057
22107750301,0.9560758
22108849601,0.20795439
22109782601,0.000971434
22109983001,0.9605818
22110111605,0.0012514412
22110234201,0.4610918
22110733802,0.01788027
22110800501,0.1796053
22110851901,0.6193718
22115196201,0.009052731
22116154601,0.02148383
22116342001,0.002483941
22117902001,0.00035749664
22117964501,0.99608374
22120066401,0.005232913
22120066402,0.0002526647
22120576801,0.79142547
22120977701,0.80676085
22123841301,0.3342839
22127652702,0.000118576914
22131354402,0.2072406
22133708704,0.14938368
22133708706,0.016010746
22135424201,0.4845468
22143361801,0.71296895
22144415901,0.93578875
22151674001,0.9906166
22154093501,0.12578414
22156544701,0.3551292
22156788401,0.9829555
22157408101,0.60877734
22158378201,0.08932225
22159525701,0.1272954
22161997901,0.4243621
22162943901,0.8423247
22164094301,0.50352305
22167799501,0.0063963495
22168049702,0.00039503182
22168220501,0.4726075
22168220502,0.02904024
22168673801,0.96275395
22169748701,0.9007014
22169765001,0.08580486
22172402301,0.34978306
22172402302,0.41484892
22173421501,0.026371147
22173674001,0.6153828
22174568201,0.2699523
22177719901,0.8398197
22177724601,0.32760364
22179856701,0.7747952
22180188201,0.025378607
22180501502,0.0020075869
22180501503,0.0020960635
22181043001,0.00042697953
22183805601,0.72124135
22184019601,0.000333146
22184019602,4.072847e-05
22184019603,0.00014900761
22184630701,0.7639686
22189569005,0.07892249
22189572802,2.1328511e-05
22191094301,0.5439672
22194201401,0.75879997
22194334601,0.1367627
22194347001,0.075722605
22200826501,0.24429356
22201201104,0.00069778465
22205099901,0.08768275
22205726801,0.19624624
22208455703,0.0009804459
22208687801,0.027371146
22208918602,0.00032381815
22208918603,0.00034884593
22211641901,0.293282
22212659301,0.00022314706
22216033601,0.70522094
22216033602,0.028644295
22216570801,0.45984942
22216579101,0.11334511
22216579102,0.49910122
22218443806,0.003665446
22221648305,0.0024761634
22222977801,0.19841075
22223061701,0.85464245
22224039201,0.10495921
22226337501,0.9887967
22483758801,0.0007708527
22483758802,3.6506623e-05
22485147603,0.0008189904
22492891801,0.7964754
22493069501,0.8779503
22496451701,0.8633688
22498095001,0.119325265
22504037201,0.98445255
22507683501,0.020071825
22507683502,0.36268613
22510010602,0.00029736364
22511986801,0.26769912
22511986802,0.5854559
22511986803,0.82398635
22514644201,0.052825876
22514674901,0.0019265659
22517492602,0.0004044304
22517855904,0.49318156
22523551701,0.9693364
22524306902,0.30030128
22525381901,0.0043345424
22532909603,0.54442334
22541044101,0.8912108
22541344601,0.9738304
22545250102,0.00023463326
22545250104,0.00041940692
22545675103,0.0998354
22574095501,0.7523511
22575075201,0.70221883
22582540101,0.0017490309
22582540102,0.0010386221
22594300401,0.8913131
22594767401,0.29307336
22604745701,0.22164352
22638249902,0.071835525
22672232001,0.047754444
22672232002,0.104839675
22672232004,0.19387527
22683261501,0.9012424
22683287103,0.005313049
22702617101,0.0010533058
22703128501,0.0720276
22703623401,0.0033357749
22703623402,0.02054528
22713709301,0.6451982
22714156601,0.9780975
22746079401,0.47961202
22746581101,0.18457454
22746604201,0.083383605
22746612201,0.00030666147
22747060403,0.9736589
22747585002,0.0032678158
22747585003,0.0038628331
22769036401,0.0426247
22779793802,6.544892e-06
22781298204,0.07573651
22789763201,0.24009071
22789779601,0.9342507
22812334101,0.480516
22812804901,0.00065831497
22834291301,0.17130563
22834332601,0.45133504
22862957201,0.23774336
22862962201,0.00047059174
22873211903,0.31487077
22892300705,0.0011674245
22892747501,0.24283104
22893246301,0.17212504
22893257401,0.90682113
22893269302,0.07151757
22911825702,0.028265497
22911847001,0.24280941
22911847002,0.2495098
22911847003,0.27908266
22942425302,0.3330781
22942427801,0.0031029547
22942482604,0.0020840375
22961976801,0.12889841
22962968601,0.8164467
22971606501,0.021870278
22971646101,0.3756682
22972674801,0.0005046822
22972674802,0.00015056468
22972674803,0.00041681243
22981724401,0.1284642
23002970302,0.00087606645
23002983901,0.01123032
23004470901,0.7821718
23015290001,0.7136915
23035362101,0.45459116
23057082901,0.89275014
23058130401,2.093456e-07
23079372001,0.75617
23090832901,0.5557666
23102425101,0.09148277
23102425102,0.012867369
23102870601,0.5599161
23103886301,0.76046973
23107341601,0.654258
23107350501,1.4369085e-18
23112834801,0.16779985
23113689703,0.005027696
23125098401,0.91258794
23125142202,0.72301114
23125580901,0.15190636
23135126301,0.94506544
23135167201,0.009956996
23135171804,0.055012465
23135623801,0.60460204
23135659901,0.06228447
23136122801,0.38248974
23136122802,0.5409202
23136122803,0.10532286
23146193401,0.35399222
23146193402,0.004001211
23146193403,0.00034126412
23157353201,0.78023726
23172100501,0.969012
23172100502,0.95434904
23174490501,0.0029572407
23177003201,0.91427916
23178018201,0.26168388
23178490102,0.5791293
23180188501,0.3970725
23190221601,0.9322351
23190221602,0.055385407
23197688301,0.8571927
23197743802,0.086623274
23209700402,0.15192592
23231213701,0.014548288
23243648101,0.9635776
23254876103,0.00028862324
23265254301,0.007984175
23276038102,0.13761431
23276887201,0.01788012
23285972001,0.0038558508
23286914102,0.33602503
23286914104,0.21310212
23287386901,0.72943294
23298543101,0.009098342
23298545802,0.78000474
23299544601,0.0078051346
23300046202,0.5927264
23310541701,0.0135041
23310541702,0.0003362324
23311586404,0.69015235
23332010701,0.31513548
23355321002,0.24380204
23355354701,0.8704578
23355843001,0.47281095
23355843002,0.8834384
23356301702,0.03512283
23376269705,0.057145834
23377274401,0.7829933
23398218101,0.6081077
23410160201,0.77563906
23420323404,0.27469426
23431021405,0.16324487
23442220502,6.490278e-05
23442220503,0.00014145208
23453219601,0.15444753
23453966101,0.4195393
23463895601,0.90228474
23474773401,0.049848568
23496903003,0.22916768
23496903004,0.89698356
23509219903,0.0019961342
23518729202,0.00516286
23519268102,0.00018423918
23520285401,0.14607437
23531881401,0.49296385
23541531501,0.26954147
23541623201,0.9689348
23542521601,0.41924584
23552279601,0.01108149
23553247401,0.0008098759
23553303201,0.4806868
23563172401,0.0037278242
23563172402,0.004993383
23563172403,2.1442025e-05
23564189001,0.00021729295
23564189002,0.0035372358
23573923701,0.26963785
23583698801,0.26940617
23606851101,0.015015785
23629031201,0.003349223
23629910601,0.26853758
23629910602,0.0015887507
23629938301,0.7140063
23640949101,0.01972216
23640949102,0.00021216879
23672559601,0.0030490567
23673050801,0.070855744
23683298401,0.028277587
23683818103,0.0011398825
23693775801,0.39559537
23694796301,0.026031086
23695303701,0.61283106
23716404801,0.00067403377
23716458801,0.01417022
23716458802,0.38174847
23717288501,0.8984955
23795745101,0.008338072
23795745102,0.036973342
23796990004,2.7825129e-06
23805885501,0.54772365
23805918001,0.9952436
23807039601,0.034372758
23809035801,0.0002207625
23809098302,0.018503055
23812303602,0.029388707
23812303603,0.01362329
23812380203,0.026167972
23812401603,0.01869537
23813118203,3.3175968e-17
23818056201,0.0006822723
23819575802,4.3052627e-05
23819770901,0.95235205
23819770902,0.02307226
23822807301,0.14743002
23886995603,0.0005635757
24549381901,0.16619092
24549662103,1.4119156e-05
24552442202,2.6493383e-06
24552475402,1.6362686e-05
24556561301,0.8381658
24556863401,0.0010975093
24557497101,0.017491847
24560385301,0.009557738
24564376002,0.02703233
24573035201,0.38712326
24576474701,0.90789515
24581040301,0.027766129
24583900004,0.019768732
24587862401,0.9747326
24588812404,7.39772e-05
24593297202,0.011943124
24598067702,0.046941157
24600223201,0.00013759125
24600223202,0.00013266076
24600621501,0.064575344
24601170001,0.03020515
24601170002,0.9228942
24601849901,0.011494417
24601849902,0.00018927276
24601849903,0.049726944
24601849904,0.00015184989
24603533501,0.85713017
24603968601,0.10160098
24603968602,0.14007714
24603968603,0.35924777
24604617403,0.004930346
24605227504,0.0015061056
24605394301,0.014648793
24605394302,0.32172453
24607585101,0.3969911
24607593601,0.76424795
24609526002,0.00047090565
24611740101,0.7395203
24612322301,0.9521921
24613706502,0.15222089
24614521102,5.1100824e-06
24615293403,8.037141e-06
24617485301,0.0037464472
24617708302,0.002625386
24617945503,0.3154261
24618940801,0.097961366
24619891502,0.015962206
24620686901,0.6800273
24622419701,0.31515324
24624474101,0.0015433473
24625720401,0.038148537
24625720402,0.0186956
24625811502,0.016847061
24627345901,0.5010324
24628859601,0.0066811764
24628859603,0.05351352
24633486901,0.6388192
24637396302,0.00010497533
24639354902,4.503536e-06
24639639401,0.076280884
24639676501,0.92585874
24641295401,0.9536124
24641921101,0.016399916
24641921102,0.0016638364
24641921103,0.012670246
24641926001,0.04624463
24643969602,0.015879663
24645286103,0.52126193
24645296502,0.571471
24650911201,0.7072487
24652557704,0.004568323
24652579902,0.007919555
24655223401,0.00020191255
24655241401,0.012626566
24657290602,0.89022225
24658694001,0.06550246
24659711403,0.96381366
24660704601,0.23599769
24660704602,0.3827107
24660776002,0.0023752553
24661442601,0.68115747
24661690702,0.0040369807
24663933101,0.5045549
24675923401,0.17286491
24687771701,0.98919404
24687793901,0.5100848
24688478702,0.0031745653
24691290901,0.6925019
24692315202,0.00048693098
24702920902,5.3429896e-05
24703510304,0.0011255859
24704045401,0.0055567455
24704054801,0.0022963467
24704089201,0.0010032763
24704089202,0.00042964198
24707346801,0.0025872851
24714373101,0.043412194
24715235901,0.21662231
24719214304,0.00046735254
24719233201,8.780006e-05
24719233202,8.855581e-05
24719233203,0.06465171
24721732801,0.6938061
24722186901,0.36813095
24729893501,0.006706045
24730371701,0.019081632
24735402302,0.0016486604
24742043703,0.025895318
24742057301,0.8865172
24744163501,0.10188141
24745174101,0.0013734029
24745174102,0.011032389
24748747801,0.0028904837
24748749901,0.006223315
24749324801,7.344111e-07
24749324802,0.00031523305
24750520501,0.38572896
24757802801,0.34960312
24764919603,0.0022465652
24764919604,0.0029432296
24765332701,0.7556575
24765332702,0.0008696313
24769748502,0.16158748
24770252501,0.00018403708
24773016201,0.3274336
24773592201,0.3868793
24778146401,0.4557291
24778146402,0.41709712
24780832201,0.035849664
24781303801,8.1811595e-05
24785025603,0.8690352
24793347701,0.84018284
24793347702,0.9486651
25556746001,0.05088465
25556746003,0.0030815073
25558687201,0.15615901
25571712403,0.000111751404
25576031901,0.074220605
25576031902,0.008956948
25576614501,0.09343965
25576684701,0.050181214
25576988707,0.00040537515
25578431601,3.8527898e-10
25583238602,0.000232731
25598969802,3.747249e-05
25607453305,0.026760092
25607453306,0.004011135
25608610301,0.0065742694
25621352802,0.0031061205
25622677502,2.1759703e-20
25623995302,0.0010310168
25637446901,0.25214955
25637446902,0.12016333
25637446903,0.07783706
25638076101,0.041676622
25639025101,0.51647663
25654092301,0.027246293
25695422201,0.1188518
25695825401,0.14801382
25709323802,0.89344704
25724885602,5.6239856e-05
25726621001,0.00062486203
25726632304,0.008704757
25741194501,0.97663933
25741598902,0.0025311823
25753472601,0.05564534
25754091102,0.5339536
25754091103,0.22517624
25754095701,0.028786412
25754095703,0.029755028
25754095706,0.004202198
25755065301,0.010424967
25755065302,0.0005379095
25757187203,0.009240683
25757707402,0.029750321
25761106302,0.00041833162
25764177801,0.010989575
25768437801,0.079056084
25768558601,0.28803566
25772023402,0.22336803
25773707302,0.00039048737
25773707304,0.059998244
25825209501,0.00014736036
25826069501,0.26917046
25826069502,0.10226324
25826202302,0.007870169
25842192501,0.0006366737
25842192502,5.3019583e-05
25842192503,0.00013315196
25849045303,0.0009802823
25858126001,0.26029336
25858126002,0.030906918
25858126006,0.0029253697
25872013903,0.009177489
25872013904,0.0124569945
25874292302,0.0011052823
25881341102,0.0057638963
25881390301,0.018106006
25881390302,0.021578154
25889775501,0.8053078
25912451601,0.46343195
25912503502,0.04856949
25912503505,0.019067846
25919953404,0.0024545793
25948133904,0.49361473
25948839702,0.0013383075
25958968901,0.03633575
25963244204,0.11059684
25967529501,0.8365502
25970124201,0.92568386
25980273201,0.16052547
25994657402,0.055063564
26000432401,0.99828243
26004372301,0.9568579
26009174902,0.759344
26009712202,0.0118493615
26009712203,0.005069821
26009712204,0.71921176
26009771102,0.6673569
26009771103,0.14679034
26012982601,0.06331909
26013232701,0.0030472395
26013232702,0.13702098
26013233002,0.51705056
26016045303,0.001147325
26016048201,0.031368062
26016048202,0.04134832
26019054701,0.0019956592
26019054702,0.0016756888
26024225701,0.058370847
26026059502,0.00047684807
26026893203,0.00090894947
26030427701,0.00033096294
26030427702,0.00022372992
26030429601,0.0007152563
26030429602,0.00040596563
26035350703,0.0004498964
26035371004,0.0021959457
26035371005,0.0018074999
26035384104,0.0005052058
26035384106,0.00045051822
26035558604,0.00011427495
26041493001,0.00047722203
26042445704,0.17723946
26045968002,1.4601373e-05
26046260902,0.002817193
26046665901,0.07032486
26050411401,0.0016076121
26050411402,0.0021669753
26050414701,0.010145917
26050634002,0.0011457944
26051993801,0.49263984
26051993802,0.9158827
26054554501,0.9782868
26054617201,0.0016723106
26055984401,0.9084909
26055984403,0.0010748657
26060882002,0.9817883
26060922201,0.5162146
26060922203,0.014942712
26070853701,0.99615806
26074903401,0.16097778
26081593601,0.078746445
26091366601,0.45701584
26091681104,1.3194795e-06
26092100501,0.44124103
26092577701,0.035132416
26092999002,0.0042862864
26094918402,0.6931386
26095128901,0.13823876
26095128903,0.0493888
26095128904,0.1327222
26095158801,4.7169046e-08
26096967001,0.011824041
26097151103,0.024080954
26098650401,0.007728342
26099532902,0.94791394
26105522601,0.86095345
26106049303,1.9311915e-06
26109007202,0.4212316
26117841001,0.00013780921
26117841002,8.563256e-05
26120389105,0.0002357381
26123942502,0.00022263742
26125771602,0.733395
26130623704,0.783419
26131421501,0.00023398986
26131421502,0.0002710347
26133274501,0.013762757
26142447704,2.413541e-05
26144966803,0.00029065617
26144985201,0.22863278
26145163701,0.00015843334
26145163702,7.3673706e-05
26154570303,0.00029290948
26154596002,0.46461144
26158021103,0.5169856
26158160601,0.001910156
26158160602,0.00062019145
26158392003,0.24647972
26168060203,0.0040104897
26168060204,0.0048206407
26172424303,1.2236043e-05
26174665703,8.220346e-06
26174687002,0.91167265
26177241101,0.79635125
26186740901,0.14578794
26187009103,0.0135474205
26187163801,0.593771
26187479401,0.09025077
26187515202,0.0005946967
26189900101,0.19202644
26190247803,0.0045447866
26190247804,0.0031830843
26191131102,0.00044541285
26193037704,0.47057334
26195174804,0.0059221582
26204521801,0.0009645545
26204521802,0.0014083392
26215523601,0.8165371
26215697801,0.9542022
26215706104,0.021641027
26215782501,0.42835143
26216234603,0.002219567
26219093503,0.012664574
26238506402,0.0017030751
26238506403,0.002281941
26245583901,0.029089047
26245758702,0.98267776
26250828302,0.00049384363
26251692401,0.86120796
26252300102,0.0019584293
26255335102,0.013853742
26255871603,0.004351318
26266623001,0.91477823
26270656001,0.0009110131
26270656002,2.0487965e-05
26271099101,0.09095965
26272820802,0.0014020329
26272820803,0.00068201916
26272918701,0.14974447
26282503603,0.0002436437
26283346001,0.005068737
26283346002,0.0056211287
26283346003,0.004967635
26283346004,0.26856747
26283346005,0.006435724
26291121401,0.36530784
26293961202,4.8821624e-07
26295481001,0.00060724857
26295481002,0.0006023039
26300317601,0.994551
26303039202,0.69342655
26307226002,2.932842e-18
26307226007,0.016820025
26307393401,0.10278204
26307961704,0.00038613152
26307961705,0.00018065545
26307961706,0.00024648863
26308038402,0.16022083
26308463105,0.015287392
26317656301,0.029489452
26319792502,0.0055103917
26331062001,0.29885718
26331064703,0.19238344
26331064704,0.20657954
26335061702,0.9592348
26335076104,0.0042014634
26348683307,0.0005667809
26349337102,0.0922817
26349379603,0.0012037669
26357197102,0.32066473
26360788101,0.029697115
26362976301,0.09207498
26366173702,0.982701
26366872402,0.015329053
26371177901,0.1766721
26371330502,0.0055114455
26371330503,0.004030337
26371340501,0.13286002
26371340502,0.07041963
26371340504,0.1891484
26371563301,0.036604922
26374803301,0.9702865
26374838901,0.06297892
26376831801,0.008460662
26376831803,0.005152053
26378510801,0.029037388
26378517601,0.14920178
26378555502,4.351434e-05
26387274202,0.5037457
26387429804,0.0017153126
26395378601,0.74074244
26395546001,0.44055465
26419743803,0.036550984
26421650602,0.014983772
26448794102,0.30663255
26449602903,0.008849445
26450110701,0.016201207
26536978902,0.077098906
26541498205,5.313098e-05
26551039701,0.8181896
26552021904,2.771185e-05
26552562901,0.005649985
26565749303,0.0058413977
26582101601,0.0027107487
26641246801,0.1920746
26645577102,0.75848055
26645611903,0.018945433
26653025902,0.08804368
26669663701,0.0007402961
26670260503,0.0016012426
26685660501,0.01571969
26701274602,0.003292111
26702505201,0.2613406
26714251904,0.24601045
26714771203,0.0030040287
26714771204,0.0027864182
26714771206,2.1810712e-05
26716638901,0.0037939763
26716684501,0.0006014443
26716684502,0.0005844739
26716684503,0.0006147086
26716684504,0.0007732368
26716684505,0.00068815704
26716684506,0.00090743246
26716684508,0.007707993
26716693904,0.0012112217
26716782501,0.24947682
26730331204,0.0010438388
26730331205,0.0012225314
26730331206,0.0028236385
26730668703,0.00023525557
26730668704,0.0004930226
26730808301,0.018801233
26758046601,0.37016034
26759440502,0.23106888
26880788703,0.0006619381
26974289504,6.7764915e-08
26979548101,0.008445898
26984992001,0.032244623
26991599001,0.1717689
26991610901,0.3701252
27028529701,0.054945484
27028529702,0.13073729
27034121401,0.99853563
27034331601,0.31931093
27042506203,0.000695355
27050417001,3.209894e-28
27050491005,0.0102208955
27055766601,2.8690803e-11
27055766602,4.0842906e-08
27152144201,0.2796061
27152203901,0.7649575
27155498801,0.05761201
27157468501,0.019033207
27163993103,0.00773114
27172670301,0.003410274
27181132902,0.0064136074
27185283702,3.984309e-05
27185449202,0.011366058
27189259502,0.5324911
27190096001,0.29066247
27190324701,0.8334876
27190324702,0.46540993
27197246301,0.0030021784
27208686901,0.19772388
27208686902,0.0021115136
27212748401,0.009620096
27212748402,0.00079364335
27212958501,9.357593e-05
27212958502,2.9979934e-05
27212995301,0.02372674
27219488301,0.016685994
27219488302,1.4791848e-06
27219488303,0.97250324
27228581701,0.48108104
27235713401,0.9774014
27235713402,0.03347354
27242919602,0.0026387826
27252754601,0.29907155
27256471803,0.059528273
27256471804,0.0063434104
27276568603,0.010326886
27276863101,0.9954894
27277359501,0.025554122
27277359502,0.031277426
27277359503,0.08883974
27285353901,0.9106367
27285415703,0.00230638
27286134003,0.2946717
27322473602,0.005095291
27326899101,0.030280491
27326899102,0.04550092
27326899103,0.39137828
27326899104,0.50009143
27327038903,0.00039800702
27332341801,0.42189044
27369985401,0.03209878
27398839501,0.0061880145
27408221601,0.00223959
27415113501,0.99763525
27446160001,0.095097795
27641558601,0.045174357
27643954201,0.1410489
27664743902,0.21896276
27683657902,2.8749762e-06
27683743003,0.024126537
27686430801,0.15950528
27686430802,0.047815055
27690479601,0.5616022
27697729101,0.0066378675
27697729102,0.0017712158
27697854801,0.9816155
27701729001,0.020413397
27702250501,0.37450546
27703309601,0.33444235
27706982901,0.20141245
27710375202,0.00046351642
27710395501,0.8462821
27710844901,0.65410084
27714798503,0.508574
27729898901,0.061120614
27730004501,0.061482117
27805099803,0.0009392285
27805531504,1.067602e-06
27818334201,0.27090013
27829662102,0.01438064
27840861901,0.029503686
27840861902,0.07404807
27840939002,0.0004721925
27851841601,0.033374
27851841602,0.00095201936
27854284101,0.98677677
27854284105,0.78158087
27858939301,0.014632395
27859102702,0.15993159
27859364201,0.3935568
27868364102,0.03025148
27868384401,0.9985238
27868384402,0.99686426
27872677001,0.7504962
27873012001,0.0019278061
27873012002,0.0010044259
27873095601,0.0025018228
27873095602,0.0013103617
27877694802,5.6201175e-06
27878011701,0.8118642
27882343604,0.00018295372
27886178301,0.00046224895
27886182601,0.00021907849
27886182602,0.00010997163
27886274702,0.9782581
27886275001,0.96686256
27886277203,0.00022922392
27886621101,0.9887332
27886622001,0.85231465
27889533801,0.20254916
27889570501,0.95660174
27889825503,9.302982e-05
27899095402,0.81961757
27899166501,0.77283615
27908839501,0.8777312
27915500303,0.02609611
27924762801,0.020506572
27925025604,0.0011303179
27925155803,0.0015810694
27936139101,0.006595077
27942806305,0.62455916
27942972201,0.046388
27943008802,0.17048939
27943008803,0.10610819
27943042702,0.0073711406
27951416304,0.05231162
27951615701,1.1416414e-08
27956970702,0.037440587
27956971802,0.00013383501
27957311101,0.029494748
27957459101,0.003229479
27957459102,0.002211619
27961363404,3.2813837e-06
27961595601,0.01319322
27961595602,0.00012465537
27979776201,0.16703951
27979817003,0.0529629
27995042301,0.0015563553
27995222801,0.85717213
27995222802,0.952813
28005211402,0.14852054
28005269001,0.011489872
28005365101,0.9517316
28005365103,0.16610521
28009683001,0.22940303
28069973201,0.0023455524
28090966801,0.0024826545
28192762305,0.79753655
28197926501,0.57121116
28205019801,0.12211991
28205180302,0.12779732
28208557301,0.028969761
28209087502,2.1254824e-05
28419483702,0.0003909796
28419483703,0.0008565227
28419676203,0.0020102647
28715696801,0.9448799
28732926701,0.90373343
28735439701,0.48695415
28740200901,0.3060458
28740572701,0.0021070312
28742668902,0.0011272717
28742818402,5.306225e-06
28743199002,0.00024739534
28749081302,0.03288531
28749174303,0.0011062403
28753093602,0.0017926327
28753435901,0.0055797584
28758831903,0.0003905955
28759118302,0.0024970712
28759118303,0.03521603
28764023204,0.00521474
28764068003,0.0004404887
28764068502,4.452595e-05
28764195402,0.0012782112
28771712302,0.18638268
28771712305,0.0037472947
28795766002,0.061086178
28802749102,0.0008491307
28806738601,0.8145102
28876984901,0.998445
29029048001,0.19597444
29040817102,0.010756817
29041097904,7.5598546e-05
29041097905,7.730849e-05
29054777001,0.18687779
29055928001,0.047819566
29060531101,0.0014813006
29069929902,8.256327e-05
29070370202,0.3604465
29070402701,0.035789046
29070402703,0.019359957
29074019201,0.40959737
29083085001,0.09157891
29083403502,0.09084224
29083951201,0.010281137
29083951203,0.0049537527
29095350408,0.00043131912
29095575303,0.011862501
29100079303,0.007025414
29100565601,0.19802792
29100565602,0.08771559
29100565603,0.9016844
29110114603,0.16067061
29110228401,0.0015751687
29110228402,0.001636783
29110228403,0.06006652
29110228404,0.07644784
29110592401,0.0996864
29132383101,0.43704078
29141720106,0.7084511
29142244001,0.31665334
29144913201,0.07732765
29151753701,0.3038374
29151760401,0.96493375
29152077301,0.0043829945
29182529401,0.046188857
29212271704,0.00020389438
29212276901,0.00017402651
29212276902,2.3449793e-05
29212768701,0.000458347
29221488101,0.6245007
29221493501,0.0015009685
29221493502,0.0021161656
29229480901,0.48210186
29229480902,0.0989594
29241156701,0.6985702
29241523402,0.6031747
29247930902,0.72605634
29251239901,2.8794454e-12
29270577404,0.0003794218
29282490402,0.028866852
29308064101,0.016244981
29315430402,0.0011832122
29316626904,1.2122635e-05
29322246202,0.44286206
29324062304,0.00041861745
29324609001,0.0409686
29327303201,0.0014190787
29343763701,0.23263092
29348090301,0.012957727
29348090302,0.06529444
29389805801,0.9898246
29396538402,0.0003123793
29404794903,0.00090164907
29405213203,0.0025161768
29405213204,0.0015155439
29409296601,0.00020360397
29409296602,1.7126933e-05
29409382403,1.0657977e-05
29409382803,6.0133774e-05
29414726401,0.11644554
29414726402,0.033861097
29414726403,0.21375239
29414726404,0.16571072
29414807901,0.006047095
29414807902,0.002349869
29415492801,0.32450277
29419561702,0.11534403
29419561703,0.0002776805
29420837802,2.7101407e-05
29429237301,0.95942533
29432731204,0.00096791046
29434148703,0.035242178
29439947401,0.78222364
29443845601,0.12914003
29443851901,0.08507161
29444175701,0.2875087
29460727001,0.22171678
29460732601,0.07960002
29468766501,0.32191762
29475193401,3.8055645e-05
29478154701,0.92981243
29483547602,0.0014024796
29486954902,0.21969436
29487345703,0.005794148
29489270701,0.29493216
29492969502,0.011904703
29497805101,0.34831783
29497805102,0.16725083
29498156601,0.62077767
29498222201,0.9568565
29498228902,0.41516036
29504166101,0.04376263
29513104101,0.39612478
29516943101,0.13219193
29517639301,0.9458845
29536876701,0.3075137
29537350203,0.001372515
29537501101,0.3550793
29559371202,0.9272181
29559925601,0.9738535
29559925602,0.006381896
29559925603,0.0022166648
29564674901,0.38729426
29578046401,0.5924854
29755818303,5.485636e-05
29755818304,4.7243153e-05
29756126902,0.00014953595
29770101304,0.001129366
29771119701,0.0046402556
29772274301,0.26238918
29782930801,0.3761131
29782930802,0.11712572
29783354301,0.0032836227
29805684404,0.011879919
29805991701,0.34124538
29805991702,0.000866468
29806911401,0.94189876
29828173501,0.6800815
29838867101,0.014675661
29839044701,0.44128156
29839044706,6.907806e-06
29852037401,0.0011165895
29852843101,0.82391524
29862728501,0.004862274
29863442301,0.16893032
29863442302,0.40027222
29863487601,0.62290806
29871998303,0.00025481466
29871998304,0.00022893737
29872318301,0.034648836
29894113901,0.4989938
29916232601,0.8163827
29917356101,0.00051188894
29917356102,0.03855688
29917356103,0.00032852945
29917440301,0.5062536
29927187501,0.8805175
29927274602,0.00018550747
29939926004,0.14124511
29949898201,0.9354903
29950712302,0.27552044
29971922903,0.0004137006
29972078402,0.00082132005
29972173801,0.506729
29972871601,0.61308146
29977986802,0.001508318
29979965801,0.9988727
29987018701,0.02024179
29994528501,0.0018663352
29994528502,0.0025473696
29994528503,0.7510489
30003893501,0.938556
30008705901,4.853907e-12
30014106204,5.4407894e-05
30014106205,0.00024708486
30015908202,1.2097857e-26
30016476601,0.5023392
30016656205,0.07095853
30016759701,0.0037773668
30016860901,0.7052566
30028954301,0.03179051
30029319702,0.8945609
30030730501,0.3242586
30031613204,0.0082954345
30032179801,0.19850081
30032649603,0.004395271
30032649604,0.0066439887
30032683902,0.17072003
30037859601,1.6258198e-10
30044456803,0.013601496
30044862502,0.06590719
30052399801,0.19940518
30064108703,0.0063325213
30071014401,0.16156016
30074436902,0.0007140542
30074542704,0.0003637759
30075494602,0.015770337
30076192503,0.56110454
30080830101,0.6109665
30081008601,0.90999156
30081274101,0.93683016
30081274102,0.92894363
30087154501,0.8869432
30087154502,0.005861311
30087674601,0.1636161
30094897301,0.05665653
30094897302,0.11767027
30095543403,3.0798578e-08
30109886907,0.060575392
30115216901,0.9562201
30115379201,0.11003889
30116063801,0.11347144
30116063802,0.01584534
30125009301,0.5737036
30125334401,0.69337136
30130923101,0.00095463614
30131311901,0.7293038
30139977901,0.5660663
30154499103,0.0001924129
30154920102,0.11521944
30155164401,0.92674905
30160961501,0.01197766
30161355903,0.06598317
30175063001,0.30898982
30175063002,0.70202667
30175294302,0.14814375
30189600401,0.0069947275
30189603002,0.055498723
30194895401,0.0021584735
30194895402,2.2575436e-05
30195525702,0.40430716
30195634201,0.65402925
30195634203,0.0008635527
30195635701,0.0021162773
30195635702,0.0012602684
30205475701,0.40871006
30205497401,0.025778426
30298713005,0.0012567928
30298848601,0.14386083
30301363001,0.10688801
30301363002,0.17649426
30301363003,0.04241205
30301708302,0.22304001
30314365601,0.0010432245
30314365602,0.3138716
30326438701,0.023104373
30326438703,0.13126503
30326870702,0.2576718
30337329902,0.030173508
30339007702,0.00038070968
30346690901,0.4614325
30346867104,0.011481334
30346972501,0.5282508
30348573003,0.004350921
30348734302,0.0006758525
30353147001,0.026756782
30355737703,0.00013838835
30365284401,0.009099975
30365617801,0.9692965
30365717101,0.489228
30371152901,0.08532857
30371572601,0.5347186
30378848702,0.008039045
30379358301,0.000501218
30384110102,0.0060760216
30384769801,0.6308755
30389946702,0.078991584
30390173001,0.29323414
30390173002,0.653824
30399401101,0.17369626
30399951201,0.10276416
30399951202,0.26048392
30399951203,0.13796176
30406573202,0.0075976644
30406638001,0.0013407953
30407181701,0.0043366337
30407182701,0.58890206
30407401202,0.007242463
30407503102,0.059376195
30407951901,0.36996529
30418255101,0.0085939765
30419007501,0.068713926
30423779003,0.0003976945
30423787101,0.99571204
30424573801,0.030999897
30424590302,0.0026323637
30427458401,0.0006608313
30427458402,0.00043947622
30432655001,0.9016115
30433113801,0.004501802
30444809701,0.90631795
30448101303,0.0008519438
30448178701,0.06862903
30448178702,0.09992648
30448178704,0.08219665
30454564202,0.15548159
30454785801,0.16345596
30466376101,0.014237227
30466376102,0.004482227
30466456901,0.6426926
30469061801,0.99758387
30469061802,0.9752678
30470641901,0.19094324
30470818201,0.5016862
30472961001,0.13586225
30473644201,0.26653257
30476876901,0.026519977
30477444401,0.9952029
30477444402,0.95023745
30484227701,0.1452525
30485533602,0.0034444863
30486265301,9.0398236e-05
30486265302,8.778189e-05
30486265303,0.000593844
30486265304,0.00069839676
30486443401,0.31231767
30489838201,0.06874075
30490239003,0.00095615274
30490342801,0.009525985
30501828801,0.5232454
30501828802,0.5100903
30501837302,0.6172154
30518186301,0.9674453
30532210702,3.4722783e-05
30532369303,0.0018003689
30532857801,0.92793864
30532986802,0.36665317
30542400301,0.9992373
30542556602,0.0053222626
30552180001,0.10409465
30552180002,0.038639136
30575655101,0.02748952
30620131104,0.07036109
30627151403,0.0060004178
30635759303,7.578737e-06
30645349904,8.3593454e-07
30646658201,0.380008
30657320101,0.0141072385
30657320102,0.046212044
30657378602,8.2782265e-07
30657955001,2.3381204e-09
30663508801,0.9574097
30663508802,0.51897615
30663842701,0.037507396
30672323002,0.0016654512
30672377501,0.019894509
30673953702,0.0015772376
30677139301,0.00012960636
30677241102,0.00081901456
30679070201,0.1928728
30679543103,0.12704012
30682369201,0.00046385278
30689766403,0.02564186
30692926302,0.0174992
30692926303,0.034647007
30692926304,0.017889375
30705737802,0.04517277
30709150403,0.00059757347
30715884502,0.005007223
30715884503,0.002660089
30715939602,9.380608e-13
30732028202,0.0014163393
30732409801,0.021709558
30732748801,0.14099905
30739915702,8.03941e-06
30749068601,0.17969921
30749106901,0.0041159275
30749112901,0.00018570834
30749239801,0.012937549
30935049801,0.004681165
30935054301,0.027221637
30935092101,0.95272964
30935092102,0.3048245
30941059801,0.013187218
30948580001,0.019329548
30948629204,7.9780955e-07
30948634103,0.025917085
30948634104,0.07203398
30954461202,0.015939895
30963618501,0.035249118
30965471901,0.6217947
30965761001,0.047160048
30965822101,0.5002109
30965953001,0.6507617
30974462701,0.00037454793
30976004201,0.0055719116
30979235701,0.9984988
30995649202,0.014882051
30996336201,0.96791
30996340801,0.041857008
31009982901,0.5500115
31010281101,0.11963306
31010313601,0.89522
31010421501,0.27675182
31017413306,0.008176154
31017948602,0.08514903
31018289901,0.38850427
31035510601,0.763448
31041914304,0.00046919205
31041979501,0.59148866
31041979502,0.020743167
31042640401,0.61340284
31050716202,0.0001530372
31050716203,0.00016255633
31050962601,0.0044991975
31051309701,0.28666958
31051309702,0.036383085
31065631301,0.0072652986
31066279003,0.00049919024
31066294604,0.3007315
31073216103,0.0009358574
31073348401,0.7785545
31079639803,0.00064607704
31079639804,0.00050497864
31079659601,0.5798833
31080328201,0.00049130514
31085579702,0.106697686
31086235905,0.02612315
31095468503,0.00657812
31095512502,0.28284416
31095512503,0.13567048
31095512505,0.004468976
31095622501,0.10365713
31095960601,0.046287734
31095960602,0.091447435
31095960604,0.2655644
31102893306,0.013272145
31103481801,0.6610605
31110694003,5.062497e-05
31117500803,0.03138624
31124246002,0.0008773838
31139230601,0.0073962514
31139241705,0.016698768
31141311301,0.008228365
31141311303,0.1904863
31153074105,0.113930225
31153074106,0.05572455
31153137204,0.018057935
31153423902,0.040426288
31156458102,0.2850855
31189217004,0.32139105
31195859401,0.86521435
31196300402,0.0004431779
31226738103,0.0004096766
31238678201,0.4908217
31239040401,0.43682072
31239225801,0.28245735
31264122401,0.0036980864
31275867301,0.06687828
31275884901,0.023683142
31287423601,0.11169049
31287423602,0.3057529
31287640404,0.005179295
31299226201,0.70765084
31299280601,0.0171309
31300028601,0.2439834
31312069101,0.04195225
31312069102,0.045727346
31312389901,0.12941195
31312800101,0.031726196
31324528502,0.013068202
31335382501,0.19595844
31348201604,0.014561002
31360103001,0.07869241
31360186501,0.5195951
31360332501,0.00090052735
31360332502,7.636491e-05
31360332504,9.0068725e-06
31371563702,0.0016562357
31384116301,0.011075253
31384116302,0.01945977
31384355301,0.8786793
31384390703,0.014318889
31384390705,0.021968074
31384645901,0.1002346
31394113801,0.94096214
31407379003,3.9667062e-05
31407379004,6.434316e-05
31419413202,0.0027580485
31443420602,0.48329994
31443586801,0.5602717
31444058201,0.001023237
31444058202,0.0013511073
31456224401,0.30836868
31456224402,0.33514187
31456540002,0.04984184
31486596201,0.8327516
31493998303,0.0003321033
31494107001,0.0023271535
31494107002,0.010853653
31494111801,0.0010745253
31494111802,0.0028363517
31508122701,0.33920065
31519888203,0.2629993
31528635401,0.007019675
31551522401,0.00096641347
31551522407,0.38770393
31552073101,0.009296551
31552916201,3.8984646e-05
31552916202,5.6511242e-05
31552916203,4.766651e-05
31552916205,0.0051923376
31554413001,0.48823842
31554555501,0.19533408
31564628603,0.84582907
31566869501,0.04344576
31576279901,0.004601641
31585451401,0.01205488
31585451402,0.18668209
31609788502,0.0064059338
31634576701,0.22835356
31671014801,0.54343677
31685520601,0.29229945
31685520602,0.1834183
31685540401,0.0034023456
31685540402,0.043781642
31685879501,0.034734003
31686730401,0.8010714
31715386201,0.80694854
31725062302,0.014532445
31804494102,0.009690646
31818199701,0.015218464
31818199702,0.011247445
31821351901,5.4835096e-09
32227262801,0.46448395
32227262803,0.5957736
32290232001,0.0006169183
32290232002,0.00076583686
32290232003,0.00076884776
32300722302,0.00175751
32300820904,0.0003153344
32306061402,0.00020183806
32306315602,0.23245975
32306337701,0.36201176
32313365901,0.0015800665
32329547901,0.98101014
32335522503,0.17460324
32342670405,0.71747833
32342916601,0.4353902
32343234404,1.4660409e-05
32344319401,0.0019262121
32344319402,0.013425563
32344329103,1.073347e-05
32346111801,0.29142702
32351102604,1.4103825e-06
32352156203,0.23221585
32352169403,0.00089407875
32356256401,0.05793422
32356372903,0.026540108
32362403904,2.508855e-07
32364689601,0.00044061005
32364689602,3.4297198e-05
32364897501,0.025230402
32368510503,2.023567e-05
32372755601,0.0022552481
32372755602,0.0057634534
32373224603,0.00026653986
32376232101,0.10438343
32376427701,0.00048965315
32376427702,3.9040195e-05
32383694501,0.0010426943
32383694502,0.004401034
32383694503,0.0013758327
32383743401,0.89811105
32383743403,0.993985
32386421903,6.20056e-05
32387642601,0.9468685
32387823602,0.00022249653
32396848403,8.4252584e-05
32396856601,0.00019205017
32396856602,8.35981e-05
32398924701,0.016696787
32399241101,0.39266214
32400358301,0.98721737
32401024105,0.23518686
32404819301,0.008037988
32411913502,5.8643025e-05
32412829502,0.28095365
32414433702,0.004390016
32420035801,0.0022659968
32420452301,0.86421996
32420575301,0.120955385
32420575302,0.14134385
32420822401,0.44924885
32420822402,0.015581147
32431692402,4.0764144e-06
32432445403,0.0020361624
32442452704,0.70915353
32442469603,0.0029689088
32442833403,7.810501e-06
32443497801,0.01726883
32443724004,0.00043716602
32449469804,0.004502808
32450262801,0.28520295
32460755801,0.019410206
32460851409,0.017955493
32461281201,0.0004491204
32461281202,0.00054878986
32465481104,3.2225903e-06
32474838902,0.053675015
32475731102,0.00030568242
32475935204,0.16087265
32476072101,0.4895053
32477497902,0.7960627
32477497905,0.038678158
32485285301,0.4727065
32485285302,0.6746079
32489057101,0.003437483
32489057102,0.0028039946
32489275701,0.17640035
32489361302,0.0018372446
32492783604,0.0005201783
32501276804,0.016260788
32556374402,0.081429735
32556436601,0.012435293
32556436602,0.017703356
32571096402,0.057086643
32571096403,0.2979986
32571629603,0.000438543
32584736001,0.9510311
32587099002,0.00021498447
32587307601,0.00039946436
32587307602,0.00036312762
32588833501,0.28249025
32602282201,0.057101507
32612924502,0.00095350575
32612924504,0.0023876843
32622535503,0.09802355
32622535504,0.042355265
32638138401,0.2597346
32640871801,0.8898045
32641199403,0.013948317
32641199404,0.01395081
32651018301,0.68760186
32659876601,0.4905213
32659876602,0.6611982
32668934407,8.338067e-05
32669214401,0.24662489
32669398801,0.8599026
32675196001,0.2622503
32676001002,0.0014511773
32676544401,0.19026153
32677189203,0.00041929778
32690667202,0.0037212244
32705486401,0.3599357
32706790601,0.0008175806
32706987204,0.00018941195
32707125401,0.003975465
32707125402,0.0037592445
32730440601,0.00041875298
32738237101,0.28892517
32738237102,0.04807538
32738237103,0.040183976
32738995301,0.12695573
32739067303,0.10162285
32753630101,0.2192042
32784687701,0.9195144
32796910402,0.0002529713
32814130501,0.0074203783
32814453803,1.1278684e-05
32814799802,0.061132662
32815595301,0.7100434
32830675501,0.051465787
32830675503,0.00036409232
32845763901,0.36677295
32845763902,0.3019578
32862415802,0.00025660978
32878113301,0.06583879
32894674901,0.055392053
32909842101,0.015036978
32910447101,0.92152286
32925562201,0.9401894
32939977204,0.00079177634
32940118302,0.00017780972
32957299901,0.017071094
32957942701,0.91293794
32958050701,0.035671398
32972016201,0.5241529
32972016202,0.63165176
32972706401,0.0034372185
32973392601,0.11116881
32984872201,0.2801494
33016782201,0.3795781
33017591802,0.00028873386
33017594302,0.30848414
33035746001,0.14549036
33051467502,0.38355133
33051605001,0.00056069175
33080881201,0.5200386
33096295001,0.28628653
33096890201,0.9804755
33113133001,0.02492626
33125910901,0.0038842072
33125910902,0.0032546378
33143630901,0.4273518
33158594701,0.0132178385
33159736001,0.20081833
33176314802,0.16272028
33177386502,0.0045111543
33177387502,0.031191355
33188966805,0.0023013907
33189172901,0.24272957
33202650201,0.06677119
33202859802,0.015773358
33218409501,0.89596665
33218409506,0.010910764
33219007502,0.0068306867
33219100502,0.19922993
33219394901,0.0019202114
33244230008,1.9345965e-05
33244372401,0.4619498
33518625602,6.248943e-07
33519369401,0.10077859
33520653102,0.1020005
33520653103,0.020733522
33540139101,0.007357487
33540210101,0.99109226
33554524001,0.22210272
33554524002,0.076048374
33556261502,0.004938559
33570153601,0.3541445
33570153602,0.6744568
33601247201,0.015829315
33601247202,0.01612551
33602313701,0.15982424
33613706502,0.00072216295
33614287701,0.022904659
33614287705,0.93915254
33614552001,0.0020372372
33657475801,0.52904105
33670052102,0.0035741688
33670730501,0.1355778
33685520901,0.90947104
33686333101,0.10761269
33696405901,0.0014728205
33696405902,7.058506e-05
33697138001,0.024032788
33697191503,0.0068885414
33712610301,0.010833328
33719302801,0.06582202
33719312802,0.15682395
33719535302,1.0988065e-06
33720058701,0.0076446845
33720058703,0.0070235445
33727469503,0.007816388
33734938102,0.028507259
33739324701,0.88855076
33739881902,0.0003506642
33740881301,0.86300045
33743756601,0.35185102
33743756602,0.0002292318
33756090701,0.11794105
33769074701,0.056261208
33780683201,0.89315933
33787999701,0.8104296
33788545601,0.8677636
33794511901,0.20634164
33794511902,0.08835794
33795222901,0.16574581
33799519402,0.0003874255
33799519403,0.0005644853
33800923301,0.4205328
33809866701,0.92122847
33811950201,0.0065161097
33823254301,0.81023026
33829381102,0.21613891
33835052701,0.9432353
33849206802,0.00039632633
33849356703,0.0022628338
33863576701,0.26813835
33863576702,0.016573386
33873659101,0.0012471945
33873673301,0.3363459
33873673302,0.14792709
33873942601,0.013839653
33885756704,0.0010737032
33885997804,0.20990378
33901599101,0.549632
33927944001,0.4763126
33944248401,0.19364786
33955867801,0.22407639
33956336701,0.00095089077
33956342601,0.0025920416
33956454401,0.00056464784
33956455101,0.00038746156
33956484501,0.0005133083
33956545201,4.515487e-05
33956554206,0.3086189
33956558401,2.9184516e-06
33956558402,1.0117112e-06
33956558403,1.3690612e-07
33956573901,1.2112073e-05
33956573902,1.0816763e-06
33956574001,3.6744902e-06
33956574002,2.4627002e-07
33956798501,0.0005507512
33956798502,0.017931724
33956800601,1.1981437e-06
33956800602,3.9877656e-07
33956800603,0.00013102718
33956805901,0.004423027
33956807101,0.010358933
33956807701,1.3435547e-05
33956807702,5.0832692e-05
33956807703,0.028976548
33956812501,0.0005485415
33956817001,1.155498e-05
33956817002,2.1561719e-07
33956817003,4.65203e-08
33956820001,7.3489155e-06
33956820002,7.1854025e-05
33956820003,0.0012858711
33956824702,1.0
33956824703,4.8937412e-08
33956824705,5.735069e-07
33956824708,1.6255113e-08
33956827001,0.003334307
33956832801,1.4111024e-05
33956994201,0.00010306034
33956994202,2.6967627e-05
33957015301,0.0013538077
33957015302,0.00020208629
33957026001,6.109677e-05
33957026002,1.0458697e-05
33957300901,0.025169527
33961188301,0.60286534
33963358402,0.00012507687
33968020301,0.00184546
33968020302,6.44687e-05
33968055201,0.000775172
33968213401,0.9505536
33968283004,9.445862e-06
33968544502,0.030730521
33968544504,0.0002008199
33968815801,0.27615812
33968950202,0.25217253
33972309902,0.00067464204
33973301301,0.98439306
33973301302,0.42061308
33973301303,0.8133853
33975272901,0.4079849
33975656101,0.07360229
33975889702,0.038075484
33983299501,0.0057981904
33983649001,0.6052644
33991355001,0.41981986
33997920001,0.23738036
33999003801,4.8157402e-05
33999003802,5.386968e-05
33999003803,0.0011041252
33999003804,0.0009204566
34009360401,0.0080356235
34013076702,0.8727307
34013076703,0.00682581
34013076704,0.0040494157
34016460202,0.17876305
34016616701,0.60976607
34017008002,0.8512271
34020604405,0.025645385
34027438401,0.19919293
34028148307,0.037076138
34028560001,0.21604498
34028802201,0.00067533297
34050494501,0.1313472
34062040703,0.025379213
34062928903,0.0030874868
34063019701,0.32892987
34063019702,0.11460685
34067038701,0.012285102
34067052301,0.0056303055
34067092201,8.167531e-06
34067135701,0.0958472
34084498402,0.0033602586
34084582603,0.022306548
34084689101,0.023986818
34084689102,0.06987651
34086810801,0.47042578
34086831801,0.9911227
34086991502,1.8606763e-05
34087762601,0.9301492
34087762602,0.53493774
34088361401,0.8213264
34103148002,0.00074291765
34108527302,0.0007578456
34108771701,0.46098197
34114294302,0.0005302186
34114294303,0.0012945406
34125076101,0.7042711
34125818201,0.0028092768
34125818202,9.864676e-05
34125998901,0.27321398
34126184601,1.0762713e-05
34126184602,2.6749242e-06
34126197001,8.541946e-06
34126197002,2.6061084e-06
34133886502,0.0061207823
34138218301,0.00045184247
34138220901,0.0019518657
34138220902,0.027704576
34138525601,0.93544495
34139966801,0.002911702
34147057401,0.8319684
34147057403,0.02462897
34147613001,0.9532894
34147927603,0.0031607358
34151302001,0.001564283
34151521401,0.0068637975
34151521402,0.0001627749
34151535501,0.02458173
34151535502,0.0005026483
34152008201,0.094700016
34152033401,0.0006196493
34152033402,0.00010409286
34152033403,0.0007704782
34159787501,0.5037747
34171016301,0.91682196
34171016304,0.023939274
34171577402,0.0050892876
34180339901,0.81387484
34180340101,0.51476884
34180590801,0.80318826
34180590802,0.18432532
34181881101,0.5658261
34183842001,0.1187309
34191252203,0.021923691
34191720604,3.4811046e-07
34191720606,5.6568656e-06
34195221801,0.26807603
34195503101,0.010328206
34195503102,0.026049444
34204300801,0.042889282
34204465701,0.72786236
34205138703,0.0054339096
34205138704,0.007951908
34213578102,0.024637163
34223289101,0.9235769
34223686701,0.2698475
34225913701,0.00933773
34225932401,0.003059112
34225934401,0.0073262104
34236051401,0.0237447
34236051402,0.111392535
34239922001,0.004168704
34239922002,6.64596e-05
34246945501,0.112058766
34246945502,0.055887766
34247401001,0.9549146
34247401002,0.16873857
34255472301,0.08091701
34255632101,0.5473026
34256752902,0.0027437857
34256752903,0.08922711
34256769501,0.82980317
34261796801,0.516641
34268386002,0.4669044
34270269903,0.0039128494
34270269904,0.0021961974
34291558001,0.0144232
34303199501,0.8230572
34303480901,0.26302698
34311938102,0.0021861014
34316698301,0.40630403
34316698302,0.13464282
34325328205,0.00029939762
34326030702,0.006304431
34329605902,7.874418e-05
34333867602,0.039477825
34336548101,0.029308764
34336548102,0.49877828
34336548104,0.10334385
34337716901,0.8705824
34337724601,0.7638245
34337745701,0.0016509482
34337762402,0.16615278
34337834501,0.00010347383
34337834502,7.0020236e-05
34338368101,0.0005602487
34338368102,0.0005656708
34344943703,0.00013774812
34354122201,0.46626577
34357397102,0.1820883
34357397104,0.51204723
34357397106,0.007858141
34357569402,0.31941947
34358582401,0.01601535
34358700001,0.91682816
34364733501,0.6001791
34364813603,0.9451905
34364945401,0.83877426
34365125505,0.08939418
34365219603,9.365671e-06
34368152403,0.001704655
34368187801,0.44945696
34368487603,0.00013334434
34375729902,0.006563142
34376193202,0.07226509
34376436001,0.42090178
34379800101,0.3852784
34379949301,0.00021137948
34380086601,0.8153714
34385424001,0.8890874
34388482501,0.56311363
34388482502,0.7625817
34403162701,0.8172887
34407735302,0.0009812994
34411135901,0.08041902
34411269001,0.003688298
34411575001,0.025087012
34423230001,0.7272533
34423441402,0.0002611231
34425865701,4.5730227e-05
34433722504,0.0006601778
34433722506,0.0024860506
34433771301,0.010504643
34433870301,0.005575627
34433870302,0.0058520962
34435187103,0.0060606897
34439801801,0.9864073
34447050903,0.011660695
34458859903,0.0051563373
34460040201,0.81767786
34460426301,0.0016470961
34466759001,0.6033416
34467085401,0.34534407
34467085402,0.50963384
34467569401,0.82354444
34469160301,0.9133918
34479463202,0.0013712973
34479692104,1.378869e-06
34483848801,0.67906964
34492558801,0.0003219613
34492558802,0.0005278431
34496460802,0.018043343
34496955003,0.061666258
34497489301,0.8857269
34509282901,0.77058065
34509763401,0.12482637
34509763402,0.3392993
34517331502,0.0025787912
34520447101,0.018074337
34537130801,0.21231622
34554436101,0.16828033
34554436103,0.9556495
34554812702,0.00011993229
34555184101,0.58416057
34555184102,0.004374303
34555192801,0.0014487582
34555390101,0.3745398
34582224601,0.450555
34634767701,0.9854311
34639827902,0.5124213
34640522601,0.022043105
34652034102,0.001600498
34660497801,0.10427598
34672609202,0.016831283
34672720101,0.0076897433
34672720102,0.026381237
34672720901,0.10513734
34672792602,0.040613405
34674306203,0.10948268
34677039204,0.00018652146
34679228101,0.9922701
34679523601,0.08870275
34679674101,0.08038203
34681068601,0.23208304
34681288703,0.00045679288
34681395001,0.014502107
34682256401,0.006448045
34682501402,0.00048690196
34683058301,0.005894812
34683058302,0.016780116
34690292304,0.08386873
34691262301,0.9721081
34691262302,0.00058668404
34695350801,0.1947531
34703035501,0.6743438
34704243201,0.027118254
34704243202,0.0035077864
34706869302,0.0021841708
34708176101,0.00048425578
34721352101,0.050848894
34728360101,0.41911036
34729037202,0.050117277
34736944701,0.0008200489
34736944702,0.0009780905
34746077901,0.0019031216
34746554101,0.0041410765
34761353601,0.22803022
34761473301,0.012560305
34761473302,0.0011375042
34762087002,0.035253584
34765644407,0.0014701148
34765691101,0.016993161
34765691102,0.010731532
34765706602,5.267116e-05
34774338901,0.68511844
34778028501,0.9976937
34778558301,0.08304545
34778704101,0.013237638
34787326202,0.0005035232
34787435802,0.7218333
34800682402,0.00022147592
34804054501,0.7549388
34804243901,0.6652484
34804243902,0.14517188
34813042001,0.0023129873
34816801901,0.8120278
34817119901,0.81842124
34817645401,0.85890305
34825025901,0.5667075
34834137801,0.7493563
34834462207,0.043765813
34840107101,0.007261815
34840107102,0.0001089743
34840107103,0.0024434682
34840107104,0.0005093424
34844886401,0.8532744
34845963501,0.5012664
34846082901,0.39783525
34855628102,0.57770526
34857057501,0.1698341
34857132608,0.005651917
34869424701,0.34243247
34869926003,0.014016636
34876244101,0.26245013
34876345301,0.014573042
34877117902,0.9802859
34883961101,0.11271562
34884124202,2.9331699e-05
34885229801,0.22027268
34885229803,0.13339244
34885360504,0.05521433
34889719902,0.002695553
34889867301,0.0081848595
34895779302,0.0
34897218401,0.9272068
34898480202,0.4807224
34898568201,0.076894164
34899109903,0.0007813375
34899746702,0.006596571
34899761203,5.4490247e-05
34905944803,0.045301575
34909514901,0.8467233
34914500401,0.33425164
34915449001,0.33724225
34923744201,0.027994387
34924096101,0.03111198
34924366501,0.00016167585
34924593002,0.78494716
34926970102,5.1068153e-05
34927000101,0.04118233
34927000102,0.06799873
34930944202,0.008077805
34930944204,1.1002362e-09
34937159501,0.04007885
34937159502,0.00024684917
34937319201,0.000784195
34937319202,0.0009243217
34940722801,1.02302145e-07
34943397602,0.08568484
34943397604,0.42553422
34948459501,0.035967227
34953966501,0.3210742
34953966502,0.74824286
34954340105,0.47676632
34954411201,0.2143668
34964460603,0.014751785
34964851002,0.006172533
34967968101,1.2993871e-06
34974792902,0.275326
34975139306,0.0018043659
34975697201,0.1024838
34976705101,0.3199715
34978691601,0.98876673
34978691801,0.9886568
34980504401,0.8554773
34983282402,2.4095072e-05
34986285201,0.24468088
34986542306,0.0024043645
34989255901,0.5882825
34996391402,0.029362794
34996426403,0.0011960123
35000584601,0.23205972
35014629601,0.120499246
35015411901,0.75585186
35027646202,0.00039847946
35027706202,0.009337871
35029767702,0.004477706
35033350702,0.00045718782
35033613202,0.82080054
35035563201,0.008664059
35043133501,0.0006150942
35043133502,0.0006463363
35043133503,0.072372094
35043133504,0.12239182
35046762401,0.2923764
35047910101,0.16562799
35057599701,0.9740692
35067974502,0.001043125
35074247502,0.0034737017
35074371401,0.9932347
35076779401,0.21346262
35079640702,0.0121733
35080347202,0.00073747913
35080347203,0.0012412008
35080469601,0.96941537
35080884002,0.0018283118
35080884004,0.007395254
35084283801,0.035417832
35084283802,0.06111117
35084633401,0.6777047
35085346601,0.97347295
35085351302,0.00066164293
35085871301,0.0013762664
35085952701,0.24801114
35086063103,0.009236813
35093067201,2.0588215e-11
35096515901,0.0034130565
35109238501,0.9842073
35109482008,0.0062848255
35118188003,0.061323233
35118188004,0.30829912
35127512701,0.8909165
35128467801,0.96654516
35128529701,0.9010467
35200055801,0.15404603
35200331801,0.20891362
35201671601,0.49877277
35201690402,0.08816261
35208100106,0.55026126
35214110704,0.33790162
35222923701,0.020375915
35222926801,0.98278946
35222926802,0.9545056
35222926804,0.8043413
35494479401,0.03616439
35663935001,0.002809389
35663935002,0.0029537713
35667591201,0.25261343
35672996605,0.01830359
35673165502,0.0016471995
35674784701,0.5962095
35674812701,0.34544107
35674812702,0.98906684
35684659401,0.03573877
35685023207,0.0016325216
35704416301,0.96754
35710407107,5.3300333e-05
35710535202,0.0011489891
35720575001,0.07287063
35736262304,0.001402495
35736262305,0.0012088756
35736262306,0.0005693821
35751024701,0.00029895065
35760973002,0.0048949053
35765997203,0.0071580564
35766231601,0.7135434
35766231602,0.9867523
35770930001,0.95126355
35790947801,0.0055917464
35791120202,0.2210594
35802074501,0.7661115
35802216901,0.0001468299
35802216902,8.493268e-05
35802216903,5.7665235e-05
35804784102,4.2102947e-05
35807104902,0.32778293
35810812602,0.0014122609
35815476402,0.27369997
35815644202,9.0232796e-05
35817632901,0.023402795
35829066803,0.0006361424
35829066804,0.00030490762
35833558603,0.0024307023
35833558604,0.002171771
35840238203,0.0016503863
35899383104,1.9508554e-06
36008791501,0.012772637
36008811302,0.0018282788
36008887102,0.00030275973
36021781301,0.00015898964
36022222801,0.1211094
36032014601,0.018200612
36032455801,0.20098901
36039503701,0.7613375
36045755301,0.0041331025
36046316002,0.029515369
36054824702,7.776952e-05
36054824703,8.190995e-05
36060567001,0.20151535
36061757001,0.29813832
36069853903,0.43103856
36080075401,0.2037364
36084805604,0.013691809
36085112301,0.023515819
36085112302,0.15618946
36095173901,0.3114726
36095173902,0.0005850658
36095868901,0.000896539
36103419601,0.39242634
36103419602,0.002312194
36107451001,0.7538294
36107514601,0.0038912501
36107514602,0.00043039292
36108230204,0.036859833
36116866004,4.9716164e-06
36116875103,5.3730433e-05
36116875104,4.9633345e-05
36116900301,0.09064367
36116904201,0.7610834
36117072801,0.36744747
36117247901,0.50676316
36127261201,0.10103502
36133308901,0.09657325
36145892301,0.997973
36145892302,0.41386557
36147312501,0.13862735
36171360202,0.0046400507
36171769701,0.6251588
36179375701,0.77410924
36185866701,0.00084936136
36185866702,0.00010449992
36186370501,0.0011913236
36186370502,0.0014179649
36195723703,0.00085105206
36195801301,0.00073763274
36203025201,0.3727932
36208509801,0.9111525
36208633303,0.00073452876
36208897901,0.01205955
36211110402,0.0001270692
36211110403,9.147289e-05
36211346601,0.29443324
36212163901,0.0040746536
36212242702,0.00020171165
36212242703,0.00018794503
36216542102,0.57721907
36223421902,0.00011877993
36223421903,0.00011805647
36224167401,0.009778676
36232245001,0.020484297
36232355002,0.0024278203
36232355003,0.010509779
36232355004,0.017845262
36232651002,0.025527097
36232651004,0.040039513
36232773002,0.0042077843
36238452701,0.88241106
36247892101,0.012626043
36248081501,0.6304609
36248365501,4.3225366e-05
36254444201,0.08442058
36254444202,0.027428836
36263133101,0.67563367
36265887103,0.0038901705
36266522904,0.13002926
36266522905,0.06569375
36270472201,0.5981709
36270988601,0.9948961
36270988603,0.039611973
36273479503,0.92147136
36273577502,0.5231609
36275381201,0.29943752
36282250301,0.6080261
36282547001,0.00041803604
36282547002,0.00040179596
36283395302,0.0057723294
36294416601,0.0007988392
36294416602,0.40112662
36294440401,0.14021794
36294440402,0.00034964705
36301457701,0.45986488
36302476706,0.013589313
36308238301,0.51030153
36308617801,0.9549801
36314054702,0.014175051
36320794101,0.06653595
36320794102,0.32373348
36320794103,0.17475598
36321484301,0.14799945
36321759401,0.004133887
36322109602,0.2050611
36323171601,0.21158712
36326755601,0.0037647306
36327032201,0.56002283
36327080203,0.00034784287
36337105701,0.011425682
36337231302,0.044412687
36337240301,0.91802454
36341472201,0.003384246
36344758501,0.34394264
36348116302,0.7256812
36348116303,0.10997523
36348116306,0.61957014
36352747501,0.15174504
36352858301,0.011277733
36360033001,0.002252801
36360033002,9.778486e-05
36361158305,0.03908096
36371002801,0.09992916
36373876501,0.94716
36373876502,0.70392835
36379019501,0.91530627
36379071001,0.053712547
36379071002,0.002280697
36379566801,0.15793017
36379882103,0.027092168
36380507102,0.068951696
36380507104,0.0068372437
36392558001,0.02403688
36393331302,0.002044597
36397797801,0.26515844
36398418002,0.10518146
36401811703,5.132926e-05
36410692902,0.0009564014
36410775301,0.9895571
36411583601,0.27034852
36413262801,0.39325947
36415342401,0.00094757706
36415342402,0.02750711
36416385202,0.0014336024
36416490701,0.011901534
36427960901,0.123797126
36430211801,0.036670055
36432638403,0.010591825
36432638404,0.0055652233
36432704501,0.041677807
36435035401,0.13946474
36435264902,0.035873584
36435444301,0.021212772
36435462401,0.65511984
36454463302,0.001314337
36454478304,0.51006323
36454523401,0.5340347
36454711201,0.00016162607
36454711202,0.00038481283
36454918901,0.48611194
36462547201,0.3262482
36464290004,0.026993867
36464600202,0.8885919
36478500901,0.023164121
36478500902,0.10117594
36478500903,0.6379426
36479758401,0.12969217
36479758402,0.008143321
36487354001,0.19984709
36487915501,0.031401742
36488054201,0.46731067
36488198001,0.060246784
36494463301,0.40773097
36494463302,0.0054155225
36501436301,0.26755762
36532521703,0.0030351891
36532562101,0.24331114
36546786701,0.44824588
36546910701,0.1182392
36555694502,0.00021794552
36566262301,0.37268025
36572172402,1.6122038e-06
36572727101,0.028216438
36573020702,0.16633843
36577423401,0.52086765
36589085601,0.15666369
36589718401,0.47393534
36595339605,0.008040288
36595339606,0.0021878777
36599889601,0.09002258
36600046901,0.04362747
36694633201,0.8492119
36695394901,0.08491367
36695840901,0.00041672622
36695840902,0.0019995978
36705891203,0.001367217
36713674101,0.00017517022
36713674102,0.0001577264
36713674103,0.00021157949
36713674104,0.00016864004
36713674106,0.0005058009
36721580201,0.06693701
36721931201,0.1755617
36721958701,0.0012522151
36722441201,0.0007252666
36731106001,0.029091509
36737894004,0.03046502
36747358301,0.20655535
36747663301,0.0058184974
36747663302,0.0027320278
36747812401,0.025088517
36747812402,0.4388229
36748491302,0.00084415794
36757208301,0.4023373
36757282501,0.18920712
36757806102,0.094426826
36766053402,0.0004624574
36767139701,0.22678322
36782403903,0.0036514024
36783273701,0.00918157
36789557801,0.000813083
36790475303,0.016290415
36797561603,0.00018933069
36808504701,0.19939807
36809595301,0.5945442
36847142601,0.011238455
36847142602,0.001217677
36847142603,0.0012591329
36857403002,0.8579044
36874788203,0.00010468175
36874802403,0.00010927899
36875330301,0.34634432
36876173401,0.025259033
36885458503,0.0128911445
36893059701,0.17489322
36893059702,0.15253408
36893454001,0.3791292
36893454002,0.6259522
36898885202,0.012789351
36900681701,0.49313807
36910254905,0.022732023
36922914301,0.08714654
36925302301,0.095367506
36932794701,0.99663204
36934506401,0.9968822
36977912701,0.64817786
36981850803,0.002730777
36986473801,0.9926171
36996295501,0.18690184
37004042101,0.03984682
37022670202,7.3063467e-07
37024349001,0.2861726
37246364501,0.37438753
37253040102,4.4649598e-05
37253040103,0.00025216315
37253486701,0.010266136
37253772901,0.8627876
37253773301,0.4911754
37258954001,0.74106026
37266297201,0.0021146748
37266297202,0.00097335636
37266342501,0.0035350667
37267053501,0.11472961
37267063501,0.055837642
37267063502,0.11847695
37267351104,0.026819281
37276861902,0.0004366862
37276896503,6.535835e-05
37277343501,0.89378107
37284782901,0.9601432
37285035701,0.008641967
37286911101,0.003375162
37290811001,0.0011248586
37297899306,0.002299292
37298707301,0.052096054
37301560401,0.0036587962
37352305102,0.65803707
37359477101,0.5184703
37376857602,0.00042687
37384385701,0.42320162
37392837401,0.3781064
37401666004,2.2182785e-06
37485899901,0.98035985
37486059001,0.094621986
37491198603,0.0887863
37503656702,0.053819854
37503656703,0.2215808
37505958701,0.98532516
37505958702,0.9396273
37508912402,0.00015667087
37509071701,0.019991234
37522151901,0.13095592
37522191803,0.075286336
37522254905,0.013222641
37522254906,0.010278226
37522254907,0.20619956
37522268303,0.022767566
37522308001,0.9152602
37522545301,0.43372512
37522545302,0.78692657
37527395301,0.8215223
37613191501,0.0877892
37740736902,0.68411744
37775945505,0.10422666
37785944501,0.00768312
37809361001,0.8868598
37834445701,0.88399744
37855542301,0.95426536
37856305901,0.17082484
37856305902,0.1798524
37866689001,0.015532022
37866689003,0.034806855
37874201801,0.7482956
37874634801,0.026544763
37874634802,0.010360752
37875221802,0.41988882
37886884902,0.60007703
37923400201,0.09464687
37923400202,0.060257725
37924036001,0.04151732
37926673701,0.00058491965
37929030002,0.42717665
37934964301,5.2113133e-05
37935463503,0.0009898767
37940371801,0.17380303
37940792702,0.0012306478
37940792703,0.007120144
37941054001,0.3595532
37961831901,0.993432
37961831903,0.028866714
37972308601,0.98256344
37980177503,0.023261938
37980177504,0.034748834
37980419501,0.022939058
37980635802,4.5920533e-06
37985274801,0.34257096
37986534701,0.05450476
37986534702,0.00043431923
37989769601,0.7210397
37990919501,0.04049261
37997324601,0.0131716095
37997366801,0.001780153
38000137401,0.45363635
38008474301,0.0032949974
38008474302,0.0022856505
38008474303,0.0018011994
38008551702,0.8415387
38017354002,0.00031258303
38021153801,0.38510677
38032669301,0.192943
38033014202,0.0008871876
38033014204,0.00046963413
38033437201,0.00012672627
38033437202,0.00011501834
38038582102,0.0032348481
38039496401,0.4541189
38041913901,0.042438716
38042259101,0.23636004
38053978405,0.0020762624
38053978406,0.006279956
38065667301,0.19061114
38066437101,0.38277802
38071050103,0.004994928
38077004701,0.00063164125
38078325201,0.9222418
38086277001,0.005445689
38087068801,0.9831588
38091027701,0.6877512
38091623502,3.036388e-05
38091702701,0.056981795
38097651501,0.0023940576
38099717802,0.015983298
38104850602,0.00019622887
38104850603,0.00026093345
38109183801,0.04155681
38114124601,0.15045652
38123214401,0.04300444
38123214402,0.081459574
38123745204,0.006832793
38132860101,0.30853975
38133345501,0.0045765676
38135169604,6.11721e-06
38144788301,3.2756296e-05
38144788302,9.135892e-06
38154886602,0.03514046
38154886606,0.08396009
38155188001,0.16897978
38155985502,0.00018247079
38164772203,0.0063697184
38172444401,0.020904604
38189791701,0.983685
38190750205,0.0013365785
38190750206,0.000889576
38191909001,0.7974729
38192119303,0.34627107
38192515602,0.0068476005
38194976102,0.1218609
38197796401,0.02501335
38198711805,0.00046633396
38200958001,3.6388134e-05
38200958003,8.851934e-05
38201108601,0.98814654
38201634801,0.7726356
38202842501,0.8792206
38204309802,0.062231272
38206916001,0.0041981274
38206916002,0.001195379
38207297301,9.088567e-06
38207297302,9.421607e-06
38207502502,0.8167584
38207504501,0.24833795
38214552103,0.00014593297
38214863502,0.22909003
38218954202,0.02320584
38219619302,0.908603
38219944102,0.014400293
38225200201,0.11074158
38230868402,0.0015288879
38231035801,0.2847513
38231205201,0.00026541547
38231205202,3.4776236e-05
38231224302,0.2984004
38272885901,0.16635433
38282336802,7.629183e-05
38282769901,0.26839483
38291581101,0.9682907
38318130001,0.54004747
38326621001,0.24063104
38326621002,0.112248465
38350309001,8.959327e-06
38352567802,0.0015374179
38352567804,0.041406993
38359428206,1.0100732e-05
38359434101,0.0020318308
38359434102,6.905246e-05
38359436001,0.27448165
38359524203,0.0009729512
38371649601,0.00031913482
38372751002,0.48711267
38374689203,0.002091996
38401591501,0.022103263
38401824003,3.5695546e-05
38402184601,0.08387499
38406533702,0.006288889
38407312201,0.013657837
38407312202,0.012756834
38407462901,0.0590767
38407462902,0.0020101403
38407470502,0.02129596
38414505401,0.18091774
38415584401,0.74533826
38415604302,0.022122428
38429880802,0.007764719
38434431002,1.0753828e-05
38438583501,0.48765534
38438596901,0.013838402
38438622107,0.20080458
38438622108,0.0023607688
38438859701,0.06620784
38446538201,0.16699618
38446538202,0.09076661
38446538204,0.17640445
38453643001,0.990119
38460931201,0.0009093367
38482355601,0.9114975
38482944004,0.001783072
38710796102,0.068954445
38813192401,0.0012455373
38823584501,0.0023450472
38828704701,0.59968036
38882036303,0.005806396
38884523303,0.1545382
38895168402,9.136339e-05
38907088401,0.2445686
38915972501,0.24856113
38916880801,0.06713209
38928579101,0.060005344
38928698901,0.0020387948
38936374501,0.016486915
38936728001,0.009153567
38938234801,0.0019424665
38943736501,0.09662622
38956470001,0.037820105
38956548103,0.0011976179
38956733003,9.5142714e-05
38957019601,0.0022829182
38957352702,0.790977
38957603501,0.052135378
38958027702,0.00019625075
38964397501,0.16232564
38965089503,0.0023680383
38966979601,0.57969934
38966979602,0.06480552
38967796901,0.015504071
38967902901,0.0053308806
38968293302,0.00036919396
38968293303,0.0023935703
38968293304,0.00203872
38968406001,0.15366243
38968406004,0.002066631
38973327501,0.45404422
38973494601,0.4150593
38974765904,0.011446357
39008315901,0.14632784
39013742002,0.00028753502
39014207204,0.002159322
39014902701,0.00020000698
39015054702,0.66727376
39021550001,0.2218807
39021912601,0.012115957
39030588101,0.053385712
39042770302,0.0011100406
39043477701,0.001348806
39072352903,0.1660292
39081767501,0.6536476
39081767502,0.0009277751
39174454004,0.0005290983
39174526001,0.7810935
39181283901,0.13755283
39188739001,3.0341593e-05
39188798802,0.0054644262
39189425701,5.6658923e-06
39189524202,0.07775313
39190306401,0.995836
39190306402,0.9300143
39190467002,2.3891863e-22
39194988001,0.99814856
39202492501,0.07118577
39202492502,0.05141621
39202492503,0.063473634
39270667701,0.030183543
39303086901,0.0008744293
39303285301,0.18702507
39308647301,0.90444255
39374762801,0.65736437
39422819607,2.0475188e-06
39422819608,2.3974853e-06
39423379001,0.1470562
39423698105,0.06259014
39424416702,0.07109392
39427900401,0.064947225
39427958702,0.049385093
39428451701,0.5877489
39428451703,0.30631647
39433218702,6.6713976e-05
39433576002,0.6130867
39434031901,0.9034587
39434190102,0.0059714187
39435605006,0.44525918
39435729401,0.4488822
39445526701,0.013485728
39449001201,0.6532858
39456111901,0.99878985
39456260903,0.0014527673
39456260904,0.00091519684
39456288004,3.7957795e-07
39459353002,0.0004726654
39459416901,0.022934122
39459426002,0.033311572
39465795201,0.0048812535
39465797201,0.005247347
39466088802,0.0025707018
39466131401,0.23958191
39470219102,0.001802739
39471160506,6.3669926e-05
39471533201,0.33605158
39471614602,0.0010365739
39472987501,0.9954566
39481226301,0.0017787743
39481226302,0.008658679
39483187602,0.07917
39491277004,0.06333268
39491558303,0.7957806
39497269002,0.0050014015
39501170604,0.9619631
39506494702,0.02922493
39506618601,0.26707602
39551584601,0.98853976
39551599201,0.0065026744
39551599202,0.00027545448
39574267601,0.010821306
39574626502,0.00028087618
39585561207,0.024000932
39585705301,0.0063825184
39603767901,0.49719426
39610664101,0.9198994
39613960703,0.21619464
39614288801,0.002484656
39617007601,0.1763396
39621349201,0.00018367227
39621753701,0.0013879779
39624496701,0.43190724
39624770001,0.029954623
39624770002,0.009238681
39625543705,0.094831616
39636522602,0.0012348602
39642179302,0.013664083
39646733002,0.005671806
39653739902,0.00034184178
39653945901,0.05725435
39654389101,0.9110119
39664803601,0.27887177
39672022301,0.62871325
39690392701,0.15260321
39690460304,0.0009981247
39690628101,0.46813864
39690779201,0.9572
39703122703,0.00045172876
39703232401,0.5500257
39704082303,0.0011957473
39710897801,0.8282308
39713731901,0.24239549
39716216201,0.28991583
39716261101,0.3168927
39771048501,0.48528606
39781653902,0.00057026086
39790433502,0.0023276208
40151315403,0.005388453
40156111901,0.5055714
40156772201,0.7649289
40157397301,0.3367824
40160576206,3.475996e-05
40160692302,0.0017426254
40160803902,0.17225862
40167060701,0.0032307995
40167609403,0.011082686
40167800701,0.9475854
40172697304,0.003046469
40177037001,0.34302533
40179595201,0.82562494
40182156702,0.067936756
40183362602,0.014633866
40185908804,9.0852714e-05
40185908805,8.320005e-05
40185908806,8.2534694e-05
40191380301,0.98548406
40191435702,0.397035
40191608001,0.016411899
40198062401,0.9994623
40198264101,0.047817677
40203032802,0.025532804
40208591104,0.032471962
40208591105,0.107846886
40211128901,0.6363796
40232963101,0.008069919
40245420401,0.07211905
40245490901,0.27956408
40245695801,0.011248941
40245713701,0.07303751
40246341803,0.0021095513
40246930501,0.31161344
40247471401,0.39727697
40247729204,0.028054003
40251280703,0.004713584
40251355701,0.07885503
40251355702,0.17696828
40252725401,0.3804896
40258614101,0.3167006
40258614102,0.007647427
40258624001,0.022162026
40262134301,0.8692758
40262523401,0.22381802
40264677607,3.5227097e-07
40264910601,0.030615117
40265106901,0.092113465
40267559901,0.0029766639
40270895301,0.84157896
40271028001,0.99675375
40271155502,0.8104395
40271275802,0.00046916027
40271275803,0.0010162905
40271275804,0.0012821094
40274558804,0.050497502
40275905302,0.2912734
40278607005,0.0022406091
40279311704,0.12391751
40279502301,0.21265994
40280028803,0.0063971165
40280028804,0.28536063
40283749502,3.3022568e-06
40284010606,0.014868517
40284375204,0.010878726
40284583801,0.102129385
40285466203,0.0011258294
40288513001,0.6643325
40292001201,0.00048327522
40297013001,0.0020600609
40297079601,0.80691093
40297297201,0.18340039
40301654403,0.0013263052
40301901402,0.032118928
40302986402,0.019389367
40304471502,0.025055697
40304471503,0.05129409
40307506702,0.9713211
40308377501,0.0010103105
40312524701,0.2733444
40313150604,0.02569383
40322650502,0.016591232
40322738202,0.0021226166
40332051801,0.0016741354
40332051802,0.01119862
40332088805,0.0012750523
40336436001,0.95546794
40336671602,0.0019188283
40336674402,0.016403757
40336742001,0.0047255224
40351167001,0.18613479
40356794903,0.003023928
40356857801,0.7719744
40424173901,0.23052582
40434450701,0.00020878293
40437995307,0.0012856488
40441563501,0.24945967
40443166301,0.16601963
40451664502,1.997228e-09
40477056201,0.22727427
40477658205,0.67687696
40477792202,0.009274123
40479715101,0.2483139
40479715103,0.01693409
40479778401,0.040752728
40483253101,0.18491007
40484930201,0.002817607
40492766102,0.18819503
40493349302,0.84036404
40493394702,0.038796823
40496996901,0.103593886
40512956003,0.2815269
40512956004,0.18319352
40536444701,0.99416566
40536509601,0.47002897
40536534002,0.00024677365
40586283001,0.9409191
40586608902,0.175976
40593091501,0.6775111
40677452001,5.0872994e-05
40677452002,2.8240753e-05
40677811702,1.250468e-06
40678033801,0.09959199
40678033802,0.6815051
40686161801,0.07285248
40687225301,0.23677118
40687225302,0.026871426
40687484203,0.02544991
40687484204,0.28754517
40694161201,0.99898905
40694554701,0.7756606
40697674601,0.99694616
40704486902,0.24603008
40704635703,0.00018013532
40706490202,3.885486e-06
40706644901,0.046351787
40706644902,0.05552225
40706926502,0.042047095
40708997303,4.6156306e-06
40708997304,4.4484796e-06
40708999001,0.025083993
40712640801,0.9983845
40714593901,9.2477285e-07
40714672301,0.06459601
40714672302,2.4245359e-05
40714772701,0.0034754123
40714772702,0.00012255229
40716436803,0.015386161
40716550905,8.907779e-05
40722536701,0.0006782535
40726459701,2.1830127e-05
40766296101,0.00023203615
40766364101,0.006699162
40777226104,0.41444996
40782391702,0.124103114
40788235401,0.275216
40792533602,0.00086950284
40886781001,0.021902464
40886781002,0.21416847
40886781003,0.00534151
40924801304,0.127306
40933455502,0.33360785
40933621502,0.0025628435
40933862402,0.011674057
40951882603,0.0042136386
40951882604,0.012191934
40955715801,0.7353915
40959237601,0.92316496
40964103101,0.013421781
40964252401,0.3795866
40964996801,0.3630009
40970267001,0.013041604
40993433001,0.98528004
41022754501,0.19057162
41025404901,0.5644979
41027154005,8.720051e-14
41027154006,0.07623519
41033956303,0.0009485987
41034069502,0.018402701
41035498001,0.004460369
41035498005,0.24316828
41036747405,0.8152427
41037198403,0.89428586
41037253601,0.039370716
41037295001,0.38718036
41038901401,0.5226521
41039709901,0.1800575
41039932703,0.99256295
41040227203,6.0993727e-05
41183119203,0.0057104537
41197709402,0.30072588
41207084802,0.0317846
41214384201,0.91863155
41215149801,0.19423135
41215312802,0.00025081227
41220923901,0.052462302
41221501301,0.9953616
41221648601,0.09400318
41246968102,0.00091259414
41247121201,0.9947024
41252873901,0.35507402
41252873902,0.28199196
41265496701,0.16813512
41266024401,0.00078866375
41266024402,0.00023420213
41272654501,0.8702476
41272657702,0.27144235
41276125603,0.00070844695
41282055802,0.0016128939
41282204902,2.9512226e-05
41829735101,0.09336203
41838209901,0.0010500916
41838748701,0.57799613
41846057901,0.90604043
41846101303,0.014241472
41857611902,0.0054769157
41858092502,0.017675335
41858172601,0.007922148
41858172602,0.008033244
41861387703,0.00086923904
41861873001,0.03794429
41861901801,0.3043656
41861901802,0.06610792
41865533301,0.04318035
41871749402,0.00036915913
41871749403,0.04236691
41871749404,0.044581693
41872149801,0.003949616
41873617801,0.20452589
42035080401,0.71939933
42042653101,0.75782174
42043377102,8.8171066e-05
42043742001,0.14408569
42049042902,0.014002769
42056041503,1.0501493e-05
42069904001,0.38120976
42069908301,0.020732308
42076165201,0.29713967
42077426501,0.10976433
42090326402,0.0089003565
42090366802,0.0019056867
42090366803,0.0014720809
42097126803,0.011696873
42097126805,0.16131788
42097878801,0.9304341
42106323301,0.37440825
42106552502,0.00027454784
42110746303,0.09264581
42110920401,0.024217164
42116363101,0.018843917
42116363102,0.58628213
42116736602,0.38433847
42116736603,0.3649643
42121534102,0.0030779291
42121569001,0.055521663
42122982202,0.5376565
42126079703,0.035766393
42128537201,0.1312452
42128750301,0.965697
42128750303,0.9446888
42213910801,0.00827146
42239316904,0.005244622
42248853201,0.43090558
42248973901,0.0020902199
42249840101,0.005797115
42270231501,0.7101661
42270489201,0.9791565
42302184705,0.9852277
42305589402,0.24316333
42305682402,0.0018248309
42326404002,0.8551142
42326506602,0.024154335
42335177004,0.33887133
42335405201,0.9297424
42341997102,0.011049013
42376889604,0.004519496
42399150903,0.000114219605
42406383901,0.0052168635
42406383902,0.8742974
42413015301,0.100785755
42413137802,0.0040906407
42413137803,0.007426032
42433038303,4.4125063e-05
42433038306,1.3218612e-05
42433553309,3.5675369e-06
42433757602,0.26413572
42433757603,0.44670066
42436524101,0.4370887
42436524102,0.044499382
42441417101,0.018800056
42462205601,0.09815356
42462384803,0.113498576
42466817601,0.02334291
42466890201,0.6448755
42471677202,0.009079896
42489936001,0.02913762
42495087801,0.80887055
42496104501,0.0005322359
42496104502,0.88254243
42499682601,0.41963384
42508321602,0.47864228
42508326401,0.13755257
42508326402,0.12313679
42508326801,0.5356111
42508330901,0.570109
42508330902,0.55765
42508330903,0.36908466
42508470201,0.0056402287
42563899203,0.19089574
42564154001,0.9841583
42564191201,0.034780856
42565755604,0.050804637
42569676401,0.00735373
42585230101,0.03282495
42585616203,1.456798e-06
42585719901,0.000348837
42585780401,0.0027636504
42592453401,0.5539449
42592772601,0.36116976
42592772602,0.7159662
42594119402,0.2451589
42594491701,0.056613255
42600631901,0.9547139
42601126401,0.35979477
42602113302,0.00090444245
42602213101,0.432604
42602343001,0.30978858
42602578401,0.32594568
42602673205,0.05901834
42603247501,0.98635477
42603247502,0.69577116
42606995801,0.0020334802
42607358101,0.75115705
42607708001,0.8491085
42608031001,0.00035674527
42608031002,0.0014324377
42613004701,0.6243937
42613004702,0.5729987
42613416201,0.0027472486
42613416202,0.00019726476
42613426703,0.0016464579
42615621101,0.56370735
42619478302,4.545159e-07
42619871701,0.48289418
42620625801,0.45098153
42620662801,0.14940992
42620731901,0.078569785
42620761301,0.6852236
42622734401,0.81635225
42623123201,0.9172401
42623198601,0.022197437
42623225604,8.386094e-05
42626468401,0.0003272921
42627663706,0.07894194
42628194901,0.2626256
42632054701,0.03184828
42632652201,0.6786077
42632664302,0.009418967
42632664303,0.0029934023
42636372802,0.01155779
42640598101,0.057306044
42640639401,0.0074301236
42641101301,0.1063297
42642237201,0.09258233
42642237202,0.31025428
42642293306,0.056557216
42642717601,0.70738006
42645301701,0.0032977862
42646326401,0.00639885
42647544001,0.031037541
42648821601,0.0026637374
42649244801,0.32543904
42649722501,0.00051633065
42649722502,0.00047412878
42653178903,0.055636
42653363502,0.13846864
42654068402,0.006980144
42654118001,0.14799069
42654118002,0.002911457
42660995204,0.0037954361
42670732703,5.8160946e-05
42670942501,0.11774535
42670942502,0.0535588
42674755901,0.009520714
42683417301,0.9145688
42683873303,0.0047266753
42683873304,0.0012094019
42684080001,0.41445494
42687311001,0.2353474
42687525301,0.24606384
42687740001,0.99500656
42687740002,0.88055164
42689967402,2.8102263e-06
42690423602,0.16964678
42690639601,0.5714389
42696816603,0.0025303096
42697573101,0.16366509
42697586601,0.041788574
42701106003,0.005514057
42701366501,0.036982078
42701848601,0.69796187
42703117101,0.50709605
42765949101,0.4418761
42766776601,0.028905047
42766776602,0.021071525
42766777601,0.42001078
42766777604,0.40798458
42908277401,0.9679155
42908330202,0.00040193615
42953053801,0.0011133522
43046925501,0.5622395
43069330902,0.005264856
43069330903,0.0034579572
43070245002,0.030238612
43090883701,0.3542979
43091773401,0.0010421547
43091800701,0.07360049
43109523702,0.60819465
43110001502,0.018361975
43110033204,0.0009079904
43138027802,0.061775006
43138031501,0.46107194
43586902102,0.00016698061
44418909901,0.99447757
44419720801,0.20044848
44426887501,0.23525849
44426912601,0.6814094
44426912602,0.005661938
44429859801,0.06235356
44429859802,0.0057842266
44442919301,0.025654266
44447867501,0.0025120608
44447867502,0.06572045
44447867503,7.2798302e-06
44448478801,0.92170686
44460887002,0.003677293
44470145001,0.00010670496
44470145002,0.00011967239
44470229601,0.030727347
44478951701,0.0029341662
44487724601,0.26161036
44488599901,0.07461907
44492663502,0.001635409
44500842301,0.008800721
44500842303,0.0024449585
44521244701,0.19831116
44652214201,0.028135993
44652311001,0.830282
44652311002,0.21367162
44654990501,0.98384804
44654990503,0.32322338
44667821001,0.044780523
44667821002,0.0131321065
44670309101,0.00444319
44670707001,0.031088196
44670707002,0.06754531
44687160101,0.73273194
44687238601,0.12386771
44687238602,0.01021507
44688127201,0.46750173
44688628001,0.44897535
44688638401,0.009038856
44688638402,0.022567429
44689810302,0.06657851
44690139001,0.5607764
44690469801,0.2593683
44693121503,0.0008711453
44694034304,0.0066222963
44695132901,0.576436
44696551402,1.4338475e-06
44697163401,0.10135615
44697763001,0.033960436
44698367501,0.00024457232
44700446001,0.017230226
44700938001,0.5942608
44700938002,0.012381195
44700938003,0.17381051
44701434901,0.61916816
44701554601,0.1616577
44701554602,0.20052782
44702119503,0.101662934
44702553803,0.07107743
44702621101,0.6405479
44702652802,0.5364819
44703836302,0.023732886
44704224301,0.65384734
44704498803,0.061425254
44707555104,0.024126071
44708263601,0.0005990958
44708803401,0.98013365
44709216403,0.11235327
44709274601,0.6373665
44709430003,0.0014939301
44709488305,0.80093217
44709816702,0.026042465
44709820401,0.9166888
44710734905,0.14212106
44711543501,0.752927
44711543504,9.125212e-05
44712681908,0.0029798879
44713258101,0.88366956
44713553504,3.864083e-06
44715555001,0.3798859
44717549601,0.90702724
44717549602,0.70723444
44718654702,0.028366111
44718897901,0.003368917
44718897902,0.0014499092
44719328701,0.019267458
44719449903,0.0011045062
44719717002,0.040276133
44719717005,0.24647515
44722257801,0.09488343
44723020901,0.37294006
44723094501,0.111725084
44723132704,0.00010176386
44726048801,0.8132189
44726323304,0.1478051
44726765301,0.60434866
44729155601,7.633521e-05
44729155602,7.0263246e-05
44729973001,0.69115573
44732810101,0.058605347
44733814101,0.00040539194
44733814102,0.00019601792
44735038102,0.0488539
44741999901,0.9381965
44742020601,0.65368974
44742396207,0.00019651122
44743060901,0.6028382
44745141201,0.03972575
44748816602,5.4009077e-05
44750939001,0.07207787
44751113401,0.36935997
44753946801,0.95857435
44753980703,0.035113283
44754436203,0.00105289
44754436204,0.0006745334
44754492301,0.001029621
44754492302,0.00015590488
44755787501,0.15136477
44757552104,0.090472214
44758338102,0.0016159845
44763165502,0.0349918
44764986406,0.00090289256
44769727501,0.52527875
44770632701,0.31370658
44772555402,0.007852913
44776342402,0.2740414
44776342403,0.075562574
45143902603,0.002078818
45144079601,0.05533809
45144079602,0.10213514
45144079603,0.14889553
45146621203,0.00022561931
45149328902,0.007103723
45149787407,0.05934477
45156410103,0.064886294
45159641501,0.7572144
45159641503,0.0013006472
45159952801,0.2704679
45159952802,0.729707
45160697001,0.99411714
45238853802,0.00042749793
45238853803,0.00042572664
45240743103,0.043535683
45241706301,0.0018034651
45241706303,0.14063436
45241984301,0.4483031
45241984302,0.16123424
45243899103,1.3592125e-08
45243899105,0.0007305368
45246516203,0.950307
45248174503,0.051925983
45248174504,0.05112348
45251672904,0.013433877
45251797604,3.8206675e-08
45252161101,0.00025326308
45252161102,0.00013769192
45253029406,0.001847374
45253364001,0.0013591523
45263116103,0.06349814
45263126802,0.2212111
45266583701,0.016118808
45266583702,0.11348496
45268263605,0.00014132103
45307990401,0.24025282
45308239401,0.00015229186
45309524703,0.01420183
45310065801,0.86413145
45325995104,5.695042e-05
45326020901,0.8935262
45328891907,0.0065727746
45328891908,0.0022396732
45328952901,0.2977548
45425777804,0.0011945986
45436597101,0.071177736
45461038201,0.0399631
45485803202,0.2419125
45491988701,0.6130948
45496183505,0.0009670205
45496183506,0.00082223275
45651998702,1.6394106e-08
45653678201,0.32328388
45654083401,0.0035652027
45658861001,0.0004075407
45659278901,0.3422369
45659318702,0.26681837
45659345501,0.8814503
45659366401,0.1773542
45660992902,0.00029364988
45661078401,0.14291485
45662158601,0.021715503
45662172001,0.07850543
45804844402,0.001157847
45805764701,0.26311338
45809116902,0.0004858648
45809366901,0.050729897
45812493801,0.00043966726
45812493802,0.000266245
45827563301,0.000627796
45827563302,0.0005478977
45829078201,0.9918467
46312062701,0.00012064757
46312063801,0.012965039
46313466001,0.17004639
46316435801,0.19729215
46316622601,0.001932879
46316729001,0.97875136
46317022401,0.8415717
46317022402,0.9615115
46321687201,0.0004170519
46322506701,0.06790289
46322712001,0.5401749
46322712002,0.0023455736
46325234001,0.05914808
46328355901,0.0048246365
46328355902,0.0017897
46339396705,0.019762188
46345068701,0.47256142
46345711601,0.013926436
46345711603,0.016620606
46345711604,0.038160328
46346554101,0.98810416
46352792201,0.9142712
46352792202,0.0121847
46353550101,0.0054832282
46353843201,0.85933965
46356805201,0.2957968
46359550501,0.14078292
46373260502,0.7546033
46373446901,0.61932594
46374251601,0.71891636
46377008201,0.15143025
46380770701,0.21560319
46383669101,0.371485
46383933501,0.91507006
46388414201,0.67831445
46388423001,0.19118643
46392854301,0.9066996
46393241101,0.54863626
46396409001,0.422673
46397544501,0.19145003
46404093701,0.98792654
46404796401,0.9658582
46418100801,0.2145868
46427637101,0.19348235
46427784301,0.109114185
46440584002,9.919869e-05
46440790602,0.035912666
46441560101,0.14402257
46442017001,0.98623276
46454776502,0.20353815
46455428302,0.9551567
46455428303,0.62747437
46458300202,6.5551096e-05
46458427402,0.008857898
46458500501,0.30581024
46458854002,0.0013043327
46458989601,0.038215537
46464121201,0.3179852
46499158703,0.23887795
46502411801,0.0024329708
46535453601,0.5929116
46539308501,0.9672304
46543439101,0.7016735
46544621801,0.37626582
46548765001,0.2156697
46552476903,0.014661906
46557304501,0.020356616
46561682601,0.00088343595
46563493603,0.025503967
46564641301,0.97954625
46571187001,0.8637678
46571321001,0.467439
46571717301,0.6582674
46609661105,0.00036948765
46610192702,0.6212059
46616294301,0.00010468784
46616302301,0.7200548
46668164802,0.71257305
46668903301,0.0028391923
46790259802,0.1515557
46790437704,0.49672
46793405201,0.6718185
46815069102,0.8205583
46815489501,0.059523
46817615002,0.0022467736
46817819301,0.00064559083
46817859902,0.004116086
46817970501,0.060317606
46818816101,0.39484134
46821607901,0.0004895299
46821607904,0.017049138
46904638701,0.3032551
46910098202,0.7628771
46915009001,0.2735223
46923312302,0.6180479
46926071001,0.06258412
46926071002,0.09771495
46926566701,0.4197762
46936026401,0.024127604
46940092701,0.0039321096
46940092702,3.221036e-05
46940662901,0.0473023
46944721201,0.4105228
46945129701,0.006788279
46945359502,0.499002
46945511101,0.28109422
46947713801,0.9837578
46950693501,0.002288769
46955444501,0.39903644
46962027101,0.024921846
46962027102,0.0023767825
46962869701,0.78381604
46965740001,0.009819725
46965740002,0.00017492688
46966750801,0.79684734
46969286201,0.0052206405
46969286202,0.002140066
46969286203,0.0013429129
46981066301,0.60003775
46981066302,0.4559234
46981179205,0.000498901
46981268101,0.29872048
46987211805,0.009414056
46987681901,0.004365643
47009736801,0.48447305
47010240101,0.019802995
47014731301,0.45751345
47018266201,0.000262807
47018266202,0.00011570941
47018874504,0.009978915
47022060603,0.0010737522
47022060604,0.0006866827
47029179501,0.82626426
47029179502,0.91291195
47030342001,0.400338
47032669801,0.955155
47033668003,0.064439304
51662701404,0.000508961
51885366801,0.0019345096
52010082501,0.30771077
52202662202,0.011349974
65026564501,0.9953245
65026564502,0.8932198
67504743810,0.018242005
67504743812,0.020768812
67791582702,0.3143053
68346032003,2.6659568e-17
68495592002,0.001939797
72413093403,2.154997e-06
72569488401,0.31855568
73227529802,0.92247057
73450558101,0.99513453
73450558601,0.9906873
73548785901,0.8098095
73587245602,2.3992212e-05
73742523802,0.0011515685
73748696402,0.16451801
76661994103,1.0641809e-05
76723579601,0.04853547
80510082205,0.0006214349
80586147301,0.00018895087
84278066801,0.9879875
90392977207,0.00080968416
100476507001,0.00026832163
110410011101,0.10693659
110410011102,0.0003664512
110477688701,0.0029200588
110677071902,0.9914498
110861508102,3.73226e-05
110981975701,0.006967193
110986944601,0.2816048
110986946101,0.31494525
120574527203,0.0007939186
120997343501,0.34110102
120997343502,0.000865679
120997348501,0.3016928
120997348502,0.0007349328
121059797201,0.009568958
121339554501,0.07136928
121639492401,0.51036906
121900635301,0.9448644
122146990202,0.011217047
122425565905,0.12055976
122455164903,0.03061046
122455164904,0.023892889
123252203301,0.0011569792
123438404601,0.9910964
123438702601,0.9931545
123481032401,0.9956305
123697841106,0.0018033106
131208749307,0.000103292834
131400428901,0.65973806
132249398101,4.898706e-05
132249398102,5.001378e-05
132249398104,1.29490445e-05
132249403601,4.6317105e-05
132249403602,4.718085e-05
132590012601,0.5448116
132631597301,0.5390366
133157972501,0.010106908
133157972502,0.4574148
133160550401,0.0007652872
133194648601,6.109597e-07
133194648602,3.984157e-06
133194648603,2.5348187e-05
133194648604,0.00017186282
133194648605,7.836181e-06
133197258801,0.8684857
133532313901,0.27894983
133532313902,0.00010862943
133585607901,0.0936385
133780551201,0.2348586
133780551202,0.018102035
133780552301,0.18210766
133780552302,0.014010588
134135128901,0.3817482
134344670907,0.04606421
134688048801,0.72821796
134694259001,0.5143696
135268414601,2.0405816e-05
135350083301,0.19461408
135440442404,5.664629e-05
140596584402,0.05088179
140599763501,0.9498286
141921455701,7.874539e-05
142284626901,0.000171972
142302019405,0.69050455
142346260801,0.9907577
142346260802,0.009643566
142395665402,0.30551082
151008818501,0.689783
151183433907,4.3071435e-05
151325824001,0.72294307
151391111402,0.00019242353
151535546601,0.987069
151838430102,0.00016562211
152922571201,0.9400714
152922576201,0.94013435
152997674502,8.169752e-07
153367841801,0.3037428
153367842601,0.3598435
154654972401,0.46228382
154666784102,0.0012018186
154720174701,0.73225296
154731732101,0.00040951007
154731732102,0.02744386
155309950301,0.0050742994
155614233407,7.453888e-05
156720533204,0.056639023
168830672607,8.16864e-05
169108044701,0.0007348715
169142746501,0.00058688875
169142746502,4.2681728e-05
169142747301,0.00047690325
169142747302,3.4439996e-05
169196215901,0.10688464
169317488301,0.49662948
169322625201,0.09575232
169704564901,0.000693615
169704566001,0.0004450504
169704566002,0.043803353
169707298701,0.6898253
169868536603,0.018767657
170129211101,0.23931268
170129211501,0.22043699
170244231301,0.00010466048
170244231302,0.00030098428
170342329301,0.8718477
170630724702,0.30096143
181587036301,0.08011409
192238422901,0.50541645
