astro_id,planet_score
146686601,0.93456495
146686602,0.6832023
187132401,0.0017499784
187599501,0.77994764
274305901,0.9186604
317876001,0.5886161
317889001,0.009699014
359579601,0.16614881
359698601,0.9514355
360669601,0.9386262
402988901,0.9903734
403061701,0.0052356394
403061702,0.000363723
446702702,0.15385771
447174701,0.3482745
447673901,0.01287393
487162902,0.99296653
487657001,0.22671561
488161201,0.91754127
533697002,0.9958224
575113501,0.004025297
575113503,0.02968808
575563601,0.06732273
575563602,0.8217847
575563603,0.7532572
619318901,0.9884129
619318902,0.8230697
635590404,0.00019338808
639837301,0.64350325
703862601,0.5614929
704333601,0.0016702318
704818901,0.38576797
704818902,0.889976
748441901,0.104421996
748446301,0.68877155
791546903,0.25837865
791560602,0.3572464
880121802,0.97115636
924306901,0.9443362
924772802,3.1708674e-05
925236802,0.98080325
967723901,0.0024898483
967723902,0.004414617
967723903,0.033253904
968788801,0.9681521
968788802,0.98020864
969292101,0.9674414
1009597401,0.0068319323
1052573004,1.168208e-05
1053441301,0.0098430365
1139437301,0.27513775
1139923501,0.9842365
1139923502,0.9772176
1185668201,0.9855275
1317343201,0.25286242
1317833901,0.0021860786
1358861002,0.7249931
1358887203,0.1096018
1359346304,0.001913427
1359459601,0.8972518
1359459603,0.96256435
1404892901,0.8475069
1404892902,0.9301917
1405725501,0.08710221
1405740801,0.0012805643
1446659202,0.6945814
1447062701,0.42057276
1447567501,0.0010197515
1532995001,0.19280455
1533976301,0.012216433
1534462401,0.58330095
1564162001,0.8742973
1564731001,0.45608687
1580072901,0.9931213
1612399801,0.59437156
1612399802,0.93827045
1623657601,0.33228087
1635457001,0.07104139
1636086003,0.000855493
1643676902,0.03234737
1658550801,0.69702363
1666082901,0.75096774
1666604501,0.92107636
1711477001,0.9963574
1752487701,0.61712784
1753382302,0.0031535341
1797236302,0.8127152
1797258201,0.13816337
1798232703,0.013980016
1798271601,0.37700543
1882728601,0.98602563
1927452702,0.0014332121
1927473304,0.8136669
2062751702,0.005021038
2062751703,0.051253717
2062751704,0.035577506
2104670801,0.89825064
2126191108,0.0049700537
2126207403,0.020108646
2135589701,0.9989773
2147845102,0.41066846
2169987801,0.0035570103
2169987802,0.002859555
2169987803,0.046543486
2169987804,0.13488485
2199901102,0.0011435029
2208947308,0.00052652525
2219374701,0.00092458323
2219719008,4.851042e-05
2229403703,6.4823894e-06
2230620701,0.0023357726
2236170001,0.47543666
2236170603,3.8835922e-05
2240212202,0.2929068
2240340401,0.85043615
2240340402,0.8204718
2248758202,0.39267707
2249717702,0.003451563
2257561501,0.31457826
2269306501,0.9954188
2278714003,0.53553635
2278733401,0.0003003671
2282054001,7.1877745e-05
2282582301,0.0013997816
2283563801,0.97644776
2288145801,0.017771216
2297574702,0.51442266
2298235402,0.003727167
2299118901,0.0039609624
2321110901,0.92179185
2325702201,0.92496055
2331537803,0.00037402482
2331839901,0.44062248
2340085901,0.0024302064
2340186605,0.0035594704
2349099503,0.34556475
2349156501,0.064821124
2349163301,0.0001495291
2349337001,0.9090897
2369119608,0.00022845593
2381892403,0.002181569
2381892404,0.0019455835
2382288001,0.19141296
2382633101,0.8417061
2382633102,0.5685421
2413763403,0.002912148
2414654901,0.9797615
2431354801,0.12396245
2431354802,0.24389005
2431354803,0.6057401
2431486803,3.404926e-05
2431486804,3.1281998e-05
2431674302,0.9364932
2431698501,0.04170212
2431698502,0.06347105
2440905701,0.75714844
2456122501,0.0014389243
2456122502,0.22883525
2469352804,3.0999756e-05
2498578301,0.6862517
2506398602,1.9353365e-07
2506399902,3.0726816e-12
2511727304,3.97575e-06
2515483101,0.00020007392
2515483102,0.0002439768
2519562303,0.0035681059
2543370304,0.40282345
2558658502,9.5159136e-05
2559088601,0.036652077
2559088602,0.10591891
2559934101,0.7992512
2560054501,0.70371073
2572286603,6.0535895e-05
2573502001,0.70890075
2585953003,0.67725086
2587869801,0.104878135
2598839001,0.6471183
2629696301,0.18213819
2630201102,0.005199128
2633388402,0.009854848
2668310702,1.2867919e-05
2670173501,0.9291726
2670932602,0.010565019
2670998901,0.38058963
2711759301,0.9971884
2712677601,0.0016342083
2712677602,0.00031317305
2755211904,3.950608e-06
2755686901,0.9927725
2755720001,0.0003486164
2755720002,0.0001049463
2795010701,0.0007012449
2795010702,0.00028836084
2813740001,0.005133151
2813962203,0.00042023894
2813962204,0.0009815997
2845569801,0.8985567
2846479102,0.13874191
2850953202,0.07919797
2852637903,0.07370937
2860940301,0.9932934
2860940302,0.007056334
2884064201,0.0053717857
2884064202,0.70646155
2885271803,0.7459525
2885606601,0.0053990227
2898001102,0.0023417852
2931001401,0.00048274
2973159301,0.72359246
2973919907,0.000109500856
2978129201,0.7390768
2978129202,0.999286
2982926503,0.031069567
2983350401,1.4296584e-05
2983448601,0.00011809024
2998401401,0.9405301
2998413101,0.27160212
2998413102,0.49868235
2998680801,0.9272437
3003143901,0.10086425
3014114101,0.66407055
3014130801,0.03396961
3014155401,0.08160282
3014626201,0.9884926
3014666201,0.0010543474
3018949201,0.002080915
3018949202,0.0015921557
3019337302,0.262013
3026816802,0.9692404
3031174902,0.5110636
3031368202,0.028786281
3031428201,0.68887925
3046805201,0.69510996
3046945402,0.00036408866
3053489302,0.16648933
3055760803,0.00039452466
3058004502,0.85200226
3058007201,0.93096447
3063992801,0.03780667
3071881101,0.4713846
3071881103,0.15637366
3071881104,0.24695015
3102001301,0.7859697
3103558401,0.9934906
3103575802,0.25439844
3110540201,0.38386256
3110540202,0.20793942
3110603901,0.35326505
3111950501,8.479503e-05
3119795201,0.86180973
3120236902,1.020759e-05
3132119001,0.99279284
3132142001,0.7919616
3133342702,0.020285593
3140936101,0.022267818
3141154101,0.0
3141154102,0.9680379
3142064902,0.003508643
3157252801,0.18216147
3167063202,0.16226527
3175297102,0.00033780257
3176004601,0.56128556
3179612006,0.29909188
3179929603,0.013659604
3179929604,0.16269796
3185258505,1.0245939e-05
3185298001,0.9973507
3185298002,0.9960659
3187201101,0.27469674
3194381902,0.8253028
3194575303,2.492284e-06
3203463001,0.291035
3203463003,0.69740987
3213709901,0.00060308975
3222460802,0.019850405
3231889301,0.078686126
3232159104,0.0028448326
3232441901,0.99606055
3234812501,0.011763239
3245705601,0.012208425
3246227701,0.457971
3256908001,0.024088508
3268340304,0.001954289
3268340307,0.0032339045
3269099802,0.00014886232
3269552901,0.0010004153
3269552902,0.97521204
3269953802,3.234864e-05
3276522401,0.17883793
3276533002,0.0054662693
3276533004,0.63175684
3280637501,0.8238855
3280637502,0.13841672
3307649701,0.12313422
3318030301,0.5857255
3318466001,0.91805154
3318512401,0.00080871646
3334199001,0.98746824
3335085001,0.001674431
3335085002,0.0006345063
3353118201,0.96723837
3362798301,0.99876654
3363285304,0.14563061
3364330102,0.00013863058
3370676108,0.024329675
3371460301,0.39149693
3373201704,2.3756677e-06
3377092703,0.25375542
3383635903,0.09267038
3384068301,0.9929382
3390475201,0.85288376
3390701001,0.9467348
3391691903,0.0032981387
3392745901,0.94868684
3393136902,1.7644661e-06
3393383702,0.3343787
3399912401,0.2973263
3400905505,0.22324121
3411844501,0.49775922
3417332101,0.003926725
3417332102,0.0016024483
3424745501,0.0122562805
3434489003,0.0011555079
3434489004,0.00030461416
3434489005,0.9597485
3434667601,0.046040785
3441905501,0.052803006
3441973601,0.039077137
3441973602,0.045540467
3442555603,0.0017809186
3442733801,0.91519135
3447794201,0.69923836
3448817501,0.12141783
3448817502,0.00044198814
3448820401,0.74494535
3453778701,0.99716276
3467188601,0.83566546
3488902701,0.93161595
3489887102,0.0067869383
3492120601,0.38359523
3492623801,0.56565046
3505074004,0.1486642
3515144901,0.0016231177
3515201401,0.9133433
3515201403,0.102540486
3515201404,0.8821079
3528137002,0.001465002
3531535801,0.9934062
3531545301,0.9894475
3531545302,0.32049516
3539425602,0.00031935488
3561454202,0.0060356907
3561454203,0.0042757066
3563221601,0.3566694
3573729201,0.93761784
3577053401,0.0012992098
3577053402,0.51209384
3577053403,0.004469655
3577105201,0.061460596
3587746301,0.00238589
3587746302,0.002132831
3599902601,0.1931126
3599902602,0.15247507
3627371304,0.19282183
3659498501,0.955686
3659548101,0.80746657
3666336101,0.991245
3666450101,0.89365745
3666450106,0.017436953
3676842402,0.98729044
3677387808,0.00048062127
3692332901,0.9394905
3692332902,0.25791955
3704799301,0.9921556
3705786301,0.26634237
3706298501,0.3031748
3706298502,0.0042315917
3719507701,0.9955511
3785931001,0.42646384
3789267501,0.90170544
3823037501,0.8006272
3823424101,0.9784172
3831648301,8.442946e-06
3831648302,3.7677569e-06
3831650501,0.6083338
3831669101,9.5831536e-05
3831669102,4.3201217e-05
3832537201,0.002704976
3832537202,0.0014397611
3832537204,0.6304294
3836271401,0.05766221
3842383401,0.98315316
3848340502,0.00012796195
3848340503,0.00034169873
3857102001,0.9987388
3857190802,0.034311946
3860367301,0.9717889
3871032102,0.19712119
3872898902,0.3658041
3872898904,0.5807847
3874032101,0.9611172
3874509601,0.13011408
3875475301,0.784217
3875475302,0.88753396
3899057102,0.9706993
3947803802,0.08423729
3960490901,0.98996896
3960825001,0.3569785
3964510301,0.0958051
3964510302,0.9834409
3964580201,0.740635
3964596201,0.0009726079
3964596202,0.00073673495
3964596203,0.0038924294
3964598901,0.0002606413
3964598902,0.0002867048
3964598903,0.0009804585
3964599101,0.0021943527
3964599102,0.020912671
3964599103,0.00033935532
3964866401,1.1480476e-05
3964866402,1.8432868e-06
3964866403,5.717807e-07
3965453201,0.00012826954
3965453202,0.0005745441
3965453203,8.914279e-05
3965926901,0.00019678628
3965926902,0.0019437919
3965926903,0.00019717487
3985732201,0.7143297
3985850701,0.99771833
4002980201,0.6421546
4002980202,0.32198367
4006122601,0.9860784
4007664701,0.006321008
4007664702,0.00021519711
4015435201,0.04887785
4024771902,0.5546621
4049614402,0.14170271
4049614403,0.34481823
4049639801,0.0004720994
4053529007,0.0044222856
4053530302,0.0032445416
4054021301,0.24139118
4054091401,0.7745336
4054569402,0.8249891
4071509102,0.27742758
4071736501,0.9573267
4071736502,0.9277174
4074927402,0.9960128
4079750401,0.0009390635
4079750402,0.76942277
4079755502,0.02779657
4087813603,0.9146501
4090461902,0.00540185
4092452401,0.99151015
4092541804,0.026214255
4097449901,0.029093876
4097584204,0.00064734486
4097584205,0.00023244203
4097584207,0.00043707227
4101147101,0.25001904
4103172102,0.0032812154
4103282404,3.0746364e-06
4123125201,0.00211297
4123917001,0.46635142
4124707301,0.8518005
4133885201,0.010321385
4135932601,0.0719531
4138586402,2.8008433e-05
4150732601,0.38243636
4150874601,0.9878917
4159045304,0.006260168
4162249605,0.008522992
4162577901,0.23498197
4163071201,0.0001272603
4163071202,0.013708355
4194266004,0.0052863336
4195029201,0.8620583
4203595801,0.40777537
4204477601,0.036840517
4204477602,0.0231852
4214979601,0.81626874
4221337001,0.14824264
4221337004,0.16118301
4242423301,0.00013720266
4242423302,9.663182e-05
4242492204,4.5807414e-07
4252370002,0.036179956
4265744501,0.9910596
4265744601,0.9965222
4266274701,0.43355134
4267727901,0.5453924
4268151601,0.9664038
4268548501,0.0029638587
4276855001,0.39966854
4277788301,0.095944665
4277788302,0.010381918
4317398502,0.04445108
4317398504,0.15824126
4318622401,0.2550465
4351491201,0.02807382
4351491203,0.0003649359
4351502401,0.9551909
4351502402,0.9486578
4351985201,0.003981937
4354192602,0.0001704032
4369702502,0.008164319
4392689601,0.04403633
4392689602,0.41465813
4392938201,0.72341573
4397781501,0.8706003
4397827401,0.08361663
4420128402,0.015836962
4432802502,0.032694325
4439556002,0.14197926
4440082102,0.96656656
4447659308,0.00015554184
4448257801,0.005344531
4448257802,0.001179924
4448257803,0.00033120567
4459765301,0.37218907
4471851601,0.0059219585
4472600001,0.90372396
4480103301,0.99372923
4483827501,0.9091029
4526160001,0.9831836
4526160002,0.98210216
4526169201,0.9236945
4526646101,0.026670301
4527133503,0.4024678
4534806301,0.0002695028
4570121102,0.9315167
4570163001,0.011150526
4614313301,0.063492954
4652070001,0.04724991
4654144401,0.00925441
4654993101,0.12862612
4665897205,0.35603482
4666292102,0.0057875672
4714868201,1.0893724e-05
4715124501,0.50008434
4715124502,0.86132014
4740221401,0.9837487
4740233701,0.9754303
4740749901,0.08834045
4741205501,0.9949267
4741205502,0.9662942
4741205701,0.26649463
4741205702,0.031167658
4828220101,0.9481422
4828220103,0.03357416
4828273601,0.66429394
4829203002,0.00023751908
4870279902,0.00045288447
4870344602,0.00020669051
4871280601,0.739907
4897900502,0.00018261037
4905823102,0.0012845356
4905823103,0.00072003924
4905977201,0.1932909
4912648805,0.0022464425
4912648806,0.0005443733
4913506001,0.3300056
4913793601,0.2911972
4921874606,0.00029358073
4929679601,0.0005175319
4929679602,0.00049955933
4939022301,0.97780275
4939990902,0.0047450014
4953460001,0.00024265816
4953460002,7.579988e-05
4954065603,0.00054250343
4954066306,0.00064209837
4954140202,0.00042319694
4957545301,0.79339576
5001067201,0.43060786
5001068901,0.059589695
5001102201,0.27115625
5001765202,0.2333123
5030995301,0.85892874
5030995302,0.95436305
5037787401,0.3361119
5042097601,0.93560183
5085962001,0.2022301
5085962003,0.04991912
5128835901,0.5912345
5171914801,0.0811798
5257763902,5.4501266e-05
5344625701,0.4962609
5431124201,0.007955937
5432059804,0.025523616
5502166501,0.75695693
5502186202,0.0032523186
5515505102,0.017668283
5516463201,0.007283155
5516463202,0.013683949
5518119901,0.121356055
5527110401,0.7987148
5527226202,0.9856065
5545249501,0.9378657
5545250301,0.05459773
5545426902,0.17682834
5545507402,0.0034521564
5547289901,0.5794923
5547289902,0.16296677
5547432903,0.01052925
5549728103,6.5106535e-05
5562237201,0.8911102
5565278504,0.00018737602
5570770602,0.00032889986
5574626201,0.94280624
5575808301,0.96929055
5575899202,0.0
5584894004,0.0003073364
5591586001,0.32780704
5593112503,0.0013541642
5600446501,0.9457095
5626985801,0.015948335
5627065601,0.043190043
5627482401,0.0010150737
5634727201,0.95132446
5643788502,0.725301
5643825301,0.92762506
5649444901,0.008558492
5659416702,0.000235491
5659617704,0.0037923472
5661352407,9.227829e-05
5670177604,0.08061761
5673306902,0.9203453
5677316201,0.36336878
5686364903,0.00611865
5686364905,0.0066808406
5686448101,0.102808684
5686939601,0.17149554
5686939602,0.015321036
5692699102,4.205371e-05
5701501301,0.013428387
5701501302,0.033541948
5701929301,0.005212223
5709587101,0.7075125
5711132401,0.21938044
5711205901,0.9969292
5712239104,0.00163761
5721670401,0.0017834598
5721670402,0.0005189572
5723846602,0.006727547
5724783701,0.7278752
5727492901,0.26011458
5738102001,0.85421973
5741840401,0.0012201843
5741840402,0.0012588409
5741840403,0.012813734
5741840404,0.010700732
5754904201,0.9899232
5769526201,0.020598471
5774550401,0.86812675
5777786802,0.57688504
5784683004,0.17533548
5784944902,0.45660195
5800167503,0.90006405
5800281702,0.7096722
5805734802,0.0009560188
5806463601,0.040757082
5813672601,0.088797525
5813672602,0.007684436
5814217001,0.9820402
5814217002,0.28344426
5815915803,9.186494e-05
5815915804,7.6984354e-05
5825911002,0.9238722
5837485301,0.049011845
5837485302,0.025003582
5837485303,0.2504239
5852494403,0.7252866
5857455101,0.0004449263
5865628302,0.1577757
5865628303,0.55886877
5865628304,0.7067949
5866378902,0.52929735
5876996601,0.9403118
5887774601,0.09865904
5887988502,0.92540014
5888902201,0.82530075
5897340001,0.6805368
5905570003,0.81981355
5906064602,0.00027365773
5906076703,4.324991e-09
5907142001,0.85066074
5941366101,0.9838218
5943297001,0.9876721
5944023101,0.99286795
5944023102,0.8922292
5944753601,0.8785625
5955473401,0.16982506
5955473402,0.8386809
5956030402,0.00016990592
5956983603,0.0001736663
5965996401,0.13042891
5965996402,0.019856334
5966774301,0.021515723
5970269802,0.001987463
5978675402,0.6427265
5979358401,0.6652496
5982349401,0.051036056
5991614302,2.7682316e-05
5997905301,0.4752778
5998056201,0.36131415
6007267401,0.56446195
6008380201,0.7483871
6008963601,0.5538116
6008963602,0.08761365
6008963603,0.64003307
6015938604,2.9786033e-05
6016002901,0.00019374283
6016002902,9.521722e-05
6016700601,0.7943771
6016802201,0.025993146
6026872001,0.22765332
6027718501,0.3427847
6028377003,0.83801407
6030946801,0.38384792
6035637701,0.86594784
6036742901,9.6252916e-05
6036869001,0.0059438017
6042874501,0.6246705
6043004303,4.778361e-05
6043004304,0.0024080775
6043375501,0.0003773072
6043375502,0.0002600364
6043909904,0.00017715851
6046288601,0.1462479
6053017901,0.0033577445
6053541501,0.003299653
6053818401,0.9850815
6062971701,0.0071674734
6069763601,0.8890426
6074889101,0.009609434
6082305101,0.024466882
6089059903,0.0010005583
6089158202,0.27102995
6119174502,0.006891997
6144129701,0.31994236
6154771403,0.22337803
6154771404,0.22340491
6155090501,0.00034109614
6165397403,0.03435194
6165653403,0.0013349525
6165653405,0.013084427
6178654902,0.13295679
6180657801,0.024910381
6180805201,0.8641856
6180805202,0.9572544
6192574301,0.008596642
6192574302,0.00055880763
6215724701,0.9731838
6217415803,0.20381416
6228904502,0.2540987
6241089002,0.005749783
6241093102,0.29230246
6241590201,0.38527882
6242032601,0.10600666
6253595402,7.191808e-06
6253595403,3.4626064e-05
6253971902,6.211876e-05
6254246401,0.16264746
6254246402,0.10113831
6261133301,0.96051735
6261323802,0.01617613
6265521202,0.04043201
6272611201,0.68747264
6272665702,0.7980619
6279045202,0.9672422
6280378905,0.016994078
6280674301,0.7159716
6280856501,0.538391
6288299303,0.0005774546
6288299304,0.0006578825
6291912801,0.0003404032
6299101801,0.62903017
6302337203,0.908285
6302404701,0.48700804
6308923801,0.10903484
6309331503,5.494798e-05
6309331505,5.665418e-05
6313590502,0.5154202
6313914303,0.88771915
6318435402,0.44685048
6318435404,0.14981139
6324683401,0.96458954
6326181102,0.6808342
6327267202,1.2153136e-05
6332963401,0.6589392
6340819502,0.8432421
6341634501,0.849949
6351354601,9.5264266e-05
6352203501,8.711884e-05
6352203502,0.0005230473
6352379501,0.4971494
6359069701,0.00505238
6359214001,0.00692641
6361511001,0.026160758
6361919203,0.7527389
6368632901,0.3497308
6368776201,0.20897043
6376477803,0.022593271
6376804901,0.012410004
6376807501,0.0046519274
6376807502,0.013869464
6387572703,0.0001054547
6387572704,9.809511e-05
6387866702,0.16432172
6387966304,0.43168864
6399136702,0.00027350956
6399459503,0.07638768
6412380401,0.17905086
6424210504,0.0797436
6434460401,0.09569518
6435212501,0.32901186
6435212502,0.6408826
6485866101,0.00023146783
6485866102,0.0003258304
6485866103,0.00011708392
6485866104,0.009549517
6485866105,0.010726693
6485866106,0.015663303
6525380401,0.93912864
6538582002,0.122966334
6586048304,0.0008874815
7375361601,0.659099
7375607502,0.25599584
7392507002,0.00081465923
7392507002,0.00081342907
7427155401,0.0029169698
7427155407,0.9119187
7434621201,0.03782251
7434621201,0.03782251
7434621202,0.0013055514
7434621202,0.0013055514
7443700003,0.0002076418
7451108101,0.0009608691
7451922401,0.020932266
7459694901,0.28195867
7459694902,0.06962836
7482930601,0.2298207
7507619201,0.98930013
7516057103,0.002138668
7522371801,0.7199111
7530608901,0.4600327
7530702201,0.3788126
7538565803,0.00020731322
7538725301,0.95871145
7538917601,0.30281943
7539189001,0.8041342
7546329201,0.7205604
7561012505,0.00013147686
7568374001,0.9922037
7568374001,0.99365896
7575508203,0.0004108632
7575571607,3.95657e-05
7591712304,0.13656092
7600180003,0.43091685
7605870901,0.1982216
7606518401,0.878435
7606562302,0.19217433
7606612701,0.88835883
7606666902,0.7355902
7617356301,0.009184629
7631539701,0.9779709
7631618801,0.31988785
7631618802,0.00040187087
7638650802,0.55927163
7639159901,0.05565996
7639303301,0.96107525
7639303302,0.9863318
7644614602,0.005439592
7644614603,0.114885524
7644614604,0.22180822
7661644001,0.8139269
7675873301,0.7319258
7675873303,0.0056156437
7676218301,0.3678752
7676567601,0.0018497797
7689270401,0.14177693
7689270402,0.32461962
7792450201,0.96173185
7824594601,0.98780316
7837460901,0.12594222
7875409802,0.011466407
7875903801,0.12248598
7912466701,0.004826375
7912507701,0.96783864
7912545601,0.043379758
7913292301,0.0011650699
7926475902,0.5118949
7960579101,0.99941695
7971252002,0.60626495
7982089001,0.8662421
8004746701,0.56231993
8004867004,0.98932076
8324325901,0.73094106
8359092201,0.7627777
8382728801,0.8748373
8391827801,0.83063895
8463689001,0.20212162
8464525501,0.9874277
8474543001,0.8708566
8474787203,0.99663585
8475697403,4.5274475e-05
8475836301,0.00083423057
8500576401,0.010574604
8501067001,0.80283034
8512562301,0.14986983
8535969701,0.40619412
8535969702,0.56901276
8536160701,0.9099777
8557710801,0.4633071
8563941501,0.0109546995
8564200602,0.13217504
8564269102,1.1968887e-05
8576045202,9.411989e-06
8585618401,0.24298617
8585618402,0.6124775
8592489001,0.88640416
8602080602,0.0051657017
8603125301,0.00023462746
8625205701,0.36236578
8625205702,0.72958344
8625492902,9.1690956e-05
8632462302,0.0537458
8633423501,0.9208048
8633435102,0.07583556
8651144702,0.00015567182
8652128901,0.6689098
8663328001,0.3061623
8688852701,0.07516727
8688852702,0.0013735226
8705532001,0.3046137
8705793603,0.028703628
8705793605,0.26632923
8716784101,0.18437606
8716784103,0.0675221
8726694203,0.0016977296
8733387901,0.9369012
8754358902,0.16729519
8778408101,0.91523415
8788823901,0.21990614
8789967903,0.0001467767
8823309601,0.87035406
8833986501,0.91334254
8851497101,0.2871528
8851956101,0.24336906
8852008701,0.04134193
8852189402,0.022724802
8861191602,2.3744768e-05
8881178201,0.99835557
8898627501,0.2707683
8898627502,0.61878407
8905393404,0.026309343
8905697201,0.0053351293
8905697202,0.00033289104
8913706803,0.0005837952
8914097501,0.33152342
8924303201,0.9942042
8924303202,0.97728753
8925222504,0.06226982
8925357001,0.035400063
8930756502,0.008753957
8931838602,0.21384846
8941135101,0.706054
8942065601,0.010455101
8956699101,0.16089451
8957784501,0.18908145
8957784502,0.018840743
8965832101,0.9816001
8974209201,0.13966767
8980662303,0.0046424386
8981040401,0.0006671075
8981040402,0.00037113077
8991306903,0.00033828177
8996784601,0.96835816
8997116301,0.2776665
9008303701,0.9943488
9008303702,0.13366021
9016544001,0.544137
9022828902,0.008725677
9022853401,0.0848583
9022878501,0.8247964
9022890901,0.045943704
9023643801,0.7616394
9041772101,0.99406886
9042252402,0.2989883
9048609101,0.30701467
9049168001,0.082109235
9065882101,0.29225338
9066105801,0.07457679
9066127701,0.08866464
9066386302,0.18738098
9071694402,0.014535503
9073074701,0.0006305817
9081432501,0.887831
9081838502,0.8607878
9099943601,0.9846073
9100943301,0.29928505
9107170701,0.2441642
9107893601,0.6348663
9114721801,0.5622074
9124466901,0.8126695
9131653602,0.026872398
9131653604,0.2939128
9132419502,0.3317949
9141025802,0.0031201981
9141026002,0.071226664
9141422303,0.000319361
9475348801,0.9674955
9475628901,0.050739184
9509231003,0.0027478558
9517431301,0.4311673
9518324401,0.0001496017
9570260101,0.0005776803
9571788104,0.12887388
9572072601,0.98162824
9580433902,0.42234424
9580511005,0.00038355644
9581394501,0.03557126
9584949203,0.0007062992
9603923601,0.97218454
9647563801,0.9976078
9654057203,0.00926744
9681050603,0.04184388
9681868001,0.1908494
9688924805,0.078278884
9708044101,0.10228492
9708421301,0.14393173
9710542301,0.0016548651
9710542302,0.037921164
9729263202,0.054574136
9729640903,0.00807588
9769165301,0.9351933
9776252401,0.00028991528
9776699301,0.9344392
9788835703,0.8261886
9790248301,0.9587432
9799135801,0.7733106
9831842503,0.12210808
9831864401,0.23243183
10019081801,0.93570274
10019140201,0.545743
10030598401,8.30416e-06
10030598402,4.913841e-06
10031003601,0.0019182413
10056971004,0.04221185
10057104001,0.84612477
10057104002,0.83568513
10058843802,0.9198835
10058843804,0.002223225
10068997301,0.0039760484
10069995501,0.9517845
10094739503,0.96236485
10094763201,0.00054374686
10094797703,0.0005770304
10095808402,0.10521792
10095843301,0.64705586
10096215701,0.007194718
10096417101,0.016240174
10108020001,0.20789324
10108283401,0.0012788154
10119610201,0.004237151
10119610202,0.021571273
10132909501,1.5638777e-07
10148655101,0.2740455
10161078302,0.9824876
10161080704,0.96548194
10186375301,0.31494558
10186596501,0.7799865
10199039201,0.97915995
10212986001,0.0046264385
10224618801,0.9311634
10224618802,0.14158079
10224901702,0.9075463
10263813202,0.5684174
10264287001,0.00025339832
10264316301,0.0002766196
10264348201,0.0035855083
10274366302,1.0884146e-06
10314524801,0.09287932
10325796706,0.00010613951
10353132902,1.7873947e-26
10364895801,0.9419132
10376367904,0.35627848
10376397901,0.003252471
10390531901,0.25998524
10413925202,0.0034155548
10427433001,0.98666185
10441934105,0.0014505202
10479034102,0.63209784
10480383401,0.14440067
10480383402,0.05799269
10493181301,0.9404866
10518842403,0.9490647
10519098404,0.8871721
10529676301,0.0028697813
10529676302,0.050112102
10568487504,0.47570372
10837497602,0.0004225439
10837842705,0.0002050632
10859048002,0.3722884
10884591901,0.15789157
10886092801,0.0018557083
10886419901,0.00013765923
10886419902,0.00015143563
10898348201,0.91458905
10898348202,0.9893463
10937635604,3.3454522e-05
10938015501,0.10578377
10938019301,0.04929653
10949837601,0.662578
10950331601,0.8161805
10963396401,0.99171406
10987510902,0.04600651
11001893001,0.008809631
11035433901,0.09821702
11054170402,0.87757224
11061602801,3.4495713e-06
11062190401,0.71553504
11062805303,0.10159151
11062805304,0.012113212
11075892603,0.0005160721
11087920102,0.0055011264
11102317801,0.9550156
11102719501,0.03516077
11126632602,0.06678798
11140384101,0.8611686
11144934701,0.03446733
11144934702,0.02676183
11150781601,0.9114515
11157210001,0.72458786
11162241502,0.713556
11172093002,0.00019972169
11172279402,0.05839643
11172279403,0.021905279
11175985301,0.61967295
11176276901,0.077215746
11177023101,0.379774
11177053903,0.18561462
11184523001,0.7973137
11188722501,0.8318284
11188877204,0.015546868
11188897502,0.0091346055
11196832301,0.37877965
11208954303,0.0004393244
11221303101,0.81969494
11226066102,0.437048
11226298602,0.07358598
11237798102,0.01148115
11257430701,0.018361235
11257592301,0.90976477
11257820204,0.006420469
11257820206,0.0052863234
11258650602,6.629832e-05
11278457201,0.9177671
11289868301,0.7241909
11289874802,0.37757412
11316068701,0.09365499
11316097901,0.9592167
11326728502,0.03223801
11326728503,0.0762437
11339655703,0.7060581
11341112002,0.8750229
11351159103,0.08865571
11376871801,0.99500716
11376871802,0.9640021
11390038802,0.5164777
11413054201,0.00020647325
11413054202,6.0566035e-05
11413963201,0.99759716
11413963202,0.15433045
11426827002,0.072726116
11793527401,0.19890547
11801117801,0.0239074
11801536001,0.6903232
11801607802,0.18952358
11805993502,0.001908108
11813989304,0.042407013
11813989305,0.02593595
11813989306,0.020493317
11814710701,0.00013119019
11819609403,7.343375e-05
11819664401,0.44702962
11819664404,0.63466305
11819770903,1.7119699e-05
11819824801,0.19999151
11820008001,0.00048259256
11828042701,0.5633283
11832157008,4.2887154e-06
11832289607,0.87110937
11843969002,1.2207009e-05
11853010701,0.94276226
11866683301,0.9785751
11879817401,0.0014169909
11892274901,0.46447974
11898109002,0.010290521
11904677202,0.0026575942
11921955101,0.94435155
11922271301,0.04432491
11922514501,0.38908583
11933439101,0.8521084
11938562501,0.7822217
11938810101,0.95129406
11950168708,0.051544324
11950621401,0.17262137
11956086701,0.952131
11962420701,0.0011836715
11967724601,0.79891145
11987903601,0.6964971
11997553101,0.8115082
11998011201,0.848065
11998113401,0.15073054
12027622801,0.0002323534
12028115501,0.9194441
12034182301,0.6662474
12039326410,0.061900433
12039326411,0.047755275
12039326407,0.12557559
12039326408,0.008471682
12039326409,0.11571165
12039513701,0.062178582
12039513702,0.22939746
12039720501,0.43899885
12039721702,0.066127576
12040021401,0.4709818
12061103001,0.9391071
12061103002,0.88330126
12081715301,0.00086640066
12081715302,0.9980064
12093407101,0.0040101735
12093761601,0.20139627
12094161401,0.98294765
12113719101,1.549884e-05
12145433301,0.21649125
12158637201,0.90807796
12167517401,0.95613617
12200275401,0.56095415
12200597701,0.009787891
12200666501,0.99530965
12220988502,0.31308648
12242476801,0.0057115667
12243213301,0.94301575
12253794801,0.98248184
12264264401,0.9982126
12285400501,0.9581513
12317287902,0.0016889651
12339813301,0.99152994
12350845102,0.00082644535
12381617802,0.004783689
12390795801,0.041359276
12390866501,0.676312
12391973001,0.0009625674
12426094001,0.84321
12426405501,0.90817726
12426405502,0.9829773
12426436303,4.7621407e-07
12458398501,0.63009834
12459356401,0.95557696
12459356402,0.50754464
12479663401,0.36387068
12489976901,0.9747338
12510041603,2.4602339e-06
12510943101,0.9432674
12522039801,0.0080488
12522220604,0.007553001
12522220605,0.0010300458
12522821001,0.9698859
12533032001,0.0766061
12533039501,0.77426565
12546033301,0.00012033185
12553900602,1.5041034e-05
12553900604,0.00030209025
12553921701,0.00012715187
12565600201,0.11534529
12565956701,0.23284169
12565956702,0.0060900385
12576085101,0.0026174805
12596876401,0.004132174
12606428601,0.99172896
12606499301,0.3810085
12607327902,0.0008206313
12607799201,0.8611926
12607810001,0.42953733
12630682801,0.5473928
12639315001,0.9571551
12656178701,0.90496445
14059590301,0.100308746
14068744601,2.679231e-06
14079745901,0.003050924
14093858001,0.9717138
14094049302,1.9975008e-05
14128126001,0.38916308
14128126002,0.7412411
14133479301,0.0136311995
14141282301,0.9946643
14143575801,0.002136625
14147252101,0.009653372
14148039401,0.07668682
14148238601,0.9414234
14148498103,0.000289052
14171216701,0.9477804
14175278701,0.08336055
14175577002,4.3752312e-05
14177059201,0.7913864
14180659802,9.611066e-05
14181146904,3.7407503e-07
14182800702,6.499934e-05
14186670401,0.00012734965
14186670402,6.4235082e-06
14187156903,6.384836e-06
14208293201,0.0007937322
14210530801,0.00914567
14210918504,0.09896485
14214784903,0.00045908746
14214784904,0.00089082075
14214822801,0.95994806
14214871202,0.79898506
14785851101,0.98934853
14787355302,0.001116781
14884825503,0.0012232909
14910260201,0.57844126
14910260202,0.5901691
14917608001,0.2604841
14917608002,0.312607
14917608003,0.3532503
14919080201,0.0076306798
14919514302,0.077361494
14922069301,0.33777
14927061301,0.062293727
14927436702,0.043610174
14930274401,0.98855174
14930274402,0.99831223
14930817504,0.00075848214
14934986701,0.99819773
14934986702,0.9989371
14934986703,0.48146847
14939257402,0.93736845
14944716001,0.0
14944716002,6.0329124e-11
14949842501,0.00010811553
14949842502,0.000112604255
14987370902,0.0005893239
14993094602,7.70017e-06
15003020501,0.99879587
15003020502,0.9993718
15009886001,0.9987124
15010147201,0.6324683
15015126201,0.9981201
15015126202,0.99538213
15020394201,0.05738257
15030038803,0.06767455
15032061002,2.7181602e-13
15042980702,0.00057092326
15044304601,0.56535304
15051620201,0.99429506
15052358402,0.0030054112
15063635601,0.016454294
15063635602,0.3224219
15071886401,0.00926504
15086376801,0.46841007
15088003801,0.77323896
15104739403,0.027636549
15105371901,0.59061795
15118385001,0.006014672
15118864503,0.09074568
15120148501,0.36823764
15129820905,0.0099630095
15138784001,0.6182131
15138832401,0.0031976844
15138832402,0.054520886
15153447503,2.8983677e-06
15160209601,0.010853398
15169357402,1.2381716e-05
15170787001,0.12991434
15212279301,0.003990032
15212279302,0.0003220362
15226473702,0.9904496
15235037301,0.4959117
15235037302,0.27646986
15245720301,0.8754102
15254053806,0.00012825243
15254053807,8.960404e-05
15254317001,0.68886614
15254700601,0.0031955133
15262595501,0.8368946
15266038501,0.058369003
15289652401,0.47885978
15289903601,0.3146405
15290875301,0.0015558847
15290875302,0.00010048262
15290889701,7.071934e-05
15290889702,1.2394133e-05
15290889703,0.00046492048
15301725001,0.7283078
15345478201,0.8870254
15366956901,0.010693424
15419006804,2.302932e-06
15419966501,0.3791833
15437834606,5.3965006e-05
15439316701,0.97206
15439316702,0.956757
15439658101,0.0017365225
15439658102,0.00029391848
15439674601,0.0037347511
15439674602,0.00049312605
15451417007,1.557323e-05
15452472302,0.017986033
15518488001,0.709596
15518514202,0.029078644
15518514205,0.09877373
15518987401,0.8796364
15528599301,0.0043109
15528599303,6.514119e-05
15528612101,0.11783537
15538521202,0.08399215
15551479802,0.00013287191
15562018704,0.8743983
15562018706,0.6633297
15622784802,0.00064833276
15622784804,0.00539383
15622784805,0.99685174
15622784809,0.9778162
15623636104,0.12648016
15632989001,0.023490112
15665276702,0.010493145
15666885101,0.9240172
15677513102,0.22539552
15706981801,0.011863038
15706981802,0.00034022282
15719104502,0.008054501
15806322501,0.9352893
15806322502,0.89424515
15809911601,0.11791642
15809958001,0.942803
15814195101,0.99150133
15814195102,0.34711024
15815687801,0.5713186
15815893201,0.13308115
15815939202,0.0009127546
15815989102,0.052528735
15860720701,0.7369655
15860722801,0.36712945
15860741901,0.029828746
15878178402,0.07432063
15878178403,0.7508606
15912169301,0.08319143
15924871502,0.88538057
15947215603,0.00036557572
15947227802,0.91213995
15948113801,0.6730069
15948113802,0.69409096
15948113803,0.7486971
15956590202,0.82548946
15969873701,0.9465444
15980342101,0.0077920184
15980342102,0.0014531008
16013434801,0.9725371
16036773402,0.058841363
16036773403,0.010780188
16066016301,0.23562405
16066515901,0.9652902
16066526601,0.29367036
16068880901,0.18040922
16084755501,0.87147576
16091601404,3.39259e-05
16099102201,0.90942293
16099102202,0.8945901
16099304901,0.00015867449
16103732001,0.8376519
16108228801,0.10407439
16108228802,0.0002048625
16108592104,0.0009349292
16111060101,0.11392204
16125373001,0.9142049
16126004401,0.98704857
16134286001,0.9968382
16134286002,0.9873733
16143602901,0.0004333544
16154166701,0.09545301
16154930501,0.99652416
16155008801,0.0009950267
16176108901,0.67329746
16176124703,0.25676233
16198132604,3.4299846e-05
16198826901,0.007517683
16210735001,0.00050815067
16241062701,0.01911177
16242925701,0.64489603
16253832601,0.848448
16255155401,0.29045585
16265142702,0.15985124
16266588403,0.33842674
16338814401,0.00044703728
16340585502,2.0975149e-07
16355726201,0.28839016
16356506601,0.863527
16356506602,0.029265054
16377210001,7.5774806e-05
16377210002,0.0066116024
16398864501,0.64731526
16696934602,1.593662e-05
16700979201,0.7228292
16708620102,1.3041353e-13
16730338202,0.99115855
16730403801,0.00013008813
16730403802,0.0001076797
16734243901,0.9984849
16734313302,0.004972155
16736542802,2.285941e-05
16741596501,0.9992305
16741596502,0.9522802
16741889801,0.989068
16752648502,0.9621696
16755489801,0.99722517
16755489804,0.0029073125
16757013101,0.97465885
16757013102,3.4554384e-06
16757013103,0.028855262
16757119203,0.009361867
16760273802,0.001061763
16760273803,0.011278238
16760421701,0.19808339
16769439701,0.0005115289
16769572902,0.038973417
16771839802,0.08537654
16775073201,0.987518
16775131902,0.032197587
16775452301,0.34348357
16779396102,0.0007142689
16781194601,0.029842211
16781194602,0.02668044
16995573401,0.0003248509
16995573402,0.00023517956
17004831601,0.6848124
17023867602,8.683236e-05
17024094203,0.046436436
17025467504,0.016253991
17032889101,0.017497608
17032889102,0.00011616733
17033096503,0.00079020293
17033757001,0.0075855074
17033757002,0.036114845
17033757003,0.014246868
17033757004,0.022830145
17034101102,0.2015648
17042211401,0.9761066
17043049702,0.025422389
17050929001,0.0010167196
17069188506,0.0044224663
17069237901,0.55144227
17076902501,0.35553145
17077392403,0.074923344
17085770202,0.00013514012
17097239601,0.9306011
17097994501,0.48250565
17106091801,0.53073674
17106337909,0.00012461426
17106451103,0.0011900602
17129234303,0.0017077561
17138585501,0.91712826
17147300001,0.00023632996
17147888202,0.010964245
17147888202,0.00024304532
17148036601,0.00034140892
17153235801,0.89584285
17153235803,0.4322698
17153653001,0.9505438
17153653002,0.20802626
17154219001,0.998055
17154409102,0.000113653026
17163328601,0.0009492356
17174562602,0.009323467
17174562603,0.0072842035
17189929108,2.4054088e-05
17195529805,0.0014882138
17196218101,0.11481194
17196218102,0.028090255
17196401501,0.0473715
17205337202,7.9769234e-07
17205337202,0.50436103
17215521304,0.000655388
17220307703,0.000581574
17220325201,0.7990123
17220325202,0.4245136
17250251405,0.0051481323
17254841501,0.010643806
17263400901,0.98913014
17264424801,0.005490686
17271798203,0.89618367
17272238802,0.0046065166
17281527201,0.60873145
17281527202,0.33994997
17289329601,0.9978388
17349331402,0.0017358937
17354412401,0.0066794334
17354412402,0.04827054
17354412403,0.00017711325
17354483502,0.001554165
17364872701,0.15495528
17364872702,0.25005168
17365440201,0.06263501
17373887901,0.00018152261
17380768102,0.015631223
17381431501,0.76556575
17381431502,0.91166234
17381455001,0.5537202
17388516403,0.30392075
17389423101,0.017908763
17389423102,0.09230641
17389662202,0.9834357
17406818604,0.016318973
17412582205,0.00058575964
17413303503,0.00043224666
17418211001,0.92119783
17429111201,0.5176693
17429382701,0.00036241606
17572863401,0.9570014
17595347901,0.88729024
17602056201,0.002947628
17603913301,0.13256815
17610827402,0.0005143346
17610959901,0.80926913
17611105801,0.15636852
17616422501,0.547636
17616676301,0.9947465
17687143801,0.9984456
17687143802,0.8064949
17687403401,0.0054286164
17693612401,0.40192965
17695537902,0.010955846
17702223203,0.0006312116
17707733601,0.999183
17707745701,0.00011288808
17707745702,0.0001826654
17707747501,0.51264775
17707747502,0.31606647
17711698104,0.001303078
17711955403,2.8586935e-09
17717368601,0.4879325
17724213003,1.9855963e-05
17725470301,0.0555842
17728470202,0.08548622
17730836401,0.99853456
17730877701,0.6670879
17735477101,0.064768784
17738774502,0.004187148
17738774503,0.004248932
17904088001,0.3098698
17904198901,0.030126538
17912356001,0.000641849
17912356002,0.00062240346
17912356003,0.00087438815
17930792202,0.9460344
17938380501,0.93203574
17943740001,0.023819385
17943740002,0.1351341
17943740004,4.5806855e-06
17944028903,0.7422022
17957923302,0.00027703817
17958004502,0.0637683
17963906301,0.033111155
18134118402,0.78892606
18134186402,0.06645597
18157661202,3.66146e-05
18179853901,0.435492
18245089201,0.21310794
18892340101,0.006248939
18892340102,0.0015968386
18916711201,0.953806
18917239501,0.8395891
18918175801,0.0658463
18944799901,0.96847767
18969437501,0.9972627
18997220501,0.9558423
18997702801,0.9841781
19023050401,0.5709304
19050445101,0.7448878
19103675001,0.0044071013
19103708201,0.8578039
19103708202,0.0846069
19135159105,0.00017641883
19142298701,0.8073218
19158371401,0.6043519
19174414201,0.3359339
19186209601,0.30979493
19186718302,0.00081071287
19212631102,0.934883
19213189501,0.0010371024
19238090201,0.7257135
19239046901,0.39836335
19262673603,1.1633063e-05
19263556101,0.75761837
19289499801,0.00019240059
19289499802,0.00040987195
19290685501,0.9894946
19299731603,0.972637
19301306503,0.020160494
19304883601,0.03128426
19304883602,0.0051135225
19305978503,0.15680392
19312463703,1.510209e-05
19316382401,0.0007569282
19317415301,0.8034226
19324209701,0.9933437
19324209702,0.799662
19324232102,0.8688649
19329729401,0.03256503
19329729402,0.0131331375
19329739201,0.0011460978
19329739202,0.00046553023
19330551701,0.30187032
19352855401,0.9666218
19358920203,3.3793556e-06
19359667302,0.25592405
19359680203,0.15538594
19365589404,3.4899206e-06
19377820301,0.98585075
19377820302,0.94201607
19378772601,0.7669475
19378948901,0.048122104
19384952301,0.13549432
19394961705,6.0162743e-05
19396503501,0.9899513
19410316602,0.8362058
19421013901,0.03228644
19426444101,0.0014938889
19433831001,0.36190724
19433831002,0.02183772
19433996701,0.885581
19439116003,6.0056467e-05
19439628702,0.86732537
19440839001,0.004705397
19446649601,0.34950525
19447582901,0.9315275
19447582902,0.058374286
19459105101,0.3764451
19479865404,0.100699
19487327602,0.0009797703
19503056401,0.975834
19504658201,0.8805729
19510340103,0.0027365214
19511848201,0.3661393
19516342001,0.17656839
19516427101,0.7552595
19516427103,0.3483965
19556847601,0.001005357
19557876001,0.5793
19610149302,0.296202
19611596801,0.3912103
19636348401,0.98950934
19637335601,0.70643675
19665444401,0.99623567
19665471101,0.9714963
19679343201,0.98936623
19680816201,0.76718587
19684734802,0.041028302
19690447702,0.065446995
19695427303,0.015725475
19695804302,7.3465904e-05
19697034102,0.53433746
19704547002,0.0024840154
19707467302,0.9926811
19745290601,0.14562118
19745799701,0.9229037
19746780001,0.12835701
19784795401,0.11699358
19784795402,0.07021587
19806823901,0.14691235
19806830001,0.0008558464
19825741102,0.02750625
19825772701,0.40067637
19884575902,0.012216461
19885122601,0.6770825
19931894201,0.98093456
19957495301,0.9967205
19957531501,0.03486568
19983373801,0.86697567
19983373802,0.9449639
20010068801,0.91838276
20017246701,0.9958454
20017783901,0.57014495
20071837702,0.00022016067
20071844301,0.7325422
20095987302,0.46721667
20119314702,0.00039897705
20119776801,0.9323528
20120198901,0.8365661
20164131702,0.00015665742
20171847701,0.7651095
20171879901,0.7936312
20194192601,0.996797
20194235501,0.007068573
20244560801,0.0036347534
20246185201,0.69791013
20681867404,0.00013940512
20697779102,0.0018826608
20703226201,0.00013685915
20703226202,6.215503e-05
20711385602,0.013320483
20711942806,0.057515234
20712481601,0.9821148
20712511201,0.38080618
20725890403,0.011360482
20725890404,0.18207747
20726417201,0.99661225
20734665902,0.6163767
20735276401,0.7755848
20742034902,0.013690726
20750831101,0.9084848
20752078601,0.94453585
20752159901,0.8264131
20752344501,0.0014159293
20755487201,0.99700564
20756381601,0.79165894
20756563501,0.94501626
20760243701,0.0025369797
20765451602,0.02964425
20765451603,0.01548246
20765455402,0.08251405
20766138101,0.36629128
20766664002,0.38899368
20769515203,0.6185359
20775736503,0.014763496
20775736504,0.008338261
20775746701,0.7327616
20779901301,0.29484716
20780616901,0.09418807
20780930202,0.60425574
20785898801,0.33394226
20786993003,0.0017536174
20795453902,0.00019535107
20797839101,0.9878029
20797845801,0.8933845
20798008701,0.052370574
20798258101,0.9088163
20798643301,0.0026856828
20798953402,0.017283678
20799077002,1.4584006e-05
20803004902,0.5554463
20803778201,0.74591327
20810887901,0.9437431
20811480001,0.28990236
20815128102,0.0003790693
20815513302,4.8582966e-05
20820384201,0.99819547
20820384203,0.58977264
20820384204,0.41877127
20823122404,0.03170566
20823122405,0.009429432
20829558601,0.996478
20829696701,0.44312504
20829776001,0.99635917
20829796302,0.28373796
20830098501,2.2418883e-05
20830098502,1.9438934e-05
20832372501,0.92986375
20833033601,0.4439379
20833035301,0.90929437
20833304701,0.0064205085
20833567901,0.973871
20839872807,5.267412e-05
20843557301,0.8558151
20843828802,0.029718604
20844682303,0.0018783102
20844682304,0.0017796076
20848998201,0.9964259
20849184703,0.41989395
20849658702,0.2610195
20853519401,0.6236559
20857996901,0.9929228
20859451101,0.0030638743
20859451102,0.000582847
20863817306,0.0014882038
20864858501,0.9893351
20866976401,0.922414
20866976402,0.7562458
20871068001,0.997609
20871941901,0.7215119
20876387001,0.0050567966
20876387002,0.0002036696
20876538102,0.08759026
20877070601,0.9962585
20877097501,0.6434378
20877160503,0.001058517
20881574804,2.623046e-05
20882540501,0.0015596449
20882540502,0.00034726667
20882540503,0.00081287115
20882540504,0.0004283099
20882540505,0.0015360146
20883055802,4.7397712e-05
20885855301,0.9970095
20891756401,0.0087739155
20891986001,0.8725023
20894301901,0.55370456
20895092801,0.0026322496
20895092802,0.00021791061
20895455901,0.26869345
20895507001,0.08308487
20900171701,0.0043659955
20900301601,0.004227607
20900301602,0.0009240729
20900324601,0.00014231294
20900324602,0.00018065874
21162288202,0.0003586754
21168779101,0.8764925
21168779102,0.7958797
21174262801,0.9958085
21177924002,0.117172815
21183129201,0.20136179
21186454501,0.16600473
21192554001,0.019708931
21193012101,0.31004685
21196596801,0.6814949
21197189801,0.9930133
21201552102,0.018676182
21212162202,0.018717576
21212162203,0.036538113
21212414002,1.0537437e-05
21216928501,0.89294356
21217568001,0.38974616
21218078501,0.47923002
21230498501,0.029311316
21230498502,0.021164373
21236733602,0.004372349
21237202202,0.95691013
21237309701,0.038677122
21237309702,0.012628076
21241550901,0.0009220287
21241550902,0.025222542
21241599002,1.411513e-05
21241599802,9.908817e-06
21241914001,0.05173706
21245264701,0.86309946
21245906901,0.46783704
21246152401,0.9073225
21251976401,0.9433307
21252856203,0.00069558795
21253044103,0.0018440823
21261208201,0.52622664
21261208202,0.1631317
21271137101,0.0010029867
21276053501,0.001232409
21276076902,0.9897759
21283521201,0.9987172
21284496701,0.22921006
21293936101,0.04631365
21299863202,0.0002250871
21302859304,0.003935777
21302859305,0.0017535724
21302859307,0.0005276323
21311179602,0.00017020217
21319315301,0.06932494
21323016801,0.010505866
21323016802,0.0011052391
21323175402,0.08563089
21323673802,7.89673e-05
21323673803,0.0016754981
21323673804,0.0019071118
21323789301,0.9695154
21324029201,0.9972805
21324222802,0.00015888008
21330315405,0.0017312923
21334217404,6.3900516e-05
21343634902,1.3484235e-05
21344125101,0.004615205
21344177801,0.0174438
21344177802,0.00031072868
21347491201,0.15526235
21351426501,0.26763085
21351687301,0.97521925
21354540403,1.1523489e-06
21357923702,0.41572627
21358862903,0.008945633
21369280101,0.23054448
21370744201,0.7314518
21371612901,0.002396625
21376117101,0.5723645
21379547201,0.8980249
21382085601,0.9619669
21383074701,0.9743878
21392214003,0.043641347
21392298602,9.9473045e-06
21395552101,0.99332994
21397819501,0.47799876
21401338602,0.00042294528
21401400102,0.0008420917
21404624901,0.00028890817
21404624902,0.0006039925
21404773701,0.95142096
21405477303,0.00088683434
21408274201,0.0005583064
21417636202,0.07664573
21417639501,0.007681346
21418818601,0.87685233
21419247401,0.0005483506
21419247402,0.15786259
21424328701,0.99515945
21424340001,0.0069315056
21424464601,0.55366004
21424625902,0.00047197385
21424810501,0.25085708
21425014301,0.25188312
21425357803,0.00040675103
21429895701,0.9018744
21430373501,0.016871208
21431374401,0.9160645
21431625001,0.0090288725
21431625002,0.041990884
21433255602,0.14808494
21435519801,0.7201163
21436133101,0.9776604
21437504701,0.38987094
21437890502,0.09126927
21438904401,0.14284524
21441298902,0.00026010556
21441648702,0.0012414255
21441671801,0.2213254
21441803702,0.00021031537
21445435603,0.0019688143
21445547804,0.00096867565
21448380701,0.034822084
21448380702,0.16177383
21449529207,1.1355537e-05
21453073701,0.94123054
21453333202,0.029620245
21453810603,0.0012678371
21560515901,0.9320506
21561507901,0.0005503186
21570371901,0.99403375
21613660801,0.9817769
21616553801,0.92903435
21619093401,0.0063332506
21619093402,0.00074239745
21619579301,0.9929301
21630651001,0.0006239352
21632808001,0.8095995
21634270201,0.097082764
21636770801,0.8552762
21638707302,0.0015304879
21638871801,0.4879986
21638871802,0.932821
21639474101,0.99799335
21641956201,0.00024290817
21644441801,0.9970055
21644554101,0.9554217
21646588602,0.009331257
21646621701,0.20898467
21646874601,0.015670894
21648036401,0.98543555
21651177801,0.0055616694
21652075202,0.15852727
21652075203,0.21528934
21652663701,0.9895455
21654581201,0.86080796
21655239101,0.0017935494
21655239102,0.020467643
21658400803,0.38351423
21658400804,0.043689337
21660914401,0.63121915
21661002701,0.36960962
21661142601,0.52620107
21663805201,0.981311
21663983902,0.01879874
21666856302,0.007276753
21671727202,0.008223231
21672292401,0.2796728
21679508001,0.62115335
21686895903,0.00030049772
21687199401,0.18535738
21691211203,4.3577384e-07
21691556001,0.19155677
21693606903,0.15770783
21696909901,0.0025419693
21697363101,0.88421196
21699533801,0.28625312
21699683101,0.017256737
21699693002,0.37219235
21701033302,8.792482e-05
21701324901,0.035779096
21702837001,0.003569135
21702845301,0.0035833095
21703675301,0.73308915
21703680601,0.000495268
21703680603,0.0005313339
21705936901,0.025141353
21705936902,0.0337169
21714502803,0.8465265
21715177601,0.014970616
21718318102,0.909061
21718318103,0.98274326
21718450605,0.00060147553
21722071702,0.9619627
21725383001,0.8176139
21725383002,0.4959634
21735190001,0.0007654641
21735190002,0.0013172702
21735190003,0.002374703
21736406701,0.41609663
21736721401,0.90233433
21736721402,0.9964233
21737488301,0.959993
21738235901,0.02583706
21738722302,0.011354828
21739621401,0.9839713
21741759401,0.99615127
21744156804,0.22329265
21745976502,0.00011440437
21747858501,0.7035998
21747858502,0.8562767
21749660401,0.83114314
21749660402,0.67624384
21752990101,0.97833747
21754901301,0.6770418
21755040902,1.794552e-05
21757087101,0.7249455
21758245801,0.9984218
21764073301,0.861293
21765575201,0.08779968
21766073801,0.7059338
21766785401,0.0026139475
21766785402,0.12403635
21766795201,0.00044728725
21766814401,5.1147104e-05
21766814402,0.0011115273
21767280102,0.95586467
21770006501,0.173677
21778395101,0.0038163103
21778746203,0.7191824
21780480001,0.7480878
21780482701,0.73300016
21780778101,0.032931592
21784508901,0.77598894
21784583201,0.0011376522
21787561401,0.607717
21793028904,0.23273608
21793186802,0.33159387
21793242001,0.21409456
21794109501,0.9013215
21794178201,0.015994895
21796264901,0.915924
21798386401,0.32260558
21798923801,0.001044301
21798923802,0.0001836602
21798937102,0.0028188478
21799960901,0.009054669
21800014702,0.2064674
21802995501,0.0055443957
21802995502,0.0028519917
21804892801,0.001970329
21804892802,0.00011156242
21807939301,0.7584561
21813361801,0.9978362
21813375701,0.013284996
21814393003,4.5129385e-05
21814527301,0.00058027694
21816012105,2.1631451e-05
21816239901,0.8493314
21817353103,0.002033838
21817823702,2.2312153e-05
21820998101,0.1946294
21821046702,0.32179058
21821046704,0.009199124
21827103301,0.13095649
21827849501,0.61460227
21828186503,0.08429832
21828203401,7.846385e-05
21828203402,0.00011743165
21828203403,0.00018513357
21828203404,0.00027335915
21832096401,1.2414172e-05
21832697003,3.5082187e-05
21837793001,0.07931336
21839013001,0.9877436
21841795401,0.51415914
21842497303,0.0003351213
21843045101,0.99822694
21843171101,0.8105197
21845215601,0.9351695
21846533601,0.00072991673
21847121601,0.9813053
21847667403,0.03294204
21847697601,0.0014468106
21848394301,0.994369
21855367103,0.95097697
21856004104,0.0039816685
21856070101,0.9872392
21858952502,0.9931452
21863120303,0.0012260689
21867923803,3.050063e-05
21869317701,0.4004206
21875366602,0.76501054
21877724901,0.00036492213
21877724902,0.000129937
21884606402,1.9898524e-08
21886819801,0.9045696
21918310301,0.8112826
21919496902,0.00041475196
21940674701,0.3632508
22039160504,0.00018766084
22039625901,0.90947133
22041468202,0.93103534
22041651201,0.2109745
22042174202,0.24794827
22042245602,0.0009204759
22042245603,0.0017732615
22043080101,0.00065212254
22043718803,0.63809305
22047113103,0.0001353631
22047113104,0.00052795623
22047420901,0.044185195
22047833502,1.0608599e-08
22048045001,3.803837e-05
22064680205,0.0006202408
22066768201,0.89538044
22067398002,0.0013650188
22073610901,0.9265167
22077204801,0.06307213
22077204802,0.39193434
22077721501,0.737972
22079800901,0.45836192
22079800902,0.5743985
22082898301,0.9902806
22082898302,0.7916415
22085933102,0.008790698
22086766701,0.08927486
22086766702,0.059548367
22088892901,0.97235066
22090400508,0.0038852328
22093489901,0.3220616
22094523101,0.6813555
22096832202,0.03908652
22098420201,0.07753043
22101369103,0.006077447
22103845101,0.028633961
22103845102,0.010032473
22103887801,9.374473e-05
22103900703,0.012440359
22104909001,0.7352456
22106594501,0.050538316
22107750301,0.9381434
22108849601,0.56766844
22109782601,0.00051462615
22109983001,0.988289
22110111605,0.0002021971
22110234201,0.965851
22110733802,0.079863
22110800501,0.57576185
22110851901,0.8999198
22115196201,0.0028562583
22116154601,0.00898028
22116342001,0.0021669907
22117902001,0.0010256628
22117964501,0.99888366
22120066401,0.09611321
22120066402,0.0014869586
22120576801,0.64705217
22120977701,0.8466576
22123841301,0.1811949
22127652702,0.0001331592
22131354402,0.76271164
22133708704,0.03969821
22133708706,0.020436943
22135424201,0.8852173
22143361801,0.8663356
22144415901,0.9941409
22151674001,0.9926069
22154093501,0.64244366
22156544701,0.6372135
22156788401,0.8606218
22157408101,0.42580575
22158378201,0.6976762
22159525701,0.31433463
22161997901,0.8075119
22162943901,0.5968408
22164094301,0.21311381
22167799501,0.008865206
22168049702,0.00040590973
22168220501,0.6115943
22168220502,0.0062950514
22168673801,0.9935761
22169748701,0.95359504
22169765001,0.5000633
22172402301,0.3546342
22172402302,0.5644956
22173421501,0.070228264
22173674001,0.8457174
22174568201,0.29458237
22177719901,0.517599
22177724601,0.06009358
22179856701,0.937737
22180188201,0.052086644
22180501502,0.0054771183
22180501503,0.0067232917
22181043001,0.0011176616
22183805601,0.89947873
22184019601,0.00016223303
22184019602,2.6853813e-05
22184019603,8.63625e-05
22184630701,0.5996474
22189569005,0.007407749
22189572802,5.0087096e-05
22191094301,0.9423388
22194201401,0.9743113
22194334601,0.53281486
22194347001,0.09415678
22200826501,0.9262225
22201201104,0.002926675
22205099901,0.01209046
22205726801,0.546764
22208455703,0.00026705497
22208687801,0.21936007
22208918602,0.0012319636
22208918603,0.0012837254
22211641901,0.30962664
22212659301,8.8297784e-05
22216033601,0.8111963
22216033602,0.07688816
22216570801,0.85571694
22216579101,0.90729755
22216579102,0.915678
22218443806,0.0004473862
22221648305,0.0019274922
22222977801,0.81393975
22223061701,0.96915734
22224039201,0.44151917
22226337501,0.9873072
22483758801,0.009715925
22483758802,0.0005086462
22485147603,3.4083987e-05
22492891801,0.990375
22493069501,0.98101074
22496451701,0.9810193
22498095001,0.78581876
22504037201,0.99443626
22507683501,0.22799705
22507683502,0.37370506
22510010602,0.0010686473
22511986801,0.37337983
22511986802,0.8550092
22511986803,0.9883767
22514644201,0.022055794
22514674901,0.00081405864
22517492602,5.9482394e-05
22517855904,0.862899
22523551701,0.9957094
22524306902,0.71409875
22525381901,0.028644634
22532909603,0.91465753
22541044101,0.96812195
22541344601,0.99477625
22545250102,0.00075993955
22545250104,0.0022328373
22545675103,0.6359439
22574095501,0.93732154
22575075201,0.86976504
22582540101,0.0019605109
22582540102,0.00088729715
22594300401,0.99222744
22594767401,0.9598515
22604745701,0.8989382
22638249902,0.5246745
22672232001,0.09246426
22672232002,0.26942104
22672232004,0.38130736
22683261501,0.9459084
22683287103,0.002322358
22702617101,0.0002659687
22703128501,0.2922908
22703623401,0.00861389
22703623402,0.15017168
22713709301,0.9498524
22714156601,0.96343875
22746079401,0.5716496
22746581101,0.14078641
22746604201,0.8489355
22746612201,0.0003686817
22747060403,0.9080033
22747585002,0.0019514477
22747585003,0.0061258664
22769036401,0.31049693
22779793802,7.964016e-06
22781298204,0.00029216925
22789763201,0.25855595
22789779601,0.97173697
22812334101,0.6375349
22812804901,0.0001552295
22834291301,0.65103006
22834332601,0.91198784
22862957201,0.25741687
22862962201,0.00019926272
22873211903,0.70699817
22892300705,4.4911456e-05
22892747501,0.5678835
22893246301,0.074976854
22893257401,0.9027185
22893269302,0.09893632
22911825702,0.1912981
22911847001,0.64191145
22911847002,0.93426514
22911847003,0.55814016
22942425302,0.3697475
22942427801,0.0025615008
22942482604,0.0005193454
22961976801,0.24824172
22962968601,0.93305284
22971606501,0.0053031696
22971646101,0.4715829
22972674801,0.00010489328
22972674802,8.667304e-05
22972674803,0.044313874
22981724401,0.06454973
23002970302,0.0026070026
23002983901,0.00366816
23004470901,0.63238364
23015290001,0.43866038
23035362101,0.83642405
23057082901,0.88471955
23058130401,1.1960083e-07
23079372001,0.97928804
23090832901,0.9632885
23102425101,0.26903486
23102425102,0.08177539
23102870601,0.91334885
23103886301,0.83981746
23107341601,0.98680323
23107350501,1.9660922e-12
23112834801,0.905151
23113689703,0.000290266
23125098401,0.96636903
23125142202,0.89022654
23125580901,0.20835653
23135126301,0.99186134
23135167201,0.033055216
23135171804,0.11841697
23135623801,0.7948843
23135659901,0.11700123
23136122801,0.3540164
23136122802,0.030457508
23136122803,0.020255651
23146193401,0.6746437
23146193402,0.008448131
23146193403,0.0003628525
23157353201,0.98096037
23172100501,0.99379444
23172100502,0.985276
23174490501,0.013464722
23177003201,0.97545654
23178018201,0.13241132
23178490102,0.29546487
23180188501,0.05129905
23190221601,0.97881246
23190221602,0.06687542
23197688301,0.91359824
23197743802,0.5127281
23209700402,0.5174247
23231213701,0.059420582
23243648101,0.9814415
23254876103,0.00035699428
23265254301,0.0017696408
23276038102,0.36223695
23276887201,0.025836462
23285972001,0.03167973
23286914102,0.7199967
23286914104,0.028689358
23287386901,0.8286272
23298543101,0.0064869574
23298545802,0.96046156
23299544601,0.005729369
23300046202,0.8826568
23310541701,0.14224784
23310541702,0.0008167677
23311586404,0.9746302
23332010701,0.85654336
23355321002,0.5278832
23355354701,0.93534344
23355843001,0.65163136
23355843002,0.95328027
23356301702,0.40127558
23376269705,0.0022442376
23377274401,0.3980205
23398218101,0.89009434
23410160201,0.9947136
23420323404,0.47627637
23431021405,0.6790564
23442220502,0.00021603817
23442220503,0.00021152866
23453219601,0.4188753
23453966101,0.5479181
23463895601,0.9863007
23474773401,0.013808994
23496903003,0.361828
23496903004,0.9020375
23509219903,0.005620015
23518729202,0.03779331
23519268102,4.015611e-05
23520285401,0.26871774
23531881401,0.93513364
23541531501,0.72023237
23541623201,0.9683515
23542521601,0.66694087
23552279601,0.009562253
23553247401,0.0023247004
23553303201,0.7678108
23563172401,0.00409715
23563172402,0.03044928
23563172403,5.191839e-05
23564189001,0.00065477274
23564189002,0.01202244
23573923701,0.84699833
23583698801,0.89415
23606851101,0.12891643
23629031201,0.0023076653
23629910601,0.88797534
23629910602,0.00030725205
23629938301,0.92691267
23640949101,0.122102104
23640949102,6.8068315e-05
23672559601,0.0022031174
23673050801,0.48317873
23683298401,0.056960374
23683818103,0.0059283343
23693775801,0.9367761
23694796301,0.012212423
23695303701,0.9891667
23716404801,0.00045689283
23716458801,0.004534136
23716458802,0.8627937
23717288501,0.9407874
23795745101,0.022198461
23795745102,0.13868986
23796990004,1.2290764e-06
23805885501,0.30685413
23805918001,0.99793774
23807039601,0.005445622
23809035801,5.9217746e-05
23809098302,0.03278043
23812303602,0.080268934
23812303603,0.065923624
23812380203,0.16094984
23812401603,0.0095852
23813118203,1.424515e-13
23818056201,0.00024198215
23819575802,5.085592e-05
23819770901,0.9778828
23819770902,0.112162955
23822807301,0.08796345
23886995603,0.00012789934
24549381901,0.39596304
24549662103,5.3298995e-06
24552442202,2.0877627e-05
24552475402,9.390964e-06
24556561301,0.9668296
24556863401,0.00077705644
24557497101,0.09816158
24560385301,0.003135998
24564376002,0.27627692
24573035201,0.88813
24576474701,0.96214736
24581040301,0.053344328
24583900004,0.011173072
24587862401,0.98918915
24588812404,3.0870883e-06
24593297202,0.017299172
24598067702,0.31342208
24600223201,4.466855e-05
24600223202,3.6114026e-05
24600621501,0.6215533
24601170001,0.02812467
24601170002,0.93506134
24601849901,0.05939449
24601849902,0.0012280183
24601849903,0.5331083
24601849904,0.0003144212
24603533501,0.9861226
24603968601,0.23211189
24603968602,0.16333613
24603968603,0.5621711
24604617403,0.06198628
24605227504,0.003467176
24605394301,0.014298693
24605394302,0.3548989
24607585101,0.47056416
24607593601,0.95999753
24609526002,0.00020857183
24611740101,0.82843673
24612322301,0.9596426
24613706502,0.13776326
24614521102,6.8354007e-06
24615293403,2.748022e-06
24617485301,0.0031126728
24617708302,0.0016996565
24617945503,0.9562711
24618940801,0.12113511
24619891502,0.004653579
24620686901,0.9524942
24622419701,0.34856027
24624474101,0.0006923275
24625720401,0.2821801
24625720402,0.20293212
24625811502,0.5284879
24627345901,0.33189806
24628859601,0.016109955
24628859603,0.2898361
24633486901,0.8621747
24637396302,0.00015309427
24639354902,5.399934e-05
24639639401,0.82693964
24639676501,0.9918337
24641295401,0.9916557
24641921101,0.046848983
24641921102,0.007563635
24641921103,0.015087054
24641926001,0.01241575
24643969602,0.0051454976
24645286103,0.17905575
24645296502,0.76025546
24650911201,0.88710374
24652557704,0.00019275866
24652579902,0.022603802
24655223401,0.00022596594
24655241401,0.04912492
24657290602,0.9518104
24658694001,0.37350664
24659711403,0.9947278
24660704601,0.027041493
24660704602,0.92239755
24660776002,0.0011336413
24661442601,0.9646247
24661690702,0.0005111602
24663933101,0.93752456
24675923401,0.11946476
24687771701,0.9972474
24687793901,0.58909535
24688478702,0.0021362302
24691290901,0.77303857
24692315202,0.00013393421
24702920902,2.2860151e-05
24703510304,0.7216229
24704045401,0.06938455
24704054801,0.006066958
24704089201,0.0024988235
24704089202,0.0005829405
24707346801,0.10993814
24714373101,0.01313278
24715235901,0.11755583
24719214304,0.00018717567
24719233201,0.00024221574
24719233202,0.00022305029
24719233203,0.28107402
24721732801,0.96307814
24722186901,0.35533097
24729893501,0.034706745
24730371701,0.0021030616
24735402302,0.0011405689
24742043703,0.072723866
24742057301,0.94068664
24744163501,0.20566314
24745174101,0.0007367047
24745174102,0.010726198
24748747801,0.005576011
24748749901,0.014116885
24749324801,0.000100755984
24749324802,0.00049053703
24750520501,0.9668692
24757802801,0.75602865
24764919603,0.00024256726
24764919604,0.00019844646
24765332701,0.30263874
24765332702,0.03716308
24769748502,0.9996051
24770252501,0.00023902733
24773016201,0.8910201
24773592201,0.9053747
24778146401,0.8276998
24778146402,0.91475767
24780832201,0.07480376
24781303801,8.989587e-05
24785025603,0.85561574
24793347701,0.97281915
24793347702,0.9941888
25556746001,0.39564553
25556746003,0.011121053
25558687201,0.9127539
25571712403,4.614178e-05
25576031901,0.17240214
25576031902,0.03650725
25576614501,0.21289171
25576684701,0.058380917
25576988707,8.5941705e-05
25578431601,0.0012753882
25583238602,3.4103272e-05
25598969802,0.00016744106
25607453305,0.00026745297
25607453306,0.00017733224
25608610301,0.02279582
25621352802,0.009329996
25622677502,7.309379e-12
25623995302,0.009337655
25637446901,0.8015018
25637446902,0.8423054
25637446903,0.61978614
25638076101,0.04950368
25639025101,0.093446955
25654092301,0.010832854
25695422201,0.11505227
25695825401,0.15106565
25709323802,0.6483053
25724885602,6.545833e-05
25726621001,0.00061488117
25726632304,0.007192348
25741194501,0.9910061
25741598902,0.0053618713
25753472601,0.099640496
25754091102,0.33220148
25754091103,0.06724231
25754095701,0.018325998
25754095703,0.061245035
25754095706,0.024686225
25755065301,0.35224962
25755065302,0.0006249621
25757187203,0.016670082
25757707402,0.41669554
25761106302,0.00017114916
25764177801,0.08461896
25768437801,0.17628652
25768558601,0.9352878
25772023402,0.31443974
25773707302,0.0006924136
25773707304,0.5443896
25825209501,9.029425e-05
25826069501,0.4767714
25826069502,0.645555
25826202302,0.07582351
25842192501,0.0004976101
25842192502,0.00010067703
25842192503,0.00012327908
25849045303,0.00013356257
25858126001,0.50914925
25858126002,0.1531237
25858126006,0.036997166
25872013903,0.14691335
25872013904,0.2380049
25874292302,0.005329166
25881341102,0.002679302
25881390301,0.037556317
25881390302,0.055740464
25889775501,0.9718645
25912451601,0.9314375
25912503502,0.02877733
25912503505,0.015309381
25919953404,0.00044231856
25948133904,0.9779889
25948839702,0.0015479319
25958968901,0.03387808
25963244204,0.53004694
25967529501,0.9340058
25970124201,0.8534356
25980273201,0.7312751
25994657402,0.53172517
26000432401,0.99922156
26004372301,0.9942306
26009174902,0.95509607
26009712202,0.0075583216
26009712203,0.0024767276
26009712204,0.9705593
26009771102,0.77316725
26009771103,0.1443376
26012982601,0.16857576
26013232701,0.0018154632
26013232702,0.025298128
26013233002,0.24696238
26016045303,4.8878104e-05
26016048201,0.8197084
26016048202,0.7250895
26019054701,0.0020476903
26019054702,0.0025201929
26024225701,0.76702887
26026059502,0.0005648456
26026893203,0.000332077
26030427701,0.00053683744
26030427702,0.00031988783
26030429601,0.0037379458
26030429602,0.0017858893
26035350703,0.0006168893
26035371004,0.001781829
26035371005,0.0017981482
26035384104,0.0027039982
26035384106,0.0027731012
26035558604,8.868986e-06
26041493001,0.00023467846
26042445704,0.080419965
26045968002,1.0685549e-05
26046260902,0.036513817
26046665901,0.024090603
26050411401,0.00082447036
26050411402,0.0016035968
26050414701,0.0054527647
26050634002,0.103908084
26051993801,0.48649126
26051993802,0.97905225
26054554501,0.9954396
26054617201,0.00050064625
26055984401,0.95639694
26055984403,0.0018403602
26060882002,0.99148154
26060922201,0.17759086
26060922203,0.13814199
26070853701,0.99899775
26074903401,0.09745469
26081593601,0.3083809
26091366601,0.6419771
26091681104,3.2377866e-06
26092100501,0.7011905
26092577701,0.72179043
26092999002,0.13356318
26094918402,0.8482017
26095128901,0.850477
26095128903,0.48418713
26095128904,0.74998474
26095158801,0.9986737
26096967001,0.040325973
26097151103,0.09580814
26098650401,0.029746763
26099532902,0.9971258
26105522601,0.98328614
26106049303,2.0630225e-06
26109007202,0.95682245
26117841001,0.0005540037
26117841002,0.00035088672
26120389105,0.0010050893
26123942502,0.00044108005
26125771602,0.35998473
26130623704,0.9490392
26131421501,0.00028791607
26131421502,0.00031545074
26133274501,0.060032822
26142447704,2.3666027e-05
26144966803,5.1991417e-05
26144985201,0.58782655
26145163701,0.00015427302
26145163702,7.2747707e-06
26154570303,4.6467663e-05
26154596002,0.62756187
26158021103,0.446535
26158160601,0.0040242877
26158160602,0.0007032593
26158392003,0.37696633
26168060203,0.0012402637
26168060204,0.001012492
26172424303,6.471864e-06
26174665703,4.065587e-05
26174687002,0.9960026
26177241101,0.9818295
26186740901,0.116626315
26187009103,0.041582737
26187163801,0.72358334
26187479401,0.7505032
26187515202,0.0001321018
26189900101,0.16815196
26190247803,0.034688283
26190247804,0.005221606
26191131102,0.00022380138
26193037704,0.0015778412
26195174804,0.00501768
26204521801,0.00041923864
26204521802,0.0011572923
26215523601,0.85314727
26215697801,0.98528016
26215706104,0.00070053915
26215782501,0.66927314
26216234603,0.0062568136
26219093503,0.08008151
26238506402,0.10464434
26238506403,0.047226228
26245583901,0.054077096
26245758702,0.99668473
26250828302,0.00045493693
26251692401,0.9786926
26252300102,0.015024102
26255335102,0.82544255
26255871603,0.0003887287
26266623001,0.9954987
26270656001,0.03569981
26270656002,0.0005978967
26271099101,0.24266621
26272820802,0.010881687
26272820803,0.0027639198
26272918701,0.8046899
26282503603,0.0029927096
26283346001,0.12256181
26283346002,0.107685454
26283346003,0.0036211072
26283346004,0.75712025
26283346005,0.6455466
26291121401,0.91218716
26293961202,0.00017367078
26295481001,0.00055933045
26295481002,0.012460762
26300317601,0.9993648
26303039202,0.84827197
26307226002,6.8778725e-17
26307226007,0.011906206
26307393401,0.044935845
26307961704,0.0639587
26307961705,0.01686545
26307961706,0.017762452
26308038402,0.639933
26308463105,0.010622481
26317656301,0.10888339
26319792502,0.013654138
26331062001,0.3684029
26331064703,0.85213476
26331064704,0.7353843
26335061702,0.9976362
26335076104,0.008726246
26348683307,0.00060457166
26349337102,0.8490083
26349379603,0.00016510447
26357197102,0.35650867
26360788101,0.4927263
26362976301,0.20602573
26366173702,0.997757
26366872402,0.007043363
26371177901,0.90263844
26371330502,0.0064637563
26371330503,0.0029548341
26371340501,0.94252115
26371340502,0.86027503
26371340504,0.88706505
26371563301,0.04904287
26374803301,0.9955792
26374838901,0.3154896
26376831801,0.0010769239
26376831803,0.0010328493
26378510801,0.026772324
26378517601,0.10417516
26378555502,1.9376006e-05
26387274202,0.8909433
26387429804,0.00513281
26395378601,0.9632201
26395546001,0.7052158
26419743803,0.026116591
26421650602,0.035033714
26448794102,0.33757985
26449602903,0.031636395
26450110701,0.14459316
26536978902,0.3768352
26541498205,0.00093774474
26551039701,0.99070716
26552021904,2.689043e-06
26552562901,0.011181083
26565749303,0.0282333
26582101601,0.0012116187
26641246801,0.6289226
26645577102,0.98719096
26645611903,0.033402488
26653025902,0.3989638
26669663701,0.00019902346
26670260503,0.0006297547
26685660501,0.03897492
26701274602,0.0035432694
26702505201,0.52039766
26714251904,0.36796454
26714771203,0.00045545978
26714771204,0.0008326299
26714771206,0.00015556232
26716638901,0.098628074
26716684501,0.003489325
26716684502,0.0052805296
26716684503,0.0054723388
26716684504,0.019789558
26716684505,0.0052680112
26716684506,0.0033681982
26716684508,0.0627587
26716693904,6.8911063e-06
26716782501,0.71336573
26730331204,0.002523807
26730331205,0.006723489
26730331206,0.015340011
26730668703,5.2767235e-05
26730668704,6.890058e-05
26730808301,0.48418513
26758046601,0.47574612
26759440502,0.99544215
26880788703,0.0621187
26974289504,1.15905394e-07
26979548101,0.07740233
26984992001,0.018500887
26991599001,0.40727842
26991610901,0.71355766
27028529701,0.5504402
27028529702,0.4186817
27034121401,0.9979073
27034331601,0.96483487
27042506203,0.063392974
27050417001,1.3075526e-24
27050491005,0.14314036
27055766601,1.503708e-08
27055766602,4.6904486e-07
27152144201,0.3059559
27152203901,0.96141046
27155498801,0.011562988
27157468501,0.14007355
27163993103,0.018981842
27172670301,0.0014900487
27181132902,1.0
27185283702,1.0289788e-05
27185449202,0.20092554
27189259502,0.67417324
27190096001,0.0852179
27190324701,0.976324
27190324702,0.73185456
27197246301,0.0012457633
27208686901,0.6234103
27208686902,0.017477717
27212748401,0.006846559
27212748402,0.00063223543
27212958501,0.00068917073
27212958502,0.00038234584
27212995301,0.7541549
27219488301,0.7793394
27219488302,9.146554e-11
27219488303,0.9980069
27228581701,0.80879873
27235713401,0.99067897
27235713402,0.084102206
27242919602,0.00542034
27252754601,0.7428063
27256471803,0.4768061
27256471804,0.1543164
27276568603,0.005766911
27276863101,0.9989542
27277359501,0.21614811
27277359502,0.02416263
27277359503,0.14713252
27285353901,0.94708806
27285415703,0.00044463313
27286134003,0.82439864
27322473602,0.01623897
27326899101,0.4477511
27326899102,0.63295555
27326899103,0.9693522
27326899104,0.9090136
27327038903,5.3728338e-05
27332341801,0.44685116
27369985401,0.13805857
27398839501,0.004106958
27408221601,0.008909005
27415113501,0.99933547
27446160001,0.39991793
27641558601,0.18586867
27643954201,0.50751376
27664743902,0.7170617
27683657902,2.133447e-05
27683743003,0.29807255
27686430801,0.4983191
27686430802,0.36664715
27690479601,0.44507906
27697729101,0.010346842
27697729102,0.0023663254
27697854801,0.9973896
27701729001,0.04439106
27702250501,0.69949394
27703309601,0.2632796
27706982901,0.917811
27710375202,0.0001235374
27710395501,0.9766619
27710844901,0.97009057
27714798503,0.17552203
27729898901,0.26366314
27730004501,0.62630415
27805099803,0.0030569811
27805531504,7.034739e-08
27818334201,0.9180665
27829662102,0.04048456
27840861901,0.28307328
27840861902,0.46924257
27840939002,0.0004176045
27851841601,0.023713762
27851841602,0.0018036154
27854284101,0.99265337
27854284105,0.9376744
27858939301,0.6129923
27859102702,0.38276586
27859364201,0.9354269
27868364102,0.0048874044
27868384401,0.9990808
27868384402,0.99857783
27872677001,0.9856125
27873012001,0.00013958069
27873012002,6.522442e-05
27873095601,0.021964807
27873095602,0.015706686
27877694802,5.1900915e-05
27878011701,0.9790502
27882343604,0.051761627
27886178301,0.00015302742
27886182601,0.0009687399
27886182602,0.00034279388
27886274702,0.9887143
27886275001,0.99084294
27886277203,2.4158437e-05
27886621101,0.9972102
27886622001,0.73640066
27889533801,0.07361768
27889570501,0.9948862
27889825503,9.566599e-06
27899095402,0.98891884
27899166501,0.97818816
27908839501,0.64556706
27915500303,0.19247627
27924762801,0.08363076
27925025604,0.0011694785
27925155803,0.020911295
27936139101,0.006231304
27942806305,0.8952445
27942972201,0.092909425
27943008802,0.96296823
27943008803,0.88038146
27943042702,0.04859983
27951416304,0.026609309
27951615701,1.4865852e-06
27956970702,0.008674484
27956971802,2.9742749e-05
27957311101,0.0017423574
27957459101,0.014170707
27957459102,0.0057975687
27961363404,1.0762211e-07
27961595601,0.03222837
27961595602,0.000599429
27979776201,0.94760704
27979817003,0.0303141
27995042301,0.0031320597
27995222801,0.8918648
27995222802,0.98858553
28005211402,0.004681167
28005269001,0.024208607
28005365101,0.99403316
28005365103,0.18756281
28009683001,0.65073985
28069973201,0.0008980335
28090966801,0.0074803014
28192762305,0.98984164
28197926501,0.95898706
28205019801,0.8813356
28205180302,0.0076493886
28208557301,0.20399939
28209087502,0.00052075146
28419483702,0.00074816693
28419483703,0.0024934001
28419676203,0.0007998526
28715696801,0.9889908
28732926701,0.9864129
28735439701,0.9089075
28740200901,0.62845343
28740572701,0.0007991289
28742668902,0.008833479
28742818402,3.6104422e-05
28743199002,8.923039e-05
28749081302,0.05190629
28749174303,0.0002683462
28753093602,0.004224824
28753435901,0.007728716
28758831903,1.1416529e-05
28759118302,0.28560442
28759118303,0.1576601
28764023204,0.023968603
28764068003,0.0050392183
28764068502,9.887251e-05
28764195402,0.0043109064
28771712302,0.9390697
28771712305,0.02113994
28795766002,0.1930491
28802749102,0.0014396165
28806738601,0.7776476
28876984901,0.99941695
29029048001,0.86029506
29040817102,0.35222042
29041097904,3.5735295e-05
29041097905,2.5134028e-05
29054777001,0.4247282
29055928001,0.08382646
29060531101,0.00059438165
29069929902,2.1121485e-05
29070370202,0.26881945
29070402701,0.40367484
29070402703,0.034473065
29074019201,0.7427498
29083085001,0.14364439
29083403502,0.12061661
29083951201,0.004609205
29083951203,0.0010835433
29095350408,1.3426504e-05
29095575303,0.020710424
29100079303,0.03226276
29100565601,0.63082564
29100565602,0.6037616
29100565603,0.89029616
29110114603,0.5028515
29110228401,0.002992021
29110228402,0.0023920895
29110228403,0.025587086
29110228404,0.0097334795
29110592401,0.41981015
29132383101,0.95140195
29141720106,0.99814475
29142244001,0.3512581
29144913201,0.014493537
29151753701,0.56621045
29151760401,0.983442
29152077301,0.0026935197
29182529401,0.41141528
29212271704,0.0005015681
29212276901,9.142902e-05
29212276902,2.4175122e-05
29212768701,0.00016803155
29221488101,0.9082756
29221493501,0.001807222
29221493502,0.002273069
29229480901,0.850646
29229480902,0.18692683
29241156701,0.8809355
29241523402,0.7100587
29247930902,0.8048466
29251239901,2.372495e-13
29270577404,0.00024076061
29282490402,0.68524265
29308064101,0.07971309
29315430402,0.00024943054
29316626904,3.817787e-06
29322246202,0.8248043
29324062304,0.00017246758
29324609001,0.02627939
29327303201,0.00040315092
29343763701,0.49305713
29348090301,0.10109943
29348090302,0.019798486
29389805801,0.73473233
29396538402,0.0057509714
29404794903,0.0003232312
29405213203,0.00025465072
29405213204,0.00024180872
29409296601,0.0041263914
29409296602,0.00015000766
29409382403,2.7428537e-06
29409382803,1.7063243e-08
29414726401,0.66031486
29414726402,0.05085099
29414726403,0.64285326
29414726404,0.4833213
29414807901,0.005087813
29414807902,0.0038610208
29415492801,0.87769264
29419561702,0.3997698
29419561703,1.4104957e-05
29420837802,1.0023438e-05
29429237301,0.99547195
29432731204,0.00020824277
29434148703,0.2926065
29439947401,0.88159364
29443845601,0.7284803
29443851901,0.3406642
29444175701,0.90468955
29460727001,0.50111765
29460732601,0.18953112
29468766501,0.884291
29475193401,0.00604617
29478154701,0.9928463
29483547602,0.0003706842
29486954902,0.7486551
29487345703,0.044146776
29489270701,0.82699513
29492969502,0.17116629
29497805101,0.8784107
29497805102,0.8798852
29498156601,0.9419043
29498222201,0.99522156
29498228902,0.6936882
29504166101,0.093022764
29513104101,0.92301553
29516943101,0.049434848
29517639301,0.89481103
29536876701,0.6457539
29537350203,0.000539129
29537501101,0.73438364
29559371202,0.8604035
29559925601,0.9832032
29559925602,0.025894338
29559925603,0.002050889
29564674901,0.5563759
29578046401,0.6729324
29755818303,0.00011687052
29755818304,0.00010133401
29756126902,6.514088e-05
29770101304,3.620734e-05
29771119701,0.000817109
29772274301,0.5838945
29782930801,0.4527377
29782930802,0.6972997
29783354301,0.003409315
29805684404,0.00013975782
29805991701,0.7355967
29805991702,0.0015268052
29806911401,0.9881151
29828173501,0.71799654
29838867101,0.1771105
29839044701,0.7070096
29839044706,9.8509845e-06
29852037401,0.00046710513
29852843101,0.9919213
29862728501,0.014517824
29863442301,0.50859916
29863442302,0.723735
29863487601,0.96615833
29871998303,0.0021511335
29871998304,0.0010145844
29872318301,0.34791225
29894113901,0.90595275
29916232601,0.6766804
29917356101,0.00017809172
29917356102,0.015835928
29917356103,0.00012997442
29917440301,0.8369057
29927187501,0.9729874
29927274602,2.5003497e-05
29939926004,0.48968634
29949898201,0.986816
29950712302,0.17741546
29971922903,0.00044023574
29972078402,2.370481e-05
29972173801,0.751397
29972871601,0.87356675
29977986802,0.005770351
29979965801,0.99873203
29987018701,0.010965124
29994528501,0.0010971993
29994528502,0.00065208593
29994528503,0.9465219
30003893501,0.98090327
30008705901,1.0859036e-08
30014106204,0.0005283572
30014106205,0.0015737765
30015908202,3.9080962e-19
30016476601,0.9694197
30016656205,0.058118947
30016759701,0.007134053
30016860901,0.8096546
30028954301,0.19962372
30029319702,0.9870046
30030730501,0.36323994
30031613204,0.38442442
30032179801,0.8408991
30032649603,0.0021411404
30032649604,0.006036772
30032683902,0.17640403
30037859601,1.95777e-08
30044456803,0.12888056
30044862502,0.3775537
30052399801,0.65855056
30064108703,0.05574277
30071014401,0.8933415
30074436902,0.00024117026
30074542704,9.74101e-06
30075494602,0.0024254322
30076192503,0.89710575
30080830101,0.97914666
30081008601,0.98859686
30081274101,0.9903184
30081274102,0.9957176
30087154501,0.9411792
30087154502,0.016292302
30087674601,0.44411987
30094897301,0.8245461
30094897302,0.7640994
30095543403,1.4706602e-08
30109886907,0.025764102
30115216901,0.99802315
30115379201,0.123352766
30116063801,0.1977644
30116063802,0.018300107
30125009301,0.8552141
30125334401,0.95303607
30130923101,0.00024969727
30131311901,0.9397227
30139977901,0.57070565
30154499103,4.6681034e-05
30154920102,0.35100207
30155164401,0.9875744
30160961501,0.010352478
30161355903,0.23934473
30175063001,0.026824364
30175063002,0.48600885
30175294302,0.06436232
30189600401,0.0035917435
30189603002,0.015932655
30194895401,0.08023955
30194895402,0.00047832553
30195525702,0.032111812
30195634201,0.88278633
30195634203,0.00042665462
30195635701,0.000530281
30195635702,4.520493e-05
30205475701,0.870184
30205497401,0.041816264
30298713005,0.001354277
30298848601,0.03804789
30301363001,0.83095956
30301363002,0.74329275
30301363003,0.3036447
30301708302,0.3674145
30314365601,0.00030552567
30314365602,0.34475917
30326438701,0.07128872
30326438703,0.48462754
30326870702,0.8000523
30337329902,0.16625099
30339007702,0.0015258909
30346690901,0.84659255
30346867104,0.0002407138
30346972501,0.815965
30348573003,0.001442258
30348734302,0.0011148257
30353147001,0.16724192
30355737703,0.00281525
30365284401,0.0072508473
30365617801,0.98593825
30365717101,0.94310194
30371152901,0.4434177
30371572601,0.719251
30378848702,0.16171551
30379358301,0.00014443384
30384110102,0.07895185
30384769801,0.9935899
30389946702,0.29367587
30390173001,0.6655155
30390173002,0.6568311
30399401101,0.36582196
30399951201,0.9107122
30399951202,0.59082025
30399951203,0.5612988
30406573202,0.08973073
30406638001,0.0043395357
30407181701,0.0008382197
30407182701,0.8210804
30407401202,0.06788371
30407503102,0.5794726
30407951901,0.92721194
30418255101,0.016743213
30419007501,0.59932643
30423779003,0.0011754346
30423787101,0.78668237
30424573801,0.14389089
30424590302,0.00846053
30427458401,0.0010812985
30427458402,0.00049214694
30432655001,0.9854917
30433113801,0.0039841505
30444809701,0.3454223
30448101303,0.0002630416
30448178701,0.7224801
30448178702,0.69126207
30448178704,0.8478744
30454564202,0.12499797
30454785801,0.7558176
30466376101,0.57401705
30466376102,0.10074854
30466456901,0.86716974
30469061801,0.9990546
30469061802,0.9768942
30470641901,0.4155947
30470818201,0.68174267
30472961001,0.12608264
30473644201,0.8557256
30476876901,0.06479887
30477444401,0.9978726
30477444402,0.9807149
30484227701,0.715202
30485533602,9.063362e-06
30486265301,0.00046896577
30486265302,0.00045800826
30486265303,0.0008172407
30486265304,0.0011852285
30486443401,0.344686
30489838201,0.78959703
30490239003,0.00010074781
30490342801,0.5652747
30501828801,0.9670045
30501828802,0.9458475
30501837302,0.6692459
30518186301,0.9938443
30532210702,5.1137107e-05
30532369303,9.216256e-05
30532857801,0.8599115
30532986802,0.5091193
30542400301,0.99917704
30542556602,0.11678775
30552180001,0.036847733
30552180002,0.0487005
30575655101,0.11149624
30620131104,0.11486188
30627151403,0.00022062488
30635759303,3.440294e-05
30645349904,1.5168612e-07
30646658201,0.85383534
30657320101,0.77130663
30657320102,0.2809081
30657378602,1.0101898e-05
30657955001,1.4519229e-06
30663508801,0.9943811
30663508802,0.09459008
30663842701,0.40717027
30672323002,0.010223206
30672377501,0.33963707
30673953702,0.0010815304
30677139301,3.8147973e-05
30677241102,0.00047531346
30679070201,0.77049184
30679543103,0.06485544
30682369201,0.00014403541
30689766403,0.22980927
30692926302,0.008981654
30692926303,0.019168986
30692926304,0.04017651
30705737802,0.55112946
30709150403,0.0001796833
30715884502,0.12272333
30715884503,0.05610771
30715939602,1.8445534e-09
30732028202,0.0010162687
30732409801,0.27268285
30732748801,0.27325994
30739915702,2.838039e-05
30749068601,0.494764
30749106901,0.0017799726
30749112901,0.00012209143
30749239801,0.21543084
30935049801,0.018300133
30935054301,0.16479097
30935092101,0.9748239
30935092102,0.30501342
30941059801,0.82967544
30948580001,0.13035762
30948629204,4.754535e-08
30948634103,0.03326941
30948634104,0.08362636
30954461202,0.48861676
30963618501,0.24729744
30965471901,0.9756649
30965761001,0.25111046
30965822101,0.77573746
30965953001,0.34234858
30974462701,0.005337056
30976004201,0.015587862
30979235701,0.9994356
30995649202,0.08260535
30996336201,0.96497804
30996340801,0.052698962
31009982901,0.64690727
31010281101,0.106411465
31010313601,0.9784952
31010421501,0.30270198
31017413306,0.0142123
31017948602,0.18374845
31018289901,0.595194
31035510601,0.8840272
31041914304,4.7620935e-05
31041979501,0.60117394
31041979502,0.022526223
31042640401,0.6665997
31050716202,0.0018256486
31050716203,0.001105871
31050962601,0.0011846676
31051309701,0.0057154023
31051309702,0.0019117849
31065631301,0.014422678
31066279003,0.001902063
31066294604,0.6841522
31073216103,0.0005264793
31073348401,0.9707727
31079639803,5.0286475e-05
31079639804,8.4844854e-05
31079659601,0.8020372
31080328201,0.00019885351
31085579702,0.36117175
31086235905,0.05581965
31095468503,0.097333394
31095512502,0.568554
31095512503,0.37383842
31095512505,0.029949456
31095622501,0.20608711
31095960601,0.010151842
31095960602,0.03486763
31095960604,0.35546532
31102893306,0.015966162
31103481801,0.43874252
31110694003,7.013255e-06
31117500803,0.041695815
31124246002,0.00051780447
31139230601,0.008119427
31139241705,0.025684694
31141311301,0.00058300584
31141311303,0.7986959
31153074105,0.08613804
31153074106,0.54405844
31153137204,0.10291128
31153423902,0.09340422
31156458102,0.72133374
31189217004,0.0975201
31195859401,0.96752185
31196300402,3.2605392e-05
31226738103,4.508998e-05
31238678201,0.9035508
31239040401,0.91740185
31239225801,0.96159077
31264122401,0.002965268
31275867301,0.120786406
31275884901,0.019419506
31287423601,0.7519671
31287423602,0.9259783
31287640404,0.0002109496
31299226201,0.292514
31299280601,0.11792668
31300028601,0.75409204
31312069101,0.23406608
31312069102,0.62608796
31312389901,0.11994281
31312800101,0.12345151
31324528502,0.036988124
31335382501,0.7815139
31348201604,0.004065617
31360103001,0.30966553
31360186501,0.72510946
31360332501,0.00031465417
31360332502,6.2601335e-05
31360332504,1.1779724e-07
31371563702,0.0012007327
31384116301,0.1423759
31384116302,0.025503878
31384355301,0.9911494
31384390703,0.13096654
31384390705,0.03885254
31384645901,0.75141835
31394113801,0.9534491
31407379003,9.612379e-06
31407379004,1.0123984e-05
31419413202,0.0013420576
31443420602,0.4751174
31443586801,0.83224803
31444058201,0.0003660167
31444058202,0.00086656166
31456224401,0.5297581
31456224402,0.86500746
31456540002,0.08093818
31486596201,0.9864559
31493998303,5.6350427e-06
31494107001,0.0050688544
31494107002,0.004592257
31494111801,0.0008965202
31494111802,0.0008144535
31508122701,0.8491927
31519888203,0.7029694
31528635401,0.7519853
31551522401,0.00060934474
31551522407,0.68077767
31552073101,0.0975115
31552916201,2.53219e-05
31552916202,2.087968e-05
31552916203,2.8805567e-05
31552916205,0.0003282417
31554413001,0.930874
31554555501,0.6277558
31564628603,0.9874923
31566869501,0.015618301
31576279901,0.0023410432
31585451401,0.13832615
31585451402,0.6254254
31609788502,0.018511713
31634576701,0.56831837
31671014801,0.9160676
31685520601,0.72348756
31685520602,0.24247532
31685540401,0.0016000036
31685540402,0.78850704
31685879501,0.15786245
31686730401,0.951277
31715386201,0.35231408
31725062302,0.010683386
31804494102,0.13416204
31818199701,0.016321952
31818199702,0.0014099678
31821351901,6.8461645e-08
32227262801,0.8976685
32227262803,0.7830849
32290232001,0.00045940923
32290232002,0.00051183987
32290232003,0.0004761933
32300722302,0.0002349906
32300820904,0.0005086174
32306061402,8.710834e-08
32306315602,0.7656961
32306337701,0.7759265
32313365901,0.0018719087
32329547901,0.9980107
32335522503,0.87332845
32342670405,0.9061645
32342916601,0.46636122
32343234404,6.826989e-07
32344319401,0.0057673864
32344319402,0.030592434
32344329103,1.5615287e-05
32346111801,0.70658773
32351102604,9.936821e-08
32352156203,0.75743145
32352169403,0.0023793457
32356256401,0.141883
32356372903,0.0024277014
32362403904,3.3762134e-07
32364689601,9.2924674e-05
32364689602,5.9928893e-06
32364897501,0.11180553
32368510503,1.4027396e-05
32372755601,0.0018326296
32372755602,0.049342524
32373224603,3.1619897e-05
32376232101,0.5454761
32376427701,0.0032802862
32376427702,0.00037518187
32383694501,0.00050744164
32383694502,0.0032281333
32383694503,0.0027356301
32383743401,0.96712184
32383743403,0.9985203
32386421903,2.6792932e-05
32387642601,0.9432218
32387823602,0.00010153288
32396848403,2.9882058e-05
32396856601,0.0009799906
32396856602,0.00069799117
32398924701,0.015553428
32399241101,0.711556
32400358301,0.9928767
32401024105,0.4418028
32404819301,0.43204883
32411913502,9.126914e-06
32412829502,0.036948726
32414433702,0.0075894743
32420035801,0.0025102906
32420452301,0.53366715
32420575301,0.58032167
32420575302,0.39389616
32420822401,0.49630418
32420822402,0.05413689
32431692402,2.9658074e-06
32432445403,0.004054775
32442452704,0.9690981
32442469603,0.00477614
32442833403,5.7781326e-05
32443497801,0.15790363
32443724004,0.059006304
32449469804,1.6283902e-05
32450262801,0.6597881
32460755801,0.003663423
32460851409,0.52427393
32461281201,0.00021445933
32461281202,8.657845e-05
32465481104,1.2563967e-05
32474838902,0.38762563
32475731102,0.0018617008
32475935204,0.038264368
32476072101,0.2355149
32477497902,0.7520948
32477497905,0.3315781
32485285301,0.91405827
32485285302,0.96769655
32489057101,0.036899548
32489057102,0.038595207
32489275701,0.13463096
32489361302,9.155553e-05
32492783604,0.00033806998
32501276804,0.00031076572
32556374402,0.36192033
32556436601,0.11562392
32556436602,0.010916652
32571096402,0.9851887
32571096403,0.3306272
32571629603,3.7629772e-05
32584736001,0.9852658
32587099002,1.4473994e-06
32587307601,0.0015383792
32587307602,0.0021860828
32588833501,0.3096107
32602282201,0.18130717
32612924502,0.0003688176
32612924504,0.00054566684
32622535503,0.04052835
32622535504,0.029706052
32638138401,0.10741103
32640871801,0.9522837
32641199403,0.06629997
32641199404,0.03919403
32651018301,0.9407821
32659876601,0.8424629
32659876602,0.7320426
32668934407,8.710403e-06
32669214401,0.9129406
32669398801,0.97271675
32675196001,0.7682631
32676001002,0.0009195931
32676544401,0.45538872
32677189203,0.0013916509
32690667202,0.021604162
32705486401,0.8093156
32706790601,0.0005618029
32706987204,1.3239884e-05
32707125401,0.009419808
32707125402,0.026392085
32730440601,0.0006236608
32738237101,0.31170774
32738237102,0.15933923
32738237103,0.55918753
32738995301,0.025334967
32739067303,0.24012941
32753630101,0.48178306
32784687701,0.9533755
32796910402,0.00019259442
32814130501,0.009384554
32814453803,9.078899e-06
32814799802,0.78641254
32815595301,0.9739866
32830675501,0.023361292
32830675503,0.00011557961
32845763901,0.96559185
32845763902,0.8198523
32862415802,3.6347892e-06
32878113301,0.04449897
32894674901,0.023633594
32909842101,0.40657988
32910447101,0.9882775
32925562201,0.9839177
32939977204,0.0006737871
32940118302,2.2491373e-05
32957299901,0.0017753519
32957942701,0.8772093
32958050701,0.5997616
32972016201,0.84041154
32972016202,0.73217463
32972706401,0.003468867
32973392601,0.1839549
32984872201,0.64925116
33016782201,0.6505304
33017591802,9.362681e-05
33017594302,0.34076136
33035746001,0.016116388
33051467502,0.73465955
33051605001,0.00022059395
33080881201,0.05087998
33096295001,0.5669452
33096890201,0.9959936
33113133001,0.13848265
33125910901,0.013014523
33125910902,0.008163207
33143630901,0.538746
33158594701,0.31780675
33159736001,0.075850174
33176314802,0.03420012
33177386502,0.03604906
33177387502,0.9449335
33188966805,0.0072428402
33189172901,0.6365408
33202650201,0.022674434
33202859802,0.005044641
33218409501,0.96076846
33218409506,0.0024615207
33219007502,0.04976787
33219100502,0.042918608
33219394901,0.0062943418
33244230008,0.0009208359
33244372401,0.8374843
33518625602,6.4795125e-10
33519369401,0.2390955
33520653102,0.5873353
33520653103,0.03303692
33540139101,0.026691055
33540210101,0.9934809
33554524001,0.4205814
33554524002,0.30199564
33556261502,0.007641588
33570153601,0.8584779
33570153602,0.8448685
33601247201,0.31802437
33601247202,0.20502028
33602313701,0.03677565
33613706502,0.0014868242
33614287701,0.026360571
33614287705,0.46977133
33614552001,0.0019728483
33657475801,0.83209956
33670052102,7.8461075e-05
33670730501,0.056428004
33685520901,0.84583604
33686333101,0.39177895
33696405901,0.0075569698
33696405902,0.00037089593
33697138001,0.41701528
33697191503,0.0011711151
33712610301,0.07952277
33719302801,0.44299948
33719312802,0.6234682
33719535302,4.2347624e-06
33720058701,0.012567973
33720058703,0.06317178
33727469503,0.021927983
33734938102,0.04495085
33739324701,0.9482625
33739881902,4.883426e-05
33740881301,0.8969801
33743756601,0.6692356
33743756602,0.00016291619
33756090701,0.25032806
33769074701,0.1271781
33780683201,0.9360913
33787999701,0.9453085
33788545601,0.8875971
33794511901,0.81566364
33794511902,0.7988123
33795222901,0.25819874
33799519402,0.0007197305
33799519403,0.0015293806
33800923301,0.6934916
33809866701,0.9754748
33811950201,0.027231822
33823254301,0.9488402
33829381102,0.90931934
33835052701,0.9799835
33849206802,0.0139438715
33849356703,0.0015758887
33863576701,0.46672434
33863576702,0.0104388585
33873659101,0.00014879364
33873673301,0.3119205
33873673302,0.13028961
33873942601,0.38731378
33885756704,0.0021855452
33885997804,0.047695022
33901599101,0.9656005
33927944001,0.9673505
33944248401,0.07944252
33955867801,0.29787183
33956336701,0.0019080816
33956342601,0.0053720735
33956454401,0.000102041864
33956455101,0.00013257666
33956484501,6.539283e-05
33956545201,1.7605109e-05
33956554206,0.33934972
33956558401,8.051664e-06
33956558402,3.1099744e-06
33956558403,7.768974e-08
33956573901,4.036087e-06
33956573902,1.4740098e-06
33956574001,1.1520665e-06
33956574002,1.9541606e-06
33956798501,0.00066346617
33956798502,0.0326806
33956800601,1.717071e-06
33956800602,8.217871e-07
33956800603,0.00026127126
33956805901,0.0011864874
33956807101,0.08597739
33956807701,1.8448503e-05
33956807702,3.9156934e-05
33956807703,0.09963142
33956812501,0.0005505678
33956817001,3.9488227e-06
33956817002,2.132349e-07
33956817003,1.3219919e-07
33956820001,7.521417e-06
33956820002,3.1908025e-05
33956820003,0.0015235498
33956824702,0.0
33956824703,8.803368e-08
33956824705,2.152211e-07
33956824708,3.474275e-08
33956827001,0.0036589163
33956832801,6.9428156e-06
33956994201,2.5602427e-05
33956994202,9.429445e-06
33957015301,0.006495072
33957015302,0.0006595706
33957026001,2.8143108e-05
33957026002,7.1584363e-06
33957300901,0.2699613
33961188301,0.9011945
33963358402,1.9230374e-05
33968020301,0.021379799
33968020302,0.00034560493
33968055201,0.0029430464
33968213401,0.9625642
33968283004,8.23813e-06
33968544502,0.011390647
33968544504,0.0057132756
33968815801,0.132904
33968950202,0.6602135
33972309902,0.031229408
33973301301,0.9853602
33973301302,0.79604375
33973301303,0.78502476
33975272901,0.7567144
33975656101,0.089122474
33975889702,0.018534517
33983299501,0.052356083
33983649001,0.79394937
33991355001,0.40998626
33997920001,0.7805461
33999003801,4.5734236e-05
33999003802,5.5002503e-05
33999003803,0.005032251
33999003804,0.0047700107
34009360401,0.002957959
34013076702,0.9418751
34013076703,0.003042191
34013076704,0.0036268975
34016460202,0.53805697
34016616701,0.94340646
34017008002,0.9141825
34020604405,0.1025309
34027438401,0.19962557
34028148307,0.0041008717
34028560001,0.47153628
34028802201,0.0002638997
34050494501,0.09763838
34062040703,0.13998154
34062928903,0.0020010057
34063019701,0.71868086
34063019702,0.61943793
34067038701,0.0071130013
34067052301,0.0011389652
34067092201,2.908932e-06
34067135701,0.61642665
34084498402,0.18908466
34084582603,0.29559302
34084689101,0.017323775
34084689102,0.029036568
34086810801,0.8411268
34086831801,0.996342
34086991502,7.504376e-05
34087762601,0.93026686
34087762602,0.7415332
34088361401,0.9332422
34103148002,0.00014695204
34108527302,0.0013103804
34108771701,0.5328644
34114294302,0.0018097917
34114294303,0.0027817066
34125076101,0.93163794
34125818201,0.020818623
34125818202,0.0005862061
34125998901,0.4943688
34126184601,4.6759606e-06
34126184602,2.465843e-06
34126197001,4.3671257e-06
34126197002,2.4732735e-06
34133886502,0.0033346321
34138218301,0.0005808649
34138220901,0.00772108
34138220902,0.1456164
34138525601,0.99522024
34139966801,0.0058254055
34147057401,0.97098136
34147057403,0.27463463
34147613001,0.9947966
34147927603,0.0011378255
34151302001,0.037230376
34151521401,0.096390046
34151521402,0.00036180296
34151535501,0.036346566
34151535502,0.0007411314
34152008201,0.93212855
34152033401,0.0030872005
34152033402,0.00031582537
34152033403,0.0066239154
34159787501,0.9133801
34171016301,0.97202
34171016304,0.023585403
34171577402,0.006654228
34180339901,0.9446374
34180340101,0.8594858
34180590801,0.9847002
34180590802,0.8042877
34181881101,0.8192792
34183842001,0.6880859
34191252203,0.7550958
34191720604,1.0200575e-06
34191720606,4.9016107e-06
34195221801,0.14842522
34195503101,0.004251838
34195503102,0.012971076
34204300801,0.37816292
34204465701,0.93715733
34205138703,0.0009682383
34205138704,0.0023883895
34213578102,0.10202747
34223289101,0.92676103
34223686701,0.5751124
34225913701,0.0031709988
34225932401,0.004218854
34225934401,0.014350547
34236051401,0.0012030121
34236051402,0.2168595
34239922001,0.012573559
34239922002,0.00011524319
34246945501,0.76435685
34246945502,0.6959979
34247401001,0.9811257
34247401002,0.30398095
34255472301,0.06413403
34255632101,0.8534997
34256752902,0.00044667115
34256752903,0.0054097036
34256769501,0.9365965
34261796801,0.9602861
34268386002,0.81707895
34270269903,0.00017545657
34270269904,0.00014079083
34291558001,0.0072083003
34303199501,0.95158184
34303480901,0.5871665
34311938102,0.0015931444
34316698301,0.7042242
34316698302,0.19709827
34325328205,0.0007272072
34326030702,0.02833233
34329605902,0.00035397848
34333867602,0.6023554
34336548101,0.5369784
34336548102,0.9725522
34336548104,0.15409862
34337716901,0.96103704
34337724601,0.2500051
34337745701,0.0014655113
34337762402,0.16897534
34337834501,3.392279e-05
34337834502,2.1845892e-05
34338368101,0.00021621933
34338368102,0.00027660534
34344943703,0.00012463614
34354122201,0.9178017
34357397102,0.29395095
34357397104,0.9219522
34357397106,0.011993386
34357569402,0.9321674
34358582401,0.22460671
34358700001,0.9814549
34364733501,0.9669516
34364813603,0.9604389
34364945401,0.88248366
34365125505,0.16251422
34365219603,2.1423813e-05
34368152403,0.0018650823
34368187801,0.52099234
34368487603,5.313532e-06
34375729902,0.002641444
34376193202,0.3225579
34376436001,0.67062545
34379800101,0.52498686
34379949301,0.00015189536
34380086601,0.9770782
34385424001,0.9828053
34388482501,0.8012912
34388482502,0.8156754
34403162701,0.9061706
34407735302,0.00036796086
34411135901,0.073944464
34411269001,0.001985853
34411575001,0.098228134
34423230001,0.95737875
34423441402,0.0015291134
34425865701,4.7601414e-05
34433722504,2.9663293e-05
34433722506,9.334261e-05
34433771301,0.0044498155
34433870301,0.082875535
34433870302,0.019741062
34435187103,0.00015542723
34439801801,0.99900997
34447050903,0.0039121117
34458859903,0.0027077855
34460040201,0.9889818
34460426301,0.0021901992
34466759001,0.78038305
34467085401,0.40516526
34467085402,0.7775117
34467569401,0.57752246
34469160301,0.9402576
34479463202,0.0025504925
34479692104,6.5132155e-10
34483848801,0.9145358
34492558801,0.0064166193
34492558802,0.006487676
34496460802,0.71556395
34496955003,0.013665252
34497489301,0.9660338
34509282901,0.8370913
34509763401,0.095475
34509763402,0.10301705
34517331502,0.0015594831
34520447101,0.17063685
34537130801,0.22529536
34554436101,0.8832757
34554436103,0.93523866
34554812702,4.468836e-05
34555184101,0.7783891
34555184102,0.0010004358
34555192801,0.00033814975
34555390101,0.44728833
34582224601,0.8538137
34634767701,0.99500185
34639827902,0.9787477
34640522601,0.051321622
34652034102,0.0022173326
34660497801,0.055293925
34672609202,0.0025593159
34672720101,0.057951387
34672720102,0.06248856
34672720901,0.74251145
34672792602,0.85267246
34674306203,0.9835466
34677039204,0.00026554277
34679228101,0.9983512
34679523601,0.253281
34679674101,0.50320125
34681068601,0.07825337
34681288703,1.3047617e-05
34681395001,0.04853697
34682256401,0.007672878
34682501402,0.001020143
34683058301,0.18275024
34683058302,0.022784257
34690292304,0.3820748
34691262301,0.9850263
34691262302,0.009080034
34695350801,0.91424
34703035501,0.9852834
34704243201,0.011856992
34704243202,0.0037383242
34706869302,0.003101504
34708176101,6.309313e-05
34721352101,0.043746214
34728360101,0.9055558
34729037202,0.11433615
34736944701,0.003452442
34736944702,0.0029635895
34746077901,0.0040438212
34746554101,0.00046182857
34761353601,0.89313805
34761473301,0.13146162
34761473302,0.006893061
34762087002,0.014112817
34765644407,0.0005055144
34765691101,0.017679881
34765691102,0.047155194
34765706602,1.8687375e-05
34774338901,0.8485193
34778028501,0.9909286
34778558301,0.20325002
34778704101,0.004508937
34787326202,0.000244068
34787435802,0.98891467
34800682402,0.00028179216
34804054501,0.85945517
34804243901,0.9528791
34804243902,0.71891373
34813042001,0.0012720568
34816801901,0.8159701
34817119901,0.98643935
34817645401,0.9694071
34825025901,0.867993
34834137801,0.9461013
34834462207,0.4427141
34840107101,0.0017018942
34840107102,0.04065774
34840107103,0.00050928537
34840107104,0.00022609782
34844886401,0.9412234
34845963501,0.9430133
34846082901,0.63298154
34855628102,0.9864486
34857057501,0.25679496
34857132608,0.0014197795
34869424701,0.5654631
34869926003,0.09404814
34876244101,0.5929644
34876345301,0.0612933
34877117902,0.9826104
34883961101,0.056672156
34884124202,5.6564986e-06
34885229801,0.7270875
34885229803,0.14193328
34885360504,0.01563495
34889719902,0.008665522
34889867301,0.069418035
34895779302,0.0
34897218401,0.99565756
34898480202,0.8093043
34898568201,0.17984593
34899109903,0.0010934231
34899746702,0.0015450786
34899761203,7.731277e-05
34905944803,0.02315017
34909514901,0.99563366
34914500401,0.33371663
34915449001,0.71607393
34923744201,0.008591507
34924096101,0.10997633
34924366501,1.3539799e-05
34924593002,0.7861213
34926970102,8.127293e-08
34927000101,0.008556538
34927000102,0.015219722
34930944202,0.24935792
34930944204,7.508253e-11
34937159501,0.15095527
34937159502,0.00046305073
34937319201,0.00047040518
34937319202,0.00035304573
34940722801,1.0651831e-05
34943397602,0.15183434
34943397604,0.68874264
34948459501,0.7757091
34953966501,0.53407174
34953966502,0.89066756
34954340105,0.77639157
34954411201,0.35867697
34964460603,0.0010767721
34964851002,0.03668553
34967968101,3.92108e-07
34974792902,0.2853418
34975139306,0.00032270406
34975697201,0.18018502
34976705101,0.24242797
34978691601,0.9947647
34978691801,0.9946537
34980504401,0.97055095
34983282402,6.669992e-05
34986285201,0.16471708
34986542306,0.00066992606
34989255901,0.4152467
34996391402,0.039209567
34996426403,0.00054266525
35000584601,0.22865362
35014629601,0.85163146
35015411901,0.86236835
35027646202,1.0534233e-05
35027706202,0.034771558
35029767702,0.0025513442
35033350702,0.00012505196
35033613202,0.9818834
35035563201,0.0032290723
35043133501,0.0013310125
35043133502,0.0015643918
35043133503,0.06511075
35043133504,0.13511786
35046762401,0.47637254
35047910101,0.09593809
35057599701,0.9946755
35067974502,4.867158e-05
35074247502,0.016118407
35074371401,0.99743974
35076779401,0.3064889
35079640702,0.6173744
35080347202,0.00032298843
35080347203,0.0011258638
35080469601,0.994697
35080884002,0.0006240666
35080884004,0.0063056606
35084283801,0.41426936
35084283802,0.4768514
35084633401,0.9154724
35085346601,0.9628906
35085351302,0.00080945465
35085871301,0.0021604504
35085952701,0.2691573
35086063103,0.0019495757
35093067201,0.011152156
35096515901,0.022446949
35109238501,0.9921374
35109482008,2.704497e-05
35118188003,0.19228691
35118188004,0.29861066
35127512701,0.9862686
35128467801,0.984838
35128529701,0.9921704
35200055801,0.290343
35200331801,0.7960694
35201671601,0.97584957
35201690402,0.759719
35208100106,0.118899435
35214110704,0.9503094
35222923701,0.55410707
35222926801,0.9970746
35222926802,0.990418
35222926804,0.9051512
35494479401,0.005727191
35663935001,0.0010451962
35663935002,0.001549107
35667591201,0.56221384
35672996605,0.003913035
35673165502,0.00044643047
35674784701,0.8769123
35674812701,0.25523022
35674812702,0.99742883
35684659401,0.29949793
35685023207,0.00032009953
35704416301,0.98807925
35710407107,2.4868805e-05
35710535202,0.0018781261
35720575001,0.07123941
35736262304,0.0033379141
35736262305,0.0010003971
35736262306,0.00054110005
35751024701,0.0012045221
35760973002,0.007186102
35765997203,0.00026079765
35766231601,0.9348363
35766231602,0.99529713
35770930001,0.99899286
35790947801,0.008825767
35791120202,0.79039425
35802074501,0.9778901
35802216901,0.0009868442
35802216902,0.0005986822
35802216903,0.0003722047
35804784102,0.0005626941
35807104902,0.6574121
35810812602,0.0015176191
35815476402,0.30308044
35815644202,0.005136067
35817632901,0.0074567776
35829066803,0.008463059
35829066804,0.0006898751
35833558603,0.000377648
35833558604,0.0004939394
35840238203,3.837617e-05
35899383104,2.3583982e-07
36008791501,0.031488698
36008811302,0.00044439055
36008887102,0.00065764674
36021781301,0.00038456733
36022222801,0.8617792
36032014601,0.25472328
36032455801,0.3799553
36039503701,0.9877724
36045755301,0.0011838847
36046316002,0.014278719
36054824702,0.0005048164
36054824703,0.00041537517
36060567001,0.6514237
36061757001,0.34199756
36069853903,0.0049687903
36080075401,0.2600516
36084805604,0.007265553
36085112301,0.11209923
36085112302,0.24479893
36095173901,0.25992936
36095173902,0.0019048197
36095868901,0.0041408287
36103419601,0.7531853
36103419602,0.017047865
36107451001,0.8757537
36107514601,0.032435283
36107514602,0.0042194286
36108230204,0.21244091
36116866004,1.0054563e-05
36116875103,0.0009112131
36116875104,0.0007731292
36116900301,0.18653871
36116904201,0.9140035
36117072801,0.45329273
36117247901,0.93678147
36127261201,0.35280952
36133308901,0.56175065
36145892301,0.99331737
36145892302,0.80977106
36147312501,0.075015344
36171360202,0.013307561
36171769701,0.5398681
36179375701,0.98621374
36185866701,0.0012599246
36185866702,0.00037920268
36186370501,0.0030309674
36186370502,0.003002681
36195723703,0.0003658712
36195801301,0.00076392543
36203025201,0.01052617
36208509801,0.9658942
36208633303,0.03690692
36208897901,0.0122822905
36211110402,0.00013572072
36211110403,7.6864715e-05
36211346601,0.8649014
36212163901,0.0036025485
36212242702,0.00042399645
36212242703,0.00041874938
36216542102,0.9715025
36223421902,0.00035542742
36223421903,0.00031979027
36224167401,0.019434767
36232245001,0.2804594
36232355002,0.0011757974
36232355003,0.00504105
36232355004,0.0072279545
36232651002,0.60299057
36232651004,0.14311177
36232773002,0.33928037
36238452701,0.9391464
36247892101,0.018410582
36248081501,0.8159275
36248365501,1.739304e-05
36254444201,0.40389484
36254444202,0.6454701
36263133101,0.59210765
36265887103,0.0013213451
36266522904,0.08172641
36266522905,0.06081153
36270472201,0.95376086
36270988601,0.99671304
36270988603,0.059071336
36273479503,0.9779318
36273577502,0.66520125
36275381201,0.9117044
36282250301,0.59974813
36282547001,0.0011895756
36282547002,0.0008818532
36283395302,0.022211278
36294416601,0.00038038226
36294416602,0.2507176
36294440401,0.26269424
36294440402,0.00025558256
36301457701,0.6767815
36302476706,0.3002681
36308238301,0.63517004
36308617801,0.9002771
36314054702,0.010328402
36320794101,0.7435131
36320794102,0.9231868
36320794103,0.9109671
36321484301,0.2667256
36321759401,0.0013763353
36322109602,0.38596073
36323171601,0.5029465
36326755601,0.005754893
36327032201,0.18987577
36327080203,0.00046035284
36337105701,0.0030031307
36337231302,0.79679465
36337240301,0.98164636
36341472201,0.003735278
36344758501,0.46703532
36348116302,0.121980175
36348116303,0.19685772
36348116306,0.69745785
36352747501,0.18987688
36352858301,0.033765096
36360033001,0.001268606
36360033002,0.00013309192
36361158305,0.00041818552
36371002801,0.5359327
36373876501,0.9827078
36373876502,0.97734696
36379019501,0.9291148
36379071001,0.05171029
36379071002,0.002412492
36379566801,0.5969647
36379882103,0.008927296
36380507102,0.44996682
36380507104,0.20245579
36392558001,0.091779314
36393331302,0.007871306
36397797801,0.82932556
36398418002,0.26649424
36401811703,0.00017486633
36410692902,0.00088712294
36410775301,0.9980495
36411583601,0.196252
36413262801,0.98308545
36415342401,0.00035436152
36415342402,0.010316379
36416385202,1.2123617e-05
36416490701,0.0017032502
36427960901,0.36637205
36430211801,0.09061772
36432638403,0.0019516634
36432638404,0.010568858
36432704501,0.21832223
36435035401,0.4040082
36435264902,0.8786063
36435444301,0.0054780897
36435462401,0.8583407
36454463302,0.002569302
36454478304,0.4864735
36454523401,0.041106414
36454711201,3.5358273e-05
36454711202,0.00014336796
36454918901,0.7213406
36462547201,0.646803
36464290004,0.025932677
36464600202,0.93981147
36478500901,0.50230646
36478500902,0.7508349
36478500903,0.82085925
36479758401,0.84512204
36479758402,0.026501212
36487354001,0.14874609
36487915501,0.7619912
36488054201,0.7111832
36488198001,0.46248588
36494463301,0.85166454
36494463302,0.028454911
36501436301,0.6798057
36532521703,0.5352027
36532562101,0.92278343
36546786701,0.8295322
36546910701,0.034128353
36555694502,8.831512e-05
36566262301,0.81862336
36572172402,2.0372021e-05
36572727101,0.024350584
36573020702,0.82927924
36577423401,0.92560863
36589085601,0.70052993
36589718401,0.8464171
36595339605,0.015682282
36595339606,0.032192893
36599889601,0.059386376
36600046901,0.4494179
36694633201,0.98948085
36695394901,0.27361673
36695840901,7.71793e-05
36695840902,0.0072818836
36705891203,0.0013825946
36713674101,0.00015877225
36713674102,0.00014009459
36713674103,0.00030733348
36713674104,0.0001653348
36713674106,0.00025432534
36721580201,0.2902677
36721931201,0.75989723
36721958701,0.00032470352
36722441201,0.000737902
36731106001,0.10657883
36737894004,0.0266803
36747358301,0.82088315
36747663301,0.00028282194
36747663302,0.0001960127
36747812401,0.30676836
36747812402,0.86822057
36748491302,0.00056747685
36757208301,0.6006369
36757282501,0.13530199
36757806102,0.09333558
36766053402,0.0022799475
36767139701,0.18459561
36782403903,0.0016498616
36783273701,0.062522605
36789557801,0.00019890186
36790475303,0.06486073
36797561603,0.0008838729
36808504701,0.8879191
36809595301,0.9308277
36847142601,0.032780148
36847142602,0.0056029726
36847142603,0.0037038608
36857403002,0.87356216
36874788203,5.4438053e-05
36874802403,0.0031496796
36875330301,0.6128017
36876173401,0.043482035
36885458503,0.0008182953
36893059701,0.9033955
36893059702,0.8598104
36893454001,0.7873665
36893454002,0.4595876
36898885202,0.12627454
36900681701,0.83958626
36910254905,0.031759113
36922914301,0.7487159
36925302301,0.33010244
36932794701,0.9986627
36934506401,0.99829656
36977912701,0.8107637
36981850803,0.028061092
36986473801,0.99738294
36996295501,0.8574895
37004042101,0.7589261
37022670202,3.1625623e-05
37024349001,0.3145516
37246364501,0.0014336345
37253040102,0.00015950426
37253040103,8.977466e-05
37253486701,0.0022984804
37253772901,0.7574228
37253773301,0.9359287
37258954001,0.94349134
37266297201,0.003924786
37266297202,0.0017781461
37266342501,0.007004996
37267053501,0.22761607
37267063501,0.093123004
37267063502,0.04784012
37267351104,0.33860046
37276861902,0.0019601972
37276896503,3.0974304e-06
37277343501,0.9864624
37284782901,0.9887044
37285035701,0.0047869543
37286911101,0.009150822
37290811001,0.0003247704
37297899306,0.00019938473
37298707301,0.016324539
37301560401,0.0013762474
37352305102,0.97362274
37359477101,0.718018
37376857602,8.1457314e-05
37384385701,0.92264307
37392837401,0.029310245
37401666004,0.0004285492
37485899901,0.85695934
37486059001,0.37362283
37491198603,0.17514463
37503656702,0.3258399
37503656703,0.9034298
37505958701,0.99321634
37505958702,0.9970053
37508912402,0.006863722
37509071701,0.67665213
37522151901,0.4249108
37522191803,0.10563104
37522254905,0.0029776404
37522254906,0.00034292138
37522254907,0.0007213558
37522268303,0.2713556
37522308001,0.9924374
37522545301,0.92989117
37522545302,0.9653267
37527395301,0.9548869
37613191501,0.14797272
37740736902,0.9632449
37775945505,0.05447371
37785944501,0.0024941212
37809361001,0.99020433
37834445701,0.95429
37855542301,0.9927578
37856305901,0.62280166
37856305902,0.3534152
37866689001,0.0044728555
37866689003,0.009460835
37874201801,0.9607687
37874634801,0.11897938
37874634802,0.0029195992
37875221802,0.011176613
37886884902,0.5048213
37923400201,0.5661376
37923400202,0.88143444
37924036001,0.2789239
37926673701,0.00032262347
37929030002,0.9487328
37934964301,0.0046279277
37935463503,0.0013845705
37940371801,0.8373408
37940792702,0.014135909
37940792703,0.069983125
37941054001,0.853232
37961831901,0.93214184
37961831903,0.1312002
37972308601,0.99337834
37980177503,0.0033276745
37980177504,0.0028622048
37980419501,0.11350647
37980635802,7.152397e-05
37985274801,0.9741693
37986534701,0.40598217
37986534702,0.0016232205
37989769601,0.9057587
37990919501,0.31650043
37997324601,0.011699794
37997366801,0.0032676887
38000137401,0.684613
38008474301,0.009121847
38008474302,0.007410039
38008474303,0.0026706692
38008551702,0.661712
38017354002,0.0004967947
38021153801,0.75828224
38032669301,0.92346567
38033014202,0.00058009697
38033014204,0.0005685041
38033437201,7.454785e-05
38033437202,0.00030303464
38038582102,0.087082766
38039496401,0.6010827
38041913901,0.035471767
38042259101,0.7920775
38053978405,0.00026711964
38053978406,0.0002826389
38065667301,0.36935326
38066437101,0.8687145
38071050103,0.0007922919
38077004701,0.0037660042
38078325201,0.7351805
38086277001,0.091033675
38087068801,0.9842243
38091027701,0.92263234
38091623502,0.00027825555
38091702701,0.7754372
38097651501,0.0028270613
38099717802,0.07071023
38104850602,0.00040903507
38104850603,0.00040384254
38109183801,0.81595147
38114124601,0.62947536
38123214401,0.10543621
38123214402,0.15614837
38123745204,0.17723821
38132860101,0.7896155
38133345501,0.012860478
38135169604,1.9434913e-07
38144788301,7.051395e-06
38144788302,3.651003e-06
38154886602,0.03305508
38154886606,0.004525245
38155188001,0.94139045
38155985502,8.476415e-05
38164772203,0.0031170081
38172444401,0.43618613
38189791701,0.97147346
38190750205,0.0017403108
38190750206,0.0022408701
38191909001,0.90587145
38192119303,0.62289035
38192515602,0.014118724
38194976102,0.36833936
38197796401,0.092377014
38198711805,0.0005400757
38200958001,2.6060314e-05
38200958003,0.00015508229
38201108601,0.99448663
38201634801,0.8998849
38202842501,0.9746889
38204309802,0.12834091
38206916001,0.0012001398
38206916002,0.00026561724
38207297301,0.00033227084
38207297302,0.0002683746
38207502502,0.93774706
38207504501,0.6393567
38214552103,2.694894e-05
38214863502,0.2676942
38218954202,0.22395344
38219619302,0.96585876
38219944102,0.03514589
38225200201,0.5871255
38230868402,0.0010262791
38231035801,0.8709297
38231205201,0.0002573929
38231205202,3.3059765e-05
38231224302,0.36977807
38272885901,0.020454487
38282336802,4.0766983e-05
38282769901,0.29326907
38291581101,0.99462116
38318130001,0.8319519
38326621001,0.72669786
38326621002,0.27390215
38350309001,3.9983433e-06
38352567802,0.0015874435
38352567804,0.04794094
38359428206,2.5297113e-05
38359434101,0.026799466
38359434102,0.0007721654
38359436001,0.29980236
38359524203,6.802016e-05
38371649601,0.00013713099
38372751002,0.68311405
38374689203,0.0007484661
38401591501,0.017354226
38401824003,0.00013862383
38402184601,0.48239312
38406533702,0.013754197
38407312201,0.0052043
38407312202,0.0012266436
38407462901,0.0018892159
38407462902,0.00046595422
38407470502,0.14254948
38414505401,0.1883281
38415584401,0.91550577
38415604302,0.00032152174
38429880802,0.029766958
38434431002,3.864529e-05
38438583501,0.7378715
38438596901,0.0094372565
38438622107,0.53301036
38438622108,0.0010339302
38438859701,0.04561071
38446538201,0.94584346
38446538202,0.7362596
38446538204,0.71317834
38453643001,0.9637366
38460931201,0.00038092188
38482355601,0.99389195
38482944004,0.0015838065
38710796102,0.09429999
38813192401,0.0016338285
38823584501,0.0003008113
38828704701,0.592203
38882036303,0.006302689
38884523303,0.9421868
38895168402,3.461388e-05
38907088401,0.5881877
38915972501,0.9323654
38916880801,0.55896413
38928579101,0.020027272
38928698901,0.0012134954
38936374501,0.11801088
38936728001,0.18925196
38938234801,0.0022740243
38943736501,0.46039355
38956470001,0.0032439865
38956548103,0.00039938648
38956733003,0.00039604516
38957019601,0.0023901286
38957352702,0.9675088
38957603501,0.54298943
38958027702,0.0002563567
38964397501,0.76442075
38965089503,0.008748195
38966979601,0.5182483
38966979602,0.03519979
38967796901,0.0054622213
38967902901,0.0022861625
38968293302,0.0013849753
38968293303,0.009426404
38968293304,0.0043149954
38968406001,0.075356394
38968406004,0.00063972647
38973327501,0.7427914
38973494601,0.86149466
38974765904,0.032603294
39008315901,0.21788096
39013742002,0.00013690078
39014207204,3.786267e-05
39014902701,0.00013789124
39015054702,0.9668354
39021550001,0.39021987
39021912601,0.0008187438
39030588101,0.08242694
39042770302,0.00012347933
39043477701,0.001555048
39072352903,0.7287556
39081767501,0.9326267
39081767502,0.00010420857
39174454004,1.0248324e-05
39174526001,0.9710941
39181283901,0.4526525
39188739001,3.920106e-05
39188798802,0.004576737
39189425701,0.00052687566
39189524202,0.02241172
39190306401,0.9972072
39190306402,0.967498
39190467002,1.4051057e-19
39194988001,0.9985348
39202492501,0.323173
39202492502,0.48500222
39202492503,0.57151157
39270667701,0.8599345
39303086901,0.024675084
39303285301,0.19515565
39308647301,0.9173993
39374762801,0.60352665
39422819607,1.7570005e-06
39422819608,1.7473322e-06
39423379001,0.8737558
39423698105,0.41417643
39424416702,0.5152979
39427900401,0.09545141
39427958702,0.075469196
39428451701,0.841844
39428451703,0.7905719
39433218702,3.0319611e-06
39433576002,0.9579005
39434031901,0.97953314
39434190102,0.015147941
39435605006,0.8791498
39435729401,0.93004566
39445526701,0.0029112562
39449001201,0.9595644
39456111901,0.999353
39456260903,0.00024859462
39456260904,0.00028641082
39456288004,2.0079783e-07
39459353002,0.0009551534
39459416901,0.1794166
39459426002,0.0014888317
39465795201,0.011678746
39465797201,0.0016435847
39466088802,0.009587476
39466131401,0.9313259
39470219102,0.0019614608
39471160506,3.3951954e-05
39471533201,0.97576505
39471614602,0.00011869015
39472987501,0.98059916
39481226301,0.00016055485
39481226302,0.0012041052
39483187602,0.094534494
39491277004,0.6512628
39491558303,0.89729726
39497269002,0.00051734195
39501170604,0.9918609
39506494702,0.022009796
39506618601,0.74959975
39551584601,0.9978356
39551599201,0.091861606
39551599202,0.000878378
39574267601,0.037024967
39574626502,0.00013833334
39585561207,0.0048945337
39585705301,0.00093580165
39603767901,0.909926
39610664101,0.98929775
39613960703,0.0075383177
39614288801,0.034858957
39617007601,0.2834381
39621349201,0.0015301863
39621753701,0.00046512997
39624496701,0.8265431
39624770001,0.16207473
39624770002,0.16985866
39625543705,0.0734539
39636522602,0.00027201584
39642179302,0.13024889
39646733002,0.02382332
39653739902,0.0007906809
39653945901,0.9012148
39654389101,0.9658957
39664803601,0.3050846
39672022301,0.6373608
39690392701,0.75020367
39690460304,0.0039910497
39690628101,0.9158817
39690779201,0.9764971
39703122703,0.00032578193
39703232401,0.9648282
39704082303,0.002275299
39710897801,0.95088136
39713731901,0.26109278
39716216201,0.51941293
39716261101,0.5901755
39771048501,0.4672162
39781653902,0.0008744706
39790433502,0.00050212536
40151315403,0.00038886993
40156111901,0.9019969
40156772201,0.7547413
40157397301,0.63189334
40160576206,0.0005118428
40160692302,0.00085501175
40160803902,0.27524054
40167060701,0.0012020264
40167609403,0.020765392
40167800701,0.9962339
40172697304,0.00045660068
40177037001,0.7832575
40179595201,0.7752686
40182156702,0.23375145
40183362602,0.052936815
40185908804,0.016561694
40185908805,0.014368053
40185908806,0.015145039
40191380301,0.9933896
40191435702,0.67680305
40191608001,0.038288485
40198062401,0.9992092
40198264101,0.60765237
40203032802,0.9169449
40208591104,0.018019032
40208591105,0.07668277
40211128901,0.994615
40232963101,0.036299616
40245420401,0.014070248
40245490901,0.23234968
40245695801,0.039193206
40245713701,0.5453237
40246341803,0.0050009578
40246930501,0.34481823
40247471401,0.45568898
40247729204,0.07526375
40251280703,0.09637179
40251355701,0.32881767
40251355702,0.3635274
40252725401,0.92975914
40258614101,0.75062406
40258614102,0.016425012
40258624001,0.08080649
40262134301,0.9853908
40262523401,0.2795047
40264677607,1.12642465e-05
40264910601,0.28301054
40265106901,0.3357888
40267559901,0.0028193828
40270895301,0.855352
40271028001,0.9984499
40271155502,0.41965088
40271275802,7.927309e-05
40271275803,0.00077893503
40271275804,0.00051176234
40274558804,0.34217754
40275905302,0.32151875
40278607005,0.028890861
40279311704,0.29691264
40279502301,0.38133276
40280028803,0.017155237
40280028804,0.31486502
40283749502,1.8639067e-08
40284010606,0.0032407732
40284375204,0.0035785474
40284583801,0.031210331
40285466203,0.0004095298
40288513001,0.887316
40292001201,0.008276579
40297013001,0.00046561344
40297079601,0.9754946
40297297201,0.19139354
40301654403,0.0019313818
40301901402,0.040714707
40302986402,0.23416294
40304471502,0.26615962
40304471503,0.27481234
40307506702,0.9907528
40308377501,0.00033488366
40312524701,0.7086255
40313150604,0.005668419
40322650502,0.20638268
40322738202,0.031108161
40332051801,0.016768288
40332051802,0.017257886
40332088805,0.000186254
40336436001,0.9763132
40336671602,0.0049772346
40336674402,0.015288053
40336742001,0.004785782
40351167001,0.2859281
40356794903,0.0010104981
40356857801,0.71921116
40424173901,0.54977614
40434450701,2.955385e-05
40437995307,2.5738294e-05
40441563501,0.92227465
40443166301,0.52457815
40451664502,4.0651368e-05
40477056201,0.6556886
40477658205,0.78836656
40477792202,0.013324313
40479715101,0.8805615
40479715103,0.61065775
40479778401,0.14423409
40483253101,0.13494585
40484930201,0.009464424
40492766102,0.18645528
40493349302,0.9862279
40493394702,0.3517618
40496996901,0.033587623
40512956003,0.8918316
40512956004,0.9511618
40536444701,0.98414373
40536509601,0.9033356
40536534002,0.000158612
40586283001,0.9881483
40586608902,0.8142029
40593091501,0.7212547
40677452001,0.00022552232
40677452002,0.0001327487
40677811702,9.596422e-06
40678033801,0.044276204
40678033802,0.4277093
40686161801,0.62142587
40687225301,0.79849833
40687225302,0.10983059
40687484203,0.07686268
40687484204,0.543147
40694161201,0.9994542
40694554701,0.8948655
40697674601,0.99912304
40704486902,0.23027994
40704635703,0.0033303674
40706490202,8.081128e-05
40706644901,0.26732942
40706644902,0.42627797
40706926502,0.68207586
40708997303,0.00041341817
40708997304,0.00045777802
40708999001,0.3472011
40712640801,0.999567
40714593901,5.766285e-07
40714672301,0.18539119
40714672302,2.2134069e-05
40714772701,0.022961505
40714772702,0.0010084963
40716436803,0.04743784
40716550905,0.0002528522
40722536701,8.119759e-05
40726459701,5.35725e-06
40766296101,0.19342229
40766364101,0.0016906364
40777226104,0.9753955
40782391702,0.4028626
40788235401,0.30075744
40792533602,0.00300785
40886781001,0.110886544
40886781002,0.5464585
40886781003,0.20787047
40924801304,0.048966967
40933455502,0.9028336
40933621502,0.001189157
40933862402,0.0023188717
40951882603,0.023486689
40951882604,0.01723482
40955715801,0.57179487
40959237601,0.9962239
40964103101,0.0045235464
40964252401,0.33393902
40964996801,0.35658222
40970267001,0.07712839
40993433001,0.9961903
41022754501,0.24717246
41025404901,0.6360783
41027154005,3.8814302e-10
41027154006,0.015291972
41033956303,0.0004888067
41034069502,0.57533133
41035498001,0.29380825
41035498005,0.7312595
41036747405,0.9238898
41037198403,0.9785024
41037253601,0.41730583
41037295001,0.34402126
41038901401,0.81220156
41039709901,0.1516107
41039932703,0.9981263
41040227203,0.0001668967
41183119203,0.0006696609
41197709402,0.32389963
41207084802,0.010321969
41214384201,0.9938319
41215149801,0.049863465
41215312802,0.010598488
41220923901,0.13161857
41221501301,0.9969855
41221648601,0.22613661
41246968102,0.0012385548
41247121201,0.9976821
41252873901,0.20128754
41252873902,0.3079219
41265496701,0.58972317
41266024401,0.0036207135
41266024402,0.0010673429
41272654501,0.97431785
41272657702,0.2347711
41276125603,0.00022769916
41282055802,0.0010652646
41282204902,5.9591406e-05
41829735101,0.45515913
41838209901,0.00014041222
41838748701,0.9018433
41846057901,0.9675827
41846101303,0.5748518
41857611902,0.11576096
41858092502,0.045095198
41858172601,0.0023990702
41858172602,0.002040903
41861387703,0.00042022052
41861873001,0.21154042
41861901801,0.9461792
41861901802,0.83155537
41865533301,0.041508183
41871749402,0.00017485667
41871749403,0.01536325
41871749404,0.015738469
41872149801,0.0037101721
41873617801,0.45379335
42035080401,0.1627952
42042653101,0.975579
42043377102,2.5530308e-05
42043742001,0.49844992
42049042902,0.14541343
42056041503,7.661269e-05
42069904001,0.5232726
42069908301,0.016701955
42076165201,0.8439285
42077426501,0.024099987
42090326402,0.103078544
42090366802,0.008542666
42090366803,0.018854002
42097126803,0.292079
42097126805,0.2638907
42097878801,0.9942569
42106323301,0.52087533
42106552502,0.0017998711
42110746303,0.15435499
42110920401,0.07261962
42116363101,0.052336015
42116363102,0.61739814
42116736602,0.5937208
42116736603,0.6818885
42121534102,0.11691711
42121569001,0.78129447
42122982202,0.42367366
42126079703,0.13715456
42128537201,0.0489299
42128750301,0.9915571
42128750303,0.97647756
42213910801,0.028184269
42239316904,0.0008282492
42248853201,0.76182395
42248973901,0.0008386672
42249840101,0.0021432766
42270231501,0.96904165
42270489201,0.9688996
42302184705,0.9974981
42305589402,0.86603904
42305682402,0.0030680848
42326404002,0.9383939
42326506602,0.01695157
42335177004,0.37636897
42335405201,0.98644835
42341997102,0.008106434
42376889604,1.2226234e-05
42399150903,3.5528425e-05
42406383901,0.0055872565
42406383902,0.92131966
42413015301,0.06156267
42413137802,0.0024528834
42413137803,0.0040675313
42433038303,0.0006826291
42433038306,0.000619147
42433553309,0.00022892798
42433757602,0.93869305
42433757603,0.9131886
42436524101,0.8476813
42436524102,0.17919628
42441417101,0.08069732
42462205601,0.5994148
42462384803,0.8081183
42466817601,0.12494827
42466890201,0.93183386
42471677202,0.16125633
42489936001,0.18450244
42495087801,0.9480342
42496104501,0.00081289205
42496104502,0.9843689
42499682601,0.81698173
42508321602,0.9498566
42508326401,0.09801507
42508326402,0.27533835
42508326801,0.82816654
42508330901,0.7677189
42508330902,0.96502566
42508330903,0.48816445
42508470201,0.108941674
42563899203,0.35705146
42564154001,0.995631
42564191201,0.076357186
42565755604,0.0027988793
42569676401,0.0028528012
42585230101,0.102774605
42585616203,3.4640568e-06
42585719901,0.00020552654
42585780401,0.0028989343
42592453401,0.8874638
42592772601,0.9555342
42592772602,0.6568036
42594119402,0.69926894
42594491701,0.5990527
42600631901,0.96027446
42601126401,0.8488565
42602113302,0.0001362382
42602213101,0.4818448
42602343001,0.67364085
42602578401,0.67893344
42602673205,0.13790907
42603247501,0.99577856
42603247502,0.93642753
42606995801,0.0004849986
42607358101,0.98554176
42607708001,0.87237036
42608031001,0.000117685326
42608031002,0.00021457182
42613004701,0.60106313
42613004702,0.9561439
42613416201,0.0037161133
42613416202,0.0029373264
42613426703,0.002037721
42615621101,0.7901397
42619478302,1.1479665e-09
42619871701,0.79264545
42620625801,0.50478524
42620662801,0.48995182
42620731901,0.060964134
42620761301,0.8069788
42622734401,0.99482334
42623123201,0.7268338
42623198601,0.0848908
42623225604,8.120162e-06
42626468401,0.00013676338
42627663706,0.32673976
42628194901,0.28585598
42632054701,0.35175055
42632652201,0.98978335
42632664302,0.10696872
42632664303,0.00058167684
42636372802,0.0008401156
42640598101,0.6501177
42640639401,0.1649364
42641101301,0.40754074
42642237201,0.08979213
42642237202,0.9575129
42642293306,0.15992028
42642717601,0.93721086
42645301701,0.0012312586
42646326401,0.0035043673
42647544001,0.2734472
42648821601,0.028988875
42649244801,0.73036426
42649722501,0.009081879
42649722502,0.0057848026
42653178903,0.14485475
42653363502,0.49486938
42654068402,0.011894476
42654118001,0.41815707
42654118002,0.0044969087
42660995204,0.013381117
42670732703,1.2129678e-05
42670942501,0.40399733
42670942502,0.61414456
42674755901,0.08030971
42683417301,0.98224777
42683873303,0.0008675915
42683873304,0.00081770803
42684080001,0.83247143
42687311001,0.74317575
42687525301,0.2479962
42687740001,0.9982748
42687740002,0.8916052
42689967402,9.463399e-06
42690423602,0.86223227
42690639601,0.6714281
42696816603,0.012641377
42697573101,0.6516323
42697586601,0.6368291
42701106003,0.10622247
42701366501,0.16981578
42701848601,0.795116
42703117101,0.8531406
42765949101,0.33856502
42766776601,0.5105115
42766776602,0.23261695
42766777601,0.96951
42766777604,0.9074052
42908277401,0.9906542
42908330202,0.00010987887
42953053801,0.00062285975
43046925501,0.9441174
43069330902,0.0023761662
43069330903,0.0020117394
43070245002,0.19239369
43090883701,0.932143
43091773401,0.00043558198
43091800701,0.35455856
43109523702,0.8137836
43110001502,0.06807751
43110033204,0.00042539704
43138027802,0.3054382
43138031501,0.818518
43586902102,0.0010169308
44418909901,0.99545574
44419720801,0.31413203
44426887501,0.42748088
44426912601,0.9118084
44426912602,0.0025053225
44429859801,0.0072869346
44429859802,0.0008787413
44442919301,0.016925398
44447867501,0.009309767
44447867502,0.33214974
44447867503,3.7890266e-05
44448478801,0.76533896
44460887002,0.028819058
44470145001,3.121441e-05
44470145002,4.0118135e-05
44470229601,0.15864444
44478951701,0.0034582415
44487724601,0.19386561
44488599901,0.04757251
44492663502,0.0023175052
44500842301,0.038201366
44500842303,0.00336026
44521244701,0.6352981
44652214201,0.056265675
44652311001,0.8741732
44652311002,0.30374166
44654990501,0.9824456
44654990503,0.020438261
44667821001,0.027663115
44667821002,0.0035779574
44670309101,0.10477156
44670707001,0.13373949
44670707002,0.4606927
44687160101,0.8843961
44687238601,0.071899585
44687238602,0.035126198
44688127201,0.9596854
44688628001,0.79958147
44688638401,0.033386353
44688638402,0.10413911
44689810302,0.40049493
44690139001,0.8521713
44690469801,0.7323771
44693121503,0.00044449474
44694034304,0.055765074
44695132901,0.91000694
44696551402,2.077435e-05
44697163401,0.06362661
44697763001,0.07406748
44698367501,9.485554e-05
44700446001,0.011182379
44700938001,0.740615
44700938002,0.0034800572
44700938003,0.07589554
44701434901,0.9769642
44701554601,0.64863914
44701554602,0.94062114
44702119503,0.095250465
44702553803,0.019730905
44702621101,0.8040747
44702652802,0.58265704
44703836302,0.43066546
44704224301,0.7696503
44704498803,0.047390696
44707555104,0.07198946
44708263601,0.00024526377
44708803401,0.99384695
44709216403,0.09715865
44709274601,0.9251819
44709430003,0.0005279379
44709488305,0.5146773
44709816702,0.035072003
44709820401,0.990761
44710734905,0.75568354
44711543501,0.67524797
44711543504,0.00052149314
44712681908,0.0027367233
44713258101,0.8248263
44713553504,1.708018e-06
44715555001,0.98589313
44717549601,0.8976276
44717549602,0.7367926
44718654702,0.018227255
44718897901,0.053485602
44718897902,0.027263543
44719328701,0.0060282256
44719449903,3.153675e-05
44719717002,0.326094
44719717005,0.4733258
44722257801,0.04843075
44723020901,0.942681
44723094501,0.48915333
44723132704,6.343855e-06
44726048801,0.97857386
44726323304,0.33618826
44726765301,0.8728795
44729155601,2.6647558e-05
44729155602,1.7945162e-05
44729973001,0.097293675
44732810101,0.16625676
44733814101,0.00028285375
44733814102,0.00052965566
44735038102,0.014027079
44741999901,0.9888676
44742020601,0.97125804
44742396207,4.578748e-05
44743060901,0.8911658
44745141201,0.33191565
44748816602,5.1554478e-05
44750939001,0.49295667
44751113401,0.8486016
44753946801,0.9913067
44753980703,0.0073880465
44754436203,0.0004749498
44754436204,0.00046173084
44754492301,0.0053014047
44754492302,0.0010594882
44755787501,0.0554587
44757552104,0.24118763
44758338102,0.003090666
44763165502,0.5665006
44764986406,9.2238704e-05
44769727501,0.7493526
44770632701,0.34773317
44772555402,0.11511547
44776342402,0.92909116
44776342403,0.6847773
45143902603,0.019588113
45144079601,0.32376248
45144079602,0.61890095
45144079603,0.4789652
45146621203,2.8802287e-06
45149328902,0.26978895
45149787407,0.080867395
45156410103,0.5122876
45159641501,0.9437911
45159641503,0.0034207413
45159952801,0.43287435
45159952802,0.9669497
45160697001,0.9968233
45238853802,0.00031971952
45238853803,0.00034492055
45240743103,0.43597782
45241706301,0.008635001
45241706303,0.15515968
45241984301,0.82595104
45241984302,0.48360184
45243899103,0.0056316666
45243899105,0.2023271
45246516203,0.7030618
45248174503,0.13454495
45248174504,0.12852846
45251672904,0.01983671
45251797604,2.7208858e-07
45252161101,0.00011848954
45252161102,6.057239e-05
45253029406,0.004866131
45253364001,0.0006114606
45263116103,0.12304433
45263126802,0.90155035
45266583701,0.08339521
45266583702,0.30561876
45268263605,7.813265e-06
45307990401,0.25836456
45308239401,6.971802e-05
45309524703,0.06257409
45310065801,0.92446566
45325995104,0.0010388601
45326020901,0.99477756
45328891907,0.00027906027
45328891908,0.00028975666
45328952901,0.9045085
45425777804,0.00016164227
45436597101,0.7353195
45461038201,0.48724076
45485803202,0.22812998
45491988701,0.9650182
45496183505,0.014955394
45496183506,0.010150385
45651998702,2.8911387e-09
45653678201,0.359306
45654083401,0.0018240502
45658861001,0.00014623342
45659278901,0.26925477
45659318702,0.18718705
45659345501,0.9530845
45659366401,0.2919096
45660992902,0.00037066566
45661078401,0.62512916
45662158601,0.5604223
45662172001,0.66003025
45804844402,0.0054086847
45805764701,0.98673975
45809116902,1.3209891e-06
45809366901,0.07731253
45812493801,0.0039260876
45812493802,0.001287536
45827563301,0.00037557463
45827563302,0.0004664537
45829078201,0.99660045
46312062701,1.6793192e-05
46312063801,0.00923923
46313466001,0.32384637
46316435801,0.059670877
46316622601,0.001148063
46316729001,0.99765235
46317022401,0.94598883
46317022402,0.995414
46321687201,4.0924504e-05
46322506701,0.21039785
46322712001,0.8708217
46322712002,0.0006886248
46325234001,0.042855814
46328355901,0.018835858
46328355902,0.0042010704
46339396705,0.10627499
46345068701,0.8215279
46345711601,0.21002305
46345711603,0.32474676
46345711604,0.40639678
46346554101,0.9975835
46352792201,0.98710674
46352792202,0.38954976
46353550101,0.0051339823
46353843201,0.98810184
46356805201,0.3278251
46359550501,0.54364574
46373260502,0.78010917
46373446901,0.83339715
46374251601,0.83117205
46377008201,0.72812796
46380770701,0.13318199
46383669101,0.65258855
46383933501,0.97324544
46388414201,0.89465773
46388423001,0.61512387
46392854301,0.84054965
46393241101,0.9412632
46396409001,0.61497444
46397544501,0.36748442
46404093701,0.9976566
46404796401,0.97069687
46418100801,0.07758148
46427637101,0.91499376
46427784301,0.8123949
46440584002,0.00013208605
46440790602,0.22691904
46441560101,0.33712423
46442017001,0.9974511
46454776502,0.5723525
46455428302,0.994042
46455428303,0.7778589
46458300202,6.99842e-05
46458427402,0.013145016
46458500501,0.9528082
46458854002,0.00081206206
46458989601,0.060117263
46464121201,0.8139008
46499158703,0.76086396
46502411801,0.0013032027
46535453601,0.24586488
46539308501,0.99734324
46543439101,0.8244979
46544621801,0.7075279
46548765001,0.18705288
46552476903,0.03312832
46557304501,0.46659747
46561682601,0.001366501
46563493603,0.015038058
46564641301,0.99278826
46571187001,0.9484229
46571321001,0.6106728
46571717301,0.8337067
46609661105,4.979073e-05
46610192702,0.32306182
46616294301,4.83456e-05
46616302301,0.937479
46668164802,0.9321737
46668903301,0.094224535
46790259802,0.72093225
46790437704,0.8220873
46793405201,0.8712376
46815069102,0.43112573
46815489501,0.05342615
46817615002,0.002047819
46817819301,0.0002287046
46817859902,0.0063617197
46817970501,0.026721861
46818816101,0.31836924
46821607901,0.0015786513
46821607904,0.0019454696
46904638701,0.39522946
46910098202,0.73826015
46915009001,0.29265875
46923312302,0.8747873
46926071001,0.12356341
46926071002,0.1457804
46926566701,0.18724559
46936026401,0.017302714
46940092701,0.13220173
46940092702,0.00037334408
46940662901,0.0531522
46944721201,0.636731
46945129701,0.076564215
46945359502,0.49276984
46945511101,0.9209222
46947713801,0.9926549
46950693501,0.047892056
46955444501,0.9076529
46962027101,0.3025912
46962027102,0.04952379
46962869701,0.90229434
46965740001,0.04891976
46965740002,0.0005262551
46966750801,0.9665581
46969286201,0.038067993
46969286202,0.008326414
46969286203,0.002487166
46981066301,0.9333578
46981066302,0.8444716
46981179205,0.00011972752
46981268101,0.73940086
46987211805,0.0073868576
46987681901,0.0043719527
47009736801,0.936824
47010240101,0.05876122
47014731301,0.87716025
47018266201,4.4786444e-05
47018266202,3.3670145e-05
47018874504,0.13719678
47022060603,0.0013603326
47022060604,0.00068587984
47029179501,0.905826
47029179502,0.97442764
47030342001,0.75416106
47032669801,0.96832746
47033668003,0.25219604
51662701404,1.1697821e-05
51885366801,0.0010100207
52010082501,0.88154715
52202662202,0.0022484034
65026564501,0.99839336
65026564502,0.9844578
67504743810,0.8109143
67504743812,0.7120426
67791582702,0.34651625
68346032003,3.4952168e-09
68495592002,0.00028449378
72413093403,2.9324294e-06
72569488401,0.3542368
73227529802,0.96021587
73450558101,0.9983911
73450558601,0.99231017
73548785901,0.9644707
73587245602,4.8956237e-05
73742523802,0.0014270548
73748696402,0.71188784
76661994103,2.4223593e-06
76723579601,0.019029018
80510082205,0.0001291574
80586147301,3.744499e-05
84278066801,0.98723143
90392977207,0.0021005275
100476507001,9.2558104e-05
110410011101,0.34272695
110410011102,0.00046142854
110477688701,0.0027949442
110677071902,0.9977162
110861508102,1.7730837e-05
110981975701,0.008955708
110986944601,0.8977041
110986946101,0.93756133
120574527203,0.0008041779
120997343501,0.7337299
120997343502,0.0015213377
120997348501,0.6850258
120997348502,0.0014372263
121059797201,0.08345011
121339554501,0.59545857
121639492401,0.9716815
121900635301,0.97584766
122146990202,0.2113632
122425565905,0.706279
122455164903,0.0147327185
122455164904,0.008377407
123252203301,0.0068793194
123438404601,0.99683714
123438702601,0.9976004
123481032401,0.9982273
123697841106,0.00030301817
131208749307,4.07732e-05
131400428901,0.91772443
132249398101,0.00039590077
132249398102,0.00041734104
132249398104,4.363406e-05
132249403601,0.00036177796
132249403602,0.00038085907
132590012601,0.82921654
132631597301,0.30549785
133157972501,0.0025521077
133157972502,0.7589866
133160550401,0.00060222414
133194648601,4.2325073e-07
133194648602,2.254488e-06
133194648603,1.6218763e-05
133194648604,8.616458e-05
133194648605,1.4593828e-05
133197258801,0.9559237
133532313901,0.8405097
133532313902,0.0018452178
133585607901,0.09836413
133780551201,0.7634444
133780551202,0.005965775
133780552301,0.6151714
133780552302,0.006568374
134135128901,0.3703464
134344670907,0.012243102
134688048801,0.99199647
134694259001,0.9286749
135268414601,8.6597436e-07
135350083301,0.67258793
135440442404,6.3218113e-06
140596584402,0.4602013
140599763501,0.98226786
141921455701,1.6163192e-05
142284626901,0.00040264067
142302019405,0.73619866
142346260801,0.997595
142346260802,0.15461464
142395665402,0.5164614
151008818501,0.91122025
151183433907,0.000118555196
151325824001,0.97098213
151391111402,0.00015910596
151535546601,0.99452484
151838430102,8.04918e-05
152922571201,0.9937894
152922576201,0.99279505
152997674502,9.172769e-09
153367841801,0.3957033
153367842601,0.2743732
154654972401,0.50059915
154666784102,0.002812772
154720174701,0.98489004
154731732101,0.00067685614
154731732102,0.047574505
155309950301,0.0014368254
155614233407,1.2612298e-05
156720533204,0.47717485
168830672607,6.582125e-05
169108044701,0.0012919509
169142746501,0.00029447494
169142746502,7.768753e-05
169142747301,0.00022749754
169142747302,5.9617494e-05
169196215901,0.14298423
169317488301,0.93602234
169322625201,0.8117353
169704564901,0.00081065495
169704566001,0.0004692551
169704566002,0.007984361
169707298701,0.9461227
169868536603,0.7728444
170129211101,0.4563005
170129211501,0.4235666
170244231301,0.00022482392
170244231302,0.0002482952
170342329301,0.98813474
170630724702,0.89185405
181587036301,0.3207727
192238422901,0.46217197
