astro_id,planet_score
146686601,0.9754141
146686602,0.74136114
187132401,0.0023674502
187599501,0.92057
274305901,0.88426024
317876001,0.70630574
317889001,0.006384581
359579601,0.11463297
359698601,0.8432082
360669601,0.95847845
402988901,0.9913044
403061701,0.0019203302
403061702,0.00047948665
446702702,0.23468108
447174701,0.35686857
447673901,0.023415474
487162902,0.8992513
487657001,0.488048
488161201,0.99594134
533697002,0.93192774
575113501,0.037180286
575113503,0.020527625
575563601,0.29355866
575563602,0.7883308
575563603,0.7903663
619318901,0.9685269
619318902,0.70059633
635590404,0.037438247
639837301,0.93453693
703862601,0.685777
704333601,0.0059004193
704818901,0.37994844
704818902,0.92610437
748441901,0.42830986
748446301,0.25384367
791546903,0.91733783
791560602,0.406652
880121802,0.9470959
924306901,0.890433
924772802,0.0001728726
925236802,0.99735653
967723901,0.0029930067
967723902,0.004681529
967723903,0.009446323
968788801,0.9583676
968788802,0.93732876
969292101,0.9354592
1009597401,0.15724823
1052573004,0.5061039
1053441301,0.033226144
1139437301,0.20629255
1139923501,0.97248864
1139923502,0.9799191
1185668201,0.85285497
1317343201,0.014888806
1317833901,0.0033070366
1358861002,0.937347
1358887203,0.09472392
1359346304,0.030988578
1359459601,0.8200223
1359459603,0.9732623
1404892901,0.7615703
1404892902,0.95479965
1405725501,0.39524728
1405740801,0.012558963
1446659202,0.7485153
1447062701,0.5604302
1447567501,0.0016318146
1532995001,0.43418115
1533976301,0.013590535
1534462401,0.58470786
1564162001,0.91281974
1564731001,0.92054486
1580072901,0.98295766
1612399801,0.6128196
1612399802,0.8938464
1623657601,0.18064973
1635457001,0.07585133
1636086003,0.02579651
1643676902,0.026556497
1658550801,0.6425734
1666082901,0.2932296
1666604501,0.96334434
1711477001,0.9990746
1752487701,0.7477603
1753382302,0.034225967
1797236302,0.54253846
1797258201,0.27940792
1798232703,0.00993936
1798271601,0.48550254
1882728601,0.98231953
1927452702,0.0037576659
1927473304,0.7658668
2062751702,0.0012469224
2062751703,0.06622205
2062751704,0.07388033
2104670801,0.22113946
2126191108,0.17806813
2126207403,0.45238107
2135589701,0.9995915
2147845102,0.9163049
2169987801,0.0009336433
2169987802,0.00076259905
2169987803,0.03266243
2169987804,0.04113087
2199901102,0.0018553832
2208947308,0.003203179
2219374701,0.0013984066
2219719008,0.008713946
2229403703,0.00031023787
2230620701,0.005668341
2236170001,0.6572616
2236170603,0.007118597
2240212202,0.34792686
2240340401,0.61994904
2240340402,0.9306757
2248758202,0.93938136
2249717702,0.025338847
2257561501,0.3672987
2269306501,0.9816134
2278714003,0.82727724
2278733401,0.0015071708
2282054001,0.0007491001
2282582301,0.0025255603
2283563801,0.9820435
2288145801,0.08022692
2297574702,0.82763344
2298235402,0.011208694
2299118901,0.011276399
2321110901,0.90858114
2325702201,0.6289477
2331537803,0.0009915351
2331839901,0.29871023
2340085901,0.015335777
2340186605,0.019349119
2349099503,0.40228876
2349156501,0.10482175
2349163301,0.0008358888
2349337001,0.96444505
2369119608,0.021367248
2381892403,0.00027044176
2381892404,0.0002201743
2382288001,0.3395288
2382633101,0.8919687
2382633102,0.108007886
2413763403,0.061755497
2414654901,0.9837384
2431354801,0.032656994
2431354802,0.041008383
2431354803,0.04160779
2431486803,0.13799976
2431486804,0.10803437
2431674302,0.815931
2431698501,0.6647557
2431698502,0.40293217
2440905701,0.8827967
2456122501,0.004983045
2456122502,0.3429555
2469352804,0.0143788075
2498578301,0.76422423
2506398602,2.8370112e-08
2506399902,7.770236e-15
2511727304,0.0032547428
2515483101,0.0005284648
2515483102,0.0004821192
2519562303,0.03505825
2543370304,0.09290178
2558658502,0.00037132067
2559088601,0.027264249
2559088602,0.21368866
2559934101,0.9049549
2560054501,0.8842592
2572286603,0.0066044033
2573502001,0.9722382
2585953003,0.83117014
2587869801,0.025454381
2598839001,0.8823859
2629696301,0.04279789
2630201102,0.14384069
2633388402,0.0028645669
2668310702,2.2054002e-05
2670173501,0.96959466
2670932602,0.4080372
2670998901,0.42709035
2711759301,0.99267185
2712677601,0.00081824773
2712677602,0.00054331764
2755211904,0.18295713
2755686901,0.9968285
2755720001,0.00070164696
2755720002,0.0003943793
2795010701,0.00028739966
2795010702,0.00015097584
2813740001,0.0045530437
2813962203,0.32371348
2813962204,0.671808
2845569801,0.8685954
2846479102,0.35132897
2850953202,0.051782507
2852637903,0.13112697
2860940301,0.98809564
2860940302,0.11502473
2884064201,0.007635411
2884064202,0.8353527
2885271803,0.7888762
2885606601,0.0063633444
2898001102,0.0030033833
2931001401,0.0010226858
2973159301,0.8309694
2973919907,0.01683069
2978129201,0.70890534
2978129202,0.9994772
2982926503,0.013514045
2983350401,3.108673e-06
2983448601,4.757024e-05
2998401401,0.97381973
2998413101,0.3253509
2998413102,0.32172984
2998680801,0.9749647
3003143901,0.24682328
3014114101,0.8787712
3014130801,0.020448707
3014155401,0.10461642
3014626201,0.9940971
3014666201,0.0012692822
3018949201,0.019225346
3018949202,0.010144897
3019337302,0.1988349
3026816802,0.9767586
3031174902,0.8684275
3031368202,0.004637992
3031428201,0.8729004
3046805201,0.58163095
3046945402,0.0004635458
3053489302,0.3381752
3055760803,0.0022027746
3058004502,0.66247815
3058007201,0.95233667
3063992801,0.17093003
3071881101,0.8768925
3071881103,0.085887834
3071881104,0.41209802
3102001301,0.6847689
3103558401,0.98206425
3103575802,0.41989303
3110540201,0.69483584
3110540202,0.21770604
3110603901,0.61344
3111950501,0.003229304
3119795201,0.91998637
3120236902,1.3466231e-05
3132119001,0.9963547
3132142001,0.53033906
3133342702,0.096112534
3140936101,0.11653121
3141154101,0.0
3141154102,0.96313953
3142064902,0.011790448
3157252801,0.14243935
3167063202,0.0758324
3175297102,0.0038190845
3176004601,0.7806221
3179612006,0.35361955
3179929603,0.07129415
3179929604,0.401772
3185258505,3.342712e-09
3185298001,0.99913824
3185298002,0.9973838
3187201101,0.07979654
3194381902,0.7845662
3194575303,0.00021774427
3203463001,0.48973733
3203463003,0.514494
3213709901,0.0019145
3222460802,0.15294392
3231889301,0.30795535
3232159104,0.14549984
3232441901,0.99638176
3234812501,0.008752187
3245705601,0.04340255
3246227701,0.46999025
3256908001,0.0038553523
3268340304,0.00037770218
3268340307,0.00064648385
3269099802,0.0052342936
3269552901,0.0022550442
3269552902,0.97168285
3269953802,0.0012426281
3276522401,0.35319504
3276533002,0.0067793056
3276533004,0.58842283
3280637501,0.77582544
3280637502,0.6478564
3307649701,0.45114917
3318030301,0.22723585
3318466001,0.9802209
3318512401,0.0014479132
3334199001,0.99868256
3335085001,0.0020767346
3335085002,0.012270541
3353118201,0.9926932
3362798301,0.993228
3363285304,0.17377241
3364330102,0.002487927
3370676108,0.1770557
3371460301,0.7872671
3373201704,0.01692263
3377092703,0.38419038
3383635903,0.39043906
3384068301,0.7882817
3390475201,0.94271815
3390701001,0.93221104
3391691903,0.0008884558
3392745901,0.94238573
3393136902,0.0003717813
3393383702,0.38441813
3399912401,0.3510348
3400905505,0.9144392
3411844501,0.7500919
3417332101,0.012691547
3417332102,0.009391862
3424745501,0.015179659
3434489003,0.0010951238
3434489004,0.0004429215
3434489005,0.980695
3434667601,0.060703065
3441905501,0.026618052
3441973601,0.04220608
3441973602,0.092159756
3442555603,0.019541066
3442733801,0.8484364
3447794201,0.38825774
3448817501,0.035399478
3448817502,0.0010504529
3448820401,0.8246096
3453778701,0.98901933
3467188601,0.87364125
3488902701,0.92222697
3489887102,0.011069149
3492120601,0.5054879
3492623801,0.6995268
3505074004,0.6638506
3515144901,0.0045460425
3515201401,0.94275665
3515201403,0.52901137
3515201404,0.93923295
3528137002,0.035423666
3531535801,0.9929709
3531545301,0.99241954
3531545302,0.2730737
3539425602,0.01422708
3561454202,0.019396454
3561454203,0.02146404
3563221601,0.28400332
3573729201,0.95397276
3577053401,0.0040149507
3577053402,0.90687656
3577053403,0.0046618404
3577105201,0.40493026
3587746301,0.011807444
3587746302,0.0014709438
3599902601,0.054317657
3599902602,0.09383297
3627371304,0.05118494
3659498501,0.9230655
3659548101,0.7634051
3666336101,0.9887399
3666450101,0.9357088
3666450106,0.25888896
3676842402,0.9886827
3677387808,0.86418355
3692332901,0.9162604
3692332902,0.56836355
3704799301,0.9940941
3705786301,0.084988564
3706298501,0.25431493
3706298502,0.002221824
3719507701,0.9971265
3785931001,0.20087416
3789267501,0.8303516
3823037501,0.5558798
3823424101,0.8982062
3831648301,8.2492676e-05
3831648302,7.76257e-05
3831650501,0.8646876
3831669101,0.000107378844
3831669102,6.200613e-05
3832537201,0.003241366
3832537202,0.0028466485
3832537204,0.94250274
3836271401,0.008864733
3842383401,0.9671262
3848340502,0.004842589
3848340503,0.42337003
3857102001,0.9990459
3857190802,0.083406635
3860367301,0.95821565
3871032102,0.1121743
3872898902,0.8356353
3872898904,0.96795493
3874032101,0.90137947
3874509601,0.1492573
3875475301,0.89709824
3875475302,0.6583943
3899057102,0.99515426
3947803802,0.044269405
3960490901,0.9877065
3960825001,0.40753835
3964510301,0.13586165
3964510302,0.89776504
3964580201,0.8513083
3964596201,0.0020962749
3964596202,0.0008077041
3964596203,0.009201576
3964598901,0.0010682778
3964598902,0.0012872608
3964598903,0.0040984284
3964599101,0.0024177365
3964599102,0.015350249
3964599103,0.0013276878
3964866401,3.8658854e-05
3964866402,1.541085e-05
3964866403,5.5991036e-06
3965453201,0.00033600102
3965453202,0.0012344886
3965453203,0.00016286246
3965926901,0.0005238733
3965926902,0.0033558188
3965926903,0.0003575149
3985732201,0.7455855
3985850701,0.998466
4002980201,0.37533963
4002980202,0.44676661
4006122601,0.98885185
4007664701,0.0038325235
4007664702,0.00075320964
4015435201,0.39611334
4024771902,0.7347013
4049614402,0.06500459
4049614403,0.08865903
4049639801,0.0005993328
4053529007,0.011791092
4053530302,0.13494906
4054021301,0.5231706
4054091401,0.7561492
4054569402,0.90743697
4071509102,0.7906388
4071736501,0.8004458
4071736502,0.57193285
4074927402,0.99473625
4079750401,0.0014627136
4079750402,0.75267243
4079755502,0.025822153
4087813603,0.9851673
4090461902,0.027412392
4092452401,0.99753904
4092541804,0.13917425
4097449901,0.03387156
4097584204,0.003946552
4097584205,0.0011526232
4097584207,0.0013840963
4101147101,0.29730025
4103172102,0.054768275
4103282404,0.00065745035
4123125201,0.0006213221
4123917001,0.5841863
4124707301,0.59800965
4133885201,0.024587573
4135932601,0.034512185
4138586402,0.0013840583
4150732601,0.43427917
4150874601,0.99232614
4159045304,0.09952103
4162249605,0.06334313
4162577901,0.15581249
4163071201,0.00029555193
4163071202,0.06584446
4194266004,0.76820534
4195029201,0.8907715
4203595801,0.8270239
4204477601,0.0665138
4204477602,0.009183774
4214979601,0.97743064
4221337001,0.0680695
4221337004,0.0011980702
4242423301,0.0005122657
4242423302,0.00030600786
4242492204,0.11605485
4252370002,0.0124301165
4265744501,0.99311054
4265744601,0.9955723
4266274701,0.51426834
4267727901,0.3610917
4268151601,0.97084695
4268548501,0.021687634
4276855001,0.57960534
4277788301,0.044202093
4277788302,0.01850963
4317398502,0.28123903
4317398504,0.94068855
4318622401,0.12387013
4351491201,0.01700207
4351491203,0.007030678
4351502401,0.8802796
4351502402,0.97968173
4351985201,0.006740037
4354192602,0.00063504325
4369702502,0.20563594
4392689601,0.014594821
4392689602,0.41858643
4392938201,0.75647444
4397781501,0.82421404
4397827401,0.41441768
4420128402,0.050410174
4432802502,0.37862918
4439556002,0.26178852
4440082102,0.9494906
4447659308,0.59909546
4448257801,0.011571623
4448257802,0.017444283
4448257803,0.5341579
4459765301,0.5207366
4471851601,0.0025743013
4472600001,0.90165085
4480103301,0.99269474
4483827501,0.9284338
4526160001,0.98987806
4526160002,0.87134844
4526169201,0.9912186
4526646101,0.14082934
4527133503,0.393057
4534806301,0.0017856506
4570121102,0.93662876
4570163001,0.024750696
4614313301,0.10604454
4652070001,0.31830224
4654144401,0.12838553
4654993101,0.19529705
4665897205,0.7241912
4666292102,0.039703365
4714868201,5.1427694e-05
4715124501,0.24697068
4715124502,0.0028868082
4740221401,0.9917429
4740233701,0.9763965
4740749901,0.106001504
4741205501,0.9971697
4741205502,0.99681264
4741205701,0.28714076
4741205702,0.21040022
4828220101,0.95044965
4828220103,0.016792875
4828273601,0.67462987
4829203002,0.0004011312
4870279902,0.0022983272
4870344602,0.00045715578
4871280601,0.7489061
4897900502,0.0020262597
4905823102,0.0009377326
4905823103,0.0006131998
4905977201,0.29709166
4912648805,0.023164026
4912648806,0.44780454
4913506001,0.33565286
4913793601,0.22125968
4921874606,0.58552283
4929679601,0.00057967164
4929679602,0.00056469254
4939022301,0.97939336
4939990902,0.0742072
4953460001,0.0006011789
4953460002,0.0002666718
4954065603,0.009249602
4954066306,0.112572305
4954140202,0.0018335003
4957545301,0.85832155
5001067201,0.47110915
5001068901,0.20996135
5001102201,0.1418798
5001765202,0.26489717
5030995301,0.39757696
5030995302,0.9618579
5037787401,0.25010824
5042097601,0.92095786
5085962001,0.11307658
5085962003,0.045922354
5128835901,0.51668555
5171914801,0.04314248
5257763902,0.009982486
5344625701,0.6020788
5431124201,0.034785114
5432059804,0.104708716
5502166501,0.6923932
5502186202,0.0010356643
5515505102,0.02243144
5516463201,0.007991827
5516463202,0.11991949
5518119901,0.06698452
5527110401,0.7324867
5527226202,0.9854197
5545249501,0.8503944
5545250301,0.09973842
5545426902,0.0022318433
5545507402,0.0044679814
5547289901,0.8900697
5547289902,0.5266094
5547432903,0.7215443
5549728103,0.00017168626
5562237201,0.779205
5565278504,0.0024881163
5570770602,0.009457833
5574626201,0.9601517
5575808301,0.8983569
5575899202,0.0
5584894004,0.17946854
5591586001,0.515638
5593112503,0.003980763
5600446501,0.95154
5626985801,0.038684204
5627065601,0.0123157585
5627482401,0.0028026644
5634727201,0.96049327
5643788502,0.6390699
5643825301,0.94501084
5649444901,0.023970854
5659416702,0.00019151859
5659617704,0.60145825
5661352407,0.005309701
5670177604,0.33313546
5673306902,0.7204478
5677316201,0.8628066
5686364903,0.07809797
5686364905,0.016756656
5686448101,0.09656127
5686939601,0.27417162
5686939602,0.005102078
5692699102,3.9518978e-05
5701501301,0.043098703
5701501302,0.28219157
5701929301,0.0061128624
5709587101,0.71975964
5711132401,0.9573266
5711205901,0.99533254
5712239104,0.37863073
5721670401,0.0014795391
5721670402,0.0038712071
5723846602,0.00586152
5724783701,0.8295004
5727492901,0.35813552
5738102001,0.9744169
5741840401,0.00017690902
5741840402,0.00017428772
5741840403,0.0028369697
5741840404,0.002118657
5754904201,0.99127835
5769526201,0.08177507
5774550401,0.8555676
5777786802,0.3259086
5784683004,0.90102166
5784944902,0.8004936
5800167503,0.8531629
5800281702,0.8193801
5805734802,0.00080150715
5806463601,0.017856698
5813672601,0.028717037
5813672602,0.009336918
5814217001,0.98273337
5814217002,0.046741955
5815915803,0.0011670163
5815915804,0.002385855
5825911002,0.8194454
5837485301,0.021739738
5837485302,0.007559327
5837485303,0.05230397
5852494403,0.83230084
5857455101,0.0010565792
5865628302,0.0191834
5865628303,0.081024505
5865628304,0.74015784
5866378902,0.62688756
5876996601,0.9375704
5887774601,0.1641555
5887988502,0.9394038
5888902201,0.69825184
5897340001,0.56647074
5905570003,0.78035015
5906064602,0.001030594
5906076703,3.1475516e-05
5907142001,0.72903293
5941366101,0.99227273
5943297001,0.9925444
5944023101,0.9364007
5944023102,0.33487263
5944753601,0.786754
5955473401,0.92015433
5955473402,0.8598795
5956030402,0.00015116484
5956983603,0.0008383899
5965996401,0.2718061
5965996402,0.066838875
5966774301,0.024498576
5970269802,0.0074421917
5978675402,0.4990067
5979358401,0.6661195
5982349401,0.22177806
5991614302,0.0007214222
5997905301,0.6224811
5998056201,0.8730256
6007267401,0.7541748
6008380201,0.52111405
6008963601,0.77547693
6008963602,0.19181088
6008963603,0.55910105
6015938604,0.41411138
6016002901,0.00013950618
6016002902,0.000102115264
6016700601,0.93694144
6016802201,0.002825376
6026872001,0.21978846
6027718501,0.59987
6028377003,0.6408379
6030946801,0.6173415
6035637701,0.9892492
6036742901,0.000412579
6036869001,0.008349696
6042874501,0.87611306
6043004303,0.06155951
6043004304,0.70207006
6043375501,0.00047816554
6043375502,0.0006640763
6043909904,0.014066636
6046288601,0.086156584
6053017901,0.0066180252
6053541501,0.0039332397
6053818401,0.99434656
6062971701,0.0014558675
6069763601,0.95177877
6074889101,0.0128755
6082305101,0.023911312
6089059903,0.0032317073
6089158202,0.20779583
6119174502,0.07831279
6144129701,0.68810916
6154771403,0.15005718
6154771404,0.033330534
6155090501,0.00034109075
6165397403,0.011728617
6165653403,0.005538428
6165653405,0.12856773
6178654902,0.38098267
6180657801,0.4765124
6180805201,0.7540853
6180805202,0.856902
6192574301,0.00397067
6192574302,0.00077880075
6215724701,0.95913947
6217415803,0.47497877
6228904502,0.5113051
6241089002,0.013946303
6241093102,0.3637896
6241590201,0.6499295
6242032601,0.09273463
6253595402,4.2029453e-05
6253595403,0.0007223523
6253971902,0.010490229
6254246401,0.058532074
6254246402,0.028656079
6261133301,0.9488531
6261323802,0.012850639
6265521202,0.06643664
6272611201,0.9012774
6272665702,0.84111834
6279045202,0.84153944
6280378905,0.07878701
6280674301,0.84421
6280856501,0.4864581
6288299303,0.13079664
6288299304,0.11280297
6291912801,0.00176279
6299101801,0.3213415
6302337203,0.91256344
6302404701,0.9679558
6308923801,0.095205955
6309331503,0.0005779105
6309331505,0.0008944831
6313590502,0.871817
6313914303,0.94285804
6318435402,0.9598829
6318435404,0.9244398
6324683401,0.9841547
6326181102,0.63769346
6327267202,0.0013955669
6332963401,0.9227693
6340819502,0.5806965
6341634501,0.56176704
6351354601,0.0015491955
6352203501,0.00022603165
6352203502,0.0010279964
6352379501,0.5244964
6359069701,0.15185009
6359214001,0.0072957533
6361511001,0.049671777
6361919203,0.823269
6368632901,0.9289221
6368776201,0.3700556
6376477803,0.010262962
6376804901,0.022016253
6376807501,0.0031918474
6376807502,0.015375898
6387572703,0.00081802526
6387572704,0.060216222
6387866702,0.11534396
6387966304,0.95385987
6399136702,0.0011341155
6399459503,0.11721971
6412380401,0.44556993
6424210504,0.25786975
6434460401,0.13166845
6435212501,0.029647708
6435212502,0.14982903
6485866101,0.00032959136
6485866102,0.0004146569
6485866103,0.00022115666
6485866104,0.008400115
6485866105,0.0066333534
6485866106,0.0051320633
6525380401,0.965771
6538582002,0.29047316
6586048304,0.0033271872
7375361601,0.75630784
7375607502,0.31250277
7392507002,0.0010006612
7392507002,0.0010005597
7427155401,0.00436675
7427155407,0.970379
7434621201,0.009242199
7434621201,0.009242199
7434621202,0.00071232545
7434621202,0.00071232545
7443700003,0.2387423
7451108101,0.0025002358
7451922401,0.0068899873
7459694901,0.67748463
7459694902,0.21886918
7482930601,0.08639906
7507619201,0.92300063
7516057103,0.41516656
7522371801,0.9228262
7530608901,0.5637515
7530702201,0.5593488
7538565803,0.26800215
7538725301,0.7468968
7538917601,0.3568684
7539189001,0.7719996
7546329201,0.6831083
7561012505,0.02667635
7568374001,0.9635411
7568374001,0.97012234
7575508203,0.14163618
7575571607,0.08263417
7591712304,0.6097961
7600180003,0.9048894
7605870901,0.55553937
7606518401,0.7896202
7606562302,0.8763208
7606612701,0.9828835
7606666902,0.9575265
7617356301,0.041104615
7631539701,0.9894909
7631618801,0.115929134
7631618802,0.010311021
7638650802,0.14947678
7639159901,0.34403914
7639303301,0.9867944
7639303302,0.9606523
7644614602,0.10375016
7644614603,0.9468068
7644614604,0.9828431
7661644001,0.50966054
7675873301,0.41634822
7675873303,0.010178402
7676218301,0.32818612
7676567601,0.006577113
7689270401,0.021453418
7689270402,0.59711397
7792450201,0.965435
7824594601,0.9958633
7837460901,0.10949645
7875409802,0.22445138
7875903801,0.08952205
7912466701,0.0046914555
7912507701,0.98272634
7912545601,0.07793652
7913292301,0.0012305669
7926475902,0.07873877
7960579101,0.9991722
7971252002,0.31804603
7982089001,0.774415
8004746701,0.37145492
8004867004,0.98303705
8324325901,0.5046428
8359092201,0.79017615
8382728801,0.91855854
8391827801,0.86971056
8463689001,0.21621782
8464525501,0.9576064
8474543001,0.72636515
8474787203,0.9931023
8475697403,0.0004440541
8475836301,0.0018831537
8500576401,0.0061906455
8501067001,0.7342361
8512562301,0.7434604
8535969701,0.2987903
8535969702,0.6691728
8536160701,0.89710706
8557710801,0.2089141
8563941501,0.002434104
8564200602,0.25867987
8564269102,0.0026276482
8576045202,2.5255724e-05
8585618401,0.037560396
8585618402,0.77652436
8592489001,0.8477266
8602080602,0.007720061
8603125301,0.0004985799
8625205701,0.70811075
8625205702,0.81808686
8625492902,0.00021533854
8632462302,0.31552228
8633423501,0.6780617
8633435102,0.906418
8651144702,0.00080524536
8652128901,0.9331035
8663328001,0.5043406
8688852701,0.24473524
8688852702,0.015557364
8705532001,0.36652264
8705793603,0.028707009
8705793605,0.3526679
8716784101,0.29426453
8716784103,0.14041702
8726694203,0.4305354
8733387901,0.92273176
8754358902,0.23386806
8778408101,0.8732159
8788823901,0.7543357
8789967903,0.004526605
8823309601,0.83514243
8833986501,0.9863057
8851497101,0.3734247
8851956101,0.30015552
8852008701,0.15655056
8852189402,0.047948457
8861191602,0.00018190187
8881178201,0.99611413
8898627501,0.5760664
8898627502,0.98625565
8905393404,0.0058433753
8905697201,0.0014591307
8905697202,0.00015669507
8913706803,0.0019028093
8914097501,0.14404675
8924303201,0.99724233
8924303202,0.24167141
8925222504,0.9010417
8925357001,0.015955565
8930756502,0.008397557
8931838602,0.106407255
8941135101,0.7765035
8942065601,0.031520255
8956699101,0.9081911
8957784501,0.05747065
8957784502,0.0049403636
8965832101,0.98611623
8974209201,0.42530346
8980662303,0.0023169068
8981040401,0.00058318704
8981040402,0.0002682326
8991306903,0.0005051986
8996784601,0.92808926
8997116301,0.68716544
9008303701,0.9958901
9008303702,0.30912265
9016544001,0.83480114
9022828902,0.08771549
9022853401,0.21801393
9022878501,0.8472802
9022890901,0.039220728
9023643801,0.9816285
9041772101,0.9982749
9042252402,0.47940114
9048609101,0.36015454
9049168001,0.07817597
9065882101,0.30765855
9066105801,0.024876943
9066127701,0.20751093
9066386302,0.56498826
9071694402,0.28348953
9073074701,0.0012811683
9081432501,0.9493722
9081838502,0.6500676
9099943601,0.9891822
9100943301,0.2731052
9107170701,0.34137037
9107893601,0.7877154
9114721801,0.85124874
9124466901,0.9750972
9131653602,0.010631229
9131653604,0.98686475
9132419502,0.38487113
9141025802,0.008552082
9141026002,0.063197285
9141422303,0.003948044
9475348801,0.92355126
9475628901,0.63417065
9509231003,0.09122222
9517431301,0.857863
9518324401,0.0014220637
9570260101,0.0013050379
9571788104,0.004969455
9572072601,0.9404836
9580433902,0.2786098
9580511005,0.030897377
9581394501,0.017068798
9584949203,0.020219406
9603923601,0.98059344
9647563801,0.99522686
9654057203,0.0014642926
9681050603,0.023155482
9681868001,0.05384209
9688924805,0.044815805
9708044101,0.066733666
9708421301,0.31889042
9710542301,0.0025029238
9710542302,0.040265445
9729263202,0.013217
9729640903,0.006080294
9769165301,0.9444499
9776252401,0.00090744335
9776699301,0.9286782
9788835703,0.7269387
9790248301,0.9680094
9799135801,0.8242053
9831842503,0.043987054
9831864401,0.06892173
10019081801,0.9141979
10019140201,0.6941282
10030598401,3.5572397e-05
10030598402,2.4321545e-05
10031003601,0.006335066
10056971004,0.023879437
10057104001,0.94278586
10057104002,0.11199561
10058843802,0.9668657
10058843804,0.0903331
10068997301,0.029092899
10069995501,0.9816457
10094739503,0.9161261
10094763201,0.0010643197
10094797703,0.0028879945
10095808402,0.7329941
10095843301,0.84449375
10096215701,0.006769395
10096417101,0.30892447
10108020001,0.10597417
10108283401,0.0021716158
10119610201,0.004051251
10119610202,0.0011696541
10132909501,0.000947188
10148655101,0.16625004
10161078302,0.9907863
10161080704,0.9737713
10186375301,0.18992195
10186596501,0.9707099
10199039201,0.9426279
10212986001,0.010976837
10224618801,0.8152939
10224618802,0.503335
10224901702,0.76864755
10263813202,0.18659657
10264287001,0.0006062808
10264316301,0.00048902107
10264348201,0.004761399
10274366302,7.112031e-05
10314524801,0.017200528
10325796706,0.27693352
10353132902,4.5543507e-22
10364895801,0.9673477
10376367904,0.40743202
10376397901,0.0031109892
10390531901,0.06544997
10413925202,0.00097544247
10427433001,0.46073875
10441934105,0.007149081
10479034102,0.90034676
10480383401,0.19544026
10480383402,0.080640465
10493181301,0.8889862
10518842403,0.928212
10519098404,0.7168881
10529676301,0.0042473874
10529676302,0.03917708
10568487504,0.9476213
10837497602,0.0006053685
10837842705,4.7055706e-05
10859048002,0.5659359
10884591901,0.6499708
10886092801,0.018373895
10886419901,0.00026068132
10886419902,0.00024982778
10898348201,0.89273864
10898348202,0.9826685
10937635604,0.00014982869
10938015501,0.09542307
10938019301,0.044433374
10949837601,0.5757832
10950331601,0.95180947
10963396401,0.99236685
10987510902,0.1118243
11001893001,0.0066514257
11035433901,0.06269432
11054170402,0.62430495
11061602801,0.023287974
11062190401,0.8521286
11062805303,0.88682884
11062805304,0.18681413
11075892603,0.001255164
11087920102,0.4808139
11102317801,0.97883064
11102719501,0.14031082
11126632602,0.082222596
11140384101,0.837002
11144934701,0.029146276
11144934702,0.0037468746
11150781601,0.91723645
11157210001,0.8496469
11162241502,0.64074105
11172093002,0.001190165
11172279402,0.22268315
11172279403,0.82615983
11175985301,0.49934343
11176276901,0.2558196
11177023101,0.43340015
11177053903,0.7899249
11184523001,0.70220226
11188722501,0.9386747
11188877204,0.026667666
11188897502,0.00841161
11196832301,0.5840266
11208954303,0.0044495137
11221303101,0.79241747
11226066102,0.6541602
11226298602,0.07579906
11237798102,0.2659302
11257430701,0.02240709
11257592301,0.9255234
11257820204,0.0034870047
11257820206,0.0055252127
11258650602,0.00059267407
11278457201,0.7413208
11289868301,0.66533685
11289874802,0.0096303765
11316068701,0.090500824
11316097901,0.8353348
11326728502,0.1266061
11326728503,0.01257784
11339655703,0.5478915
11341112002,0.98079395
11351159103,0.20078741
11376871801,0.9905969
11376871802,0.96641403
11390038802,0.25880018
11413054201,0.00029297816
11413054202,0.0002193385
11413963201,0.9980081
11413963202,0.03226014
11426827002,0.8524373
11793527401,0.3991022
11801117801,0.3586697
11801536001,0.8343435
11801607802,0.24919386
11805993502,0.012695042
11813989304,0.07534249
11813989305,0.18653096
11813989306,0.03326313
11814710701,0.00039600662
11819609403,0.0011734549
11819664401,0.68090594
11819664404,0.9287514
11819770903,0.0028156207
11819824801,0.59630305
11820008001,0.0013501439
11828042701,0.91868174
11832157008,0.027976505
11832289607,0.9195599
11843969002,5.606374e-05
11853010701,0.8528279
11866683301,0.9690183
11879817401,0.0015461626
11892274901,0.920695
11898109002,0.011977756
11904677202,0.0027732947
11921955101,0.8770896
11922271301,0.017914332
11922514501,0.68545264
11933439101,0.9922276
11938562501,0.40373403
11938810101,0.8180451
11950168708,0.23380445
11950621401,0.42093515
11956086701,0.67459446
11962420701,0.0050820955
11967724601,0.9488138
11987903601,0.8428472
11997553101,0.44940057
11998011201,0.93648404
11998113401,0.7176516
12027622801,0.0022557632
12028115501,0.9626797
12034182301,0.40638635
12039326410,0.00047356213
12039326411,0.00068878534
12039326407,0.003947512
12039326408,0.00034167644
12039326409,0.0036291266
12039513701,0.12794746
12039513702,0.091558956
12039720501,0.94500476
12039721702,0.020050496
12040021401,0.8371676
12061103001,0.67191344
12061103002,0.95450705
12081715301,0.010331175
12081715302,0.57192093
12093407101,0.0060249893
12093761601,0.23122036
12094161401,0.9932448
12113719101,0.011031806
12145433301,0.061805222
12158637201,0.782245
12167517401,0.98618305
12200275401,0.9378526
12200597701,0.018611278
12200666501,0.99797624
12220988502,0.9265576
12242476801,0.0156050725
12243213301,0.9469508
12253794801,0.97899276
12264264401,0.99794394
12285400501,0.99404234
12317287902,0.01896255
12339813301,0.99528116
12350845102,0.005162512
12381617802,0.003302149
12390795801,0.8200876
12390866501,0.662744
12391973001,0.00087483693
12426094001,0.7821548
12426405501,0.7325049
12426405502,0.9944667
12426436303,0.00018590855
12458398501,0.5518135
12459356401,0.67435014
12459356402,0.57643044
12479663401,0.71164066
12489976901,0.9918725
12510041603,0.00021162389
12510943101,0.9915713
12522039801,0.5356553
12522220604,0.26185316
12522220605,0.041600272
12522821001,0.95605737
12533032001,0.107694656
12533039501,0.8080055
12546033301,0.00013528258
12553900602,0.0001334667
12553900604,0.002007819
12553921701,0.00065574946
12565600201,0.24012986
12565956701,0.5509169
12565956702,0.0036207442
12576085101,0.0075363093
12596876401,0.013014902
12606428601,0.9838419
12606499301,0.25791338
12607327902,0.0010951353
12607799201,0.92009526
12607810001,0.52307844
12630682801,0.5831279
12639315001,0.815778
12656178701,0.72691894
14059590301,0.0625724
14068744601,2.4164756e-06
14079745901,1.835691e-05
14093858001,0.9857635
14094049302,6.200323e-05
14128126001,0.3220247
14128126002,0.92288345
14133479301,0.011602654
14141282301,0.9966313
14143575801,8.557086e-06
14147252101,0.0032257363
14148039401,0.25194734
14148238601,0.66402394
14148498103,0.0005575423
14171216701,0.9651641
14175278701,0.1927319
14175577002,0.0016563903
14177059201,0.70776707
14180659802,0.0011031369
14181146904,0.0030033803
14182800702,0.024186095
14186670401,0.00032354073
14186670402,0.00023357973
14187156903,0.0005220499
14208293201,0.003764239
14210530801,0.028881337
14210918504,0.21998148
14214784903,0.49807557
14214784904,0.59016126
14214822801,0.9607047
14214871202,0.6136591
14785851101,0.9937921
14787355302,0.003107526
14884825503,0.011468694
14910260201,0.2439754
14910260202,0.35832348
14917608001,0.021333003
14917608002,0.012975997
14917608003,0.01525635
14919080201,0.011300768
14919514302,0.8423787
14922069301,0.39379364
14927061301,0.0069061825
14927436702,0.09341565
14930274401,0.99731773
14930274402,0.99709976
14930817504,0.048539013
14934986701,0.99875987
14934986702,0.998684
14934986703,0.63977545
14939257402,0.8074833
14944716001,0.0
14944716002,3.3041214e-09
14949842501,0.00011999874
14949842502,0.000108944165
14987370902,0.018683486
14993094602,0.00073414634
15003020501,0.9993536
15003020502,0.9989287
15009886001,0.99921346
15010147201,0.33719084
15015126201,0.9987766
15015126202,0.9994802
15020394201,0.07399258
15030038803,0.0025807838
15032061002,2.16531e-12
15042980702,0.004766571
15044304601,0.04033666
15051620201,0.9920144
15052358402,0.0020302846
15063635601,0.0072769006
15063635602,0.19745818
15071886401,0.058932748
15086376801,0.7680933
15088003801,0.6444578
15104739403,0.024979828
15105371901,0.6172089
15118385001,0.0020807001
15118864503,0.53873986
15120148501,0.30430514
15129820905,0.03355219
15138784001,0.09195119
15138832401,0.008255716
15138832402,0.01877608
15153447503,9.562441e-05
15160209601,0.04485227
15169357402,0.000119550794
15170787001,0.44267425
15212279301,0.005750898
15212279302,0.00040991884
15226473702,0.95216644
15235037301,0.34202656
15235037302,0.003505462
15245720301,0.44450563
15254053806,0.063492484
15254053807,0.041025583
15254317001,0.9511874
15254700601,0.008175652
15262595501,0.8637611
15266038501,0.06400637
15289652401,0.556965
15289903601,0.19409816
15290875301,0.0009873017
15290875302,0.00070623256
15290889701,0.00013390114
15290889702,0.00021314854
15290889703,0.0011539744
15301725001,0.9563762
15345478201,0.9611884
15366956901,0.040722016
15419006804,0.12470996
15419966501,0.08003906
15437834606,0.004423039
15439316701,0.9642383
15439316702,0.91287994
15439658101,0.0014898777
15439658102,0.00037926977
15439674601,0.0028546154
15439674602,0.00076440925
15451417007,0.015335272
15452472302,0.04065602
15518488001,0.86538696
15518514202,0.06409297
15518514205,0.93317825
15518987401,0.6660941
15528599301,0.001374129
15528599303,0.00033116905
15528612101,0.019496175
15538521202,0.2879423
15551479802,0.0013530162
15562018704,0.7189583
15562018706,0.50675046
15622784802,0.0006857906
15622784804,0.004686662
15622784805,0.92882305
15622784809,0.9882664
15623636104,0.93815935
15632989001,0.0274638
15665276702,0.1410963
15666885101,0.8923343
15677513102,0.90222436
15706981801,0.005585013
15706981802,0.0010255324
15719104502,0.0030414995
15806322501,0.9912963
15806322502,0.97159576
15809911601,0.27491018
15809958001,0.70523626
15814195101,0.9942497
15814195102,0.4021396
15815687801,0.6392137
15815893201,0.12913038
15815939202,0.002761081
15815989102,0.08464395
15860720701,0.33528817
15860722801,0.12052113
15860741901,0.011600784
15878178402,0.19497658
15878178403,0.96630895
15912169301,0.19983386
15924871502,0.83628297
15947215603,0.0014063959
15947227802,0.9605651
15948113801,0.49543357
15948113802,0.9293261
15948113803,0.64076877
15956590202,0.7902225
15969873701,0.861446
15980342101,0.002472903
15980342102,0.0013090494
16013434801,0.9977666
16036773402,0.0517916
16036773403,0.07460712
16066016301,0.9435284
16066515901,0.93339515
16066526601,0.34689087
16068880901,0.8411914
16084755501,0.8980732
16091601404,0.0009359822
16099102201,0.70424604
16099102202,0.6582735
16099304901,0.001258761
16103732001,0.8027676
16108228801,0.03663224
16108228802,0.00021106086
16108592104,0.004457232
16111060101,0.33136293
16125373001,0.9352604
16126004401,0.99179417
16134286001,0.99743843
16134286002,0.9801108
16143602901,0.00070498255
16154166701,0.051866557
16154930501,0.9968149
16155008801,0.0009815524
16176108901,0.5144429
16176124703,0.19111468
16198132604,0.046441883
16198826901,0.017514274
16210735001,0.00051632815
16241062701,0.023692064
16242925701,0.39571893
16253832601,0.8693496
16255155401,0.34025818
16265142702,0.3029132
16266588403,0.40649518
16338814401,0.0012184306
16340585502,0.00013277528
16355726201,0.68515193
16356506601,0.74985445
16356506602,0.048111618
16377210001,0.00021666134
16377210002,0.0038015496
16398864501,0.5592579
16696934602,3.238432e-05
16700979201,0.6374514
16708620102,3.9306756e-06
16730338202,0.99437684
16730403801,0.00065821205
16730403802,0.00046934234
16734243901,0.9987213
16734313302,0.46005884
16736542802,0.00028624703
16741596501,0.9994906
16741596502,0.9797712
16741889801,0.9957242
16752648502,0.8735942
16755489801,0.99772304
16755489804,0.09323042
16757013101,0.9517138
16757013102,3.874548e-05
16757013103,0.055777937
16757119203,0.06987521
16760273802,0.00028347172
16760273803,0.00030603498
16760421701,0.29247868
16769439701,0.0017185025
16769572902,0.120693564
16771839802,0.16260448
16775073201,0.9769117
16775131902,0.017646845
16775452301,0.09792905
16779396102,0.0016618352
16781194601,0.012408408
16781194602,0.008979664
16995573401,0.00023205826
16995573402,0.00019140648
17004831601,0.93136746
17023867602,0.0005430811
17024094203,0.41425273
17025467504,0.02337908
17032889101,0.020437956
17032889102,0.00019088305
17033096503,0.007130629
17033757001,0.0072233817
17033757002,0.0062169484
17033757003,0.0710174
17033757004,0.08053461
17034101102,0.08967133
17042211401,0.9746063
17043049702,0.20078057
17050929001,0.003919985
17069188506,0.0063242423
17069237901,0.73100024
17076902501,0.37275288
17077392403,0.25301287
17085770202,0.0012867644
17097239601,0.8372985
17097994501,0.83459026
17106091801,0.5178601
17106337909,0.0020703676
17106451103,0.07429601
17129234303,0.0034050597
17138585501,0.9885626
17147300001,0.0008039779
17147888202,0.0058208317
17147888202,0.019874271
17148036601,0.001826675
17153235801,0.8971632
17153235803,0.58205533
17153653001,0.3157813
17153653002,0.25352892
17154219001,0.9943178
17154409102,0.0005840325
17163328601,0.02049401
17174562602,0.18415856
17174562603,0.004415244
17189929108,0.007390292
17195529805,0.00089913065
17196218101,0.085217625
17196218102,0.004588311
17196401501,0.5277069
17205337202,0.00011662093
17205337202,0.54809034
17215521304,0.59763515
17220307703,0.02840917
17220325201,0.7779697
17220325202,0.03800745
17250251405,0.38507947
17254841501,0.062704295
17263400901,0.9915903
17264424801,0.022207804
17271798203,0.9849385
17272238802,0.013859789
17281527201,0.65188557
17281527202,0.5814188
17289329601,0.9937006
17349331402,0.0062462743
17354412401,0.0048921793
17354412402,0.035894588
17354412403,8.712092e-05
17354483502,0.013061856
17364872701,0.04315485
17364872702,0.45824856
17365440201,0.05050777
17373887901,0.0013299279
17380768102,0.37342858
17381431501,0.7554996
17381431502,0.19965
17381455001,0.36654982
17388516403,0.74559736
17389423101,0.005382561
17389423102,0.0041534463
17389662202,0.909753
17406818604,0.1559967
17412582205,0.016963277
17413303503,0.0042440915
17418211001,0.97553
17429111201,0.36247507
17429382701,0.0015934956
17572863401,0.95951295
17595347901,0.9239547
17602056201,0.0058013187
17603913301,0.32122165
17610827402,0.0016193306
17610959901,0.83307135
17611105801,0.48573807
17616422501,0.66591483
17616676301,0.98578876
17687143801,0.9979461
17687143802,0.89568734
17687403401,0.003367827
17693612401,0.10220022
17695537902,0.0009927308
17702223203,0.012655389
17707733601,0.99878615
17707745701,0.00019227865
17707745702,0.0007434251
17707747501,0.16535175
17707747502,0.14606419
17711698104,0.016465403
17711955403,5.873032e-06
17717368601,0.720384
17724213003,0.0008859099
17725470301,0.030068286
17728470202,0.28155068
17730836401,0.99405587
17730877701,0.7253957
17735477101,0.18639766
17738774502,0.003987715
17738774503,0.016618049
17904088001,0.3643771
17904198901,0.020237915
17912356001,0.0010542269
17912356002,0.00084419537
17912356003,0.0032165654
17930792202,0.88373667
17938380501,0.89983237
17943740001,0.028237697
17943740002,0.17877564
17943740004,0.00022542129
17944028903,0.75774217
17957923302,0.05688888
17958004502,0.05482189
17963906301,0.012966761
18134118402,0.52100563
18134186402,0.08748036
18157661202,0.010562751
18179853901,0.37877208
18245089201,0.021492407
18892340101,0.0056526563
18892340102,0.0013250501
18916711201,0.9205833
18917239501,0.113213286
18918175801,0.004934142
18944799901,0.9893321
18969437501,0.999265
18997220501,0.9696286
18997702801,0.9975364
19023050401,0.76338065
19050445101,0.8458644
19103675001,0.044055123
19103708201,0.81780034
19103708202,0.110405244
19135159105,0.022418093
19142298701,0.9558045
19158371401,0.9404382
19174414201,0.5476844
19186209601,0.06004723
19186718302,0.0009914789
19212631102,0.9115841
19213189501,0.002073771
19238090201,0.8909526
19239046901,0.7547605
19262673603,0.00064128253
19263556101,0.96064657
19289499801,0.0012430672
19289499802,0.00091667345
19290685501,0.97327936
19299731603,0.98678964
19301306503,0.020764533
19304883601,0.010468424
19304883602,0.0021473423
19305978503,0.04869375
19312463703,2.3174493e-08
19316382401,0.0032019175
19317415301,0.92748445
19324209701,0.99490696
19324209702,0.9691544
19324232102,0.81382227
19329729401,0.00724041
19329729402,0.004246317
19329739201,0.0015383507
19329739202,0.0007081726
19330551701,0.17863919
19352855401,0.99717087
19358920203,0.0005991129
19359667302,0.73420477
19359680203,0.33594832
19365589404,0.4733568
19377820301,0.98937434
19377820302,0.99335676
19378772601,0.7939001
19378948901,0.04693429
19384952301,0.137341
19394961705,0.1322413
19396503501,0.9899239
19410316602,0.41037813
19421013901,0.14787062
19426444101,0.0142091755
19433831001,0.6718679
19433831002,0.55991364
19433996701,0.5830919
19439116003,0.046004187
19439628702,0.968617
19440839001,0.051928952
19446649601,0.5381911
19447582901,0.9811158
19447582902,0.06554205
19459105101,0.3996406
19479865404,0.2734916
19487327602,0.07100072
19503056401,0.9933437
19504658201,0.986465
19510340103,0.0081020985
19511848201,0.7028452
19516342001,0.1410492
19516427101,0.5173382
19516427103,0.2161561
19556847601,0.0018699185
19557876001,0.2148041
19610149302,0.12030288
19611596801,0.61086756
19636348401,0.99010277
19637335601,0.9014372
19665444401,0.99569845
19665471101,0.97990614
19679343201,0.9906337
19680816201,0.83731335
19684734802,0.3852314
19690447702,0.064095624
19695427303,0.041079722
19695804302,0.04682103
19697034102,0.17224441
19704547002,0.031779956
19707467302,0.9918075
19745290601,0.08305403
19745799701,0.89086163
19746780001,0.04540625
19784795401,0.17748
19784795402,0.004421339
19806823901,0.062141623
19806830001,0.020177446
19825741102,0.001409267
19825772701,0.12912528
19884575902,0.019301997
19885122601,0.941708
19931894201,0.98110574
19957495301,0.9832392
19957531501,0.02557207
19983373801,0.85013485
19983373802,0.9024611
20010068801,0.90669304
20017246701,0.99436593
20017783901,0.7495857
20071837702,0.00082641596
20071844301,0.8500896
20095987302,0.75972295
20119314702,0.002087869
20119776801,0.9751363
20120198901,0.9572321
20164131702,0.00018433547
20171847701,0.9720937
20171879901,0.94562244
20194192601,0.9970348
20194235501,0.016347686
20244560801,0.0014045655
20246185201,0.59430665
20681867404,0.032397907
20697779102,0.0091848895
20703226201,0.00031635186
20703226202,0.0001386758
20711385602,0.013669019
20711942806,0.3423951
20712481601,0.9902698
20712511201,0.76082146
20725890403,0.56218624
20725890404,0.8114999
20726417201,0.99614465
20734665902,0.9206592
20735276401,0.8185661
20742034902,0.033820983
20750831101,0.9548792
20752078601,0.8963427
20752159901,0.91942906
20752344501,0.0010497486
20755487201,0.99348664
20756381601,0.62183666
20756563501,0.9738367
20760243701,0.0061272075
20765451602,0.0059121395
20765451603,0.008977734
20765455402,0.09788476
20766138101,0.13600707
20766664002,0.29936913
20769515203,0.91668487
20775736503,0.03650792
20775736504,0.64114726
20775746701,0.684763
20779901301,0.13009827
20780616901,0.78732646
20780930202,0.8141746
20785898801,0.15073286
20786993003,0.043997165
20795453902,0.003424113
20797839101,0.98663145
20797845801,0.9010691
20798008701,0.12294632
20798258101,0.8876925
20798643301,0.023686428
20798953402,0.06731872
20799077002,0.00089150935
20803004902,0.6684584
20803778201,0.90018344
20810887901,0.9419784
20811480001,0.23839481
20815128102,0.011079148
20815513302,0.00010189825
20820384201,0.9983896
20820384203,0.24765612
20820384204,0.42372304
20823122404,0.47204012
20823122405,0.19541986
20829558601,0.997619
20829696701,0.9651196
20829776001,0.9958954
20829796302,0.67111087
20830098501,4.9150785e-05
20830098502,6.5694156e-05
20832372501,0.9014007
20833033601,0.27823177
20833035301,0.91192746
20833304701,0.040738974
20833567901,0.98018366
20839872807,0.3135576
20843557301,0.90719885
20843828802,0.23165809
20844682303,0.0004663717
20844682304,0.0005304926
20848998201,0.9903329
20849184703,0.7242392
20849658702,0.08096199
20853519401,0.9718299
20857996901,0.9963347
20859451101,0.0020628467
20859451102,0.0010029982
20863817306,0.56240916
20864858501,0.9933715
20866976401,0.896437
20866976402,0.66612136
20871068001,0.99864036
20871941901,0.54279864
20876387001,0.0032203116
20876387002,0.00051975704
20876538102,0.18101476
20877070601,0.9917236
20877097501,0.65902936
20877160503,0.03918104
20881574804,0.0021405637
20882540501,0.0010065895
20882540502,0.0009994545
20882540503,0.041700657
20882540504,0.0058554597
20882540505,0.04233333
20883055802,0.00064138457
20885855301,0.9962431
20891756401,0.018538093
20891986001,0.8577664
20894301901,0.7948549
20895092801,0.0068285326
20895092802,0.0006515917
20895455901,0.15979777
20895507001,0.100248665
20900171701,0.007697126
20900301601,0.003079062
20900301602,0.0006567852
20900324601,0.0003285667
20900324602,0.00042386877
21162288202,0.00056973164
21168779101,0.9088392
21168779102,0.2008015
21174262801,0.9832427
21177924002,0.36913761
21183129201,0.67323226
21186454501,0.080993764
21192554001,0.018358137
21193012101,0.5284481
21196596801,0.7251206
21197189801,0.9742628
21201552102,0.012762913
21212162202,0.009860158
21212162203,0.012641628
21212414002,0.00018401131
21216928501,0.9501744
21217568001,0.54446894
21218078501,0.96803993
21230498501,0.004990076
21230498502,0.011774225
21236733602,0.04219193
21237202202,0.9574657
21237309701,0.046051867
21237309702,0.01415053
21241550901,0.0012279055
21241550902,0.018780427
21241599002,1.9042862e-05
21241599802,1.6296486e-05
21241914001,0.029848734
21245264701,0.80146676
21245906901,0.3302834
21246152401,0.9511222
21251976401,0.82344276
21252856203,0.09903664
21253044103,0.010574978
21261208201,0.79998136
21261208202,0.33265683
21271137101,0.0016674728
21276053501,0.0040700296
21276076902,0.99415004
21283521201,0.99814034
21284496701,0.21746714
21293936101,0.43737903
21299863202,0.0012825142
21302859304,0.007768945
21302859305,0.004809116
21302859307,0.0007770801
21311179602,0.00035537814
21319315301,0.065643854
21323016801,0.0031633168
21323016802,0.000619335
21323175402,0.02221587
21323673802,0.00079466566
21323673803,0.20392472
21323673804,0.08895867
21323789301,0.9500731
21324029201,0.99518037
21324222802,0.00040239777
21330315405,0.2093147
21334217404,0.4133818
21343634902,5.2346877e-05
21344125101,0.011456175
21344177801,0.0069876574
21344177802,0.000789968
21347491201,0.11688434
21351426501,0.17383668
21351687301,0.97469044
21354540403,0.006870718
21357923702,0.9543443
21358862903,0.13884977
21369280101,0.8190233
21370744201,0.9439732
21371612901,0.0045935106
21376117101,0.46834433
21379547201,0.42426768
21382085601,0.98535395
21383074701,0.91791415
21392214003,0.09119481
21392298602,2.8996206e-05
21395552101,0.9976768
21397819501,0.60854
21401338602,0.0007286008
21401400102,0.0051776096
21404624901,0.0010509804
21404624902,0.0018509218
21404773701,0.99023694
21405477303,0.00085053523
21408274201,0.009532375
21417636202,0.021985227
21417639501,0.0072636204
21418818601,0.98312324
21419247401,0.0028475826
21419247402,0.40947372
21424328701,0.9975551
21424340001,0.046936933
21424464601,0.14948744
21424625902,0.009779992
21424810501,0.91106945
21425014301,0.37289503
21425357803,0.0031675415
21429895701,0.7529065
21430373501,0.0707787
21431374401,0.95862454
21431625001,0.0069634262
21431625002,0.015150354
21433255602,0.07731587
21435519801,0.22619441
21436133101,0.9939051
21437504701,0.3408462
21437890502,0.023395756
21438904401,0.030427326
21441298902,0.0022873005
21441648702,0.0068169907
21441671801,0.075237125
21441803702,0.0008447426
21445435603,0.006894625
21445547804,0.024768312
21448380701,0.32938683
21448380702,0.21632749
21449529207,0.052493457
21453073701,0.97967726
21453333202,0.18338303
21453810603,0.0011334604
21560515901,0.8911465
21561507901,0.008398613
21570371901,0.9984119
21613660801,0.9857011
21616553801,0.80402637
21619093401,0.0026846332
21619093402,0.0010407383
21619579301,0.99173623
21630651001,0.0011796413
21632808001,0.84861684
21634270201,0.49851122
21636770801,0.80041105
21638707302,0.013295189
21638871801,0.549942
21638871802,0.73484117
21639474101,0.9947326
21641956201,0.0005145106
21644441801,0.9976412
21644554101,0.9065255
21646588602,0.019241964
21646621701,0.5723512
21646874601,0.020928137
21648036401,0.973957
21651177801,0.020502446
21652075202,0.57133085
21652075203,0.33383176
21652663701,0.96323174
21654581201,0.84498984
21655239101,0.0044515273
21655239102,0.03757565
21658400803,0.5242673
21658400804,0.0005472833
21660914401,0.9168942
21661002701,0.43693897
21661142601,0.6060288
21663805201,0.9982622
21663983902,0.05732534
21666856302,0.008592124
21671727202,0.0071046916
21672292401,0.28218877
21679508001,0.65038747
21686895903,0.0002572619
21687199401,0.019593695
21691211203,4.76546e-05
21691556001,0.38978365
21693606903,0.63319856
21696909901,0.0045427466
21697363101,0.95283794
21699533801,0.4170184
21699683101,0.0054706233
21699693002,0.517142
21701033302,0.0005532251
21701324901,0.03608955
21702837001,0.005337377
21702845301,0.011479879
21703675301,0.75358415
21703680601,0.00064382894
21703680603,0.0005354395
21705936901,0.004674176
21705936902,0.0016484893
21714502803,0.8657381
21715177601,0.0066107
21718318102,0.58529806
21718318103,0.8858216
21718450605,0.014289461
21722071702,0.88529545
21725383001,0.61157024
21725383002,0.83272386
21735190001,0.0023308997
21735190002,0.0010982889
21735190003,0.0012364072
21736406701,0.7046145
21736721401,0.96075726
21736721402,0.9719957
21737488301,0.9725776
21738235901,0.14999132
21738722302,0.008681946
21739621401,0.97457695
21741759401,0.99875355
21744156804,0.9228826
21745976502,0.00028830502
21747858501,0.6620776
21747858502,0.6379947
21749660401,0.78920674
21749660402,0.67153096
21752990101,0.9854703
21754901301,0.610855
21755040902,0.00012834602
21757087101,0.88608766
21758245801,0.9985293
21764073301,0.86274505
21765575201,0.11655083
21766073801,0.54230684
21766785401,0.004406886
21766785402,0.060670014
21766795201,0.0012969633
21766814401,0.00035879528
21766814402,0.00072004093
21767280102,0.96595687
21770006501,0.27490893
21778395101,0.01063592
21778746203,0.8480316
21780480001,0.1288738
21780482701,0.109575994
21780778101,0.0097059235
21784508901,0.34762877
21784583201,0.0077141672
21787561401,0.7053374
21793028904,0.78536576
21793186802,0.64485157
21793242001,0.6144647
21794109501,0.71486807
21794178201,0.016516129
21796264901,0.64906275
21798386401,0.3728758
21798923801,0.0015767952
21798923802,0.0007529025
21798937102,0.0097941365
21799960901,0.010496739
21800014702,0.46087828
21802995501,0.0048013055
21802995502,0.006882982
21804892801,0.0013936581
21804892802,0.00041524653
21807939301,0.7061302
21813361801,0.9992022
21813375701,0.017811695
21814393003,0.352882
21814527301,0.0020662881
21816012105,0.0036688189
21816239901,0.7218037
21817353103,0.15153544
21817823702,0.0011470426
21820998101,0.1272163
21821046702,0.07042701
21821046704,0.10076305
21827103301,0.040357903
21827849501,0.91337335
21828186503,0.5523023
21828203401,0.0002904368
21828203402,0.0002803737
21828203403,0.00069638656
21828203404,0.00056461256
21832096401,0.052439325
21832697003,0.0047248807
21837793001,0.4931144
21839013001,0.96570665
21841795401,0.7687062
21842497303,0.0047729476
21843045101,0.9930542
21843171101,0.4771735
21845215601,0.96226186
21846533601,0.005743435
21847121601,0.97865856
21847667403,0.21252975
21847697601,0.003920529
21848394301,0.98229605
21855367103,0.98654664
21856004104,0.009535339
21856070101,0.9826492
21858952502,0.96607846
21863120303,0.0041973144
21867923803,0.0030244745
21869317701,0.88648707
21875366602,0.27192253
21877724901,0.0002995592
21877724902,0.0006485163
21884606402,1.7830686e-07
21886819801,0.8808074
21918310301,0.95918673
21919496902,0.0026165694
21940674701,0.473272
22039160504,0.46843
22039625901,0.9208092
22041468202,0.8519698
22041651201,0.5591647
22042174202,0.2010983
22042245602,0.005350778
22042245603,0.0023038448
22043080101,0.004845566
22043718803,0.62616926
22047113103,0.01673942
22047113104,0.010797842
22047420901,0.06339605
22047833502,3.5303874e-08
22048045001,0.0014280989
22064680205,0.0035370544
22066768201,0.9446207
22067398002,0.038503442
22073610901,0.8512312
22077204801,0.10214312
22077204802,0.9197108
22077721501,0.85735285
22079800901,0.15480304
22079800902,0.7112388
22082898301,0.9963542
22082898302,0.30488297
22085933102,0.02800606
22086766701,0.07975415
22086766702,0.03650179
22088892901,0.9407198
22090400508,0.021114724
22093489901,0.37771407
22094523101,0.5949336
22096832202,0.5271933
22098420201,0.044862263
22101369103,0.03058718
22103845101,0.08372883
22103845102,0.0152731
22103887801,9.279556e-05
22103900703,0.00039194783
22104909001,0.9192012
22106594501,0.030472744
22107750301,0.95837563
22108849601,0.8744043
22109782601,0.0014365749
22109983001,0.99408674
22110111605,0.08065368
22110234201,0.8455886
22110733802,0.05305144
22110800501,0.4960155
22110851901,0.9245034
22115196201,0.0064449874
22116154601,0.021410845
22116342001,0.0059696957
22117902001,0.033292335
22117964501,0.99903476
22120066401,0.05185916
22120066402,0.0007575077
22120576801,0.82895267
22120977701,0.8719847
22123841301,0.7183588
22127652702,0.0030152004
22131354402,0.72168726
22133708704,0.6612681
22133708706,0.046102256
22135424201,0.8627658
22143361801,0.8869045
22144415901,0.99077517
22151674001,0.99317
22154093501,0.50594586
22156544701,0.49904993
22156788401,0.99414235
22157408101,0.51722467
22158378201,0.86968786
22159525701,0.32499495
22161997901,0.92119056
22162943901,0.47253758
22164094301,0.46994582
22167799501,0.01340601
22168049702,0.0012890114
22168220501,0.7454815
22168220502,0.017069831
22168673801,0.997879
22169748701,0.9805859
22169765001,0.6624829
22172402301,0.096396275
22172402302,0.7374209
22173421501,0.14487506
22173674001,0.92324775
22174568201,0.3486918
22177719901,0.9200544
22177724601,0.33957592
22179856701,0.8032846
22180188201,0.24748681
22180501502,0.09903905
22180501503,0.05005135
22181043001,0.00056317565
22183805601,0.93391794
22184019601,0.00031844765
22184019602,8.353156e-05
22184019603,0.0001617744
22184630701,0.81213146
22189569005,0.4729387
22189572802,0.0001556604
22191094301,0.76212597
22194201401,0.98163235
22194334601,0.4747601
22194347001,0.6025691
22200826501,0.8521482
22201201104,0.0086753825
22205099901,0.024159381
22205726801,0.9761899
22208455703,0.004269653
22208687801,0.11355242
22208918602,0.0004923564
22208918603,0.00052434264
22211641901,0.45342773
22212659301,0.19760066
22216033601,0.8888206
22216033602,0.326166
22216570801,0.88494444
22216579101,0.861588
22216579102,0.94772846
22218443806,0.02314659
22221648305,0.059109855
22222977801,0.64996326
22223061701,0.96586144
22224039201,0.5209733
22226337501,0.9852127
22483758801,0.0016790631
22483758802,0.00014811473
22485147603,0.0037664943
22492891801,0.9362448
22493069501,0.97734547
22496451701,0.99192375
22498095001,0.43083397
22504037201,0.99839646
22507683501,0.115257934
22507683502,0.9291039
22510010602,0.00049698155
22511986801,0.35427395
22511986802,0.7214486
22511986803,0.97098583
22514644201,0.08405051
22514674901,0.004181362
22517492602,0.0007920005
22517855904,0.89174604
22523551701,0.9956103
22524306902,0.70184207
22525381901,0.14738879
22532909603,0.6769718
22541044101,0.9929773
22541344601,0.99568605
22545250102,0.00080300367
22545250104,0.0016744662
22545675103,0.5519675
22574095501,0.97606975
22575075201,0.9768872
22582540101,0.001600937
22582540102,0.0019562067
22594300401,0.9906781
22594767401,0.78349864
22604745701,0.43239963
22638249902,0.76355165
22672232001,0.09258123
22672232002,0.3210186
22672232004,0.51966834
22683261501,0.96053165
22683287103,0.0047453395
22702617101,0.00039821537
22703128501,0.062965855
22703623401,0.0051794453
22703623402,0.0344869
22713709301,0.9691853
22714156601,0.9812136
22746079401,0.87984145
22746581101,0.08934929
22746604201,0.7018384
22746612201,0.0036415986
22747060403,0.99648005
22747585002,0.019919058
22747585003,0.024565555
22769036401,0.12897483
22779793802,4.821732e-05
22781298204,0.7270037
22789763201,0.3142606
22789779601,0.9945253
22812334101,0.8599404
22812804901,0.0016075646
22834291301,0.33602783
22834332601,0.676465
22862957201,0.31440422
22862962201,0.00024680284
22873211903,0.6242769
22892300705,0.005760689
22892747501,0.39820072
22893246301,0.119190454
22893257401,0.9027624
22893269302,0.13903336
22911825702,0.2878488
22911847001,0.369739
22911847002,0.74853355
22911847003,0.3631986
22942425302,0.42223734
22942427801,0.0055333143
22942482604,0.0063201003
22961976801,0.3410271
22962968601,0.9608644
22971606501,0.0012041521
22971646101,0.45541018
22972674801,0.00035941353
22972674802,0.00031065047
22972674803,0.37004143
22981724401,0.0964233
23002970302,0.0083556445
23002983901,0.0047729025
23004470901,0.862756
23015290001,0.4870057
23035362101,0.8922753
23057082901,0.98017967
23058130401,0.00044254528
23079372001,0.97328496
23090832901,0.93603855
23102425101,0.0966461
23102425102,0.037552755
23102870601,0.89811754
23103886301,0.96849895
23107341601,0.2672384
23107350501,3.908993e-14
23112834801,0.5040536
23113689703,0.017141068
23125098401,0.9859023
23125142202,0.90761817
23125580901,0.087433234
23135126301,0.98018277
23135167201,0.031932123
23135171804,0.76309264
23135623801,0.87882227
23135659901,0.24259335
23136122801,0.47028348
23136122802,0.10493617
23136122803,0.2557073
23146193401,0.23257536
23146193402,0.005048795
23146193403,0.00069498067
23157353201,0.9853639
23172100501,0.9983469
23172100502,0.98845124
23174490501,0.06567175
23177003201,0.9686067
23178018201,0.67016834
23178490102,0.13044375
23180188501,0.008390414
23190221601,0.9898088
23190221602,0.09230089
23197688301,0.9079485
23197743802,0.8433778
23209700402,0.44229808
23231213701,0.051981892
23243648101,0.9845695
23254876103,0.0026828602
23265254301,0.005457041
23276038102,0.77822435
23276887201,0.040200457
23285972001,0.009480154
23286914102,0.6025662
23286914104,0.31352314
23287386901,0.77482533
23298543101,0.0069382046
23298545802,0.99659353
23299544601,0.0052415533
23300046202,0.7778692
23310541701,0.03768217
23310541702,0.0012342553
23311586404,0.94025517
23332010701,0.8727
23355321002,0.6722616
23355354701,0.9192936
23355843001,0.75331503
23355843002,0.9693294
23356301702,0.32581106
23376269705,0.046474475
23377274401,0.5597487
23398218101,0.7286561
23410160201,0.9944746
23420323404,0.10604815
23431021405,0.96371466
23442220502,0.0003679093
23442220503,0.0006456102
23453219601,0.39242974
23453966101,0.69700706
23463895601,0.98537964
23474773401,0.019452868
23496903003,0.28402278
23496903004,0.9914716
23509219903,0.0031334844
23518729202,0.011327091
23519268102,0.004084569
23520285401,0.1330565
23531881401,0.92589664
23541531501,0.82216555
23541623201,0.9972223
23542521601,0.9570152
23552279601,0.019962097
23553247401,0.0046814135
23553303201,0.6609115
23563172401,0.0037872668
23563172402,0.0140407495
23563172403,0.00010222078
23564189001,0.0010395834
23564189002,0.015423952
23573923701,0.9163421
23583698801,0.76868355
23606851101,0.040972803
23629031201,0.007922674
23629910601,0.7168388
23629910602,0.0019767147
23629938301,0.7818623
23640949101,0.056255594
23640949102,0.0005852152
23672559601,0.01593819
23673050801,0.6152
23683298401,0.045465272
23683818103,0.013219395
23693775801,0.8251329
23694796301,0.022479193
23695303701,0.99257255
23716404801,0.0032144682
23716458801,0.061376728
23716458802,0.61957234
23717288501,0.99287087
23795745101,0.17257723
23795745102,0.1417242
23796990004,0.00640763
23805885501,0.25695643
23805918001,0.99835455
23807039601,0.011883457
23809035801,0.0004150654
23809098302,0.021726629
23812303602,0.29029703
23812303603,0.10921336
23812380203,0.24115479
23812401603,0.17082696
23813118203,1.4520888e-11
23818056201,0.0015934889
23819575802,0.00027677152
23819770901,0.9930774
23819770902,0.30248705
23822807301,0.10674632
23886995603,0.0018552823
24549381901,0.25384587
24549662103,0.0008414733
24552442202,2.4708881e-05
24552475402,0.000102328544
24556561301,0.93892705
24556863401,0.011704234
24557497101,0.45417178
24560385301,0.004991691
24564376002,0.056640908
24573035201,0.8340049
24576474701,0.96508294
24581040301,0.1155338
24583900004,0.1562537
24587862401,0.9885727
24588812404,0.3774885
24593297202,0.21885319
24598067702,0.93818706
24600223201,0.00016569495
24600223202,9.283929e-05
24600621501,0.34233302
24601170001,0.20264083
24601170002,0.9472047
24601849901,0.06630643
24601849902,0.00062893325
24601849903,0.19437717
24601849904,0.00411658
24603533501,0.9665248
24603968601,0.58435315
24603968602,0.13634129
24603968603,0.42729986
24604617403,0.0030378005
24605227504,0.010829175
24605394301,0.01600006
24605394302,0.40468857
24607585101,0.3960695
24607593601,0.9432644
24609526002,0.005998749
24611740101,0.9260549
24612322301,0.9893461
24613706502,0.4585651
24614521102,0.0017733907
24615293403,0.00044969656
24617485301,0.0069797374
24617708302,0.013549602
24617945503,0.9456595
24618940801,0.44930458
24619891502,0.29409578
24620686901,0.93621665
24622419701,0.39984256
24624474101,0.0026258132
24625720401,0.73813814
24625720402,0.58385307
24625811502,0.28295362
24627345901,0.41189316
24628859601,0.011767175
24628859603,0.9524941
24633486901,0.93170625
24637396302,0.00635377
24639354902,4.6501307e-05
24639639401,0.8848859
24639676501,0.98433787
24641295401,0.99271846
24641921101,0.010409287
24641921102,0.0020439383
24641921103,0.004111509
24641926001,0.015554114
24643969602,0.09057628
24645286103,0.8530376
24645296502,0.5778801
24650911201,0.8974175
24652557704,0.41442597
24652579902,0.025288766
24655223401,0.0002931039
24655241401,0.011069957
24657290602,0.9543605
24658694001,0.2815026
24659711403,0.99057907
24660704601,0.0070446874
24660704602,0.97091067
24660776002,0.0029341565
24661442601,0.99048364
24661690702,0.0056882957
24663933101,0.92704993
24675923401,0.6664157
24687771701,0.99328136
24687793901,0.6435285
24688478702,0.010257467
24691290901,0.8098939
24692315202,0.0007977213
24702920902,0.00014521394
24703510304,0.9728037
24704045401,0.02358889
24704054801,0.0040321657
24704089201,0.0007666799
24704089202,0.00036863587
24707346801,0.041781276
24714373101,0.02123632
24715235901,0.1679201
24719214304,0.0006358166
24719233201,0.00042034974
24719233202,0.0002585139
24719233203,0.21974616
24721732801,0.9521247
24722186901,0.32203165
24729893501,0.008718131
24730371701,0.008504988
24735402302,0.03408069
24742043703,0.06890092
24742057301,0.98059696
24744163501,0.5149681
24745174101,0.004105349
24745174102,0.016790804
24748747801,0.0047078696
24748749901,0.012723576
24749324801,5.113686e-05
24749324802,0.003891328
24750520501,0.99442977
24757802801,0.72420114
24764919603,0.33180368
24764919604,0.5259348
24765332701,0.6678041
24765332702,0.4351297
24769748502,0.9974656
24770252501,0.014041693
24773016201,0.7788609
24773592201,0.6577593
24778146401,0.61978555
24778146402,0.8944001
24780832201,0.0540156
24781303801,0.00017691053
24785025603,0.9412464
24793347701,0.9911684
24793347702,0.99474806
25556746001,0.52703124
25556746003,0.0104230195
25558687201,0.9228214
25571712403,0.0029096028
25576031901,0.10502562
25576031902,0.007876382
25576614501,0.19372296
25576684701,0.08389683
25576988707,0.018315533
25578431601,8.890874e-05
25583238602,0.0007407964
25598969802,0.00013704288
25607453305,0.26077557
25607453306,0.20556304
25608610301,0.07990644
25621352802,0.00932945
25622677502,1.0174928e-15
25623995302,0.004767637
25637446901,0.57528645
25637446902,0.7475545
25637446903,0.6138721
25638076101,0.043535545
25639025101,0.30656952
25654092301,0.019770406
25695422201,0.21468885
25695825401,0.38556188
25709323802,0.21334232
25724885602,0.00020933927
25726621001,0.001300351
25726632304,0.010838971
25741194501,0.9964026
25741598902,0.008669958
25753472601,0.11132482
25754091102,0.26325384
25754091103,0.29458252
25754095701,0.018828694
25754095703,0.04973783
25754095706,0.1389776
25755065301,0.059254758
25755065302,0.0032733418
25757187203,0.038535442
25757707402,0.018477688
25761106302,0.001874769
25764177801,0.14428723
25768437801,0.042609114
25768558601,0.8831216
25772023402,0.34862018
25773707302,0.0008819414
25773707304,0.83333105
25825209501,0.0001678466
25826069501,0.44541228
25826069502,0.67620486
25826202302,0.112890676
25842192501,0.0009249142
25842192502,0.001446814
25842192503,0.00024917905
25849045303,0.027952975
25858126001,0.65277165
25858126002,0.23346473
25858126006,0.015142066
25872013903,0.11900042
25872013904,0.69272435
25874292302,0.0033074862
25881341102,0.0020809518
25881390301,0.010603604
25881390302,0.011831114
25889775501,0.99174327
25912451601,0.92112005
25912503502,0.120527335
25912503505,0.6680605
25919953404,0.086281076
25948133904,0.93908715
25948839702,0.019080127
25958968901,0.09345745
25963244204,0.8994522
25967529501,0.9480209
25970124201,0.8804168
25980273201,0.8907871
25994657402,0.1549435
26000432401,0.99929464
26004372301,0.99497426
26009174902,0.98940533
26009712202,0.03335349
26009712203,0.019378752
26009712204,0.991356
26009771102,0.36826164
26009771103,0.33750895
26012982601,0.05530041
26013232701,0.0020351955
26013232702,0.00418035
26013233002,0.02632588
26016045303,0.11943149
26016048201,0.13167976
26016048202,0.15824606
26019054701,0.0032359138
26019054702,0.0020453192
26024225701,0.54609454
26026059502,0.031046106
26026893203,0.002433319
26030427701,0.00055199757
26030427702,0.00046344724
26030429601,0.002072682
26030429602,0.00158021
26035350703,0.0043288497
26035371004,0.15110768
26035371005,0.09934198
26035384104,0.004899665
26035384106,0.004157002
26035558604,0.00794329
26041493001,0.00070171454
26042445704,0.034092404
26045968002,8.5269625e-05
26046260902,0.018984651
26046665901,0.052927118
26050411401,0.0015392035
26050411402,0.0016385604
26050414701,0.011261008
26050634002,0.08111926
26051993801,0.5300228
26051993802,0.97774214
26054554501,0.9967438
26054617201,0.0008760814
26055984401,0.9706862
26055984403,0.0124047445
26060882002,0.9811612
26060922201,0.19470951
26060922203,0.2941503
26070853701,0.9986883
26074903401,0.28799355
26081593601,0.7818654
26091366601,0.9644336
26091681104,1.3619676e-05
26092100501,0.7022179
26092577701,0.6914556
26092999002,0.24666491
26094918402,0.9918281
26095128901,0.37249207
26095128903,0.42226854
26095128904,0.8210417
26095158801,0.99426985
26096967001,0.016003672
26097151103,0.5402192
26098650401,0.08249961
26099532902,0.99841213
26105522601,0.98398215
26106049303,0.00016515849
26109007202,0.6611661
26117841001,0.00028558436
26117841002,0.00021210872
26120389105,0.11327026
26123942502,0.0004889987
26125771602,0.14383368
26130623704,0.9635422
26131421501,0.0006249701
26131421502,0.0005930745
26133274501,0.44248062
26142447704,0.001701303
26144966803,0.0050618225
26144985201,0.56916296
26145163701,0.00027715045
26145163702,0.00015724362
26154570303,0.002294008
26154596002,0.78549963
26158021103,0.59383374
26158160601,0.00113754
26158160602,0.00091519766
26158392003,0.6207667
26168060203,0.07913927
26168060204,0.44933856
26172424303,0.0034217576
26174665703,5.3099124e-05
26174687002,0.9925759
26177241101,0.9831187
26186740901,0.11502008
26187009103,0.069426686
26187163801,0.9112636
26187479401,0.8009519
26187515202,0.002414857
26189900101,0.4251578
26190247803,0.035027187
26190247804,0.016768783
26191131102,0.00075662206
26193037704,2.3622822e-05
26195174804,0.18361
26204521801,0.0009689785
26204521802,0.006290987
26215523601,0.94651634
26215697801,0.9481864
26215706104,0.3650404
26215782501,0.86258
26216234603,0.08568255
26219093503,0.3969149
26238506402,0.0015255488
26238506403,0.0035065713
26245583901,0.58281744
26245758702,0.99879897
26250828302,0.00076651043
26251692401,0.96988064
26252300102,0.02991805
26255335102,0.8717327
26255871603,0.004449269
26266623001,0.99798596
26270656001,0.0022204248
26270656002,0.00011206321
26271099101,0.10402046
26272820802,0.033318717
26272820803,0.0044976235
26272918701,0.56075674
26282503603,0.067696996
26283346001,0.018703196
26283346002,0.019576676
26283346003,0.0073338407
26283346004,0.63722175
26283346005,0.67151624
26291121401,0.9490301
26293961202,1.4741554e-05
26295481001,0.0008780512
26295481002,0.0013739628
26300317601,0.99960107
26303039202,0.8757421
26307226002,6.9000497e-14
26307226007,0.006108426
26307393401,0.43819422
26307961704,0.007869682
26307961705,0.0015563337
26307961706,0.00223194
26308038402,0.80552953
26308463105,0.017024893
26317656301,0.31547233
26319792502,0.016440202
26331062001,0.7218387
26331064703,0.3626544
26331064704,0.93727547
26335061702,0.9985209
26335076104,0.12781444
26348683307,0.14046533
26349337102,0.9202608
26349379603,0.01590496
26357197102,0.40935478
26360788101,0.056419462
26362976301,0.075404376
26366173702,0.99814105
26366872402,0.013251523
26371177901,0.8404715
26371330502,0.010554452
26371330503,0.00998655
26371340501,0.83719313
26371340502,0.6945269
26371340504,0.97798836
26371563301,0.08268942
26374803301,0.9971666
26374838901,0.6318997
26376831801,0.0087048225
26376831803,0.0020065927
26378510801,0.08221022
26378517601,0.31711397
26378555502,0.00014587454
26387274202,0.9027148
26387429804,0.008622388
26395378601,0.9867611
26395546001,0.5896409
26419743803,0.055256035
26421650602,0.09745524
26448794102,0.38640228
26449602903,0.00555276
26450110701,0.24044636
26536978902,0.41075113
26541498205,0.0027937682
26551039701,0.9868646
26552021904,0.00026035518
26552562901,0.01644587
26565749303,0.12673712
26582101601,0.0034192589
26641246801,0.28931397
26645577102,0.99494463
26645611903,0.46076894
26653025902,0.69295484
26669663701,0.00079749257
26670260503,0.07138269
26685660501,0.05901663
26701274602,0.04416469
26702505201,0.6122394
26714251904,0.6806891
26714771203,0.0044670864
26714771204,0.005773588
26714771206,0.00011331269
26716638901,0.4741639
26716684501,0.0011686796
26716684502,0.0007485121
26716684503,0.0008225689
26716684504,0.0010957322
26716684505,0.0012267914
26716684506,0.000773025
26716684508,0.004094697
26716693904,0.35528582
26716782501,0.96503377
26730331204,0.0038677903
26730331205,0.005587948
26730331206,0.010652023
26730668703,0.00078147475
26730668704,0.008266592
26730808301,0.19031484
26758046601,0.84103
26759440502,0.9846681
26880788703,0.000932067
26974289504,0.00015916438
26979548101,0.03452993
26984992001,0.03938881
26991599001,0.7830335
26991610901,0.7599357
27028529701,0.093239665
27028529702,0.12391214
27034121401,0.99940383
27034331601,0.8243606
27042506203,0.0055715046
27050417001,7.276091e-20
27050491005,0.09217837
27055766601,2.0035033e-10
27055766602,9.222665e-08
27152144201,0.3588728
27152203901,0.46000764
27155498801,0.0020989778
27157468501,0.21220122
27163993103,0.009938755
27172670301,0.0020718016
27181132902,0.24765024
27185283702,0.00013521087
27185449202,0.28541908
27189259502,0.459653
27190096001,0.1889474
27190324701,0.9726883
27190324702,0.9641174
27197246301,0.028176976
27208686901,0.61714846
27208686902,0.0006067019
27212748401,0.006239136
27212748402,0.00023079744
27212958501,0.0001898003
27212958502,0.00013555826
27212995301,0.91522646
27219488301,0.5159089
27219488302,2.3947635e-09
27219488303,0.9953048
27228581701,0.93167907
27235713401,0.9930996
27235713402,0.0032160855
27242919602,0.02308314
27252754601,0.73113
27256471803,0.20551132
27256471804,0.04276221
27276568603,0.31020528
27276863101,0.9993474
27277359501,0.20404328
27277359502,0.016724648
27277359503,0.2708542
27285353901,0.9581583
27285415703,0.056775916
27286134003,0.5540728
27322473602,0.0071028853
27326899101,0.05279152
27326899102,0.040301375
27326899103,0.76921487
27326899104,0.23932393
27327038903,0.006064177
27332341801,0.9391298
27369985401,0.44170132
27398839501,0.00406505
27408221601,0.0059923665
27415113501,0.99964786
27446160001,0.66753066
27641558601,0.84783155
27643954201,0.7775301
27664743902,0.96506095
27683657902,2.8021337e-05
27683743003,0.43276203
27686430801,0.7005642
27686430802,0.70971894
27690479601,0.69945204
27697729101,0.0024073091
27697729102,0.0022186898
27697854801,0.99767727
27701729001,0.41788855
27702250501,0.5039146
27703309601,0.8721507
27706982901,0.67637014
27710375202,0.00090184575
27710395501,0.9846346
27710844901,0.9826171
27714798503,0.40468466
27729898901,0.868744
27730004501,0.4358605
27805099803,0.21925916
27805531504,0.00068573246
27818334201,0.72503155
27829662102,0.036327954
27840861901,0.4501379
27840861902,0.83022946
27840939002,0.00063897215
27851841601,0.0071605816
27851841602,0.00070245046
27854284101,0.9958091
27854284105,0.89201206
27858939301,0.45851484
27859102702,0.95008606
27859364201,0.97368973
27868364102,0.0047969446
27868384401,0.999338
27868384402,0.9983949
27872677001,0.97964936
27873012001,0.0015543604
27873012002,0.00038143623
27873095601,0.016135931
27873095602,0.0103724245
27877694802,5.8776273e-05
27878011701,0.93158656
27882343604,0.0050765197
27886178301,0.0006957591
27886182601,0.0006020462
27886182602,0.00040052095
27886274702,0.9957
27886275001,0.9942947
27886277203,0.025781032
27886621101,0.99674255
27886622001,0.65552926
27889533801,0.030430151
27889570501,0.99159205
27889825503,0.0022542046
27899095402,0.7922213
27899166501,0.956726
27908839501,0.6353948
27915500303,0.06343696
27924762801,0.022088982
27925025604,0.020455725
27925155803,0.01581529
27936139101,0.00938323
27942806305,0.76411206
27942972201,0.041104708
27943008802,0.9591192
27943008803,0.8158479
27943042702,0.41419056
27951416304,0.5292348
27951615701,0.00016441623
27956970702,0.1722797
27956971802,0.00069102726
27957311101,0.006971341
27957459101,0.005173657
27957459102,0.0031795972
27961363404,0.00089345797
27961595601,0.008024506
27961595602,0.00046872266
27979776201,0.8279821
27979817003,0.02049302
27995042301,0.0020695105
27995222801,0.9501777
27995222802,0.8847572
28005211402,0.02432153
28005269001,0.040371813
28005365101,0.93723685
28005365103,0.09657109
28009683001,0.7529008
28069973201,0.0031239872
28090966801,0.009357494
28192762305,0.96177936
28197926501,0.8098475
28205019801,0.7623346
28205180302,0.020427767
28208557301,0.044738792
28209087502,0.00018453084
28419483702,0.00065023126
28419483703,0.0019180832
28419676203,0.0054834126
28715696801,0.9815745
28732926701,0.97712976
28735439701,0.9575326
28740200901,0.3833185
28740572701,0.00065519474
28742668902,0.03588081
28742818402,5.4003824e-05
28743199002,0.002355686
28749081302,0.017537732
28749174303,0.0044150846
28753093602,0.034339707
28753435901,0.025276637
28758831903,0.026154079
28759118302,0.0030950338
28759118303,0.014274444
28764023204,0.9149147
28764068003,0.0008341427
28764068502,0.00011237781
28764195402,0.0032463863
28771712302,0.9440352
28771712305,0.2655568
28795766002,0.22832151
28802749102,0.0010808418
28806738601,0.5851673
28876984901,0.99963295
29029048001,0.41820148
29040817102,0.0011194737
29041097904,0.00028899164
29041097905,0.0003685824
29054777001,0.84475505
29055928001,0.49009684
29060531101,0.0014720191
29069929902,0.00021476563
29070370202,0.49603432
29070402701,0.9034641
29070402703,0.11524487
29074019201,0.71694195
29083085001,0.21814604
29083403502,0.051944166
29083951201,0.0074992906
29083951203,0.0019445608
29095350408,0.64282966
29095575303,0.4398439
29100079303,0.20994572
29100565601,0.9557346
29100565602,0.9765489
29100565603,0.92500645
29110114603,0.20717548
29110228401,0.0042069955
29110228402,0.0040879976
29110228403,0.7670558
29110228404,0.6368773
29110592401,0.83779705
29132383101,0.40539294
29141720106,0.992272
29142244001,0.40715322
29144913201,0.49088845
29151753701,0.79671186
29151760401,0.9903504
29152077301,0.0059810276
29182529401,0.565998
29212271704,0.00074426376
29212276901,0.00024145462
29212276902,6.337407e-05
29212768701,0.00055515306
29221488101,0.70167595
29221493501,0.0018098234
29221493502,0.0015647323
29229480901,0.9247076
29229480902,0.6216953
29241156701,0.95111674
29241523402,0.8861027
29247930902,0.9849834
29251239901,7.679674e-13
29270577404,0.0014490975
29282490402,0.9654808
29308064101,0.06512273
29315430402,0.0007537467
29316626904,0.057821143
29322246202,0.009049164
29324062304,5.747703e-05
29324609001,0.24742651
29327303201,0.0020390083
29343763701,0.26257446
29348090301,0.050094377
29348090302,0.0073158527
29389805801,0.98322254
29396538402,0.00067416736
29404794903,0.026634086
29405213203,0.23004837
29405213204,0.26716363
29409296601,0.00040343462
29409296602,6.786189e-05
29409382403,0.00037354624
29409382803,6.356579e-06
29414726401,0.66778904
29414726402,0.020194115
29414726403,0.69919854
29414726404,0.3427287
29414807901,0.005140055
29414807902,0.0026096173
29415492801,0.9648841
29419561702,0.9306582
29419561703,0.0004116738
29420837802,0.0023745582
29429237301,0.99451977
29432731204,0.0019405824
29434148703,0.3568626
29439947401,0.5983213
29443845601,0.4276016
29443851901,0.35881817
29444175701,0.79647994
29460727001,0.93617463
29460732601,0.34665614
29468766501,0.73882186
29475193401,8.867471e-05
29478154701,0.9613079
29483547602,0.0020702926
29486954902,0.9512801
29487345703,0.27558264
29489270701,0.55726135
29492969502,0.15777297
29497805101,0.79010814
29497805102,0.47866532
29498156601,0.9796765
29498222201,0.9950276
29498228902,0.5156144
29504166101,0.71292126
29513104101,0.7510063
29516943101,0.6172359
29517639301,0.7445726
29536876701,0.89273673
29537350203,0.017645901
29537501101,0.8106113
29559371202,0.9527205
29559925601,0.9951047
29559925602,0.048998058
29559925603,0.002115188
29564674901,0.75368804
29578046401,0.9392003
29755818303,0.00021849503
29755818304,0.00017646342
29756126902,0.00048158638
29770101304,0.057720378
29771119701,0.012926148
29772274301,0.5588337
29782930801,0.901962
29782930802,0.7730193
29783354301,0.0040676487
29805684404,0.16185792
29805991701,0.5312085
29805991702,0.019305272
29806911401,0.97212136
29828173501,0.51811063
29838867101,0.3322808
29839044701,0.8916929
29839044706,0.0010255675
29852037401,0.0015864637
29852843101,0.9391605
29862728501,0.29064134
29863442301,0.28069422
29863442302,0.83312476
29863487601,0.9585309
29871998303,0.0022191615
29871998304,0.000861347
29872318301,0.8033855
29894113901,0.9588037
29916232601,0.8811375
29917356101,0.0008879178
29917356102,0.0058499887
29917356103,0.0005209896
29917440301,0.76729345
29927187501,0.9516377
29927274602,0.00036691068
29939926004,0.94015604
29949898201,0.99513865
29950712302,0.49053812
29971922903,0.0031489118
29972078402,0.0005745452
29972173801,0.64721584
29972871601,0.7558282
29977986802,0.002092484
29979965801,0.9991353
29987018701,0.011026495
29994528501,0.0014016312
29994528502,0.0015896496
29994528503,0.9426044
30003893501,0.99088436
30008705901,1.5544434e-09
30014106204,0.0019067752
30014106205,0.017370049
30015908202,1.0828193e-20
30016476601,0.93821275
30016656205,0.28708586
30016759701,0.0058795405
30016860901,0.9271183
30028954301,0.14887957
30029319702,0.9904027
30030730501,0.82862586
30031613204,0.43114674
30032179801,0.72498196
30032649603,0.043220792
30032649604,0.2778041
30032683902,0.2358955
30037859601,1.17662795e-08
30044456803,0.46716514
30044862502,0.36142725
30052399801,0.67575234
30064108703,0.77934915
30071014401,0.39214084
30074436902,0.014445951
30074542704,0.2829537
30075494602,0.039658457
30076192503,0.89109707
30080830101,0.9658015
30081008601,0.9859983
30081274101,0.9916579
30081274102,0.9889749
30087154501,0.97031647
30087154502,0.034182508
30087674601,0.23163347
30094897301,0.9211135
30094897302,0.96299446
30095543403,3.4520517e-07
30109886907,0.68365073
30115216901,0.9963025
30115379201,0.05826565
30116063801,0.24638653
30116063802,0.0030472958
30125009301,0.76973087
30125334401,0.8566988
30130923101,0.0010760009
30131311901,0.9451961
30139977901,0.11239229
30154499103,0.006450792
30154920102,0.4218785
30155164401,0.9871885
30160961501,0.02761086
30161355903,0.23509784
30175063001,0.040155396
30175063002,0.52013063
30175294302,0.4462187
30189600401,0.0044050934
30189603002,0.08560982
30194895401,0.004440375
30194895402,9.957171e-05
30195525702,0.19746599
30195634201,0.92139405
30195634203,0.021302124
30195635701,0.0017638927
30195635702,0.008507755
30205475701,0.94120675
30205497401,0.105353646
30298713005,0.10426811
30298848601,0.07632875
30301363001,0.2019769
30301363002,0.4861151
30301363003,0.47165847
30301708302,0.17612998
30314365601,0.0010991232
30314365602,0.39747632
30326438701,0.031831615
30326438703,0.2830537
30326870702,0.8679721
30337329902,0.22259708
30339007702,0.0010973868
30346690901,0.865948
30346867104,0.82237124
30346972501,0.8095108
30348573003,0.06895797
30348734302,0.001531321
30353147001,0.6010536
30355737703,0.00057389174
30365284401,0.0059651076
30365617801,0.983074
30365717101,0.9134541
30371152901,0.7635515
30371572601,0.9159304
30378848702,0.2414093
30379358301,0.0005407028
30384110102,0.020561362
30384769801,0.9824248
30389946702,0.20666593
30390173001,0.381243
30390173002,0.59697795
30399401101,0.33398026
30399951201,0.95954716
30399951202,0.83909684
30399951203,0.50415224
30406573202,0.010605675
30406638001,0.034143995
30407181701,0.004188514
30407182701,0.9073266
30407401202,0.26691467
30407503102,0.66817796
30407951901,0.9489015
30418255101,0.022659425
30419007501,0.70252144
30423779003,0.0043755365
30423787101,0.9951748
30424573801,0.7746275
30424590302,0.3902309
30427458401,0.0006745237
30427458402,0.000781228
30432655001,0.9627921
30433113801,0.0051565445
30444809701,0.82617784
30448101303,0.014519277
30448178701,0.64591515
30448178702,0.20497037
30448178704,0.42887148
30454564202,0.2239256
30454785801,0.6642768
30466376101,0.43626428
30466376102,0.03561328
30466456901,0.85377395
30469061801,0.9996952
30469061802,0.9971355
30470641901,0.35801855
30470818201,0.90031487
30472961001,0.12981866
30473644201,0.5164489
30476876901,0.7137159
30477444401,0.9991586
30477444402,0.9951047
30484227701,0.73320085
30485533602,0.0072559426
30486265301,0.0002604299
30486265302,0.00025775807
30486265303,0.0008071628
30486265304,0.0014772887
30486443401,0.39274886
30489838201,0.90947723
30490239003,0.010941791
30490342801,0.21340889
30501828801,0.7003978
30501828802,0.8452153
30501837302,0.76223844
30518186301,0.98422205
30532210702,5.0078448e-05
30532369303,0.03785815
30532857801,0.96176505
30532986802,0.8435382
30542400301,0.99982136
30542556602,0.011956872
30552180001,0.081109256
30552180002,0.029622857
30575655101,0.017907564
30620131104,0.05743871
30627151403,0.0057876804
30635759303,0.00015267136
30645349904,0.00019136451
30646658201,0.67499423
30657320101,0.35509938
30657320102,0.5716639
30657378602,2.603689e-05
30657955001,3.8167926e-08
30663508801,0.99275714
30663508802,0.889443
30663842701,0.3709719
30672323002,0.0050269803
30672377501,0.037314426
30673953702,0.0065095653
30677139301,0.00022753705
30677241102,0.012477625
30679070201,0.21895844
30679543103,0.14452802
30682369201,0.0006762678
30689766403,0.015711065
30692926302,0.2591272
30692926303,0.30278563
30692926304,0.03750756
30705737802,0.54106945
30709150403,0.0031585086
30715884502,0.010866331
30715884503,0.0106560895
30715939602,2.4160354e-11
30732028202,0.003666383
30732409801,0.4819499
30732748801,0.4725033
30739915702,7.605931e-05
30749068601,0.48201782
30749106901,0.0058570863
30749112901,0.00033884938
30749239801,0.24380688
30935049801,0.020770868
30935054301,0.7796863
30935092101,0.9454895
30935092102,0.016076718
30941059801,0.82078964
30948580001,0.5523141
30948629204,0.00054386246
30948634103,0.86687994
30948634104,0.8471639
30954461202,0.5350792
30963618501,0.30432534
30965471901,0.97425586
30965761001,0.64726466
30965822101,0.6818825
30965953001,0.18759897
30974462701,0.0005993799
30976004201,0.011242017
30979235701,0.999471
30995649202,0.30181068
30996336201,0.98288226
30996340801,0.013847882
31009982901,0.8901938
31010281101,0.0122694895
31010313601,0.99881554
31010421501,0.35601023
31017413306,0.4464209
31017948602,0.57244503
31018289901,0.30717078
31035510601,0.93964297
31041914304,0.1817648
31041979501,0.48503003
31041979502,0.012623154
31042640401,0.7000232
31050716202,0.0005091606
31050716203,0.0008887165
31050962601,0.0032094033
31051309701,0.01829441
31051309702,0.0044649234
31065631301,0.2077211
31066279003,0.009394364
31066294604,0.8815012
31073216103,0.019983737
31073348401,0.9819311
31079639803,0.009519302
31079639804,0.027905172
31079659601,0.94070446
31080328201,0.00047985293
31085579702,0.39265794
31086235905,0.0006927272
31095468503,0.12656482
31095512502,0.71786505
31095512503,0.6781008
31095512505,0.03786787
31095622501,0.39945075
31095960601,0.044101827
31095960602,0.112279065
31095960604,0.2299238
31102893306,0.3920892
31103481801,0.91254896
31110694003,0.0012336933
31117500803,0.3559293
31124246002,0.012240883
31139230601,0.009557395
31139241705,0.02182469
31141311301,0.0014748906
31141311303,0.008052052
31153074105,0.050806187
31153074106,0.065898396
31153137204,0.07057533
31153423902,0.20361371
31156458102,0.6868691
31189217004,0.46050173
31195859401,0.9601642
31196300402,0.0002807565
31226738103,0.00743323
31238678201,0.9805104
31239040401,0.69875807
31239225801,0.7843847
31264122401,0.003259776
31275867301,0.04240255
31275884901,0.028280472
31287423601,0.45659712
31287423602,0.86152315
31287640404,0.41531608
31299226201,0.52506715
31299280601,0.22514872
31300028601,0.983293
31312069101,0.7253597
31312069102,0.39598507
31312389901,0.18638043
31312800101,0.26411828
31324528502,0.013783238
31335382501,0.8898277
31348201604,0.11365229
31360103001,0.84169006
31360186501,0.52252686
31360332501,0.00079341873
31360332502,0.0003009375
31360332504,8.308723e-05
31371563702,0.0020407117
31384116301,0.025114216
31384116302,0.013986866
31384355301,0.99071914
31384390703,0.018784184
31384390705,0.022040721
31384645901,0.46786317
31394113801,0.9637295
31407379003,0.0002741139
31407379004,0.0002162987
31419413202,0.019592028
31443420602,0.8885912
31443586801,0.7962273
31444058201,0.0015587542
31444058202,0.0017537636
31456224401,0.83167017
31456224402,0.8177267
31456540002,0.27650768
31486596201,0.97590715
31493998303,0.085940674
31494107001,0.0027057284
31494107002,0.045124955
31494111801,0.0011787158
31494111802,0.0059843
31508122701,0.77780676
31519888203,0.66431916
31528635401,0.1282112
31551522401,0.0005300339
31551522407,0.41759938
31552073101,0.08432659
31552916201,8.9523404e-05
31552916202,6.1628154e-05
31552916203,8.418071e-05
31552916205,0.0020831365
31554413001,0.9023129
31554555501,0.6503329
31564628603,0.9042736
31566869501,0.024695214
31576279901,0.0048548733
31585451401,0.07848811
31585451402,0.5394889
31609788502,0.012526345
31634576701,0.10877094
31671014801,0.8826764
31685520601,0.67235464
31685520602,0.83309215
31685540401,0.009894831
31685540402,0.43859094
31685879501,0.11929888
31686730401,0.97377837
31715386201,0.46028453
31725062302,0.0039018996
31804494102,0.027013825
31818199701,0.004917062
31818199702,0.009096368
31821351901,1.1100808e-05
32227262801,0.9086475
32227262803,0.96190906
32290232001,0.00046431375
32290232002,0.00045314513
32290232003,0.000452929
32300722302,0.00075156486
32300820904,0.000430146
32306061402,0.0006905266
32306315602,0.3034643
32306337701,0.926069
32313365901,0.0028643394
32329547901,0.99653554
32335522503,0.86676985
32342670405,0.8321557
32342916601,0.5312325
32343234404,0.015661193
32344319401,0.0037236821
32344319402,0.33198318
32344329103,0.0010942447
32346111801,0.7896753
32351102604,0.00038327315
32352156203,0.9059906
32352169403,0.0015795857
32356256401,0.7858162
32356372903,0.29946795
32362403904,0.00015702922
32364689601,0.00018616114
32364689602,5.1861232e-05
32364897501,0.0317555
32368510503,0.0006783482
32372755601,0.0033564186
32372755602,0.018544959
32373224603,0.0011258019
32376232101,0.6502561
32376427701,0.0007435959
32376427702,0.0002078159
32383694501,0.001295573
32383694502,0.004552906
32383694503,0.0011787254
32383743401,0.7340458
32383743403,0.99970466
32386421903,0.002745582
32387642601,0.93324864
32387823602,0.0005286988
32396848403,0.006635123
32396856601,0.00039865158
32396856602,0.00019220772
32398924701,0.06727441
32399241101,0.8470326
32400358301,0.9901273
32401024105,0.20955522
32404819301,0.11360724
32411913502,0.00021751829
32412829502,0.34197512
32414433702,0.0016199951
32420035801,0.0034854524
32420452301,0.81742567
32420575301,0.5627993
32420575302,0.44931805
32420822401,0.3771603
32420822402,0.019678945
32431692402,2.5567075e-05
32432445403,0.07193376
32442452704,0.92692775
32442469603,0.0023597763
32442833403,0.00037785558
32443497801,0.1972128
32443724004,0.0037820388
32449469804,0.21708077
32450262801,0.8534027
32460755801,0.007976071
32460851409,0.10739923
32461281201,0.00045003896
32461281202,0.00093118334
32465481104,0.0004457095
32474838902,0.4781311
32475731102,0.0005569041
32475935204,0.65975064
32476072101,0.15575436
32477497902,0.6414499
32477497905,0.96131206
32485285301,0.94169736
32485285302,0.86583227
32489057101,0.0069551812
32489057102,0.007130322
32489275701,0.9183882
32489361302,0.018564522
32492783604,0.0007923493
32501276804,0.86764777
32556374402,0.67129964
32556436601,0.033689417
32556436602,0.24471065
32571096402,0.97003126
32571096403,0.38086444
32571629603,0.0017071594
32584736001,0.9954377
32587099002,0.00067978783
32587307601,0.0020856317
32587307602,0.0010643997
32588833501,0.36284184
32602282201,0.443369
32612924502,0.00088276906
32612924504,0.13639648
32622535503,0.5623516
32622535504,0.5302635
32638138401,0.4308583
32640871801,0.9907318
32641199403,0.36402747
32641199404,0.39576396
32651018301,0.9887503
32659876601,0.8461024
32659876602,0.8311608
32668934407,0.06368897
32669214401,0.9879291
32669398801,0.99006224
32675196001,0.8664623
32676001002,0.0053613274
32676544401,0.49782085
32677189203,0.0111223385
32690667202,0.0311918
32705486401,0.9386649
32706790601,0.0019811634
32706987204,0.4334663
32707125401,0.009141
32707125402,0.0049647274
32730440601,0.043468956
32738237101,0.5027549
32738237102,0.2956649
32738237103,0.8258926
32738995301,0.0809867
32739067303,0.47903728
32753630101,0.5620393
32784687701,0.9912907
32796910402,0.0042703687
32814130501,0.0036652945
32814453803,4.5568242e-05
32814799802,0.9266242
32815595301,0.9737167
32830675501,0.02887112
32830675503,0.010693748
32845763901,0.95228404
32845763902,0.68846256
32862415802,0.0005422297
32878113301,0.104499765
32894674901,0.006948147
32909842101,0.65805286
32910447101,0.96549237
32925562201,0.9795559
32939977204,0.0109644625
32940118302,0.00038499833
32957299901,0.008769384
32957942701,0.9814935
32958050701,0.47058442
32972016201,0.8876062
32972016202,0.8244151
32972706401,0.0069101835
32973392601,0.22678715
32984872201,0.5018059
33016782201,0.81824106
33017591802,0.007651633
33017594302,0.39113912
33035746001,0.02954199
33051467502,0.9479029
33051605001,0.0011591006
33080881201,0.10782568
33096295001,0.27576056
33096890201,0.99779344
33113133001,0.0071202423
33125910901,0.029465199
33125910902,0.0062968084
33143630901,0.86010617
33158594701,0.08756784
33159736001,0.06918432
33176314802,0.69430095
33177386502,0.16217922
33177387502,0.6650679
33188966805,0.108993284
33189172901,0.74649596
33202650201,0.02891737
33202859802,0.013121655
33218409501,0.9743164
33218409506,0.3884755
33219007502,0.0057413797
33219100502,0.23014045
33219394901,0.0048302487
33244230008,0.00075119577
33244372401,0.9155574
33518625602,2.1523274e-08
33519369401,0.8804149
33520653102,0.5311839
33520653103,0.055217896
33540139101,0.0049276585
33540210101,0.9973615
33554524001,0.42619964
33554524002,0.7628678
33556261502,0.10194726
33570153601,0.7581913
33570153602,0.91567236
33601247201,0.31558952
33601247202,0.119099036
33602313701,0.052442964
33613706502,0.0010230244
33614287701,0.0045969957
33614287705,0.9745669
33614552001,0.0042717275
33657475801,0.9046482
33670052102,0.0155397225
33670730501,0.883911
33685520901,0.83663124
33686333101,0.16752732
33696405901,0.0041155834
33696405902,0.0002975908
33697138001,0.25160983
33697191503,0.19089682
33712610301,0.026995612
33719302801,0.62851495
33719312802,0.47271448
33719535302,2.7061456e-05
33720058701,0.0045248885
33720058703,0.13574056
33727469503,0.06573311
33734938102,0.16159496
33739324701,0.9623984
33739881902,0.0046769986
33740881301,0.98147583
33743756601,0.59796184
33743756602,0.23898421
33756090701,0.80973935
33769074701,0.3644709
33780683201,0.96014506
33787999701,0.91366863
33788545601,0.9475452
33794511901,0.83821
33794511902,0.733687
33795222901,0.21356101
33799519402,0.005241332
33799519403,0.0029514492
33800923301,0.9433757
33809866701,0.9937628
33811950201,0.07212133
33823254301,0.9400918
33829381102,0.41461006
33835052701,0.974376
33849206802,0.0023046099
33849356703,0.019228997
33863576701,0.30889988
33863576702,0.050681993
33873659101,0.0009913133
33873673301,0.2776941
33873673302,0.31161055
33873942601,0.13621335
33885756704,0.010773143
33885997804,0.9191139
33901599101,0.9669017
33927944001,0.99754226
33944248401,0.06883812
33955867801,0.4864405
33956336701,0.001226438
33956342601,0.0016059336
33956454401,0.0006941917
33956455101,0.00051988085
33956484501,0.0002328666
33956545201,9.404989e-05
33956554206,0.39194494
33956558401,2.022336e-05
33956558402,1.1175213e-05
33956558403,2.908161e-06
33956573901,3.0527925e-05
33956573902,1.4751442e-05
33956574001,1.0929041e-05
33956574002,1.170234e-05
33956798501,0.00042820518
33956798502,0.01831824
33956800601,1.5725185e-05
33956800602,1.2088348e-05
33956800603,0.0005593536
33956805901,0.00060886255
33956807101,0.03161622
33956807701,7.07451e-05
33956807702,0.00012407525
33956807703,0.08285577
33956812501,0.0011589185
33956817001,2.7417622e-05
33956817002,2.157399e-06
33956817003,3.1177162e-06
33956820001,3.7904178e-05
33956820002,0.0001379758
33956820003,0.00244193
33956824702,1.0
33956824703,9.598424e-07
33956824705,4.2413667e-06
33956824708,1.5662653e-08
33956827001,0.0030203923
33956832801,3.375866e-05
33956994201,8.1951046e-05
33956994202,6.289754e-05
33957015301,0.003777444
33957015302,0.001002362
33957026001,9.075253e-05
33957026002,6.68611e-05
33957300901,0.048066508
33961188301,0.97183293
33963358402,0.0007422999
33968020301,0.00932359
33968020302,0.00048990664
33968055201,0.0014314641
33968213401,0.9980843
33968283004,0.007852088
33968544502,0.016623037
33968544504,0.09393479
33968815801,0.2556798
33968950202,0.63530946
33972309902,0.0015018807
33973301301,0.982702
33973301302,0.7426102
33973301303,0.18767013
33975272901,0.9172714
33975656101,0.5656942
33975889702,0.07739792
33983299501,0.028814776
33983649001,0.97578657
33991355001,0.79715264
33997920001,0.53801656
33999003801,7.085226e-05
33999003802,7.55708e-05
33999003803,0.012388679
33999003804,0.008382213
34009360401,0.006451455
34013076702,0.9551004
34013076703,0.010291507
34013076704,0.0054552164
34016460202,0.5537203
34016616701,0.95865214
34017008002,0.9180499
34020604405,0.037429538
34027438401,0.16565152
34028148307,0.003105391
34028560001,0.6622545
34028802201,0.0014138616
34050494501,0.18286055
34062040703,0.08700246
34062928903,0.0050547747
34063019701,0.56817204
34063019702,0.49092624
34067038701,0.03667071
34067052301,0.002647602
34067092201,2.0418742e-05
34067135701,0.2505462
34084498402,0.52196974
34084582603,0.47602907
34084689101,0.019966407
34084689102,0.0052517797
34086810801,0.8411839
34086831801,0.9940268
34086991502,0.000117377
34087762601,0.6956759
34087762602,0.8503687
34088361401,0.86863494
34103148002,0.0017500703
34108527302,0.0039967517
34108771701,0.57432276
34114294302,0.0011496975
34114294303,0.0023552242
34125076101,0.96371454
34125818201,0.014525966
34125818202,0.0002707299
34125998901,0.5999477
34126184601,1.9439007e-05
34126184602,1.6329826e-05
34126197001,1.7978544e-05
34126197002,1.6217728e-05
34133886502,0.0034359547
34138218301,0.0011653734
34138220901,0.010875976
34138220902,0.62540656
34138525601,0.9813194
34139966801,0.010738971
34147057401,0.9664401
34147057403,0.95344365
34147613001,0.99224466
34147927603,0.0027364176
34151302001,0.009043313
34151521401,0.01843155
34151521402,0.0035737357
34151535501,0.015584488
34151535502,0.0018689834
34152008201,0.63311535
34152033401,0.0023481916
34152033402,0.0005962856
34152033403,0.002355482
34159787501,0.849124
34171016301,0.99727803
34171016304,0.22835296
34171577402,0.032895204
34180339901,0.81574297
34180340101,0.78936565
34180590801,0.97664964
34180590802,0.7739635
34181881101,0.9237212
34183842001,0.45004603
34191252203,0.1378142
34191720604,9.945636e-06
34191720606,5.451234e-05
34195221801,0.16166453
34195503101,0.012389216
34195503102,0.05386567
34204300801,0.098907374
34204465701,0.97646457
34205138703,0.71185565
34205138704,0.47312978
34213578102,0.8398916
34223289101,0.95068246
34223686701,0.7771688
34225913701,0.0051410426
34225932401,0.0061385687
34225934401,0.008460047
34236051401,0.35923237
34236051402,0.52959585
34239922001,0.017636498
34239922002,0.0001778282
34246945501,0.7855298
34246945502,0.6175042
34247401001,0.95472974
34247401002,0.8573932
34255472301,0.039691117
34255632101,0.8541979
34256752902,0.00024387006
34256752903,0.053050768
34256769501,0.97301066
34261796801,0.9322139
34268386002,0.9562785
34270269903,0.010903022
34270269904,0.52883655
34291558001,0.015580261
34303199501,0.98500353
34303480901,0.4626434
34311938102,0.04236255
34316698301,0.76771355
34316698302,0.5337517
34325328205,0.008143178
34326030702,0.041563988
34329605902,0.0010334497
34333867602,0.6817483
34336548101,0.2197546
34336548102,0.91849726
34336548104,0.41021678
34337716901,0.9865801
34337724601,0.5577647
34337745701,0.0038892399
34337762402,0.5880943
34337834501,0.00011504872
34337834502,7.565906e-05
34338368101,0.0011242175
34338368102,0.001121004
34344943703,0.027970431
34354122201,0.886233
34357397102,0.8484345
34357397104,0.87852764
34357397106,0.02889996
34357569402,0.3270225
34358582401,0.33768454
34358700001,0.9307397
34364733501,0.77913386
34364813603,0.93021345
34364945401,0.9404702
34365125505,0.0928896
34365219603,0.0003693478
34368152403,0.023834394
34368187801,0.3858499
34368487603,0.000751398
34375729902,0.011715072
34376193202,0.6774424
34376436001,0.77810675
34379800101,0.40003654
34379949301,0.00028788697
34380086601,0.97448933
34385424001,0.9855753
34388482501,0.83513236
34388482502,0.9055617
34403162701,0.95155174
34407735302,0.0011460421
34411135901,0.04107281
34411269001,0.011675598
34411575001,0.5921125
34423230001,0.96061116
34423441402,0.00073680235
34425865701,0.0001730509
34433722504,0.084751226
34433722506,0.049258567
34433771301,0.020077674
34433870301,0.21818075
34433870302,0.1983001
34435187103,0.17228462
34439801801,0.9980787
34447050903,0.7112862
34458859903,0.017068565
34460040201,0.9293039
34460426301,0.002021702
34466759001,0.9294891
34467085401,0.318361
34467085402,0.7606699
34467569401,0.84322107
34469160301,0.97520417
34479463202,0.011074416
34479692104,1.1510613e-05
34483848801,0.99560684
34492558801,0.00092755334
34492558802,0.0015748582
34496460802,0.18724489
34496955003,0.76382035
34497489301,0.9069793
34509282901,0.9046919
34509763401,0.06684204
34509763402,0.08111818
34517331502,0.0031579037
34520447101,0.18673009
34537130801,0.2834616
34554436101,0.24539362
34554436103,0.9948264
34554812702,0.00023694952
34555184101,0.5471844
34555184102,0.004354459
34555192801,0.0014783575
34555390101,0.88161933
34582224601,0.91809136
34634767701,0.9940415
34639827902,0.96134776
34640522601,0.36315918
34652034102,0.09513169
34660497801,0.28124765
34672609202,0.05170704
34672720101,0.013535427
34672720102,0.015882896
34672720901,0.40192437
34672792602,0.47954947
34674306203,0.7874676
34677039204,4.8083795e-05
34679228101,0.9975916
34679523601,0.90623826
34679674101,0.07820285
34681068601,0.10195752
34681288703,0.005586486
34681395001,0.046459984
34682256401,0.0049243793
34682501402,0.0012301356
34683058301,0.005567002
34683058302,0.0067111063
34690292304,0.16151492
34691262301,0.9860622
34691262302,0.011284934
34695350801,0.92580336
34703035501,0.951626
34704243201,0.007998271
34704243202,0.0094612865
34706869302,0.0042798296
34708176101,0.00056112674
34721352101,0.06911387
34728360101,0.99523795
34729037202,0.09440128
34736944701,0.0018764401
34736944702,0.0016232345
34746077901,0.005616041
34746554101,0.0023014434
34761353601,0.9228373
34761473301,0.057241663
34761473302,0.004440687
34762087002,0.062306322
34765644407,0.48258227
34765691101,0.015967397
34765691102,0.009406798
34765706602,0.00021720845
34774338901,0.8524687
34778028501,0.99027973
34778558301,0.3543455
34778704101,0.0065417686
34787326202,0.00061882695
34787435802,0.9576783
34800682402,0.0005832332
34804054501,0.9162149
34804243901,0.9634902
34804243902,0.47930127
34813042001,0.003907252
34816801901,0.8782843
34817119901,0.953187
34817645401,0.988622
34825025901,0.93632317
34834137801,0.9652402
34834462207,0.10749158
34840107101,0.013644123
34840107102,0.000112270594
34840107103,0.0014949655
34840107104,0.0009857542
34844886401,0.9471073
34845963501,0.968997
34846082901,0.9777052
34855628102,0.9735482
34857057501,0.9448597
34857132608,0.1754824
34869424701,0.9607877
34869926003,0.050367452
34876244101,0.848685
34876345301,0.011513189
34877117902,0.99097157
34883961101,0.20918658
34884124202,0.00026982056
34885229801,0.9059377
34885229803,0.9839581
34885360504,0.001145359
34889719902,0.03641875
34889867301,0.08721369
34895779302,0.0
34897218401,0.99389464
34898480202,0.68633044
34898568201,0.2712303
34899109903,0.028615376
34899746702,0.041824088
34899761203,0.00020595653
34905944803,0.39742193
34909514901,0.9963922
34914500401,0.63514596
34915449001,0.48269334
34923744201,0.2750606
34924096101,0.6929037
34924366501,0.0012769118
34924593002,0.7936924
34926970102,8.506642e-05
34927000101,0.012013495
34927000102,0.013885804
34930944202,0.0020593884
34930944204,4.3102278e-07
34937159501,0.11611349
34937159502,0.001667637
34937319201,0.0008873
34937319202,0.0009996046
34940722801,0.0014619812
34943397602,0.62676173
34943397604,0.8170454
34948459501,0.6040066
34953966501,0.49218598
34953966502,0.7085223
34954340105,0.40042433
34954411201,0.21943268
34964460603,0.6444921
34964851002,0.2466912
34967968101,0.0009592546
34974792902,0.044212326
34975139306,0.0016075416
34975697201,0.8834768
34976705101,0.09231344
34978691601,0.99509674
34978691801,0.99351805
34980504401,0.9699841
34983282402,0.00043804283
34986285201,0.28270793
34986542306,0.03059592
34989255901,0.5639066
34996391402,0.18161061
34996426403,0.022740932
35000584601,0.25816748
35014629601,0.1654607
35015411901,0.67569894
35027646202,0.0005385099
35027706202,0.499339
35029767702,0.0073331916
35033350702,0.0077473586
35033613202,0.9324024
35035563201,0.035097905
35043133501,0.0006799184
35043133502,0.0007488795
35043133503,0.06444543
35043133504,0.23580815
35046762401,0.44455826
35047910101,0.085396685
35057599701,0.9949267
35067974502,0.00888081
35074247502,0.099418335
35074371401,0.9988471
35076779401,0.34181017
35079640702,0.23407951
35080347202,0.002965447
35080347203,0.0047900383
35080469601,0.99645644
35080884002,0.005242434
35080884004,0.05887479
35084283801,0.5035749
35084283802,0.8334966
35084633401,0.9161926
35085346601,0.97671914
35085351302,0.002900586
35085871301,0.00548784
35085952701,0.32392603
35086063103,0.03633178
35093067201,5.3740137e-09
35096515901,0.004384093
35109238501,0.9981926
35109482008,0.5409042
35118188003,0.1778429
35118188004,0.56959146
35127512701,0.985816
35128467801,0.9940304
35128529701,0.98234105
35200055801,0.6954208
35200331801,0.30651352
35201671601,0.9713182
35201690402,0.6776824
35208100106,0.11022086
35214110704,0.89497703
35222923701,0.046857588
35222926801,0.9917498
35222926802,0.9893394
35222926804,0.8423434
35494479401,0.057908036
35663935001,0.0026867648
35663935002,0.0031292648
35667591201,0.77780527
35672996605,0.085691065
35673165502,0.004717881
35674784701,0.84815615
35674812701,0.4376641
35674812702,0.9969183
35684659401,0.61585504
35685023207,0.25229147
35704416301,0.9973936
35710407107,0.025325913
35710535202,0.0024338516
35720575001,0.13922065
35736262304,0.010594133
35736262305,0.012594166
35736262306,0.0023925616
35751024701,0.014466956
35760973002,0.008258235
35765997203,0.264065
35766231601,0.70927763
35766231602,0.9948996
35770930001,0.99770445
35790947801,0.0057481015
35791120202,0.36061496
35802074501,0.98374397
35802216901,0.00052524806
35802216902,0.00035997422
35802216903,0.00028919947
35804784102,1.9703644e-05
35807104902,0.53448975
35810812602,0.02408524
35815476402,0.35688272
35815644202,0.00027401748
35817632901,0.013343636
35829066803,0.074619286
35829066804,0.046629835
35833558603,0.0029019252
35833558604,0.004226078
35840238203,0.04908953
35899383104,0.00046359305
36008791501,0.10868721
36008811302,0.0021246062
36008887102,0.0019550119
36021781301,0.026552718
36022222801,0.9399264
36032014601,0.6909879
36032455801,0.33394995
36039503701,0.9802376
36045755301,0.0122700045
36046316002,0.060583103
36054824702,0.00026751647
36054824703,0.0003496144
36060567001,0.95294356
36061757001,0.61725
36069853903,0.3430005
36080075401,0.15883055
36084805604,0.12707707
36085112301,0.021610847
36085112302,0.12360805
36095173901,0.31541944
36095173902,0.028350595
36095868901,0.028197914
36103419601,0.82245255
36103419602,0.042620555
36107451001,0.7809954
36107514601,0.014969281
36107514602,0.0012054846
36108230204,0.3052021
36116866004,4.0809806e-05
36116875103,0.00035836542
36116875104,0.0003168535
36116900301,0.062279277
36116904201,0.9577533
36117072801,0.3829599
36117247901,0.9444306
36127261201,0.16192429
36133308901,0.62884766
36145892301,0.9963264
36145892302,0.2431758
36147312501,0.10398899
36171360202,0.25981027
36171769701,0.7074846
36179375701,0.9895964
36185866701,0.00083176995
36185866702,0.00020196242
36186370501,0.004713593
36186370502,0.0035054733
36195723703,0.0020006192
36195801301,0.00072763284
36203025201,0.08819035
36208509801,0.9840179
36208633303,0.0011344776
36208897901,0.12826459
36211110402,0.0002435949
36211110403,0.00029311003
36211346601,0.5596682
36212163901,0.0058092093
36212242702,0.0006877581
36212242703,0.0011195329
36216542102,0.9839415
36223421902,0.00077594427
36223421903,0.0004690223
36224167401,0.03009886
36232245001,0.9102663
36232355002,0.0049187047
36232355003,0.30059487
36232355004,0.49500206
36232651002,0.92694557
36232651004,0.6099504
36232773002,0.24091206
36238452701,0.8165628
36247892101,0.038376383
36248081501,0.76151496
36248365501,0.001295573
36254444201,0.65305656
36254444202,0.6802732
36263133101,0.92189294
36265887103,0.06951361
36266522904,0.81874514
36266522905,0.74716485
36270472201,0.878607
36270988601,0.99752134
36270988603,0.14410734
36273479503,0.60641164
36273577502,0.9531509
36275381201,0.9532148
36282250301,0.9575357
36282547001,0.00073494884
36282547002,0.0006659381
36283395302,0.20702855
36294416601,0.0007280361
36294416602,0.3766994
36294440401,0.34167868
36294440402,0.0003667664
36301457701,0.7973448
36302476706,0.2105589
36308238301,0.8819994
36308617801,0.9704534
36314054702,0.099305086
36320794101,0.7378556
36320794102,0.6748231
36320794103,0.9857103
36321484301,0.037834164
36321759401,0.0024232594
36322109602,0.24751417
36323171601,0.6992707
36326755601,0.002931772
36327032201,0.3485152
36327080203,0.008495173
36337105701,0.009267068
36337231302,0.86206377
36337240301,0.88305885
36341472201,0.006800655
36344758501,0.79221225
36348116302,0.31718153
36348116303,0.12110411
36348116306,0.98767906
36352747501,0.9242659
36352858301,0.13908343
36360033001,0.0016993644
36360033002,0.00037166383
36361158305,0.13606226
36371002801,0.32887372
36373876501,0.97963536
36373876502,0.79489493
36379019501,0.9746996
36379071001,0.026800094
36379071002,0.00081688055
36379566801,0.5185722
36379882103,0.08383027
36380507102,0.77723235
36380507104,0.36955392
36392558001,0.31581873
36393331302,0.061755296
36397797801,0.76581085
36398418002,0.34104234
36401811703,0.0006777114
36410692902,0.0010776586
36410775301,0.99839824
36411583601,0.33859006
36413262801,0.9093458
36415342401,0.0005880988
36415342402,0.012160063
36416385202,0.00035899115
36416490701,0.019732377
36427960901,0.55122715
36430211801,0.15482786
36432638403,0.022601543
36432638404,0.5933858
36432704501,0.43600902
36435035401,0.3235283
36435264902,0.96166426
36435444301,0.01113393
36435462401,0.79558116
36454463302,0.0053071957
36454478304,0.63907266
36454523401,0.05690066
36454711201,0.00016128768
36454711202,0.00032581954
36454918901,0.9596936
36462547201,0.34564033
36464290004,0.73862356
36464600202,0.86574864
36478500901,0.26284507
36478500902,0.49608144
36478500903,0.6929765
36479758401,0.7978596
36479758402,0.018267553
36487354001,0.016520536
36487915501,0.22738615
36488054201,0.8997077
36488198001,0.69165045
36494463301,0.8840014
36494463302,0.0057184547
36501436301,0.79815906
36532521703,0.08436583
36532562101,0.9804524
36546786701,0.9517028
36546910701,0.1813437
36555694502,0.0010495376
36566262301,0.85191125
36572172402,3.626761e-05
36572727101,0.4031863
36573020702,0.6285368
36577423401,0.95100063
36589085601,0.7522978
36589718401,0.83634317
36595339605,0.06607437
36595339606,0.021558315
36599889601,0.07182389
36600046901,0.37919372
36694633201,0.97365505
36695394901,0.25303423
36695840901,0.0003281729
36695840902,0.004576459
36705891203,0.02608798
36713674101,0.00019754276
36713674102,0.00023908682
36713674103,0.00051416695
36713674104,0.00022817553
36713674106,0.00031436034
36721580201,0.59522885
36721931201,0.73607355
36721958701,0.000643241
36722441201,0.001317057
36731106001,0.12021596
36737894004,0.43961155
36747358301,0.90479803
36747663301,0.0011653412
36747663302,0.0011769885
36747812401,0.849013
36747812402,0.9163174
36748491302,0.003078611
36757208301,0.37819153
36757282501,0.4016829
36757806102,0.2828085
36766053402,0.0029632149
36767139701,0.4037659
36782403903,0.11323688
36783273701,0.06045642
36789557801,0.00019118979
36790475303,0.02929104
36797561603,0.0021066866
36808504701,0.884255
36809595301,0.9653579
36847142601,0.040105455
36847142602,0.0031612602
36847142603,0.0042198137
36857403002,0.84930456
36874788203,0.00070535985
36874802403,0.00049560395
36875330301,0.786292
36876173401,0.038009245
36885458503,0.29509294
36893059701,0.80672455
36893059702,0.8816641
36893454001,0.53853196
36893454002,0.79994994
36898885202,0.014042974
36900681701,0.6926984
36910254905,0.21620792
36922914301,0.726316
36925302301,0.78375155
36932794701,0.9989343
36934506401,0.99943167
36977912701,0.91040826
36981850803,0.004059617
36986473801,0.99708253
36996295501,0.9101866
37004042101,0.5416477
37022670202,2.343421e-05
37024349001,0.36797303
37246364501,0.0023160162
37253040102,0.0007592534
37253040103,0.00039681082
37253486701,0.007603228
37253772901,0.60916805
37253773301,0.75880986
37258954001,0.95503604
37266297201,0.0019424306
37266297202,0.0011110721
37266342501,0.047067884
37267053501,0.28179967
37267063501,0.051031288
37267063502,0.044882663
37267351104,0.34223258
37276861902,0.0017352162
37276896503,0.0006879508
37277343501,0.9736927
37284782901,0.9126667
37285035701,0.009374802
37286911101,0.005173794
37290811001,0.0036145241
37297899306,0.00066487014
37298707301,0.33886424
37301560401,0.0050266413
37352305102,0.971702
37359477101,0.8130155
37376857602,0.012948282
37384385701,0.75788987
37392837401,0.0059378985
37401666004,3.1889608e-06
37485899901,0.78337115
37486059001,0.2941577
37491198603,0.62008554
37503656702,0.81461096
37503656703,0.4817106
37505958701,0.9970571
37505958702,0.99384683
37508912402,0.005672301
37509071701,0.3511131
37522151901,0.09249079
37522191803,0.7165153
37522254905,0.014422949
37522254906,0.21781133
37522254907,0.22666022
37522268303,0.90326726
37522308001,0.9911786
37522545301,0.89465535
37522545302,0.95046
37527395301,0.9399794
37613191501,0.07035105
37740736902,0.5504574
37775945505,0.36002973
37785944501,0.0050106836
37809361001,0.98785144
37834445701,0.9743337
37855542301,0.99788046
37856305901,0.9062595
37856305902,0.62567973
37866689001,0.0075841933
37866689003,0.026178755
37874201801,0.9600351
37874634801,0.043866433
37874634802,0.008261375
37875221802,0.8525991
37886884902,0.6118798
37923400201,0.8815141
37923400202,0.89623433
37924036001,0.54870886
37926673701,0.00091033714
37929030002,0.9674494
37934964301,0.00031113363
37935463503,0.01654264
37940371801,0.32317638
37940792702,0.002416113
37940792703,0.013641479
37941054001,0.9077827
37961831901,0.98555726
37961831903,0.076894
37972308601,0.99868006
37980177503,0.7067439
37980177504,0.842944
37980419501,0.5737922
37980635802,5.1651034e-05
37985274801,0.94486916
37986534701,0.4483192
37986534702,0.0009253716
37989769601,0.66685075
37990919501,0.33539608
37997324601,0.016123157
37997366801,0.002058142
38000137401,0.6662212
38008474301,0.0029201645
38008474302,0.0028254017
38008474303,0.002517611
38008551702,0.610458
38017354002,0.0021252776
38021153801,0.920516
38032669301,0.9836262
38033014202,0.00069718546
38033014204,0.042881534
38033437201,0.00021284695
38033437202,0.00031590246
38038582102,0.0048892647
38039496401,0.28220215
38041913901,0.12007516
38042259101,0.69821095
38053978405,0.00447366
38053978406,0.015339291
38065667301,0.14680958
38066437101,0.9483698
38071050103,0.24232009
38077004701,0.0013345694
38078325201,0.98476183
38086277001,0.03647551
38087068801,0.977248
38091027701,0.97743803
38091623502,0.00070785615
38091702701,0.698824
38097651501,0.0023414432
38099717802,0.06999288
38104850602,0.000595753
38104850603,0.0006371663
38109183801,0.77381754
38114124601,0.17034154
38123214401,0.061524194
38123214402,0.40311435
38123745204,0.07020499
38132860101,0.79447883
38133345501,0.026010845
38135169604,0.002570428
38144788301,4.431089e-05
38144788302,1.7618964e-05
38154886602,0.08900844
38154886606,0.28145108
38155188001,0.8402856
38155985502,0.00047884125
38164772203,0.03211012
38172444401,0.7913375
38189791701,0.9166531
38190750205,0.070824705
38190750206,0.106973305
38191909001,0.98177713
38192119303,0.49456325
38192515602,0.3532808
38194976102,0.6679596
38197796401,0.3501044
38198711805,0.00048552867
38200958001,0.0002262449
38200958003,0.0009250111
38201108601,0.9596825
38201634801,0.95850307
38202842501,0.9295474
38204309802,0.13436155
38206916001,0.0017841961
38206916002,0.00063482777
38207297301,8.475655e-05
38207297302,7.776359e-05
38207502502,0.942095
38207504501,0.5956809
38214552103,0.012367169
38214863502,0.86272
38218954202,0.40436512
38219619302,0.98346794
38219944102,0.23599514
38225200201,0.25945163
38230868402,0.010603945
38231035801,0.8534448
38231205201,0.0002963996
38231205202,8.1703925e-05
38231224302,0.9637129
38272885901,0.072089456
38282336802,0.0001848635
38282769901,0.34946692
38291581101,0.99008197
38318130001,0.9096158
38326621001,0.91971284
38326621002,0.28042406
38350309001,0.003327883
38352567802,0.0071227807
38352567804,0.72652096
38359428206,0.0036165854
38359434101,0.0024623557
38359434102,0.00019212179
38359436001,0.35304424
38359524203,0.0044142753
38371649601,0.00046297014
38372751002,0.8995466
38374689203,0.016005158
38401591501,0.03896207
38401824003,0.0005312159
38402184601,0.49365997
38406533702,0.31447166
38407312201,0.027886061
38407312202,0.081286
38407462901,0.002802099
38407462902,0.009968848
38407470502,0.34714156
38414505401,0.24769953
38415584401,0.9712822
38415604302,0.06291515
38429880802,0.033288762
38434431002,7.3519586e-05
38438583501,0.9657786
38438596901,0.22490446
38438622107,0.09518775
38438622108,0.0024183805
38438859701,0.6777224
38446538201,0.84968615
38446538202,0.8150796
38446538204,0.7839743
38453643001,0.98964065
38460931201,0.0011522092
38482355601,0.9981198
38482944004,0.0032319422
38710796102,0.047594227
38813192401,0.0036886798
38823584501,0.0021682542
38828704701,0.5794923
38882036303,0.01877335
38884523303,0.9394761
38895168402,0.0002307671
38907088401,0.7667001
38915972501,0.9092936
38916880801,0.104655705
38928579101,0.08871952
38928698901,0.0028041082
38936374501,0.040790893
38936728001,0.06491555
38938234801,0.0037122827
38943736501,0.85137475
38956470001,0.04194637
38956548103,0.020517299
38956733003,0.0008925679
38957019601,0.006654927
38957352702,0.23516306
38957603501,0.14494427
38958027702,0.000992088
38964397501,0.6709393
38965089503,0.008851031
38966979601,0.61098784
38966979602,0.7348778
38967796901,0.006266457
38967902901,0.0144030815
38968293302,0.00077329687
38968293303,0.011232103
38968293304,0.01762619
38968406001,0.15460433
38968406004,0.036501195
38973327501,0.06833906
38973494601,0.9465487
38974765904,0.09326116
39008315901,0.24192645
39013742002,0.0008545788
39014207204,0.40640953
39014902701,0.0009191385
39015054702,0.8755079
39021550001,0.9196697
39021912601,0.006387008
39030588101,0.24026527
39042770302,0.00116349
39043477701,0.0015573151
39072352903,0.5798015
39081767501,0.9264297
39081767502,2.208122e-06
39174454004,0.3088831
39174526001,0.9516417
39181283901,0.8275803
39188739001,2.9086797e-05
39188798802,0.023654822
39189425701,7.3065316e-06
39189524202,0.015358172
39190306401,0.9982817
39190306402,0.9899187
39190467002,2.5747076e-15
39194988001,0.9993216
39202492501,0.07667229
39202492502,0.10082505
39202492503,0.19259761
39270667701,0.9798356
39303086901,0.66600496
39303285301,0.2537118
39308647301,0.96660346
39374762801,0.40386286
39422819607,0.29053506
39422819608,0.37248015
39423379001,0.41569862
39423698105,0.31935346
39424416702,0.4313466
39427900401,0.2596101
39427958702,0.367885
39428451701,0.96064657
39428451703,0.90378326
39433218702,9.9099234e-05
39433576002,0.9692528
39434031901,0.974082
39434190102,0.05492187
39435605006,0.18183117
39435729401,0.9660813
39445526701,0.006471619
39449001201,0.9809388
39456111901,0.99937207
39456260903,0.0043718093
39456260904,0.004246704
39456288004,0.0013207927
39459353002,0.0019535415
39459416901,0.7394109
39459426002,0.4615514
39465795201,0.013829178
39465797201,0.0074029476
39466088802,0.012755765
39466131401,0.21504307
39470219102,0.013000247
39471160506,0.030441366
39471533201,0.8119804
39471614602,0.00058643136
39472987501,0.9895251
39481226301,0.00045958048
39481226302,0.0027322061
39483187602,0.20768957
39491277004,0.23421314
39491558303,0.7882321
39497269002,0.0020074379
39501170604,0.99662846
39506494702,0.18275599
39506618601,0.72825503
39551584601,0.9979278
39551599201,0.008764159
39551599202,0.0010478466
39574267601,0.10639585
39574626502,0.0005967245
39585561207,0.58422196
39585705301,0.019937376
39603767901,0.92736006
39610664101,0.82984734
39613960703,0.42885688
39614288801,0.030218193
39617007601,0.71447664
39621349201,0.023273107
39621753701,0.0017699121
39624496701,0.93308896
39624770001,0.32735047
39624770002,0.1869387
39625543705,0.038707335
39636522602,0.02092586
39642179302,0.44388905
39646733002,0.07954465
39653739902,0.0013963132
39653945901,0.9778488
39654389101,0.95069367
39664803601,0.35806525
39672022301,0.22017857
39690392701,0.9177124
39690460304,0.055582743
39690628101,0.6860298
39690779201,0.9961479
39703122703,0.0023853818
39703232401,0.94982475
39704082303,0.018126575
39710897801,0.99194455
39713731901,0.3168501
39716216201,0.6783152
39716261101,0.97502965
39771048501,0.58276117
39781653902,0.0012490484
39790433502,0.010927713
40151315403,0.7561495
40156111901,0.8530979
40156772201,0.9009964
40157397301,0.8597089
40160576206,0.4267957
40160692302,0.0091294665
40160803902,0.8173578
40167060701,0.0025881908
40167609403,0.19178908
40167800701,0.99467367
40172697304,0.0028950623
40177037001,0.7174797
40179595201,0.9590449
40182156702,0.6919881
40183362602,0.38284972
40185908804,0.0011312218
40185908805,0.0010769679
40185908806,0.0009173598
40191380301,0.9923259
40191435702,0.4379378
40191608001,0.24580981
40198062401,0.9997371
40198264101,0.63016707
40203032802,0.56845164
40208591104,0.0032352284
40208591105,0.009689242
40211128901,0.9212451
40232963101,0.013404194
40245420401,0.039672
40245490901,0.16672985
40245695801,0.59011024
40245713701,0.4561195
40246341803,0.002087588
40246930501,0.3960191
40247471401,0.625064
40247729204,0.42163438
40251280703,0.14604296
40251355701,0.8088829
40251355702,0.8918336
40252725401,0.9554663
40258614101,0.28813258
40258614102,0.005730861
40258624001,0.0383339
40262134301,0.97479284
40262523401,0.12264512
40264677607,0.001038982
40264910601,0.20651667
40265106901,0.612156
40267559901,0.0020172219
40270895301,0.87483454
40271028001,0.99866474
40271155502,0.48697332
40271275802,0.00042934515
40271275803,0.0016081808
40271275804,0.009381315
40274558804,0.6564454
40275905302,0.32993883
40278607005,0.14419591
40279311704,0.070818774
40279502301,0.8297655
40280028803,0.24430172
40280028804,0.36800706
40283749502,3.2402855e-05
40284010606,0.8813366
40284375204,0.6759586
40284583801,0.07397692
40285466203,0.0035785271
40288513001,0.7776233
40292001201,0.0015639383
40297013001,0.0012671093
40297079601,0.9773382
40297297201,0.25113896
40301654403,0.0061698337
40301901402,0.055822995
40302986402,0.7319997
40304471502,0.5484973
40304471503,0.22609502
40307506702,0.9975446
40308377501,0.0008233574
40312524701,0.8618985
40313150604,0.9041945
40322650502,0.027701072
40322738202,0.18716687
40332051801,0.050233983
40332051802,0.013783984
40332088805,0.011118893
40336436001,0.9961014
40336671602,0.016288284
40336674402,0.08749289
40336742001,0.0049767415
40351167001,0.87394917
40356794903,0.0073975613
40356857801,0.8963908
40424173901,0.7751193
40434450701,0.015491141
40437995307,0.021254085
40441563501,0.7674784
40443166301,0.9532677
40451664502,3.3576958e-07
40477056201,0.22260387
40477658205,0.946594
40477792202,0.21965323
40479715101,0.91638434
40479715103,0.35885847
40479778401,0.075202465
40483253101,0.55487186
40484930201,0.010510929
40492766102,0.19361804
40493349302,0.94951254
40493394702,0.1509774
40496996901,0.0052348794
40512956003,0.8448804
40512956004,0.9050989
40536444701,0.99856865
40536509601,0.96019024
40536534002,0.00054839195
40586283001,0.9903544
40586608902,0.85416114
40593091501,0.5494401
40677452001,0.00014339025
40677452002,0.000111895555
40677811702,2.4535077e-05
40678033801,0.016752305
40678033802,0.3743409
40686161801,0.2671733
40687225301,0.24103023
40687225302,0.20129028
40687484203,0.71323943
40687484204,0.19861878
40694161201,0.99967504
40694554701,0.92276394
40697674601,0.99958605
40704486902,0.7616779
40704635703,0.0011288932
40706490202,0.00020367948
40706644901,0.10721841
40706644902,0.23119915
40706926502,0.7306892
40708997303,0.00017187855
40708997304,0.0001655836
40708999001,0.1273947
40712640801,0.99964416
40714593901,0.0007567815
40714672301,0.10939412
40714672302,0.00033903017
40714772701,0.0037334864
40714772702,0.00046563832
40716436803,0.081990086
40716550905,0.00016572925
40722536701,0.00095142185
40726459701,0.022944111
40766296101,0.006322556
40766364101,0.0068581793
40777226104,0.9970247
40782391702,0.48105592
40788235401,0.3541632
40792533602,0.023261439
40886781001,0.075576566
40886781002,0.462129
40886781003,0.064361945
40924801304,0.06793491
40933455502,0.8634627
40933621502,0.004117216
40933862402,0.008373055
40951882603,0.058211055
40951882604,0.080598064
40955715801,0.7132851
40959237601,0.9880415
40964103101,0.016543454
40964252401,0.57157445
40964996801,0.23088846
40970267001,0.025672639
40993433001,0.9973731
41022754501,0.4811299
41025404901,0.6816474
41027154005,1.6399578e-12
41027154006,0.002435781
41033956303,0.02163662
41034069502,0.541898
41035498001,0.27151453
41035498005,0.7946294
41036747405,0.8231108
41037198403,0.9647937
41037253601,0.37270743
41037295001,0.07025761
41038901401,0.8862751
41039709901,0.95814365
41039932703,0.99850863
41040227203,0.13928682
41183119203,0.07986106
41197709402,0.055736184
41207084802,0.18559992
41214384201,0.9965576
41215149801,0.28163087
41215312802,0.0029837494
41220923901,0.2607853
41221501301,0.99803764
41221648601,0.63170713
41246968102,0.004054694
41247121201,0.9992237
41252873901,0.27916208
41252873902,0.1548355
41265496701,0.51135045
41266024401,0.0019498919
41266024402,0.00061660446
41272654501,0.99176496
41272657702,0.7000832
41276125603,0.00014822649
41282055802,0.0026988792
41282204902,0.0003796143
41829735101,0.42655966
41838209901,0.030816767
41838748701,0.8985513
41846057901,0.9862839
41846101303,0.7033518
41857611902,0.1809364
41858092502,0.32086855
41858172601,0.004591845
41858172602,0.017672215
41861387703,0.009145977
41861873001,0.0621796
41861901801,0.85320216
41861901802,0.5572216
41865533301,0.06254866
41871749402,0.00057609647
41871749403,0.017005833
41871749404,0.080756724
41872149801,0.0028320276
41873617801,0.8187017
42035080401,0.4937771
42042653101,0.9615373
42043377102,0.00017953619
42043742001,0.40019646
42049042902,0.4105198
42056041503,0.0003991762
42069904001,0.8265103
42069908301,0.30323344
42076165201,0.78147143
42077426501,0.031710014
42090326402,0.073804386
42090366802,0.0026477983
42090366803,0.0022996026
42097126803,0.07986129
42097126805,0.802203
42097878801,0.9961998
42106323301,0.5655916
42106552502,0.0011680818
42110746303,0.31911674
42110920401,0.2688629
42116363101,0.01305877
42116363102,0.27809557
42116736602,0.7972334
42116736603,0.8263116
42121534102,0.24460286
42121569001,0.9117638
42122982202,0.70039225
42126079703,0.15013775
42128537201,0.14205518
42128750301,0.99617517
42128750303,0.9600798
42213910801,0.45954928
42239316904,0.20283076
42248853201,0.88788605
42248973901,0.003914292
42249840101,0.008017047
42270231501,0.99095786
42270489201,0.96350014
42302184705,0.99427646
42305589402,0.9111572
42305682402,0.015853543
42326404002,0.91726416
42326506602,0.23529518
42335177004,0.42716056
42335405201,0.9921312
42341997102,0.10875185
42376889604,0.3012027
42399150903,0.002390994
42406383901,0.005426413
42406383902,0.9558444
42413015301,0.044343516
42413137802,0.039687715
42413137803,0.0045068604
42433038303,0.00020558729
42433038306,0.0049788286
42433553309,0.16902508
42433757602,0.7493189
42433757603,0.8993122
42436524101,0.8686701
42436524102,0.026220568
42441417101,0.20877568
42462205601,0.79251325
42462384803,0.93772423
42466817601,0.2374182
42466890201,0.90112454
42471677202,0.17527981
42489936001,0.20036569
42495087801,0.9810342
42496104501,0.0009472061
42496104502,0.9847661
42499682601,0.97147274
42508321602,0.91129154
42508326401,0.20474155
42508326402,0.21912514
42508326801,0.82909966
42508330901,0.9208085
42508330902,0.94914895
42508330903,0.63022333
42508470201,0.19805488
42563899203,0.9254978
42564154001,0.9931201
42564191201,0.018729342
42565755604,0.85030514
42569676401,0.0057213996
42585230101,0.16481525
42585616203,0.00021780113
42585719901,0.000463474
42585780401,0.010125483
42592453401,0.95139635
42592772601,0.97230375
42592772602,0.960742
42594119402,0.8378571
42594491701,0.5885921
42600631901,0.9844105
42601126401,0.7810635
42602113302,0.0009959859
42602213101,0.9438913
42602343001,0.7589586
42602578401,0.93424255
42602673205,0.10412453
42603247501,0.9971661
42603247502,0.98541796
42606995801,0.0031893493
42607358101,0.927486
42607708001,0.92748815
42608031001,0.00031489995
42608031002,0.0010530013
42613004701,0.5286404
42613004702,0.7536659
42613416201,0.0026501615
42613416202,0.00054944673
42613426703,0.17260663
42615621101,0.93983805
42619478302,2.3572731e-05
42619871701,0.78963494
42620625801,0.23495866
42620662801,0.625677
42620731901,0.49659896
42620761301,0.8485867
42622734401,0.94674355
42623123201,0.9308368
42623198601,0.4601175
42623225604,0.4263278
42626468401,0.00075566483
42627663706,0.6570923
42628194901,0.34092528
42632054701,0.83119005
42632652201,0.9670209
42632664302,0.11399643
42632664303,0.014001962
42636372802,0.02795355
42640598101,0.48409408
42640639401,0.030056918
42641101301,0.1242128
42642237201,0.019101124
42642237202,0.23498228
42642293306,0.054429837
42642717601,0.96300304
42645301701,0.004745832
42646326401,0.0056351097
42647544001,0.61521757
42648821601,0.01717807
42649244801,0.86347526
42649722501,0.0010815782
42649722502,0.0011821474
42653178903,0.14593363
42653363502,0.21144217
42654068402,0.004413816
42654118001,0.22077516
42654118002,0.03186874
42660995204,0.009150956
42670732703,0.0010355641
42670942501,0.17398779
42670942502,0.1264506
42674755901,0.06104329
42683417301,0.936043
42683873303,0.016402856
42683873304,0.0107402485
42684080001,0.79682684
42687311001,0.8960589
42687525301,0.2929039
42687740001,0.9982266
42687740002,0.96203375
42689967402,2.5239786e-05
42690423602,0.8650389
42690639601,0.5197762
42696816603,0.026457112
42697573101,0.5359969
42697586601,0.74509066
42701106003,0.30832544
42701366501,0.35123575
42701848601,0.915854
42703117101,0.9489061
42765949101,0.5443817
42766776601,0.07462253
42766776602,0.20394701
42766777601,0.9759536
42766777604,0.33370522
42908277401,0.9942748
42908330202,0.0009731932
42953053801,0.0014211893
43046925501,0.9439092
43069330902,0.011564383
43069330903,0.007024865
43070245002,0.2982998
43090883701,0.9103865
43091773401,0.0014251033
43091800701,0.18657991
43109523702,0.6041174
43110001502,0.052541614
43110033204,0.053139374
43138027802,0.40493932
43138031501,0.9357462
43586902102,0.00059012463
44418909901,0.9994948
44419720801,0.5280333
44426887501,0.38298374
44426912601,0.95158714
44426912602,0.004218225
44429859801,0.006526613
44429859802,0.0022038189
44442919301,0.016987666
44447867501,0.0046368474
44447867502,0.09033274
44447867503,1.8883664e-05
44448478801,0.97141594
44460887002,0.045617715
44470145001,0.00014268483
44470145002,0.00019762228
44470229601,0.51447666
44478951701,0.004155843
44487724601,0.85045093
44488599901,0.16610606
44492663502,0.0015584537
44500842301,0.012470123
44500842303,0.002993751
44521244701,0.9399465
44652214201,0.15229517
44652311001,0.9540472
44652311002,0.44663656
44654990501,0.9945616
44654990503,0.56243235
44667821001,0.009235372
44667821002,0.0029874453
44670309101,0.054762322
44670707001,0.51464534
44670707002,0.561813
44687160101,0.63546133
44687238601,0.32163835
44687238602,0.2779658
44688127201,0.8264985
44688628001,0.9796458
44688638401,0.037303884
44688638402,0.18808441
44689810302,0.71033484
44690139001,0.95134705
44690469801,0.82234687
44693121503,0.0012275296
44694034304,0.07935498
44695132901,0.5245269
44696551402,2.2716653e-05
44697163401,0.23792799
44697763001,0.1253884
44698367501,0.0003473122
44700446001,0.017947845
44700938001,0.7084627
44700938002,0.006715816
44700938003,0.2275802
44701434901,0.99514836
44701554601,0.74657977
44701554602,0.98518836
44702119503,0.8843131
44702553803,0.03390787
44702621101,0.9703683
44702652802,0.62583125
44703836302,0.5102906
44704224301,0.57825935
44704498803,0.93657696
44707555104,0.84512115
44708263601,0.0008442107
44708803401,0.99802965
44709216403,0.31572497
44709274601,0.8892244
44709430003,0.05019963
44709488305,0.8142128
44709816702,0.17337504
44709820401,0.97826993
44710734905,0.90492994
44711543501,0.7965378
44711543504,0.00139401
44712681908,0.23329158
44713258101,0.75848883
44713553504,0.00011272598
44715555001,0.99170494
44717549601,0.9582023
44717549602,0.8420148
44718654702,0.02632918
44718897901,0.01635791
44718897902,0.0022633611
44719328701,0.024908824
44719449903,0.0017720457
44719717002,0.47508326
44719717005,0.65747935
44722257801,0.38858002
44723020901,0.63782555
44723094501,0.16961694
44723132704,0.2065777
44726048801,0.97200036
44726323304,0.34071463
44726765301,0.9516438
44729155601,4.745742e-05
44729155602,5.0517952e-05
44729973001,0.33035275
44732810101,0.031235006
44733814101,0.00066415605
44733814102,0.0004171392
44735038102,0.0048427037
44741999901,0.9410752
44742020601,0.992979
44742396207,0.03520367
44743060901,0.9731442
44745141201,0.2680258
44748816602,0.00018801494
44750939001,0.37878078
44751113401,0.8901471
44753946801,0.9964384
44753980703,0.058552288
44754436203,0.015416965
44754436204,0.0044248286
44754492301,0.003854748
44754492302,0.00045025308
44755787501,0.054976504
44757552104,0.9450631
44758338102,0.0024493646
44763165502,0.22044066
44764986406,0.16200522
44769727501,0.9731259
44770632701,0.40350604
44772555402,0.013352522
44776342402,0.9165262
44776342403,0.8380794
45143902603,0.04490017
45144079601,0.7384186
45144079602,0.39537045
45144079603,0.47266582
45146621203,0.0037583732
45149328902,0.026883267
45149787407,0.3404876
45156410103,0.8051072
45159641501,0.97805905
45159641503,2.0510706e-07
45159952801,0.39783567
45159952802,0.9694909
45160697001,0.9994355
45238853802,0.0041124616
45238853803,0.0058717006
45240743103,0.30156097
45241706301,0.008566782
45241706303,0.083007105
45241984301,0.56873727
45241984302,0.8602683
45243899103,0.9680084
45243899105,0.026732536
45246516203,0.8951442
45248174503,0.9669698
45248174504,0.9724514
45251672904,0.25565708
45251797604,5.2190717e-07
45252161101,0.00031648637
45252161102,0.00019694751
45253029406,0.1003907
45253364001,0.0019548035
45263116103,0.9440131
45263126802,0.59806514
45266583701,0.047382064
45266583702,0.23540251
45268263605,0.002116926
45307990401,0.31306604
45308239401,0.0002976745
45309524703,0.03081876
45310065801,0.9360033
45325995104,0.00037718494
45326020901,0.98956037
45328891907,0.3865433
45328891908,0.49930206
45328952901,0.88762224
45425777804,0.23521964
45436597101,0.8621304
45461038201,0.7126973
45485803202,0.9191337
45491988701,0.963483
45496183505,0.005949281
45496183506,0.0041396334
45651998702,4.863913e-07
45653678201,0.41877723
45654083401,0.0036612654
45658861001,0.00065028237
45659278901,0.7073708
45659318702,0.0106918365
45659345501,0.9923747
45659366401,0.77228534
45660992902,0.0013012412
45661078401,0.5021369
45662158601,0.21377479
45662172001,0.7798362
45804844402,0.0076707657
45805764701,0.9685581
45809116902,0.00019443105
45809366901,0.376538
45812493801,0.0014828459
45812493802,0.0009127246
45827563301,0.00093601836
45827563302,0.0005976084
45829078201,0.99597734
46312062701,0.00087851484
46312063801,0.06994339
46313466001,0.2881196
46316435801,0.06672464
46316622601,0.0032948158
46316729001,0.9976661
46317022401,0.96876323
46317022402,0.9983632
46321687201,0.00031355245
46322506701,0.6228373
46322712001,0.89224243
46322712002,0.0036367918
46325234001,0.07416263
46328355901,0.018705696
46328355902,0.021543555
46339396705,0.011574428
46345068701,0.6806471
46345711601,0.10029611
46345711603,0.31957403
46345711604,0.59081537
46346554101,0.99772865
46352792201,0.9942567
46352792202,0.75167936
46353550101,0.009695062
46353843201,0.9785323
46356805201,0.3801395
46359550501,0.26630384
46373260502,0.8419212
46373446901,0.83541346
46374251601,0.82309645
46377008201,0.2018425
46380770701,0.28900677
46383669101,0.27279854
46383933501,0.9310739
46388414201,0.98025745
46388423001,0.90269995
46392854301,0.72079974
46393241101,0.98692685
46396409001,0.58053565
46397544501,0.94424677
46404093701,0.99640805
46404796401,0.9408202
46418100801,0.1405388
46427637101,0.98760545
46427784301,0.9617928
46440584002,0.00014351678
46440790602,0.5936188
46441560101,0.5347552
46442017001,0.9753965
46454776502,0.84834623
46455428302,0.99279565
46455428303,0.8291026
46458300202,8.049372e-05
46458427402,0.12304776
46458500501,0.9532384
46458854002,0.011404229
46458989601,0.057592828
46464121201,0.8304968
46499158703,0.25822774
46502411801,0.0025876148
46535453601,0.42150006
46539308501,0.9987239
46543439101,0.8157228
46544621801,0.7848639
46548765001,0.7633752
46552476903,0.048016276
46557304501,0.04747303
46561682601,0.00089904835
46563493603,0.037773103
46564641301,0.99834454
46571187001,0.97205126
46571321001,0.5096742
46571717301,0.64569306
46609661105,0.020151861
46610192702,0.78312427
46616294301,0.00020669485
46616302301,0.9157696
46668164802,0.9807926
46668903301,0.06671084
46790259802,0.87108284
46790437704,0.43500444
46793405201,0.7200125
46815069102,0.3204857
46815489501,0.55684876
46817615002,0.0025920763
46817819301,0.0029440187
46817859902,0.0028749886
46817970501,0.507094
46818816101,0.9403849
46821607901,0.0010410543
46821607904,0.010800705
46904638701,0.52286845
46910098202,0.98743004
46915009001,0.74253047
46923312302,0.81184006
46926071001,0.206163
46926071002,0.38623902
46926566701,0.17911965
46936026401,0.030321656
46940092701,0.005369221
46940092702,0.00012796497
46940662901,0.06441402
46944721201,0.9019872
46945129701,0.13934173
46945359502,0.85597813
46945511101,0.88950807
46947713801,0.99569255
46950693501,0.017440801
46955444501,0.7460444
46962027101,0.059825532
46962027102,0.0072263405
46962869701,0.8485516
46965740001,0.05296437
46965740002,0.0023640965
46966750801,0.97071004
46969286201,0.005098459
46969286202,0.005575948
46969286203,0.0009687735
46981066301,0.9068235
46981066302,0.90614957
46981179205,0.0020581237
46981268101,0.93286103
46987211805,0.42363214
46987681901,0.006771999
47009736801,0.9667778
47010240101,0.29686433
47014731301,0.9100733
47018266201,0.00021204601
47018266202,0.00012175671
47018874504,0.52861863
47022060603,0.0034665337
47022060604,0.0035811532
47029179501,0.96154565
47029179502,0.9904586
47030342001,0.74090606
47032669801,0.9875258
47033668003,0.29554325
51662701404,0.15981118
51885366801,0.0023091491
52010082501,0.6234792
52202662202,0.008104195
65026564501,0.9987435
65026564502,0.9921123
67504743810,0.25203404
67504743812,0.10240914
67791582702,0.39861917
68346032003,7.9343826e-14
68495592002,0.00030417595
72413093403,0.00014632924
72569488401,0.40636173
73227529802,0.9548243
73450558101,0.9994203
73450558601,0.99608743
73548785901,0.9721686
73587245602,0.0005269347
73742523802,0.0017284924
73748696402,0.9499849
76661994103,0.00047558107
76723579601,0.032612722
80510082205,0.35250092
80586147301,0.00035337324
84278066801,0.97230273
90392977207,0.098321006
100476507001,9.97765e-06
110410011101,0.15536535
110410011102,0.010532673
110477688701,0.001997437
110677071902,0.99878365
110861508102,0.00011763472
110981975701,0.019435793
110986944601,0.7529736
110986946101,0.7378791
120574527203,0.011062
120997343501,0.53183836
120997343502,0.019373491
120997348501,0.48410505
120997348502,0.025266211
121059797201,0.015055196
121339554501,0.80153155
121639492401,0.9869381
121900635301,0.9916311
122146990202,0.077476084
122425565905,0.8936335
122455164903,0.03672682
122455164904,0.6421593
123252203301,0.15723805
123438404601,0.9979518
123438702601,0.9982139
123481032401,0.99865913
123697841106,0.1964429
131208749307,0.018484687
131400428901,0.8962399
132249398101,0.00024499593
132249398102,0.00025133963
132249398104,0.000102799655
132249403601,0.00023405679
132249403602,0.0002399354
132590012601,0.89965737
132631597301,0.83869815
133157972501,0.049212094
133157972502,0.64628124
133160550401,0.0023950587
133194648601,6.515479e-06
133194648602,1.3825724e-05
133194648603,8.858106e-05
133194648604,0.00027599232
133194648605,5.0402366e-05
133197258801,0.93582064
133532313901,0.6892646
133532313902,0.0042473087
133585607901,0.1759837
133780551201,0.76774347
133780551202,0.07403021
133780552301,0.64850277
133780552302,0.035367996
134135128901,0.23709138
134344670907,0.84274256
134688048801,0.9509312
134694259001,0.84555924
135268414601,0.0008560557
135350083301,0.6111317
135440442404,0.3182844
140596584402,0.4314584
140599763501,0.9900275
141921455701,0.0028657424
142284626901,0.00055931177
142302019405,0.89966404
142346260801,0.99801695
142346260802,0.032312717
142395665402,0.25913158
151008818501,0.93243253
151183433907,0.035695426
151325824001,0.89953774
151391111402,0.00041393022
151535546601,0.9972344
151838430102,0.0005247569
152922571201,0.9970289
152922576201,0.99635446
152997674502,2.0855658e-05
153367841801,0.5227634
153367842601,0.47220156
154654972401,0.65321773
154666784102,0.004902767
154720174701,0.94793975
154731732101,0.00093909167
154731732102,0.020413375
155309950301,0.006888476
155614233407,0.10690689
156720533204,0.0067222156
168830672607,0.6257874
169108044701,0.025397856
169142746501,0.00066583685
169142746502,0.0001443043
169142747301,0.00054240157
169142747302,0.00012804237
169196215901,0.24800071
169317488301,0.92287666
169322625201,0.64081484
169704564901,0.0015750396
169704566001,0.0009848736
169704566002,0.002144106
169707298701,0.9731309
169868536603,0.3176611
170129211101,0.69295573
170129211501,0.66066575
170244231301,0.00016321473
170244231302,0.00054702157
170342329301,0.9838451
170630724702,0.8905623
181587036301,0.21821855
192238422901,0.298315
