astro_id,planet_score
146686601,0.3908531
146686602,0.54143524
187132401,0.0012917178
187599501,0.60067046
274305901,0.32871506
317876001,0.3406801
317889001,0.0045071044
359579601,0.056646053
359698601,0.65407926
360669601,0.9214321
402988901,0.9644898
403061701,0.0022100515
403061702,0.00051447825
446702702,0.054673646
447174701,0.16254188
447673901,0.0031412542
487162902,0.9561402
487657001,0.677249
488161201,0.9669729
533697002,0.9429792
575113501,0.02455671
575113503,0.06244634
575563601,0.1633066
575563602,0.07241138
575563603,0.5183016
619318901,0.99659425
619318902,0.8640986
635590404,0.0062279496
639837301,0.49851906
703862601,0.84699184
704333601,0.0016922767
704818901,0.14885294
704818902,0.31575355
748441901,0.12515868
748446301,0.123198085
791546903,0.55078757
791560602,0.3754957
880121802,0.7440518
924306901,0.9056729
924772802,0.00037500772
925236802,0.99867284
967723901,0.0016365765
967723902,0.0010192003
967723903,0.0028728517
968788801,0.9704761
968788802,0.91970164
969292101,0.81612355
1009597401,0.010573846
1052573004,0.00039175354
1053441301,0.0052079572
1139437301,0.47492155
1139923501,0.9346029
1139923502,0.94913423
1185668201,0.8959213
1317343201,0.54225796
1317833901,0.0021648647
1358861002,0.84554935
1358887203,0.010147635
1359346304,9.310633e-05
1359459601,0.3907287
1359459603,0.8670858
1404892901,0.5409207
1404892902,0.90498525
1405725501,0.18212944
1405740801,0.0006832038
1446659202,0.30142835
1447062701,0.4088039
1447567501,0.0007011901
1532995001,0.05822533
1533976301,0.017857552
1534462401,0.6034965
1564162001,0.8917328
1564731001,0.40124962
1580072901,0.98634005
1612399801,0.2168287
1612399802,0.88331795
1623657601,0.11598364
1635457001,0.06992356
1636086003,0.013071462
1643676902,0.39968482
1658550801,0.5909873
1666082901,0.12315559
1666604501,0.83877254
1711477001,0.994173
1752487701,0.40229884
1753382302,0.029942974
1797236302,0.09455352
1797258201,0.02615613
1798232703,0.0034367924
1798271601,0.07743238
1882728601,0.98917484
1927452702,0.0049434965
1927473304,0.155548
2062751702,0.0022811312
2062751703,0.23642069
2062751704,0.3845158
2104670801,0.85908467
2126191108,0.027878093
2126207403,0.108504996
2135589701,0.99569404
2147845102,0.90094715
2169987801,0.0013814443
2169987802,0.0012522766
2169987803,0.2379372
2169987804,0.20114969
2199901102,0.00078440504
2208947308,0.0011943909
2219374701,0.00036889
2219719008,0.00095767615
2229403703,0.00016343244
2230620701,0.0007487333
2236170001,0.60276335
2236170603,0.005265388
2240212202,0.3207677
2240340401,0.4083853
2240340402,0.5127468
2248758202,0.36213157
2249717702,0.0034638792
2257561501,0.3412726
2269306501,0.98076653
2278714003,0.12725484
2278733401,0.00044161777
2282054001,0.00018169038
2282582301,0.0011050355
2283563801,0.9747558
2288145801,0.011562138
2297574702,0.20822847
2298235402,0.0036904362
2299118901,0.0041131605
2321110901,0.93971634
2325702201,0.41577268
2331537803,0.00042161008
2331839901,0.6003644
2340085901,0.001828801
2340186605,0.011246767
2349099503,0.36818516
2349156501,0.03008431
2349163301,0.00023386319
2349337001,0.80530334
2369119608,0.003478766
2381892403,0.0012583548
2381892404,0.0010603786
2382288001,0.1392897
2382633101,0.87329733
2382633102,0.4025137
2413763403,0.06464732
2414654901,0.93379164
2431354801,0.16479439
2431354802,0.17252395
2431354803,0.2581097
2431486803,0.0020985394
2431486804,0.0016371243
2431674302,0.33080873
2431698501,0.013091333
2431698502,0.040363874
2440905701,0.54634815
2456122501,0.0014237264
2456122502,0.118084505
2469352804,0.00044840193
2498578301,0.763499
2506398602,2.4219313e-05
2506399902,3.843501e-08
2511727304,0.00034007448
2515483101,0.0002501603
2515483102,0.00026861622
2519562303,0.0035555826
2543370304,0.6205652
2558658502,0.0022835701
2559088601,0.034701277
2559088602,0.22292939
2559934101,0.9238262
2560054501,0.60052913
2572286603,0.0014149365
2573502001,0.819796
2585953003,0.58702695
2587869801,0.017777342
2598839001,0.05710577
2629696301,0.15645568
2630201102,0.0034847027
2633388402,0.013148288
2668310702,5.5801636e-05
2670173501,0.9160574
2670932602,0.013994037
2670998901,0.37146103
2711759301,0.9919891
2712677601,0.00086060696
2712677602,0.00041893506
2755211904,0.00011795137
2755686901,0.99687636
2755720001,0.00040787904
2755720002,0.00026127353
2795010701,0.00044758565
2795010702,0.00023661835
2813740001,0.01917995
2813962203,0.0056726695
2813962204,0.013538222
2845569801,0.866124
2846479102,0.048649088
2850953202,0.11288937
2852637903,0.02395589
2860940301,0.9706537
2860940302,0.033493795
2884064201,0.004467451
2884064202,0.8083772
2885271803,0.54547006
2885606601,0.0023216102
2898001102,0.0022264333
2931001401,0.00024338899
2973159301,0.6845859
2973919907,0.00040780497
2978129201,0.72074366
2978129202,0.99783665
2982926503,0.013757089
2983350401,0.0015111702
2983448601,0.005120259
2998401401,0.9399585
2998413101,0.14007895
2998413102,0.12960202
2998680801,0.89511263
3003143901,0.1055259
3014114101,0.6126224
3014130801,0.00518812
3014155401,0.018737832
3014626201,0.964426
3014666201,0.0010031472
3018949201,0.015152956
3018949202,0.005600798
3019337302,0.05293467
3026816802,0.9413438
3031174902,0.19899096
3031368202,0.014230631
3031428201,0.6990064
3046805201,0.38568646
3046945402,0.00026691472
3053489302,0.0936217
3055760803,0.0027676274
3058004502,0.117600776
3058007201,0.8901476
3063992801,0.036886927
3071881101,0.3784893
3071881103,0.031768057
3071881104,0.03002913
3102001301,0.6424912
3103558401,0.98594344
3103575802,0.12119289
3110540201,0.2389687
3110540202,0.15193094
3110603901,0.4487409
3111950501,0.00016662036
3119795201,0.8584729
3120236902,2.6014626e-05
3132119001,0.9898145
3132142001,0.020438842
3133342702,0.019446028
3140936101,0.0136971725
3141154101,0.0
3141154102,0.93880504
3142064902,0.043591868
3157252801,0.14804962
3167063202,0.10139008
3175297102,0.00079587026
3176004601,0.9170426
3179612006,0.3270217
3179929603,0.0059047933
3179929604,0.006963218
3185258505,0.00734905
3185298001,0.9932974
3185298002,0.9808106
3187201101,0.054703698
3194381902,0.9516015
3194575303,0.00030546947
3203463001,0.086614124
3203463003,0.43013304
3213709901,0.00083411287
3222460802,0.017909225
3231889301,0.5089258
3232159104,0.007638175
3232441901,0.9812237
3234812501,0.0070089116
3245705601,0.009918768
3246227701,0.48968503
3256908001,0.003798322
3268340304,6.221438e-05
3268340307,0.0011415281
3269099802,0.00062224537
3269552901,0.0003640618
3269552902,0.9083632
3269953802,0.0004941245
3276522401,0.048583504
3276533002,0.002484807
3276533004,0.46264994
3280637501,0.5428746
3280637502,0.1352305
3307649701,0.07171991
3318030301,0.034403704
3318466001,0.8388528
3318512401,0.0017560516
3334199001,0.97657996
3335085001,0.0013798487
3335085002,0.014693345
3353118201,0.8951726
3362798301,0.9738444
3363285304,0.050658815
3364330102,0.0009846396
3370676108,0.09187161
3371460301,0.026436727
3373201704,0.0009909387
3377092703,0.020741384
3383635903,0.16726415
3384068301,0.92494744
3390475201,0.85876137
3390701001,0.9045791
3391691903,0.0043447516
3392745901,0.65311545
3393136902,0.00011043696
3393383702,0.35689273
3399912401,0.3282154
3400905505,0.2718179
3411844501,0.3730082
3417332101,0.002113189
3417332102,0.005870123
3424745501,0.0033907436
3434489003,0.0009014132
3434489004,0.0004792456
3434489005,0.97838664
3434667601,0.014712403
3441905501,0.009009033
3441973601,0.043581363
3441973602,0.09973288
3442555603,0.005739472
3442733801,0.8385134
3447794201,0.23828869
3448817501,0.025527533
3448817502,0.0006128002
3448820401,0.474519
3453778701,0.9954359
3467188601,0.8026075
3488902701,0.77462184
3489887102,0.0009975077
3492120601,0.2526702
3492623801,0.27913436
3505074004,0.13664085
3515144901,0.0005365591
3515201401,0.45671546
3515201403,0.22772902
3515201404,0.3772781
3528137002,0.055146765
3531535801,0.9695823
3531545301,0.9853416
3531545302,0.22891244
3539425602,0.004078045
3561454202,0.06804508
3561454203,0.0771327
3563221601,0.19234855
3573729201,0.904824
3577053401,0.0006648511
3577053402,0.7714826
3577053403,0.0013581002
3577105201,0.47349024
3587746301,0.00079241185
3587746302,0.0004714152
3599902601,0.0121169565
3599902602,0.038122047
3627371304,0.29878533
3659498501,0.8986643
3659548101,0.5191918
3666336101,0.9819781
3666450101,0.90211767
3666450106,0.041654654
3676842402,0.9797564
3677387808,0.0069058095
3692332901,0.51482034
3692332902,0.087043874
3704799301,0.9785009
3705786301,0.083625086
3706298501,0.30408084
3706298502,0.0015067445
3719507701,0.98625886
3785931001,0.51121306
3789267501,0.6555218
3823037501,0.17288743
3823424101,0.68459576
3831648301,6.1892815e-06
3831648302,6.4116716e-06
3831650501,0.36838022
3831669101,8.133406e-05
3831669102,3.241698e-05
3832537201,0.001333835
3832537202,0.00032530492
3832537204,0.64851785
3836271401,0.022272034
3842383401,0.97466487
3848340502,0.002221454
3848340503,0.0067931744
3857102001,0.9929488
3857190802,0.041817345
3860367301,0.9934011
3871032102,0.01697283
3872898902,0.8774757
3872898904,0.7105228
3874032101,0.8566115
3874509601,0.049991444
3875475301,0.8738827
3875475302,0.72592324
3899057102,0.86824924
3947803802,0.038704984
3960490901,0.9929981
3960825001,0.3735115
3964510301,0.010616208
3964510302,0.92647773
3964580201,0.78564316
3964596201,0.0006579665
3964596202,0.0004679347
3964596203,0.0053933854
3964598901,0.00048465916
3964598902,0.00083193794
3964598903,0.0023445282
3964599101,0.0019516104
3964599102,0.0082
3964599103,0.0009167944
3964866401,2.1152666e-05
3964866402,4.243928e-06
3964866403,1.6831052e-06
3965453201,0.00012995632
3965453202,0.0009342498
3965453203,8.4180385e-05
3965926901,0.00016243425
3965926902,0.002469412
3965926903,0.00012432183
3985732201,0.13535918
3985850701,0.9985917
4002980201,0.37993133
4002980202,0.10616456
4006122601,0.94679797
4007664701,0.004520359
4007664702,0.0021739905
4015435201,0.057756063
4024771902,0.25311413
4049614402,0.008594135
4049614403,0.051310286
4049639801,0.00017874941
4053529007,0.0018319904
4053530302,0.021542402
4054021301,0.19324127
4054091401,0.6022995
4054569402,0.6933139
4071509102,0.279805
4071736501,0.8759997
4071736502,0.7131697
4074927402,0.9957867
4079750401,0.0005607177
4079750402,0.4351883
4079755502,0.020379195
4087813603,0.8776908
4090461902,0.005349902
4092452401,0.99496126
4092541804,0.002986051
4097449901,0.04251299
4097584204,0.00044183186
4097584205,0.0003809284
4097584207,0.0004977216
4101147101,0.16350491
4103172102,0.005059165
4103282404,0.00036961696
4123125201,0.00021748677
4123917001,0.12501079
4124707301,0.5053187
4133885201,0.0007365134
4135932601,0.019948214
4138586402,0.001265539
4150732601,0.39516705
4150874601,0.9590761
4159045304,0.0073583545
4162249605,0.07217499
4162577901,0.04766459
4163071201,0.000112639806
4163071202,0.004636007
4194266004,0.016866406
4195029201,0.81334186
4203595801,0.5610852
4204477601,0.0053450908
4204477602,0.0021929627
4214979601,0.6195624
4221337001,0.032758694
4221337004,0.006116914
4242423301,0.0001585216
4242423302,0.000103326915
4242492204,6.80556e-05
4252370002,0.044626374
4265744501,0.98840207
4265744601,0.9940731
4266274701,0.88944423
4267727901,0.025480999
4268151601,0.92712456
4268548501,0.03341953
4276855001,0.5897992
4277788301,0.12095011
4277788302,0.0013883797
4317398502,0.21192469
4317398504,0.6149734
4318622401,0.27000985
4351491201,0.011297007
4351491203,0.0044636414
4351502401,0.810005
4351502402,0.9649335
4351985201,0.0023742917
4354192602,0.023985008
4369702502,0.0043893824
4392689601,0.010352756
4392689602,0.11894383
4392938201,0.5419819
4397781501,0.40578994
4397827401,0.067286074
4420128402,0.0036571764
4432802502,0.0035041277
4439556002,0.07184715
4440082102,0.8815985
4447659308,0.0070516486
4448257801,0.029735321
4448257802,0.02208487
4448257803,0.009442701
4459765301,0.4945438
4471851601,0.0016480043
4472600001,0.7931542
4480103301,0.99402267
4483827501,0.7507094
4526160001,0.9971949
4526160002,0.9633013
4526169201,0.9069152
4526646101,0.04668445
4527133503,0.86705625
4534806301,0.0005941644
4570121102,0.6909374
4570163001,0.0027961247
4614313301,0.045508355
4652070001,0.013728258
4654144401,0.2265548
4654993101,0.086702496
4665897205,0.48924303
4666292102,0.0037810705
4714868201,9.488793e-06
4715124501,0.0610013
4715124502,0.0011144324
4740221401,0.9765968
4740233701,0.9461794
4740749901,0.09373855
4741205501,0.9921852
4741205502,0.9814963
4741205701,0.13338922
4741205702,0.04472636
4828220101,0.9476334
4828220103,0.111182764
4828273601,0.5753399
4829203002,0.0011878794
4870279902,0.0014032051
4870344602,0.0008695679
4871280601,0.51467854
4897900502,9.9397344e-05
4905823102,0.0019265733
4905823103,0.0022655202
4905977201,0.13250875
4912648805,0.021255892
4912648806,0.057645682
4913506001,0.21456523
4913793601,0.18472981
4921874606,0.019681932
4929679601,0.0005906229
4929679602,0.00048871984
4939022301,0.94898605
4939990902,0.0026149685
4953460001,0.00021113374
4953460002,7.4545496e-05
4954065603,0.0069800443
4954066306,0.024438435
4954140202,0.00063785596
4957545301,0.8689819
5001067201,0.7530334
5001068901,0.43387857
5001102201,0.08465955
5001765202,0.34721676
5030995301,0.28674054
5030995302,0.85099506
5037787401,0.33118734
5042097601,0.8793334
5085962001,0.014490234
5085962003,0.013585454
5128835901,0.3016584
5171914801,0.062519915
5257763902,0.002872319
5344625701,0.03744612
5431124201,0.0064166104
5432059804,0.17737891
5502166501,0.5020632
5502186202,0.00041008202
5515505102,0.021236442
5516463201,0.002501944
5516463202,0.007031018
5518119901,0.062418018
5527110401,0.01687041
5527226202,0.95980805
5545249501,0.749763
5545250301,0.016744696
5545426902,0.03768583
5545507402,0.012490405
5547289901,0.60273033
5547289902,0.021128051
5547432903,0.0312764
5549728103,4.2204247e-05
5562237201,0.77352625
5565278504,0.005072107
5570770602,0.0030454395
5574626201,0.9253981
5575808301,0.81331915
5575899202,1.6021827e-15
5584894004,0.016792243
5591586001,0.6510621
5593112503,0.0010502898
5600446501,0.9593321
5626985801,0.0027395515
5627065601,0.0038331992
5627482401,0.00054995914
5634727201,0.9007391
5643788502,0.5145194
5643825301,0.16435614
5649444901,0.03374236
5659416702,0.00045326457
5659617704,0.02443335
5661352407,0.0028355266
5670177604,0.111313775
5673306902,0.6071175
5677316201,0.4425976
5686364903,0.18065664
5686364905,0.030618683
5686448101,0.07001073
5686939601,0.37974507
5686939602,0.02976706
5692699102,0.00010263216
5701501301,0.0053166216
5701501302,0.0872181
5701929301,0.0020586888
5709587101,0.3882119
5711132401,0.94451445
5711205901,0.91965187
5712239104,0.024759773
5721670401,0.00047140915
5721670402,0.00094021345
5723846602,0.008763587
5724783701,0.85261434
5727492901,0.16194466
5738102001,0.67449075
5741840401,0.00030345444
5741840402,0.00032491933
5741840403,0.021586189
5741840404,0.008069132
5754904201,0.96588457
5769526201,0.076522864
5774550401,0.46986127
5777786802,0.30488828
5784683004,0.7905167
5784944902,0.853488
5800167503,0.556752
5800281702,0.20362909
5805734802,0.002850178
5806463601,0.039041225
5813672601,0.071357384
5813672602,0.010025859
5814217001,0.9519434
5814217002,0.10470981
5815915803,0.0006780664
5815915804,0.00052649266
5825911002,0.87086654
5837485301,0.04084971
5837485302,0.11520441
5837485303,0.08892191
5852494403,0.27503547
5857455101,0.0008498774
5865628302,0.015610574
5865628303,0.03633637
5865628304,0.64631075
5866378902,0.32607856
5876996601,0.9435445
5887774601,0.023166098
5887988502,0.87130976
5888902201,0.71386355
5897340001,0.49560001
5905570003,0.6956192
5906064602,0.001485322
5906076703,2.755864e-06
5907142001,0.7669468
5941366101,0.90649337
5943297001,0.968613
5944023101,0.97566265
5944023102,0.6941919
5944753601,0.9713757
5955473401,0.3735566
5955473402,0.6066345
5956030402,0.0003240031
5956983603,0.0014982903
5965996401,0.10152131
5965996402,0.026647825
5966774301,0.015934959
5970269802,0.027791781
5978675402,0.28871953
5979358401,0.15555865
5982349401,0.054027613
5991614302,0.00025605768
5997905301,0.67086375
5998056201,0.5863047
6007267401,0.6819531
6008380201,0.060135998
6008963601,0.9746052
6008963602,0.36341563
6008963603,0.76537913
6015938604,0.00067451346
6016002901,0.00020240908
6016002902,0.0002642426
6016700601,0.7683143
6016802201,0.0025442676
6026872001,0.013315057
6027718501,0.084726505
6028377003,0.47436017
6030946801,0.12919164
6035637701,0.846655
6036742901,0.00018735744
6036869001,0.0047684764
6042874501,0.35314566
6043004303,0.0011618143
6043004304,0.022439439
6043375501,0.00024895513
6043375502,0.00014626328
6043909904,0.002911849
6046288601,0.039688062
6053017901,0.0012066644
6053541501,0.0019914298
6053818401,0.9889515
6062971701,0.000858624
6069763601,0.6439776
6074889101,0.0028768072
6082305101,0.017911414
6089059903,0.046705462
6089158202,0.0061573065
6119174502,0.037698135
6144129701,0.45750338
6154771403,0.07768567
6154771404,0.02587805
6155090501,0.00033300117
6165397403,0.106918834
6165653403,0.0025594705
6165653405,0.121916756
6178654902,0.39149064
6180657801,0.05285669
6180805201,0.90135133
6180805202,0.9029342
6192574301,0.0020300238
6192574302,0.00041916312
6215724701,0.89740247
6217415803,0.092574894
6228904502,0.0788761
6241089002,0.02778296
6241093102,0.19570719
6241590201,0.6500267
6242032601,0.12264182
6253595402,1.4470376e-05
6253595403,0.0003386855
6253971902,0.0033232206
6254246401,0.07697447
6254246402,0.019548632
6261133301,0.9410518
6261323802,0.024206974
6265521202,0.06771626
6272611201,0.78632134
6272665702,0.60053045
6279045202,0.5908977
6280378905,0.100884296
6280674301,0.895436
6280856501,0.35449138
6288299303,0.005489446
6288299304,0.005987551
6291912801,0.00061254064
6299101801,0.290187
6302337203,0.5119863
6302404701,0.78906083
6308923801,0.031822562
6309331503,8.6830136e-05
6309331505,7.803517e-05
6313590502,0.5709433
6313914303,0.91073775
6318435402,0.7373903
6318435404,0.6038783
6324683401,0.99241155
6326181102,0.46677512
6327267202,0.0003893007
6332963401,0.26035696
6340819502,0.9282888
6341634501,0.45204332
6351354601,1.8118497e-05
6352203501,0.000104403014
6352203502,0.0006467221
6352379501,0.5056993
6359069701,0.00048202634
6359214001,0.0009407812
6361511001,0.023838805
6361919203,0.3401172
6368632901,0.14552656
6368776201,0.12800694
6376477803,0.017639158
6376804901,0.0071327863
6376807501,0.0026967586
6376807502,0.024054313
6387572703,0.0012227516
6387572704,0.0015199548
6387866702,0.033260398
6387966304,0.5600007
6399136702,0.0007613392
6399459503,0.07734764
6412380401,0.1518746
6424210504,0.01249753
6434460401,0.052351017
6435212501,0.048986573
6435212502,0.49745432
6485866101,0.00033012882
6485866102,0.0003904985
6485866103,0.00018541729
6485866104,0.04560875
6485866105,0.037311777
6485866106,0.024265284
6525380401,0.8978424
6538582002,0.11262274
6586048304,0.0021197523
7375361601,0.5366753
7375607502,0.29161608
7392507002,0.003236114
7392507002,0.003230763
7427155401,0.0018745618
7427155407,0.9245254
7434621201,0.009676082
7434621201,0.009676082
7434621202,0.00051514246
7434621202,0.00051514246
7443700003,0.007903503
7451108101,0.0010982868
7451922401,0.018638501
7459694901,0.42898962
7459694902,0.114897706
7482930601,0.018365348
7507619201,0.036624517
7516057103,0.011382998
7522371801,0.74413896
7530608901,0.0348027
7530702201,0.19222207
7538565803,0.005115083
7538725301,0.060459908
7538917601,0.33252335
7539189001,0.20236431
7546329201,0.70314765
7561012505,0.0018999976
7568374001,0.9576952
7568374001,0.9327605
7575508203,0.0050799255
7575571607,0.0026320268
7591712304,0.055174857
7600180003,0.3143372
7605870901,0.1703422
7606518401,0.39576465
7606562302,0.7798401
7606612701,0.60204387
7606666902,0.76126564
7617356301,0.014359823
7631539701,0.9662706
7631618801,0.1284897
7631618802,0.0023792258
7638650802,0.13975827
7639159901,0.12803446
7639303301,0.84979737
7639303302,0.8298547
7644614602,0.016367236
7644614603,0.16512625
7644614604,0.3047869
7661644001,0.58635795
7675873301,0.3131306
7675873303,0.001090354
7676218301,0.35804838
7676567601,0.0082138255
7689270401,0.0066951877
7689270402,0.7699204
7792450201,0.93582356
7824594601,0.90949404
7837460901,0.02208751
7875409802,0.010424141
7875903801,0.047815163
7912466701,0.0029825836
7912507701,0.984127
7912545601,0.059633546
7913292301,0.001099198
7926475902,0.29211798
7960579101,0.99948114
7971252002,0.08442839
7982089001,0.5793454
8004746701,0.25870195
8004867004,0.99196106
8324325901,0.5736834
8359092201,0.68365
8382728801,0.93899727
8391827801,0.65751034
8463689001,0.0490328
8464525501,0.94591266
8474543001,0.64205366
8474787203,0.99358505
8475697403,0.0007967269
8475836301,0.0006528529
8500576401,0.0010121627
8501067001,0.62666184
8512562301,0.06624973
8535969701,0.37075508
8535969702,0.76424634
8536160701,0.8701316
8557710801,0.25459927
8563941501,0.004601615
8564200602,0.00013388097
8564269102,0.00038880043
8576045202,5.788004e-05
8585618401,0.06949427
8585618402,0.74351645
8592489001,0.67102623
8602080602,0.094308525
8603125301,0.0002499848
8625205701,0.27490604
8625205702,0.41138074
8625492902,0.00030304535
8632462302,0.06491206
8633423501,0.9463358
8633435102,0.120757885
8651144702,0.0016861107
8652128901,0.7114392
8663328001,0.11792581
8688852701,0.052530408
8688852702,0.0044187284
8705532001,0.33170977
8705793603,0.0107180495
8705793605,0.05126553
8716784101,0.16917063
8716784103,0.20684388
8726694203,0.010868935
8733387901,0.93195367
8754358902,0.051310588
8778408101,0.85768914
8788823901,0.7457849
8789967903,0.010048929
8823309601,0.89777774
8833986501,0.89992917
8851497101,0.2873
8851956101,0.28181142
8852008701,0.038714893
8852189402,0.03723064
8861191602,0.00031576457
8881178201,0.9655855
8898627501,0.6620339
8898627502,0.09165129
8905393404,0.10271757
8905697201,0.001769272
8905697202,0.0002099145
8913706803,0.0018122577
8914097501,0.035856094
8924303201,0.9521572
8924303202,0.68805486
8925222504,0.4031172
8925357001,0.021132125
8930756502,0.0021217845
8931838602,0.035453524
8941135101,0.01563335
8942065601,0.0025713912
8956699101,0.06932001
8957784501,0.04347096
8957784502,0.004190577
8965832101,0.9522853
8974209201,0.44683754
8980662303,0.0039901403
8981040401,0.001041016
8981040402,0.00095271535
8991306903,0.00048302583
8996784601,0.8905887
8997116301,0.6022488
9008303701,0.97997814
9008303702,0.23763445
9016544001,0.6620427
9022828902,0.046903074
9022853401,0.04072271
9022878501,0.66785187
9022890901,0.027377022
9023643801,0.61193603
9041772101,0.9758229
9042252402,0.0055253226
9048609101,0.33670467
9049168001,0.09001221
9065882101,0.10201346
9066105801,0.0065082363
9066127701,0.08025952
9066386302,0.032727115
9071694402,0.15219535
9073074701,0.00064227404
9081432501,0.8805647
9081838502,0.50183666
9099943601,0.9551902
9100943301,0.08672538
9107170701,0.17874952
9107893601,0.5800576
9114721801,0.2179911
9124466901,0.8074261
9131653602,0.026132874
9131653604,0.69277
9132419502,0.35228437
9141025802,0.032885753
9141026002,0.053196143
9141422303,0.00083172315
9475348801,0.84413284
9475628901,0.0753709
9509231003,0.07396947
9517431301,0.456078
9518324401,0.0007576571
9570260101,0.0002804975
9571788104,0.00178689
9572072601,0.9566016
9580433902,0.05602321
9580511005,0.0013486242
9581394501,0.12546772
9584949203,0.01704249
9603923601,0.8758433
9647563801,0.9806333
9654057203,0.007274228
9681050603,0.011959869
9681868001,0.009864908
9688924805,0.007108483
9708044101,0.09671802
9708421301,0.006706286
9710542301,0.00032755153
9710542302,0.050466232
9729263202,0.014107622
9729640903,0.0064581702
9769165301,0.88884133
9776252401,0.00035180867
9776699301,0.8473016
9788835703,0.76510215
9790248301,0.9554299
9799135801,0.539854
9831842503,0.043440863
9831864401,0.023759846
10019081801,0.8935323
10019140201,0.2975085
10030598401,1.0849143e-05
10030598402,6.4107485e-06
10031003601,0.0042497376
10056971004,0.025575444
10057104001,0.5953019
10057104002,0.11561395
10058843802,0.9708133
10058843804,0.0147560965
10068997301,0.005917287
10069995501,0.9636688
10094739503,0.84616685
10094763201,0.0002865108
10094797703,0.00021107515
10095808402,0.025497349
10095843301,0.11885671
10096215701,0.005780265
10096417101,0.03396809
10108020001,0.1420544
10108283401,0.00066528213
10119610201,0.00017691408
10119610202,0.00020838279
10132909501,3.191037e-05
10148655101,0.12960806
10161078302,0.9483279
10161080704,0.94401777
10186375301,0.15379049
10186596501,0.04384296
10199039201,0.97656244
10212986001,0.006298396
10224618801,0.7262793
10224618802,0.35728794
10224901702,0.98041886
10263813202,0.14663304
10264287001,0.00024792334
10264316301,0.00025080773
10264348201,0.0033112895
10274366302,8.750258e-05
10314524801,0.05645322
10325796706,0.0061338847
10353132902,1.000498e-07
10364895801,0.79094636
10376367904,0.37437704
10376397901,0.00683794
10390531901,0.09109472
10413925202,0.0009898881
10427433001,0.6546307
10441934105,0.013269229
10479034102,0.8825893
10480383401,0.009190354
10480383402,0.007952193
10493181301,0.833774
10518842403,0.87386024
10519098404,0.68233544
10529676301,0.0023414453
10529676302,0.020085989
10568487504,0.54808474
10837497602,0.0013201915
10837842705,0.0007318119
10859048002,0.019030519
10884591901,0.67266923
10886092801,0.10750254
10886419901,0.00027676017
10886419902,0.0005981783
10898348201,0.77828175
10898348202,0.97247034
10937635604,8.084132e-06
10938015501,0.061000433
10938019301,0.023484873
10949837601,0.14672643
10950331601,0.5260518
10963396401,0.9673258
10987510902,0.02073104
11001893001,0.0027066602
11035433901,0.05069902
11054170402,0.028076012
11061602801,0.0014027896
11062190401,0.9577665
11062805303,0.3527493
11062805304,0.02447333
11075892603,0.0030209452
11087920102,0.13291655
11102317801,0.8198446
11102719501,0.023593863
11126632602,0.024203071
11140384101,0.7300782
11144934701,0.016333079
11144934702,0.0058015143
11150781601,0.78146356
11157210001,0.30803546
11162241502,0.109169476
11172093002,0.0003421559
11172279402,0.4272649
11172279403,0.54976237
11175985301,0.26006094
11176276901,0.0745019
11177023101,0.3926562
11177053903,0.7181113
11184523001,0.50496936
11188722501,0.61755854
11188877204,0.013262464
11188897502,0.017105004
11196832301,0.09839384
11208954303,0.0012390906
11221303101,0.83424544
11226066102,0.39465752
11226298602,0.009007374
11237798102,0.08787048
11257430701,0.007360657
11257592301,0.6306008
11257820204,0.1668689
11257820206,0.37982577
11258650602,0.00015663367
11278457201,0.5569468
11289868301,0.37570387
11289874802,0.008239596
11316068701,0.021768978
11316097901,0.81296724
11326728502,0.0002525992
11326728503,0.0014804602
11339655703,0.21591207
11341112002,0.9945438
11351159103,0.016228126
11376871801,0.9929395
11376871802,0.9824144
11390038802,0.62297565
11413054201,8.603601e-05
11413054202,5.00933e-05
11413963201,0.99339175
11413963202,0.14287984
11426827002,0.5329892
11793527401,0.037615746
11801117801,0.092866935
11801536001,0.375921
11801607802,0.2361326
11805993502,0.0036549808
11813989304,0.3538739
11813989305,0.38876948
11813989306,0.18904948
11814710701,4.409738e-05
11819609403,0.0014916124
11819664401,0.059995197
11819664404,0.3227626
11819770903,0.00037836976
11819824801,0.114084035
11820008001,0.0003679305
11828042701,0.053276464
11832157008,0.00079992006
11832289607,0.61671996
11843969002,9.132655e-05
11853010701,0.88802797
11866683301,0.8702873
11879817401,0.38375473
11892274901,0.36473617
11898109002,0.0040684254
11904677202,0.0027157576
11921955101,0.3310005
11922271301,0.01617204
11922514501,0.014648624
11933439101,0.9474012
11938562501,0.22174422
11938810101,0.44127837
11950168708,0.22434506
11950621401,0.21177211
11956086701,0.95961064
11962420701,0.0009862544
11967724601,0.6754808
11987903601,0.5869112
11997553101,0.25501472
11998011201,0.9902636
11998113401,0.4496695
12027622801,0.001458484
12028115501,0.33853546
12034182301,0.35372314
12039326410,0.0011990075
12039326411,0.0034113796
12039326407,0.007874117
12039326408,0.00070341513
12039326409,0.0124810515
12039513701,0.08664538
12039513702,0.25763324
12039720501,0.76901776
12039721702,0.16881202
12040021401,0.62108696
12061103001,0.7730467
12061103002,0.9292474
12081715301,0.0011114617
12081715302,0.6840717
12093407101,0.0028778745
12093761601,0.105694756
12094161401,0.96208954
12113719101,0.00067654334
12145433301,0.11155179
12158637201,0.709037
12167517401,0.8778777
12200275401,0.89581186
12200597701,0.0144680245
12200666501,0.9931685
12220988502,0.2857327
12242476801,0.0038860838
12243213301,0.96456426
12253794801,0.9573432
12264264401,0.9954366
12285400501,0.8612939
12317287902,0.0029962985
12339813301,0.97467536
12350845102,0.017531924
12381617802,0.005065662
12390795801,0.06422111
12390866501,0.48205853
12391973001,0.0001403952
12426094001,0.7727418
12426405501,0.6592735
12426405502,0.96645844
12426436303,3.744013e-05
12458398501,0.30562764
12459356401,0.57211447
12459356402,0.5160693
12479663401,0.6841016
12489976901,0.95335776
12510041603,0.00016281384
12510943101,0.85378546
12522039801,0.044025283
12522220604,0.0997626
12522220605,0.0059572975
12522821001,0.9524736
12533032001,0.050725404
12533039501,0.87775916
12546033301,4.9964678e-05
12553900602,2.678169e-05
12553900604,0.00017846569
12553921701,0.000101260404
12565600201,0.060232
12565956701,0.17377022
12565956702,0.005207315
12576085101,0.0020490189
12596876401,0.0020382185
12606428601,0.9364375
12606499301,0.15014338
12607327902,0.0022506958
12607799201,0.8275669
12607810001,0.34431618
12630682801,0.37500602
12639315001,0.6428476
12656178701,0.853965
14059590301,0.025670657
14068744601,0.0002196116
14079745901,1.7586599e-05
14093858001,0.93946534
14094049302,0.00012682492
14128126001,0.075731516
14128126002,0.7599801
14133479301,0.009626786
14141282301,0.98324907
14143575801,9.0198475e-05
14147252101,0.016136354
14148039401,0.011149743
14148238601,0.787036
14148498103,0.00081673573
14171216701,0.9440134
14175278701,0.066735364
14175577002,0.00019876935
14177059201,0.56155187
14180659802,0.00023251075
14181146904,0.00034902175
14182800702,3.093331e-05
14186670401,0.00019372451
14186670402,1.8613986e-05
14187156903,5.850533e-05
14208293201,0.0012675244
14210530801,0.00088543695
14210918504,0.02268948
14214784903,0.04940903
14214784904,0.09309653
14214822801,0.8690689
14214871202,0.3024488
14785851101,0.98898274
14787355302,0.0015305352
14884825503,0.003844541
14910260201,0.52830064
14910260202,0.6412586
14917608001,0.09247108
14917608002,0.20598419
14917608003,0.1711824
14919080201,0.0015310337
14919514302,0.770503
14922069301,0.36275268
14927061301,0.049227003
14927436702,0.023232006
14930274401,0.99416107
14930274402,0.99241924
14930817504,0.32495764
14934986701,0.9974015
14934986702,0.99686325
14934986703,0.057315316
14939257402,0.21766461
14944716001,1.6417603e-16
14944716002,2.5865037e-09
14949842501,0.00010675391
14949842502,0.00022200256
14987370902,0.060841657
14993094602,9.125498e-05
15003020501,0.9990226
15003020502,0.9990508
15009886001,0.99788696
15010147201,0.15576701
15015126201,0.9980404
15015126202,0.99936384
15020394201,0.03133496
15030038803,0.00043113742
15032061002,5.7069985e-07
15042980702,0.008726774
15044304601,0.010977915
15051620201,0.99207675
15052358402,0.0022009476
15063635601,0.0054401495
15063635602,0.05576117
15071886401,0.006875138
15086376801,0.41410145
15088003801,0.76546687
15104739403,0.2933274
15105371901,0.36530462
15118385001,0.0020904853
15118864503,0.1855858
15120148501,0.4733599
15129820905,0.18607113
15138784001,0.061251946
15138832401,0.005169786
15138832402,0.0067630755
15153447503,7.655886e-05
15160209601,0.0005884483
15169357402,0.00016314408
15170787001,0.032993797
15212279301,0.0035059247
15212279302,0.00026974184
15226473702,0.9202163
15235037301,0.32034773
15235037302,0.044417735
15245720301,0.7099073
15254053806,0.008973844
15254053807,0.0018054415
15254317001,0.74245304
15254700601,0.005325833
15262595501,0.80695593
15266038501,0.058063388
15289652401,0.2866468
15289903601,0.08094548
15290875301,0.0010923222
15290875302,0.00034553095
15290889701,0.00012910865
15290889702,6.239489e-05
15290889703,0.00048469543
15301725001,0.73561555
15345478201,0.7910062
15366956901,0.018541323
15419006804,9.212153e-05
15419966501,0.0245274
15437834606,0.00028275806
15439316701,0.920992
15439316702,0.96999335
15439658101,0.00095339725
15439658102,0.00034697793
15439674601,0.0015865632
15439674602,0.0005159314
15451417007,0.00034969504
15452472302,0.032709014
15518488001,0.6680733
15518514202,0.012652083
15518514205,0.5130462
15518987401,0.50322556
15528599301,0.0017339522
15528599303,6.286528e-05
15528612101,0.0573153
15538521202,0.00035395552
15551479802,0.00054661505
15562018704,0.7546192
15562018706,0.20473866
15622784802,0.0004910774
15622784804,0.0013549066
15622784805,0.9936102
15622784809,0.9918982
15623636104,0.7308622
15632989001,0.01392241
15665276702,0.16713323
15666885101,0.85033435
15677513102,0.2753549
15706981801,0.002279105
15706981802,0.0004197587
15719104502,0.0041711554
15806322501,0.91323024
15806322502,0.65941364
15809911601,0.02231808
15809958001,0.0338139
15814195101,0.9851799
15814195102,0.36852792
15815687801,0.82368255
15815893201,0.102630414
15815939202,0.0030843224
15815989102,0.121252574
15860720701,0.38361415
15860722801,0.108539194
15860741901,0.010508187
15878178402,0.03506598
15878178403,0.78438306
15912169301,0.0369918
15924871502,0.6808221
15947215603,0.007930833
15947227802,0.69114065
15948113801,0.12099516
15948113802,0.6978902
15948113803,0.4671894
15956590202,0.22762021
15969873701,0.911114
15980342101,0.0026381325
15980342102,0.0010993268
16013434801,0.97886974
16036773402,0.07385846
16036773403,0.18089394
16066016301,0.51527846
16066515901,0.97404253
16066526601,0.32299256
16068880901,0.34994665
16084755501,0.7257825
16091601404,0.01152928
16099102201,0.38701674
16099102202,0.9140748
16099304901,0.0005776002
16103732001,0.27611923
16108228801,0.03008797
16108228802,0.000173991
16108592104,0.00048726966
16111060101,0.02497322
16125373001,0.86312157
16126004401,0.9740602
16134286001,0.99300414
16134286002,0.90816593
16143602901,0.00088901335
16154166701,0.014206301
16154930501,0.9967379
16155008801,0.0012462456
16176108901,0.36748105
16176124703,0.09658583
16198132604,0.0022221897
16198826901,0.005874899
16210735001,0.00095002644
16241062701,0.013193656
16242925701,0.32056537
16253832601,0.60960484
16255155401,0.118707165
16265142702,0.060921714
16266588403,0.0273308
16338814401,0.00066663756
16340585502,5.2107967e-05
16355726201,0.37578496
16356506601,0.5207805
16356506602,0.10364441
16377210001,7.747956e-05
16377210002,0.0035243747
16398864501,0.1909304
16696934602,9.640559e-05
16700979201,0.29578966
16708620102,5.7765215e-18
16730338202,0.9951159
16730403801,0.00017041345
16730403802,0.00010297036
16734243901,0.993425
16734313302,0.34932244
16736542802,0.00013928421
16741596501,0.99805874
16741596502,0.82066596
16741889801,0.97992843
16752648502,0.85701895
16755489801,0.9957926
16755489804,0.0004021046
16757013101,0.89670765
16757013102,0.00024483385
16757013103,0.07070324
16757119203,0.020294713
16760273802,0.0009446807
16760273803,0.0014894692
16760421701,0.050410215
16769439701,0.00014518459
16769572902,0.008100428
16771839802,0.016951554
16775073201,0.90282243
16775131902,0.0020694889
16775452301,0.054568183
16779396102,0.0019441802
16781194601,0.022203743
16781194602,0.02141769
16995573401,0.0002959808
16995573402,0.0002470519
17004831601,0.32391158
17023867602,0.0007975146
17024094203,0.43172294
17025467504,0.048961513
17032889101,0.010556743
17032889102,0.0018152721
17033096503,0.0029448532
17033757001,0.0036907273
17033757002,0.0041650017
17033757003,0.18273164
17033757004,0.2180539
17034101102,0.13040404
17042211401,0.82081676
17043049702,0.03456059
17050929001,0.001086825
17069188506,0.0024934143
17069237901,0.550346
17076902501,0.27703914
17077392403,0.030855725
17085770202,0.000984755
17097239601,0.17698364
17097994501,0.9020512
17106091801,0.48653528
17106337909,0.0009779447
17106451103,0.012127652
17129234303,0.0018210824
17138585501,0.95620745
17147300001,0.00016523773
17147888202,0.002494024
17147888202,0.0017246258
17148036601,0.00040760497
17153235801,0.47589105
17153235803,0.17464599
17153653001,0.69964576
17153653002,0.26451015
17154219001,0.9913526
17154409102,0.00083613175
17163328601,0.0017509008
17174562602,0.07496081
17174562603,0.0038411533
17189929108,0.0017326418
17195529805,0.0027119503
17196218101,0.072990306
17196218102,0.114647985
17196401501,0.17164616
17205337202,3.872923e-07
17205337202,0.4398905
17215521304,0.01753862
17220307703,0.056761608
17220325201,0.7373216
17220325202,0.18110149
17250251405,0.17325994
17254841501,0.01387026
17263400901,0.9918311
17264424801,0.0045218226
17271798203,0.9873396
17272238802,0.004873722
17281527201,0.33379796
17281527202,0.35482705
17289329601,0.92466104
17349331402,0.008019789
17354412401,0.0025604772
17354412402,0.032708615
17354412403,0.0009656772
17354483502,0.027732039
17364872701,0.032286104
17364872702,0.23851617
17365440201,0.015403435
17373887901,0.00037719717
17380768102,0.021345854
17381431501,0.364826
17381431502,0.89212465
17381455001,0.41112074
17388516403,0.6828549
17389423101,0.0126040485
17389423102,0.014452034
17389662202,0.46514606
17406818604,0.0022039006
17412582205,0.009238454
17413303503,0.0035431837
17418211001,0.6407361
17429111201,0.21450397
17429382701,0.00046418316
17572863401,0.9397594
17595347901,0.8736542
17602056201,0.002032949
17603913301,0.0850428
17610827402,0.00088704226
17610959901,0.7989852
17611105801,0.19405733
17616422501,0.6233982
17616676301,0.9158264
17687143801,0.9953323
17687143802,0.13895406
17687403401,0.00556028
17693612401,0.033963043
17695537902,0.0024891696
17702223203,0.0043197135
17707733601,0.9980793
17707745701,4.1817402e-05
17707745702,0.00012159011
17707747501,0.0055917464
17707747502,0.021939073
17711698104,0.042320695
17711955403,7.3453207e-06
17717368601,0.5147151
17724213003,2.8675184e-05
17725470301,0.0071646064
17728470202,0.1449177
17730836401,0.99826604
17730877701,0.8313196
17735477101,0.08082476
17738774502,0.002135084
17738774503,0.14837708
17904088001,0.097627215
17904198901,0.005051917
17912356001,0.0003433347
17912356002,0.00028380676
17912356003,0.0111395065
17930792202,0.79223835
17938380501,0.68478364
17943740001,0.011494569
17943740002,0.14257216
17943740004,6.305356e-05
17944028903,0.64109707
17957923302,0.0012431743
17958004502,0.21323295
17963906301,0.0677157
18134118402,0.395481
18134186402,0.0037860044
18157661202,0.0006310269
18179853901,0.2984677
18245089201,0.13112397
18892340101,0.009044196
18892340102,0.0055628433
18916711201,0.9822449
18917239501,0.14290729
18918175801,0.00440689
18944799901,0.9686619
18969437501,0.9977235
18997220501,0.9277138
18997702801,0.9695907
19023050401,0.29936755
19050445101,0.68856996
19103675001,0.0068726735
19103708201,0.58224076
19103708202,0.043066997
19135159105,0.002664405
19142298701,0.5776215
19158371401,0.74279827
19174414201,0.24218102
19186209601,0.30043128
19186718302,0.000696438
19212631102,0.91715384
19213189501,0.0012175587
19238090201,0.51577234
19239046901,0.55310196
19262673603,0.00038613356
19263556101,0.7471477
19289499801,0.00025515186
19289499802,0.000256624
19290685501,0.98557436
19299731603,0.9014738
19301306503,0.07259408
19304883601,0.0067516244
19304883602,0.0013153339
19305978503,0.40296778
19312463703,1.84729e-06
19316382401,0.0006777227
19317415301,0.7534294
19324209701,0.9772742
19324209702,0.9437034
19324232102,0.5316876
19329729401,0.0044057462
19329729402,0.0028450233
19329739201,0.0009295878
19329739202,0.0005660008
19330551701,0.08350044
19352855401,0.97917765
19358920203,0.00027274946
19359667302,0.066479824
19359680203,0.5298218
19365589404,0.00019917611
19377820301,0.9858224
19377820302,0.75300056
19378772601,0.75435245
19378948901,0.021848552
19384952301,0.27380902
19394961705,0.037736405
19396503501,0.98483986
19410316602,0.31697837
19421013901,0.012475729
19426444101,0.0033326028
19433831001,0.27682865
19433831002,0.03914013
19433996701,0.2006336
19439116003,0.019140873
19439628702,0.8599065
19440839001,0.0034590387
19446649601,0.8662065
19447582901,0.89916664
19447582902,0.02621502
19459105101,0.33034304
19479865404,0.10389979
19487327602,0.011625672
19503056401,0.9808172
19504658201,0.7196403
19510340103,0.005049662
19511848201,0.19063732
19516342001,0.12449212
19516427101,0.5795684
19516427103,0.3946525
19556847601,0.00063340034
19557876001,0.22358136
19610149302,0.034211073
19611596801,0.13587326
19636348401,0.99400145
19637335601,0.85635203
19665444401,0.9969553
19665471101,0.9023802
19679343201,0.9909106
19680816201,0.65964884
19684734802,0.014847675
19690447702,0.011493875
19695427303,0.006836007
19695804302,0.00042998142
19697034102,0.14883555
19704547002,0.00091574027
19707467302,0.9740346
19745290601,0.0085547585
19745799701,0.87717235
19746780001,0.058745526
19784795401,0.023079086
19784795402,0.0036582628
19806823901,0.061214242
19806830001,0.00037035166
19825741102,0.0030691393
19825772701,0.09251282
19884575902,0.033286627
19885122601,0.8670692
19931894201,0.90316314
19957495301,0.9835925
19957531501,0.018510481
19983373801,0.85368216
19983373802,0.9388286
20010068801,0.85256785
20017246701,0.9943157
20017783901,0.23620912
20071837702,0.00045772895
20071844301,0.6760781
20095987302,0.110164836
20119314702,0.00052553177
20119776801,0.9810978
20120198901,0.75629747
20164131702,0.00025316724
20171847701,0.6797804
20171879901,0.6601841
20194192601,0.990333
20194235501,0.0059037125
20244560801,0.0033863569
20246185201,0.39273185
20681867404,0.003820304
20697779102,0.0031210037
20703226201,0.00016021993
20703226202,8.480133e-05
20711385602,0.010338789
20711942806,0.4538536
20712481601,0.96667373
20712511201,0.5885499
20725890403,0.2869655
20725890404,0.15030836
20726417201,0.9975793
20734665902,0.6375808
20735276401,0.7957514
20742034902,0.008838729
20750831101,0.9326038
20752078601,0.9631281
20752159901,0.8751304
20752344501,0.00083208695
20755487201,0.9967397
20756381601,0.5475724
20756563501,0.93863696
20760243701,0.0015890185
20765451602,0.018461794
20765451603,0.0060149543
20765455402,0.13242787
20766138101,0.15914969
20766664002,0.07221031
20769515203,0.39383137
20775736503,0.013426435
20775736504,0.49296454
20775746701,0.47845325
20779901301,0.09543134
20780616901,0.21711487
20780930202,0.22446764
20785898801,0.08009459
20786993003,0.06936227
20795453902,0.030455697
20797839101,0.94520754
20797845801,0.76152945
20798008701,0.14057855
20798258101,0.8693287
20798643301,0.0025630568
20798953402,0.0017274043
20799077002,0.00052744476
20803004902,0.46594778
20803778201,0.93180096
20810887901,0.96389806
20811480001,0.14877808
20815128102,0.05928762
20815513302,0.00029909206
20820384201,0.9954609
20820384203,0.12252373
20820384204,0.32053614
20823122404,0.11492332
20823122405,0.014039844
20829558601,0.98551154
20829696701,0.8091842
20829776001,0.99403656
20829796302,0.5947128
20830098501,2.8235907e-05
20830098502,3.0684987e-05
20832372501,0.47146738
20833033601,0.078644454
20833035301,0.6511773
20833304701,0.012126161
20833567901,0.95240283
20839872807,0.00036494358
20843557301,0.699084
20843828802,0.11848188
20844682303,0.0011084196
20844682304,0.0010298545
20848998201,0.97362196
20849184703,0.33125135
20849658702,0.07909959
20853519401,0.85016114
20857996901,0.98374337
20859451101,0.0013159849
20859451102,0.00047242557
20863817306,0.0064504826
20864858501,0.97633106
20866976401,0.8348939
20866976402,0.6908973
20871068001,0.9978884
20871941901,0.21182361
20876387001,0.00102998
20876387002,6.151424e-05
20876538102,0.09303306
20877070601,0.95814836
20877097501,0.59665596
20877160503,0.0018523962
20881574804,0.00031950255
20882540501,0.0010066034
20882540502,0.0011912045
20882540503,0.0048573758
20882540504,0.0037071928
20882540505,0.027500331
20883055802,0.00024632536
20885855301,0.9909875
20891756401,0.0020515742
20891986001,0.8518255
20894301901,0.84853065
20895092801,0.0017175825
20895092802,0.00040678808
20895455901,0.04907606
20895507001,0.008809826
20900171701,0.0019937388
20900301601,0.0024676414
20900301602,0.0018584057
20900324601,0.00016689337
20900324602,0.00020216203
21162288202,0.00078353507
21168779101,0.7668114
21168779102,0.45120984
21174262801,0.9909915
21177924002,0.12599075
21183129201,0.39434317
21186454501,0.010574804
21192554001,0.022236504
21193012101,0.29320374
21196596801,0.5084243
21197189801,0.9640822
21201552102,0.020302342
21212162202,0.00933481
21212162203,0.12192546
21212414002,0.00027544424
21216928501,0.74379474
21217568001,0.17880224
21218078501,0.8517391
21230498501,0.00072769215
21230498502,0.001997303
21236733602,0.0029367746
21237202202,0.8359347
21237309701,0.015340833
21237309702,0.009088064
21241550901,0.00090987486
21241550902,0.008741767
21241599002,4.0549927e-05
21241599802,3.143298e-05
21241914001,0.025677446
21245264701,0.6562674
21245906901,0.13544707
21246152401,0.82972354
21251976401,0.9148198
21252856203,0.018234532
21253044103,0.0018083715
21261208201,0.3278277
21261208202,0.042215995
21271137101,0.0009876479
21276053501,0.0002598733
21276076902,0.98688424
21283521201,0.9928895
21284496701,0.25047475
21293936101,0.13743563
21299863202,0.00047067972
21302859304,0.022568427
21302859305,0.008801377
21302859307,0.00081252924
21311179602,0.0002846338
21319315301,0.038696025
21323016801,0.011297348
21323016802,0.0026268375
21323175402,0.1878627
21323673802,0.00051169866
21323673803,0.021678379
21323673804,0.026519977
21323789301,0.940974
21324029201,0.966885
21324222802,0.0009513847
21330315405,0.06997125
21334217404,0.005279575
21343634902,6.2910614e-05
21344125101,0.0042032874
21344177801,0.0028475323
21344177802,0.0002572278
21347491201,0.13827202
21351426501,0.12284961
21351687301,0.85700566
21354540403,0.00029425492
21357923702,0.069936305
21358862903,0.33120662
21369280101,0.6428575
21370744201,0.48147136
21371612901,0.0018841005
21376117101,0.2189318
21379547201,0.21406266
21382085601,0.8140684
21383074701,0.85662675
21392214003,0.1156035
21392298602,6.65213e-05
21395552101,0.9858619
21397819501,0.53356135
21401338602,0.00057816424
21401400102,0.0100496495
21404624901,0.00024142678
21404624902,0.0004962918
21404773701,0.945757
21405477303,0.00459067
21408274201,0.0005508316
21417636202,0.19616352
21417639501,0.0073186923
21418818601,0.90652895
21419247401,0.000678026
21419247402,0.10730485
21424328701,0.99334586
21424340001,0.005444514
21424464601,0.40890095
21424625902,0.017205784
21424810501,0.2568755
21425014301,0.246078
21425357803,0.0025707164
21429895701,0.40275028
21430373501,0.004368519
21431374401,0.6867703
21431625001,0.007814332
21431625002,0.0063189617
21433255602,0.18026598
21435519801,0.031257104
21436133101,0.99134773
21437504701,0.17954606
21437890502,0.11772952
21438904401,0.07048026
21441298902,4.5405923e-05
21441648702,0.04081972
21441671801,0.07146755
21441803702,0.002272844
21445435603,0.015874462
21445547804,0.0011741807
21448380701,0.019359928
21448380702,0.015500075
21449529207,0.0004153536
21453073701,0.9327369
21453333202,0.0396306
21453810603,0.0038804603
21560515901,0.89474905
21561507901,0.032938614
21570371901,0.99657345
21613660801,0.9626584
21616553801,0.8446837
21619093401,0.0017689881
21619093402,0.0008594868
21619579301,0.9672212
21630651001,0.00021036471
21632808001,0.33081815
21634270201,0.12830292
21636770801,0.91162133
21638707302,0.004450359
21638871801,0.4532892
21638871802,0.89501005
21639474101,0.9920149
21641956201,0.00037384016
21644441801,0.98848313
21644554101,0.5211215
21646588602,0.020727433
21646621701,0.24112973
21646874601,0.001037646
21648036401,0.9773423
21651177801,0.005101933
21652075202,0.550776
21652075203,0.31891248
21652663701,0.9634012
21654581201,0.49119323
21655239101,0.002620491
21655239102,0.018629441
21658400803,0.36397856
21658400804,0.00025692265
21660914401,0.56140447
21661002701,0.18891133
21661142601,0.4036482
21663805201,0.9962315
21663983902,0.017023457
21666856302,0.0053922315
21671727202,0.0013706562
21672292401,0.14025792
21679508001,0.37906232
21686895903,0.00023860381
21687199401,0.050703
21691211203,4.036408e-05
21691556001,0.10526302
21693606903,0.5986786
21696909901,0.0006624972
21697363101,0.9479557
21699533801,0.35705873
21699683101,0.005672014
21699693002,0.46709368
21701033302,0.0010644423
21701324901,0.011236146
21702837001,0.0019890128
21702845301,0.002731325
21703675301,0.53693014
21703680601,0.0017158116
21703680603,0.0016755107
21705936901,0.0009998088
21705936902,0.0016283402
21714502803,0.9328391
21715177601,0.00073072646
21718318102,0.45753932
21718318103,0.7594247
21718450605,0.027614793
21722071702,0.88046116
21725383001,0.6167641
21725383002,0.5370516
21735190001,0.0011038539
21735190002,0.0010630013
21735190003,0.0011243492
21736406701,0.16911288
21736721401,0.8737746
21736721402,0.98278344
21737488301,0.8725869
21738235901,0.008564629
21738722302,0.005475918
21739621401,0.93173605
21741759401,0.9818987
21744156804,0.067761265
21745976502,0.0006127917
21747858501,0.2684311
21747858502,0.42881757
21749660401,0.462174
21749660402,0.6454027
21752990101,0.9849429
21754901301,0.61099255
21755040902,0.00012232274
21757087101,0.55415267
21758245801,0.99642783
21764073301,0.86291665
21765575201,0.05540916
21766073801,0.15173928
21766785401,0.0011029941
21766785402,0.26533177
21766795201,0.00072962325
21766814401,9.507914e-05
21766814402,0.0024577056
21767280102,0.97455376
21770006501,0.22357306
21778395101,0.0014123544
21778746203,0.3954276
21780480001,0.15328018
21780482701,0.13840137
21780778101,0.03815788
21784508901,0.09552701
21784583201,0.0005651884
21787561401,0.040745992
21793028904,0.20422222
21793186802,0.092874736
21793242001,0.29387408
21794109501,0.85419333
21794178201,0.031811927
21796264901,0.85204196
21798386401,0.3505739
21798923801,0.0008541168
21798923802,0.0006004906
21798937102,0.009813305
21799960901,0.004839274
21800014702,0.21667968
21802995501,0.0035088216
21802995502,0.0050459118
21804892801,0.0012563266
21804892802,0.00024101694
21807939301,0.5169537
21813361801,0.9953915
21813375701,0.0022525245
21814393003,0.0012458409
21814527301,0.00031056875
21816012105,0.001752767
21816239901,0.79455936
21817353103,0.048486937
21817823702,0.00033957537
21820998101,0.048389956
21821046702,0.65745026
21821046704,0.0018964291
21827103301,0.016993409
21827849501,0.7764164
21828186503,0.7634508
21828203401,0.00012781608
21828203402,0.00016362984
21828203403,0.00022466021
21828203404,0.00042770643
21832096401,0.0036363753
21832697003,0.0035059683
21837793001,0.30449444
21839013001,0.98182184
21841795401,0.78033626
21842497303,0.0033734462
21843045101,0.96054
21843171101,0.6721655
21845215601,0.86278886
21846533601,0.0009230412
21847121601,0.9810714
21847667403,0.04493375
21847697601,0.003377853
21848394301,0.9600531
21855367103,0.95959395
21856004104,0.007147816
21856070101,0.9740001
21858952502,0.96850634
21863120303,0.011914192
21867923803,8.501412e-05
21869317701,0.42007175
21875366602,0.70478004
21877724901,5.4098462e-05
21877724902,8.205771e-05
21884606402,3.6184298e-07
21886819801,0.6846693
21918310301,0.16205944
21919496902,0.00035558926
21940674701,0.14068782
22039160504,0.011126561
22039625901,0.7209815
22041468202,0.6776597
22041651201,0.04993372
22042174202,0.25185725
22042245602,0.0038665999
22042245603,0.0013928714
22043080101,0.0015480055
22043718803,0.51541334
22047113103,0.041577928
22047113104,0.02674616
22047420901,0.0143012535
22047833502,2.5898206e-07
22048045001,5.483083e-05
22064680205,0.0074250684
22066768201,0.9626626
22067398002,0.055750903
22073610901,0.9505212
22077204801,0.03338277
22077204802,0.44830856
22077721501,0.52794474
22079800901,0.026628502
22079800902,0.04385602
22082898301,0.974375
22082898302,0.85652035
22085933102,0.00209586
22086766701,0.014104752
22086766702,0.040913228
22088892901,0.92101115
22090400508,0.004518539
22093489901,0.34603357
22094523101,0.10189031
22096832202,0.48522255
22098420201,0.020495847
22101369103,0.0044552158
22103845101,0.0733833
22103845102,0.024764955
22103887801,5.8480793e-05
22103900703,0.00087292754
22104909001,0.107443795
22106594501,0.010889588
22107750301,0.8890541
22108849601,0.44942376
22109782601,0.00070078694
22109983001,0.99212897
22110111605,0.0012290699
22110234201,0.88158643
22110733802,0.16419134
22110800501,0.24699569
22110851901,0.68597674
22115196201,0.0026516048
22116154601,0.0100807175
22116342001,0.0011939569
22117902001,0.055746283
22117964501,0.9981772
22120066401,0.032701418
22120066402,0.00147355
22120576801,0.1486386
22120977701,0.81235266
22123841301,0.43346342
22127652702,0.0014530157
22131354402,0.64903146
22133708704,0.3219558
22133708706,0.20755492
22135424201,0.7324314
22143361801,0.7617529
22144415901,0.91788393
22151674001,0.9903274
22154093501,0.53886265
22156544701,0.59350973
22156788401,0.92319006
22157408101,0.69384474
22158378201,0.8390036
22159525701,0.21628802
22161997901,0.8403448
22162943901,0.41349795
22164094301,0.09258815
22167799501,0.002278011
22168049702,0.0006260134
22168220501,0.69021606
22168220502,0.045234144
22168673801,0.99148834
22169748701,0.953812
22169765001,0.23059256
22172402301,0.04128744
22172402302,0.20374706
22173421501,0.06369342
22173674001,0.90780956
22174568201,0.3239171
22177719901,0.7904553
22177724601,0.05867997
22179856701,0.41796952
22180188201,0.014257132
22180501502,0.04989051
22180501503,0.026550753
22181043001,0.00046471733
22183805601,0.7825561
22184019601,0.00019662085
22184019602,5.5416425e-05
22184019603,0.000105314626
22184630701,0.61967003
22189569005,0.152167
22189572802,0.00037305607
22191094301,0.49737763
22194201401,0.96831065
22194334601,0.3518713
22194347001,0.11959855
22200826501,0.7853693
22201201104,0.14241101
22205099901,0.0033413311
22205726801,0.3593444
22208455703,0.004107945
22208687801,0.13362427
22208918602,0.0005836989
22208918603,0.0008752187
22211641901,0.4598595
22212659301,0.00017720817
22216033601,0.66703343
22216033602,0.023405379
22216570801,0.8816502
22216579101,0.81496567
22216579102,0.92422205
22218443806,0.03361473
22221648305,0.0021941522
22222977801,0.057713054
22223061701,0.9111714
22224039201,0.18466936
22226337501,0.9959842
22483758801,0.0017753467
22483758802,0.0002383596
22485147603,0.0028611966
22492891801,0.95708907
22493069501,0.97384834
22496451701,0.9781688
22498095001,0.34640253
22504037201,0.9959645
22507683501,0.18825035
22507683502,0.5263252
22510010602,0.0007918114
22511986801,0.73916495
22511986802,0.6627267
22511986803,0.99228877
22514644201,0.031189747
22514674901,0.00092722423
22517492602,9.071757e-05
22517855904,0.77237934
22523551701,0.9718563
22524306902,0.57764167
22525381901,0.1800545
22532909603,0.14735197
22541044101,0.9620724
22541344601,0.9845221
22545250102,0.0008567288
22545250104,0.0034872734
22545675103,0.22787581
22574095501,0.90445924
22575075201,0.44688663
22582540101,0.0012942336
22582540102,0.0012612195
22594300401,0.99348664
22594767401,0.89860594
22604745701,0.59610975
22638249902,0.11985271
22672232001,0.030731741
22672232002,0.04850226
22672232004,0.17337501
22683261501,0.9382347
22683287103,0.0075676735
22702617101,0.00017757589
22703128501,0.041913
22703623401,0.009908443
22703623402,0.2730998
22713709301,0.79303753
22714156601,0.9104386
22746079401,0.74112976
22746581101,0.020208772
22746604201,0.08280281
22746612201,0.0012151003
22747060403,0.948878
22747585002,0.021819679
22747585003,0.032372154
22769036401,0.04208095
22779793802,6.436618e-05
22781298204,0.0071640573
22789763201,0.29395062
22789779601,0.98907125
22812334101,0.736085
22812804901,0.00025546318
22834291301,0.41156602
22834332601,0.74658614
22862957201,0.29271713
22862962201,0.00016999603
22873211903,0.84511626
22892300705,0.005826925
22892747501,0.4060559
22893246301,0.066484556
22893257401,0.7510356
22893269302,0.056208603
22911825702,0.11312686
22911847001,0.5689821
22911847002,0.88541365
22911847003,0.35860363
22942425302,0.3836827
22942427801,0.0035915372
22942482604,0.00035591365
22961976801,0.024885504
22962968601,0.7989842
22971606501,0.0043909205
22971646101,0.43461582
22972674801,0.00012533214
22972674802,9.540919e-05
22972674803,0.015797218
22981724401,0.022197234
23002970302,0.00054580806
23002983901,0.0019427171
23004470901,0.5012745
23015290001,0.1893627
23035362101,0.6012759
23057082901,0.5088021
23058130401,8.718764e-06
23079372001,0.93102294
23090832901,0.8888639
23102425101,0.016655143
23102425102,0.003271998
23102870601,0.8093184
23103886301,0.9303878
23107341601,0.0019164326
23107350501,1.5414496e-06
23112834801,0.14328896
23113689703,0.038573124
23125098401,0.9601401
23125142202,0.40374514
23125580901,0.085158445
23135126301,0.92170775
23135167201,0.016995775
23135171804,0.52054656
23135623801,0.7339437
23135659901,0.01740583
23136122801,0.06128352
23136122802,0.01094308
23136122803,0.10686741
23146193401,0.10381981
23146193402,0.0021260616
23146193403,0.00025126318
23157353201,0.92730033
23172100501,0.9952301
23172100502,0.9785534
23174490501,0.008479753
23177003201,0.988303
23178018201,0.12192245
23178490102,0.048951842
23180188501,0.2289741
23190221601,0.9324228
23190221602,0.03155309
23197688301,0.77116793
23197743802,0.3583409
23209700402,0.1302476
23231213701,0.027998038
23243648101,0.98128396
23254876103,0.0027659147
23265254301,0.0021822243
23276038102,0.11146076
23276887201,0.01912798
23285972001,0.005313581
23286914102,0.28276208
23286914104,0.020311477
23287386901,0.48388314
23298543101,0.003283718
23298545802,0.9897606
23299544601,0.0029737542
23300046202,0.8191601
23310541701,0.020019624
23310541702,0.00075542834
23311586404,0.92127895
23332010701,0.4272997
23355321002,0.24257489
23355354701,0.9142515
23355843001,0.7115009
23355843002,0.9863988
23356301702,0.20075718
23376269705,0.011584262
23377274401,0.42202118
23398218101,0.81838834
23410160201,0.9858618
23420323404,0.12903485
23431021405,0.24904805
23442220502,0.00094220473
23442220503,0.0021282984
23453219601,0.061470006
23453966101,0.4403231
23463895601,0.93434703
23474773401,0.008769052
23496903003,0.15774499
23496903004,0.8737284
23509219903,0.0045977593
23518729202,0.031721123
23519268102,0.00037935542
23520285401,0.16035402
23531881401,0.4466198
23541531501,0.3733985
23541623201,0.94304097
23542521601,0.7139397
23552279601,0.0029033716
23553247401,0.0014360654
23553303201,0.47820768
23563172401,0.0031539884
23563172402,0.013421092
23563172403,0.0009467284
23564189001,0.0003769292
23564189002,0.017959993
23573923701,0.74021703
23583698801,0.6810495
23606851101,0.04540951
23629031201,0.0013595192
23629910601,0.6137336
23629910602,0.00012661709
23629938301,0.7708365
23640949101,0.045497056
23640949102,0.0002714262
23672559601,0.0029880959
23673050801,0.6639012
23683298401,0.007065598
23683818103,0.002454967
23693775801,0.82834446
23694796301,0.0065675275
23695303701,0.9640978
23716404801,0.00042680147
23716458801,0.0070502665
23716458802,0.50580144
23717288501,0.96866065
23795745101,0.049084377
23795745102,0.013491332
23796990004,0.0006604969
23805885501,0.14735872
23805918001,0.99772185
23807039601,0.0016388296
23809035801,7.734367e-05
23809098302,0.30302632
23812303602,0.33510584
23812303603,0.099091694
23812380203,0.033544715
23812401603,0.05383857
23813118203,4.942982e-08
23818056201,0.00049884204
23819575802,5.5904857e-05
23819770901,0.97396064
23819770902,0.02739322
23822807301,0.005466215
23886995603,0.005138704
24549381901,0.13155627
24549662103,0.00032875504
24552442202,5.7984507e-05
24552475402,9.777217e-05
24556561301,0.959276
24556863401,0.00035465282
24557497101,0.04650673
24560385301,0.002454543
24564376002,0.06688287
24573035201,0.7334392
24576474701,0.9407946
24581040301,0.013012611
24583900004,0.061142158
24587862401,0.98896503
24588812404,0.0001225683
24593297202,0.6371401
24598067702,0.717288
24600223201,5.672305e-05
24600223202,3.4619592e-05
24600621501,0.4185293
24601170001,0.0064886627
24601170002,0.98528415
24601849901,0.008125262
24601849902,0.00065445236
24601849903,0.16299285
24601849904,0.00040154363
24603533501,0.9078368
24603968601,0.031063948
24603968602,0.10005582
24603968603,0.44661963
24604617403,0.0037950454
24605227504,0.008280701
24605394301,0.0052228747
24605394302,0.37647045
24607585101,0.33313197
24607593601,0.88632643
24609526002,0.0036816732
24611740101,0.8330858
24612322301,0.9732222
24613706502,0.0873378
24614521102,0.00014969331
24615293403,0.0002919523
24617485301,0.00048394248
24617708302,0.0046840715
24617945503,0.93463856
24618940801,0.047725514
24619891502,0.05393046
24620686901,0.9247184
24622419701,0.3666568
24624474101,0.000993822
24625720401,0.22969046
24625720402,0.05393729
24625811502,0.28697634
24627345901,0.12168571
24628859601,0.0056689866
24628859603,0.59246546
24633486901,0.65406936
24637396302,0.041196205
24639354902,0.000121143734
24639639401,0.8696267
24639676501,0.9408788
24641295401,0.9828802
24641921101,0.009391533
24641921102,0.004834803
24641921103,0.007592251
24641926001,0.008539384
24643969602,0.005227743
24645286103,0.95119804
24645296502,0.65951824
24650911201,0.90212667
24652557704,0.003433942
24652579902,0.1047784
24655223401,0.00033927622
24655241401,0.028914416
24657290602,0.86853385
24658694001,0.14849441
24659711403,0.993704
24660704601,0.0057689208
24660704602,0.42219603
24660776002,0.003983791
24661442601,0.9468237
24661690702,0.04000013
24663933101,0.96377766
24675923401,0.097187065
24687771701,0.9965048
24687793901,0.48056862
24688478702,0.005680057
24691290901,0.6780666
24692315202,0.0008366091
24702920902,0.00022034359
24703510304,0.029736307
24704045401,0.023187295
24704054801,0.0067478144
24704089201,0.00059986336
24704089202,0.00034970103
24707346801,0.08533712
24714373101,0.004722191
24715235901,0.0067907358
24719214304,0.00014883706
24719233201,0.0002686644
24719233202,0.00019311815
24719233203,0.06693006
24721732801,0.8079985
24722186901,0.16283977
24729893501,0.017167455
24730371701,0.0008731567
24735402302,0.028706595
24742043703,0.10476962
24742057301,0.98140943
24744163501,0.08743814
24745174101,0.0010447243
24745174102,0.006040922
24748747801,0.0026107894
24748749901,0.0067561986
24749324801,0.00022403905
24749324802,0.009758713
24750520501,0.94380194
24757802801,0.6574644
24764919603,0.034080695
24764919604,0.039892454
24765332701,0.21682635
24765332702,0.48302048
24769748502,0.99145156
24770252501,0.15092693
24773016201,0.78802913
24773592201,0.40619323
24778146401,0.33272898
24778146402,0.82250446
24780832201,0.023930395
24781303801,2.2386816e-05
24785025603,0.09313644
24793347701,0.89458036
24793347702,0.98364645
25556746001,0.08924373
25556746003,0.0064459094
25558687201,0.7398893
25571712403,0.0012795615
25576031901,0.01567677
25576031902,0.0070979544
25576614501,0.23396836
25576684701,0.028773678
25576988707,0.0015577022
25578431601,0.00013982195
25583238602,0.001167707
25598969802,0.0001866184
25607453305,0.053942125
25607453306,0.016459428
25608610301,0.0025187032
25621352802,0.018730095
25622677502,7.094511e-20
25623995302,0.025549145
25637446901,0.5410875
25637446902,0.61042523
25637446903,0.17383792
25638076101,0.014679385
25639025101,0.10394357
25654092301,0.008032283
25695422201,0.06318595
25695825401,0.048896663
25709323802,0.4187169
25724885602,0.00040671634
25726621001,0.00067099894
25726632304,0.0037647036
25741194501,0.9982626
25741598902,0.012043348
25753472601,0.09376852
25754091102,0.3903823
25754091103,0.05596406
25754095701,0.0061787786
25754095703,0.026573112
25754095706,0.007822648
25755065301,0.044464026
25755065302,0.0030201238
25757187203,0.024608674
25757707402,0.037422176
25761106302,0.0036918533
25764177801,0.3002803
25768437801,0.025986271
25768558601,0.50937086
25772023402,0.33130747
25773707302,0.00082906045
25773707304,0.5242017
25825209501,0.00022341979
25826069501,0.2524797
25826069502,0.5544456
25826202302,0.017817836
25842192501,0.00041781052
25842192502,0.0002706623
25842192503,0.0001192707
25849045303,0.0034638727
25858126001,0.43641216
25858126002,0.42515346
25858126006,0.00894488
25872013903,0.25619227
25872013904,0.121915475
25874292302,0.0070689376
25881341102,0.000567831
25881390301,0.019594666
25881390302,0.03170157
25889775501,0.9699405
25912451601,0.8515407
25912503502,0.28707457
25912503505,0.072468586
25919953404,0.056313254
25948133904,0.85938066
25948839702,0.0009167329
25958968901,0.035995435
25963244204,0.68977433
25967529501,0.8630814
25970124201,0.8003272
25980273201,0.01787138
25994657402,0.11033403
26000432401,0.9985507
26004372301,0.98812675
26009174902,0.9630449
26009712202,0.030751862
26009712203,0.015701158
26009712204,0.99033934
26009771102,0.50842804
26009771103,0.086341076
26012982601,0.033860292
26013232701,0.0011040096
26013232702,0.122971356
26013233002,0.39724633
26016045303,0.0011811474
26016048201,0.3268327
26016048202,0.27326745
26019054701,0.002796655
26019054702,0.002974908
26024225701,0.08653974
26026059502,0.009855583
26026893203,0.000260737
26030427701,0.00048612122
26030427702,0.000431068
26030429601,0.0018699424
26030429602,0.0013815364
26035350703,0.0077717504
26035371004,0.0538851
26035371005,0.11878153
26035384104,0.014174937
26035384106,0.010701242
26035558604,0.00042502288
26041493001,0.0005074034
26042445704,0.016575921
26045968002,0.00013758338
26046260902,0.014705155
26046665901,0.009383442
26050411401,0.00048652777
26050411402,0.0006274344
26050414701,0.002987295
26050634002,0.013418964
26051993801,0.30027944
26051993802,0.9390427
26054554501,0.99667466
26054617201,0.0005709235
26055984401,0.9288915
26055984403,0.0004064555
26060882002,0.98312354
26060922201,0.04682418
26060922203,0.07432767
26070853701,0.99796754
26074903401,0.06472843
26081593601,0.38258082
26091366601,0.5810918
26091681104,1.0695183e-05
26092100501,0.47664854
26092577701,0.4629019
26092999002,0.2960972
26094918402,0.4093384
26095128901,0.21505262
26095128903,0.1987094
26095128904,0.31006172
26095158801,0.9999999
26096967001,0.01143169
26097151103,0.07441968
26098650401,0.024122708
26099532902,0.9898929
26105522601,0.9683192
26106049303,0.00014228796
26109007202,0.042911526
26117841001,0.00033696357
26117841002,0.0002534051
26120389105,0.00032462395
26123942502,0.0005935005
26125771602,0.13942969
26130623704,0.9139233
26131421501,0.00046144507
26131421502,0.00046578769
26133274501,0.07458106
26142447704,0.00080510025
26144966803,0.0032901242
26144985201,0.5390998
26145163701,0.00018578503
26145163702,0.0002619517
26154570303,0.0022861657
26154596002,0.23790823
26158021103,0.24088305
26158160601,0.0005136345
26158160602,0.00021055735
26158392003,0.71794903
26168060203,0.02019088
26168060204,0.033002798
26172424303,0.0001745034
26174665703,5.5518518e-05
26174687002,0.9932549
26177241101,0.9636003
26186740901,0.014543805
26187009103,0.03558162
26187163801,0.9223107
26187479401,0.45579797
26187515202,0.0007627571
26189900101,0.14239237
26190247803,0.13064359
26190247804,0.041319467
26191131102,0.00048164674
26193037704,0.07791217
26195174804,0.0139492415
26204521801,0.00034901642
26204521802,0.0009055772
26215523601,0.8598783
26215697801,0.96342725
26215706104,0.0027479278
26215782501,0.43256077
26216234603,0.007258585
26219093503,0.1830013
26238506402,0.009497526
26238506403,0.018241357
26245583901,0.6350644
26245758702,0.9962443
26250828302,0.0011182991
26251692401,0.9474471
26252300102,0.010590755
26255335102,0.025024112
26255871603,0.00651269
26266623001,0.9955407
26270656001,0.0021699085
26270656002,0.00021168543
26271099101,0.01252733
26272820802,0.1399611
26272820803,0.003701317
26272918701,0.330163
26282503603,0.0025837189
26283346001,0.035624646
26283346002,0.036792204
26283346003,0.002989895
26283346004,0.8081892
26283346005,0.9002746
26291121401,0.25721568
26293961202,2.9868772e-08
26295481001,0.0006873253
26295481002,0.011949084
26300317601,0.99331677
26303039202,0.7755612
26307226002,1.856108e-09
26307226007,0.0020286813
26307393401,0.041669894
26307961704,0.39603525
26307961705,0.32500637
26307961706,0.28272974
26308038402,0.19577791
26308463105,0.08023654
26317656301,0.0580745
26319792502,0.028992413
26331062001,0.23592336
26331064703,0.71652997
26331064704,0.43497473
26335061702,0.999231
26335076104,0.3190411
26348683307,0.025242737
26349337102,0.16268225
26349379603,0.02395374
26357197102,0.37228027
26360788101,0.08091857
26362976301,0.05210459
26366173702,0.9961473
26366872402,0.009097172
26371177901,0.5373736
26371330502,0.074683726
26371330503,0.047777615
26371340501,0.9231335
26371340502,0.7527527
26371340504,0.97407115
26371563301,0.03967404
26374803301,0.9855899
26374838901,0.34572774
26376831801,0.0006215335
26376831803,0.00057727523
26378510801,0.0116854515
26378517601,0.089578986
26378555502,0.00021780531
26387274202,0.91054755
26387429804,0.036820896
26395378601,0.8248379
26395546001,0.3800904
26419743803,0.017041003
26421650602,0.099547856
26448794102,0.3587801
26449602903,0.004389187
26450110701,0.024269665
26536978902,0.32298613
26541498205,0.049866606
26551039701,0.9516137
26552021904,0.00015739018
26552562901,0.0019976632
26565749303,0.11113085
26582101601,0.0013760783
26641246801,0.16894747
26645577102,0.9414041
26645611903,0.0842036
26653025902,0.037310228
26669663701,0.00015128755
26670260503,0.06905292
26685660501,0.0062391185
26701274602,0.006606769
26702505201,0.09180851
26714251904,0.44496262
26714771203,0.0027762873
26714771204,0.0030541369
26714771206,0.00011227273
26716638901,0.008223698
26716684501,0.0033327278
26716684502,0.0030400283
26716684503,0.0030406364
26716684504,0.010091439
26716684505,0.0035616609
26716684506,0.004411636
26716684508,0.03345359
26716693904,0.00049005466
26716782501,0.473583
26730331204,0.0051998408
26730331205,0.004245391
26730331206,0.1580982
26730668703,0.00030920326
26730668704,0.0010443481
26730808301,0.109851554
26758046601,0.14864694
26759440502,0.9537892
26880788703,0.0010735195
26974289504,4.3669606e-05
26979548101,0.0030450977
26984992001,0.006683256
26991599001,0.30309623
26991610901,0.40544564
27028529701,0.6147131
27028529702,0.3362937
27034121401,0.9986534
27034331601,0.3351047
27042506203,0.001231064
27050417001,1.79596e-17
27050491005,0.052157328
27055766601,5.541631e-06
27055766602,0.00031012818
27152144201,0.33478454
27152203901,0.3288897
27155498801,0.0059372517
27157468501,0.22943309
27163993103,0.021521537
27172670301,0.00048005537
27181132902,0.83454955
27185283702,0.00021082172
27185449202,0.10548666
27189259502,0.72204924
27190096001,0.03572235
27190324701,0.88947374
27190324702,0.77702564
27197246301,0.00143783
27208686901,0.35031876
27208686902,0.0070172357
27212748401,0.0032458617
27212748402,0.00028033523
27212958501,0.00037133854
27212958502,0.00029757095
27212995301,0.013197635
27219488301,0.6634784
27219488302,0.003525562
27219488303,0.9989453
27228581701,0.6739892
27235713401,0.9802986
27235713402,0.055892847
27242919602,0.10624036
27252754601,0.54011106
27256471803,0.10840949
27256471804,0.0037659255
27276568603,0.022340255
27276863101,0.997428
27277359501,0.25605577
27277359502,0.0032836068
27277359503,0.4539025
27285353901,0.8516856
27285415703,0.042744424
27286134003,0.28419256
27322473602,0.0427726
27326899101,0.14009303
27326899102,0.21095946
27326899103,0.9004078
27326899104,0.851457
27327038903,0.0014441471
27332341801,0.7412483
27369985401,0.107629545
27398839501,0.0031660362
27408221601,0.007758696
27415113501,0.99663526
27446160001,0.44063467
27641558601,0.022747874
27643954201,0.3567171
27664743902,0.64300627
27683657902,5.8967777e-05
27683743003,0.051508524
27686430801,0.3756047
27686430802,0.286446
27690479601,0.31060943
27697729101,0.0033248984
27697729102,0.0022883792
27697854801,0.84086907
27701729001,0.015495659
27702250501,0.49634442
27703309601,0.4044862
27706982901,0.851433
27710375202,2.5564392e-05
27710395501,0.9748871
27710844901,0.95474845
27714798503,0.018559197
27729898901,0.22321384
27730004501,0.15012522
27805099803,0.009453778
27805531504,2.9076064e-05
27818334201,0.6304339
27829662102,0.083584934
27840861901,0.106155775
27840861902,0.38996184
27840939002,0.0006058412
27851841601,0.0076610735
27851841602,0.0005829089
27854284101,0.9924676
27854284105,0.8998952
27858939301,0.042499356
27859102702,0.09945728
27859364201,0.5754254
27868364102,0.0102189565
27868384401,0.9990301
27868384402,0.9966313
27872677001,0.86720306
27873012001,0.001071127
27873012002,0.0016224224
27873095601,0.028696155
27873095602,0.034645885
27877694802,0.00019597738
27878011701,0.8179783
27882343604,0.08601204
27886178301,0.00014306726
27886182601,0.0005748971
27886182602,0.0003485461
27886274702,0.9838268
27886275001,0.98088664
27886277203,0.0008634243
27886621101,0.9951703
27886622001,0.54483473
27889533801,0.005606797
27889570501,0.9917331
27889825503,0.0030727366
27899095402,0.9559185
27899166501,0.9002998
27908839501,0.64206684
27915500303,0.032600794
27924762801,0.06631971
27925025604,0.00035944354
27925155803,0.004949322
27936139101,0.0057927663
27942806305,0.78702754
27942972201,0.006813182
27943008802,0.1941151
27943008803,0.12391804
27943042702,0.18006803
27951416304,0.0140006505
27951615701,1.4853366e-07
27956970702,0.024131022
27956971802,0.00022231184
27957311101,0.0017419204
27957459101,0.01755766
27957459102,0.006478662
27961363404,0.00021810416
27961595601,0.025793467
27961595602,0.0022917031
27979776201,0.3228113
27979817003,0.008534124
27995042301,0.0008302674
27995222801,0.8802362
27995222802,0.89044046
28005211402,0.0088026505
28005269001,0.01211413
28005365101,0.9794989
28005365103,0.06308837
28009683001,0.23175481
28069973201,0.0007705156
28090966801,0.005375012
28192762305,0.79451495
28197926501,0.83019966
28205019801,0.10271529
28205180302,0.32515943
28208557301,0.013186623
28209087502,0.00023931624
28419483702,0.0005407067
28419483703,0.0014402802
28419676203,0.0020598285
28715696801,0.9832003
28732926701,0.88435155
28735439701,0.9352412
28740200901,0.3953331
28740572701,0.00041176763
28742668902,0.0035680651
28742818402,0.00013950485
28743199002,0.00031548474
28749081302,0.0036947655
28749174303,0.00034197152
28753093602,0.0009116234
28753435901,0.0040048975
28758831903,0.0001367188
28759118302,0.0054574446
28759118303,0.18683623
28764023204,0.1794071
28764068003,0.0015237741
28764068502,0.00016258255
28764195402,0.0018612976
28771712302,0.9859309
28771712305,0.025527924
28795766002,0.019979866
28802749102,0.00029734182
28806738601,0.5031657
28876984901,0.9993362
29029048001,0.17557845
29040817102,0.00424677
29041097904,6.922527e-05
29041097905,0.00012229558
29054777001,0.3814682
29055928001,0.063091226
29060531101,0.00037282688
29069929902,0.00042105917
29070370202,0.81838375
29070402701,0.14578392
29070402703,0.13102242
29074019201,0.44879198
29083085001,0.07472053
29083403502,0.013044017
29083951201,0.009023741
29083951203,0.0017901327
29095350408,0.0008708606
29095575303,0.09809687
29100079303,0.015046684
29100565601,0.6908152
29100565602,0.07387327
29100565603,0.6960582
29110114603,0.80596685
29110228401,0.0073174667
29110228402,0.023537833
29110228403,0.7409131
29110228404,0.5967156
29110592401,0.70082784
29132383101,0.62684315
29141720106,0.9980165
29142244001,0.3745837
29144913201,0.044276614
29151753701,0.35404298
29151760401,0.98553294
29152077301,0.0013305797
29182529401,0.66890836
29212271704,0.0037074236
29212276901,0.00015307308
29212276902,4.6629506e-05
29212768701,0.00023109472
29221488101,0.8088821
29221493501,0.0011228679
29221493502,0.00087955507
29229480901,0.6637188
29229480902,0.8185543
29241156701,0.9487903
29241523402,0.76645845
29247930902,0.87360275
29251239901,2.0700301e-09
29270577404,0.00022949993
29282490402,0.3367757
29308064101,0.067477405
29315430402,0.00053188443
29316626904,0.0017434352
29322246202,0.0058970423
29324062304,1.1072704e-05
29324609001,0.265662
29327303201,0.00040272626
29343763701,0.5670988
29348090301,0.013668557
29348090302,0.04434757
29389805801,0.23948671
29396538402,0.000613428
29404794903,0.005240196
29405213203,0.014327667
29405213204,0.011042315
29409296601,0.00080130855
29409296602,0.000182675
29409382403,0.000163591
29409382803,1.540409e-05
29414726401,0.72543836
29414726402,0.02392192
29414726403,0.5628806
29414726404,0.49193856
29414807901,0.0030046457
29414807902,0.0016016946
29415492801,0.6773876
29419561702,0.41645914
29419561703,6.812604e-05
29420837802,7.1019904e-06
29429237301,0.9946827
29432731204,0.0066994415
29434148703,0.31299287
29439947401,0.5530078
29443845601,0.4006534
29443851901,0.20759705
29444175701,0.82410794
29460727001,0.83089453
29460732601,0.12572208
29468766501,0.40704042
29475193401,0.0006608703
29478154701,0.98416305
29483547602,0.002948853
29486954902,0.61707014
29487345703,0.034788452
29489270701,0.55832845
29492969502,0.02653319
29497805101,0.39195952
29497805102,0.30805644
29498156601,0.9101976
29498222201,0.98737866
29498228902,0.6319754
29504166101,0.19938913
29513104101,0.7656663
29516943101,0.32959068
29517639301,0.7960797
29536876701,0.7723544
29537350203,0.009236555
29537501101,0.14133438
29559371202,0.955671
29559925601,0.9782161
29559925602,0.0035906327
29559925603,0.00064984657
29564674901,0.50790656
29578046401,0.7597603
29755818303,0.00017972838
29755818304,0.00015298846
29756126902,2.4308469e-05
29770101304,0.0009695362
29771119701,0.0019756067
29772274301,0.4866888
29782930801,0.40263617
29782930802,0.396783
29783354301,0.003382256
29805684404,0.0033685006
29805991701,0.44314027
29805991702,0.0014181938
29806911401,0.9829873
29828173501,0.4815242
29838867101,0.03534011
29839044701,0.61798686
29839044706,9.960419e-05
29852037401,0.0005898086
29852843101,0.7168678
29862728501,0.0049101654
29863442301,0.118596725
29863442302,0.6423632
29863487601,0.78622687
29871998303,0.0071277698
29871998304,0.00702761
29872318301,0.2083051
29894113901,0.85245496
29916232601,0.58098084
29917356101,0.0002118478
29917356102,0.006745545
29917356103,9.114646e-05
29917440301,0.8602035
29927187501,0.9672897
29927274602,0.0004078244
29939926004,0.53071624
29949898201,0.98362803
29950712302,0.0951771
29971922903,0.048151594
29972078402,0.00094045576
29972173801,0.6825024
29972871601,0.6849357
29977986802,0.0019734981
29979965801,0.99932647
29987018701,0.005694851
29994528501,0.00024341034
29994528502,0.00026462082
29994528503,0.8057786
30003893501,0.97563714
30008705901,0.0018191196
30014106204,0.01322256
30014106205,0.104572795
30015908202,2.1086928e-05
30016476601,0.99443394
30016656205,0.31423467
30016759701,0.00196639
30016860901,0.9329276
30028954301,0.16560367
30029319702,0.9525085
30030730501,0.34736964
30031613204,0.66953886
30032179801,0.5610771
30032649603,0.0076732268
30032649604,0.013320778
30032683902,0.22464518
30037859601,7.978673e-06
30044456803,0.05013282
30044862502,0.21762559
30052399801,0.68312126
30064108703,0.4673368
30071014401,0.55696106
30074436902,0.0008283683
30074542704,0.00020967526
30075494602,0.028786104
30076192503,0.52183324
30080830101,0.8922478
30081008601,0.9646627
30081274101,0.95042276
30081274102,0.98688656
30087154501,0.9207086
30087154502,0.02469469
30087674601,0.20473006
30094897301,0.6863491
30094897302,0.35353523
30095543403,9.000006e-08
30109886907,0.7212155
30115216901,0.9972154
30115379201,0.05127665
30116063801,0.025740743
30116063802,0.0006768016
30125009301,0.85407436
30125334401,0.9232105
30130923101,0.0002828562
30131311901,0.9423328
30139977901,0.23265648
30154499103,0.00058277725
30154920102,0.20128627
30155164401,0.98721373
30160961501,0.0018789978
30161355903,0.053437002
30175063001,0.19045608
30175063002,0.13843644
30175294302,0.16763267
30189600401,0.0020405098
30189603002,0.042483807
30194895401,0.0043929266
30194895402,0.00018524517
30195525702,0.016259162
30195634201,0.88594186
30195634203,0.009911654
30195635701,0.0005158444
30195635702,8.317935e-05
30205475701,0.7727251
30205497401,0.04301169
30298713005,0.0049453806
30298848601,0.011573653
30301363001,0.709113
30301363002,0.8922636
30301363003,0.7640691
30301708302,0.05188771
30314365601,0.0004957164
30314365602,0.36510465
30326438701,0.010924255
30326438703,0.1900277
30326870702,0.8643291
30337329902,0.054338545
30339007702,0.004258732
30346690901,0.47790238
30346867104,0.009864368
30346972501,0.46990848
30348573003,0.08609593
30348734302,0.0017896021
30353147001,0.0795181
30355737703,0.004808018
30365284401,0.0032480685
30365617801,0.9773737
30365717101,0.94171816
30371152901,0.5014264
30371572601,0.9582952
30378848702,0.023075173
30379358301,0.00015701051
30384110102,0.33835554
30384769801,0.58111376
30389946702,0.10936476
30390173001,0.24013169
30390173002,0.75509673
30399401101,0.17399935
30399951201,0.026117884
30399951202,0.5363113
30399951203,0.1675083
30406573202,0.012203245
30406638001,0.17574178
30407181701,0.0010153721
30407182701,0.7538138
30407401202,0.04311548
30407503102,0.19516163
30407951901,0.73928326
30418255101,0.0047365488
30419007501,0.5061649
30423779003,0.0053878035
30423787101,0.90077066
30424573801,0.27015007
30424590302,0.045766585
30427458401,0.00062633207
30427458402,0.0003208649
30432655001,0.976835
30433113801,0.0026945674
30444809701,0.32822004
30448101303,0.006236896
30448178701,0.79035825
30448178702,0.77574444
30448178704,0.8430219
30454564202,0.10730241
30454785801,0.8817828
30466376101,0.29694435
30466376102,0.17906165
30466456901,0.6852519
30469061801,0.998514
30469061802,0.9727931
30470641901,0.6493317
30470818201,0.7933753
30472961001,0.2108015
30473644201,0.60082114
30476876901,0.019124402
30477444401,0.9904157
30477444402,0.98932344
30484227701,0.6186505
30485533602,0.0003228136
30486265301,0.00031392399
30486265302,0.0003173732
30486265303,0.00071099016
30486265304,0.0014891245
30486443401,0.36452228
30489838201,0.38543007
30490239003,0.004971193
30490342801,0.011690342
30501828801,0.8864576
30501828802,0.9702627
30501837302,0.76877016
30518186301,0.83286214
30532210702,7.7158176e-05
30532369303,0.0033827815
30532857801,0.41113687
30532986802,0.6029456
30542400301,0.99917394
30542556602,0.012821516
30552180001,0.1311522
30552180002,0.26551816
30575655101,0.1527162
30620131104,0.027895376
30627151403,1.5038023e-05
30635759303,0.00062960316
30645349904,1.754651e-05
30646658201,0.8369138
30657320101,0.023520423
30657320102,0.5550755
30657378602,5.641061e-05
30657955001,7.006753e-05
30663508801,0.9883405
30663508802,0.99523914
30663842701,0.047419623
30672323002,0.015246702
30672377501,0.107158616
30673953702,0.005459034
30677139301,0.00012099549
30677241102,0.00038308557
30679070201,0.5455992
30679543103,0.45715475
30682369201,0.0001699962
30689766403,0.10412509
30692926302,0.009731719
30692926303,0.042388998
30692926304,0.0039790897
30705737802,0.018297508
30709150403,0.009506102
30715884502,0.033339895
30715884503,0.017157037
30715939602,0.0014922759
30732028202,0.0011192615
30732409801,0.034105413
30732748801,0.45985687
30739915702,0.00015569066
30749068601,0.16071475
30749106901,0.0011013467
30749112901,0.00032344233
30749239801,0.048192013
30935049801,0.10897824
30935054301,0.56161773
30935092101,0.9522208
30935092102,0.29767445
30941059801,0.016034173
30948580001,0.06748329
30948629204,6.588192e-05
30948634103,0.34649414
30948634104,0.24522787
30954461202,0.093609855
30963618501,0.20405091
30965471901,0.91107696
30965761001,0.008363652
30965822101,0.5582034
30965953001,0.019762686
30974462701,0.0009229704
30976004201,0.008047544
30979235701,0.9989586
30995649202,0.04981353
30996336201,0.9749278
30996340801,0.0032484578
31009982901,0.24594241
31010281101,0.24356145
31010313601,0.93023986
31010421501,0.33155146
31017413306,0.063365355
31017948602,0.16891833
31018289901,0.106534354
31035510601,0.6370825
31041914304,0.0006211329
31041979501,0.18966977
31041979502,0.009137709
31042640401,0.26797357
31050716202,0.001044363
31050716203,0.0013212281
31050962601,0.0011555563
31051309701,0.0017619057
31051309702,0.00076171913
31065631301,0.029078612
31066279003,0.012432704
31066294604,0.0730806
31073216103,0.0766877
31073348401,0.9067752
31079639803,0.0012563079
31079639804,0.00091489695
31079659601,0.06466215
31080328201,0.00012239917
31085579702,0.50064963
31086235905,0.004417839
31095468503,0.013940745
31095512502,0.5696285
31095512503,0.1567815
31095512505,0.0064710975
31095622501,0.15896611
31095960601,0.00058749685
31095960602,0.1057793
31095960604,0.6039196
31102893306,0.0828231
31103481801,0.12378947
31110694003,0.00030185533
31117500803,0.68762136
31124246002,0.009289089
31139230601,0.010645598
31139241705,0.001777371
31141311301,0.00023679348
31141311303,0.004102586
31153074105,0.015592638
31153074106,0.06856526
31153137204,0.1304812
31153423902,0.20805424
31156458102,0.27727205
31189217004,0.10007605
31195859401,0.9137578
31196300402,0.00050736207
31226738103,0.0013942856
31238678201,0.35815617
31239040401,0.68475544
31239225801,0.79298586
31264122401,0.0023987107
31275867301,0.06026199
31275884901,0.0063108797
31287423601,0.909019
31287423602,0.9757842
31287640404,0.0075980164
31299226201,0.42302105
31299280601,0.07460488
31300028601,0.34947366
31312069101,0.033228163
31312069102,0.20959371
31312389901,0.035887163
31312800101,0.25649422
31324528502,0.10924608
31335382501,0.116705105
31348201604,0.019802395
31360103001,0.39666343
31360186501,0.5784544
31360332501,0.00039443947
31360332502,9.6346586e-05
31360332504,5.832149e-06
31371563702,0.002183112
31384116301,0.04260083
31384116302,0.074246936
31384355301,0.9668276
31384390703,0.14446582
31384390705,0.01960042
31384645901,0.21164708
31394113801,0.9259238
31407379003,4.8519396e-05
31407379004,7.387435e-05
31419413202,0.0043701264
31443420602,0.37408614
31443586801,0.53858316
31444058201,0.0005855238
31444058202,0.00071532064
31456224401,0.78749996
31456224402,0.81355745
31456540002,0.06093838
31486596201,0.9730813
31493998303,0.00020674097
31494107001,0.0030210887
31494107002,0.029961327
31494111801,0.0009024514
31494111802,0.0023171788
31508122701,0.5377264
31519888203,0.1960966
31528635401,0.12042933
31551522401,9.6342446e-05
31551522407,0.7625854
31552073101,0.031409036
31552916201,1.5888121e-05
31552916202,4.0396313e-05
31552916203,1.9901916e-05
31552916205,0.00019006777
31554413001,0.4170818
31554555501,0.2612701
31564628603,0.9720886
31566869501,0.0064547346
31576279901,0.0020462584
31585451401,0.013695892
31585451402,0.5503768
31609788502,0.064590886
31634576701,0.3282961
31671014801,0.8326469
31685520601,0.38459453
31685520602,0.22099908
31685540401,0.0019648822
31685540402,0.38596332
31685879501,0.05754034
31686730401,0.9124168
31715386201,0.07396596
31725062302,0.021493224
31804494102,0.021292835
31818199701,0.0010194217
31818199702,0.0011887397
31821351901,0.0004645585
32227262801,0.28975683
32227262803,0.91201776
32290232001,0.000622604
32290232002,0.0007630813
32290232003,0.00076848187
32300722302,0.0006903697
32300820904,0.00034761743
32306061402,2.8369646e-05
32306315602,0.3054265
32306337701,0.4352617
32313365901,0.0032203225
32329547901,0.9975804
32335522503,0.47373524
32342670405,0.5587204
32342916601,0.31134713
32343234404,0.00023671266
32344319401,0.0029710466
32344319402,0.06823747
32344329103,0.00022215501
32346111801,0.60355467
32351102604,6.5358035e-05
32352156203,0.7421339
32352169403,0.0034412798
32356256401,0.070688635
32356372903,0.0076809786
32362403904,4.5979e-05
32364689601,7.6798475e-05
32364689602,1.6066711e-05
32364897501,0.012750535
32368510503,0.0019175794
32372755601,0.0016211754
32372755602,0.021942396
32373224603,0.002984233
32376232101,0.2507669
32376427701,0.0007330232
32376427702,0.00050438306
32383694501,0.0005844883
32383694502,0.0020400942
32383694503,0.0011867903
32383743401,0.13471746
32383743403,0.9973642
32386421903,0.00032643235
32387642601,0.91191244
32387823602,0.0002795071
32396848403,0.00021597125
32396856601,0.00044685302
32396856602,0.00021513845
32398924701,0.01850759
32399241101,0.7220894
32400358301,0.99428636
32401024105,0.14910255
32404819301,0.0031282788
32411913502,0.00013959626
32412829502,0.18150479
32414433702,0.006337375
32420035801,0.00071109005
32420452301,0.19387148
32420575301,0.29776168
32420575302,0.38351402
32420822401,0.48184803
32420822402,0.107716955
32431692402,2.9084997e-05
32432445403,0.19033678
32442452704,0.68917876
32442469603,0.00082850765
32442833403,9.2207745e-05
32443497801,0.015671672
32443724004,0.013115714
32449469804,0.003228925
32450262801,0.7462963
32460755801,0.004734254
32460851409,0.02595831
32461281201,0.00017611697
32461281202,0.00015048329
32465481104,0.0005440193
32474838902,0.61118656
32475731102,0.0013136751
32475935204,0.29235953
32476072101,0.034575813
32477497902,0.8365156
32477497905,0.2558964
32485285301,0.9869473
32485285302,0.8775632
32489057101,0.007256874
32489057102,0.008806974
32489275701,0.39532998
32489361302,0.00044018627
32492783604,0.00060215866
32501276804,0.0058016353
32556374402,0.16840686
32556436601,0.056571797
32556436602,0.122502975
32571096402,0.83811826
32571096403,0.35286468
32571629603,0.0018718819
32584736001,0.9886335
32587099002,5.085369e-05
32587307601,0.0010877666
32587307602,0.00078476395
32588833501,0.3388324
32602282201,0.22311027
32612924502,0.0006740167
32612924504,0.0475543
32622535503,0.045541402
32622535504,0.039955623
32638138401,0.17584807
32640871801,0.8442792
32641199403,0.8559531
32641199404,0.8694267
32651018301,0.75102764
32659876601,0.9479446
32659876602,0.6463195
32668934407,0.00022900506
32669214401,0.2177834
32669398801,0.98940337
32675196001,0.502761
32676001002,0.0020729376
32676544401,0.35848433
32677189203,0.009387091
32690667202,0.16308308
32705486401,0.27248904
32706790601,0.00058854115
32706987204,0.0003773867
32707125401,0.002446427
32707125402,0.003897778
32730440601,0.12041499
32738237101,0.39539906
32738237102,0.012760726
32738237103,0.08648918
32738995301,0.012228539
32739067303,0.08876767
32753630101,0.17011221
32784687701,0.84132004
32796910402,0.0012110204
32814130501,0.002972434
32814453803,1.3812216e-05
32814799802,0.76810455
32815595301,0.8249655
32830675501,0.010517185
32830675503,0.00052101613
32845763901,0.9481012
32845763902,0.5531479
32862415802,7.030205e-05
32878113301,0.08043151
32894674901,0.0014614076
32909842101,0.13390462
32910447101,0.93891126
32925562201,0.9901216
32939977204,0.0014524623
32940118302,0.00021568069
32957299901,0.001128402
32957942701,0.8860276
32958050701,0.4514186
32972016201,0.7910163
32972016202,0.8859912
32972706401,0.0020855672
32973392601,0.10268134
32984872201,0.5783536
33016782201,0.15025344
33017591802,0.00020301115
33017594302,0.3633
33035746001,0.005888941
33051467502,0.7768044
33051605001,0.000206739
33080881201,0.006858031
33096295001,0.47015074
33096890201,0.9963989
33113133001,0.007596866
33125910901,0.014453733
33125910902,0.0068565756
33143630901,0.2274276
33158594701,0.07483918
33159736001,0.0052380487
33176314802,0.7225741
33177386502,0.22108205
33177387502,0.900942
33188966805,0.0017770799
33189172901,0.4145744
33202650201,0.016335914
33202859802,0.012973751
33218409501,0.8714787
33218409506,0.12538095
33219007502,0.0056398893
33219100502,0.029329127
33219394901,0.0013362443
33244230008,0.0025553836
33244372401,0.841012
33518625602,4.0064374e-09
33519369401,0.54079324
33520653102,0.19379336
33520653103,0.0040617688
33540139101,0.011743312
33540210101,0.99684936
33554524001,0.32825288
33554524002,0.4263739
33556261502,0.17824025
33570153601,0.12522262
33570153602,0.76833504
33601247201,0.36074245
33601247202,0.14595717
33602313701,0.0030126753
33613706502,0.00037356495
33614287701,0.015378585
33614287705,0.86320996
33614552001,0.0008484776
33657475801,0.82106674
33670052102,0.00060819305
33670730501,0.20924486
33685520901,0.42374215
33686333101,0.25993285
33696405901,0.0013709448
33696405902,0.00026597074
33697138001,0.06659316
33697191503,0.13251768
33712610301,0.01454114
33719302801,0.6540645
33719312802,0.06919339
33719535302,5.8890444e-05
33720058701,0.0019285098
33720058703,0.037293043
33727469503,0.19913517
33734938102,0.01193102
33739324701,0.93554676
33739881902,0.00026761214
33740881301,0.74746716
33743756601,0.4246931
33743756602,0.0010115427
33756090701,0.019219423
33769074701,0.103566356
33780683201,0.95565844
33787999701,0.8056641
33788545601,0.9335784
33794511901,0.8149994
33794511902,0.7787579
33795222901,0.5845151
33799519402,0.006132646
33799519403,0.006926524
33800923301,0.5560117
33809866701,0.9873861
33811950201,0.014759294
33823254301,0.89482564
33829381102,0.4894307
33835052701,0.90718025
33849206802,0.009892373
33849356703,0.049514968
33863576701,0.28672695
33863576702,0.001953439
33873659101,0.00023048035
33873673301,0.12642317
33873673302,0.11637815
33873942601,0.012566019
33885756704,0.0058145025
33885997804,0.084795624
33901599101,0.9044381
33927944001,0.97244215
33944248401,0.008743128
33955867801,0.1260876
33956336701,0.0018158616
33956342601,0.0028142878
33956454401,0.000117654236
33956455101,6.4362066e-05
33956484501,0.00012935103
33956545201,3.6237634e-05
33956554206,0.35944396
33956558401,3.940133e-06
33956558402,4.3824793e-06
33956558403,5.515914e-07
33956573901,1.2209547e-05
33956573902,2.075849e-06
33956574001,2.9336404e-06
33956574002,8.812253e-06
33956798501,0.00024372895
33956798502,0.0119435005
33956800601,7.1354193e-06
33956800602,4.1660965e-06
33956800603,0.00040165216
33956805901,0.0006096523
33956807101,0.03395994
33956807701,1.8425399e-05
33956807702,4.60811e-05
33956807703,0.03413453
33956812501,0.0005851009
33956817001,1.0884585e-05
33956817002,9.885163e-07
33956817003,1.4821727e-06
33956820001,5.845139e-06
33956820002,3.5877205e-05
33956820003,0.0012763949
33956824702,1.0
33956824703,2.0908482e-07
33956824705,3.5383152e-07
33956824708,1.0978849e-08
33956827001,0.0026903655
33956832801,1.6308722e-05
33956994201,2.4105759e-05
33956994202,1.6767508e-05
33957015301,0.0011256379
33957015302,0.00072055607
33957026001,3.306963e-05
33957026002,1.4444938e-05
33957300901,0.038325135
33961188301,0.9191589
33963358402,0.00015826272
33968020301,0.0034731424
33968020302,0.00027580006
33968055201,0.0019305455
33968213401,0.9880393
33968283004,0.00019103874
33968544502,0.0056019183
33968544504,0.035018362
33968815801,0.17030784
33968950202,0.11451777
33972309902,0.015166962
33973301301,0.95567095
33973301302,0.42007378
33973301303,0.14167048
33975272901,0.76089925
33975656101,0.033748496
33975889702,0.09006786
33983299501,0.009451322
33983649001,0.61372244
33991355001,0.23991327
33997920001,0.3801813
33999003801,6.678839e-05
33999003802,7.9887854e-05
33999003803,0.038251057
33999003804,0.023519965
34009360401,0.0022236607
34013076702,0.85018563
34013076703,0.005684163
34013076704,0.003877628
34016460202,0.65833986
34016616701,0.89575005
34017008002,0.8642504
34020604405,0.47029677
34027438401,0.036765482
34028148307,0.0012474922
34028560001,0.39975002
34028802201,0.00023440924
34050494501,0.007861912
34062040703,0.09997472
34062928903,0.0015742149
34063019701,0.5262291
34063019702,0.56295615
34067038701,0.023238715
34067052301,0.0006691853
34067092201,5.4837906e-06
34067135701,0.3858286
34084498402,0.0421567
34084582603,0.20605116
34084689101,0.00085136836
34084689102,0.0009268995
34086810801,0.65875065
34086831801,0.9767545
34086991502,0.00034693442
34087762601,0.6848957
34087762602,0.86008036
34088361401,0.85304785
34103148002,0.0014497829
34108527302,0.00092831237
34108771701,0.35072997
34114294302,0.022000637
34114294303,0.04559354
34125076101,0.893601
34125818201,0.0044432725
34125818202,0.00045292746
34125998901,0.55483395
34126184601,1.1530487e-05
34126184602,4.8292245e-06
34126197001,1.11072895e-05
34126197002,5.207024e-06
34133886502,0.002690351
34138218301,0.00075336255
34138220901,0.006004922
34138220902,0.14948131
34138525601,0.99526453
34139966801,0.015848976
34147057401,0.94634
34147057403,0.55176705
34147613001,0.99028534
34147927603,0.034085155
34151302001,0.024052264
34151521401,0.0127862515
34151521402,0.0011785255
34151535501,0.0075892303
34151535502,0.0012644653
34152008201,0.1828422
34152033401,0.0016310193
34152033402,0.0003833004
34152033403,0.004412444
34159787501,0.7268499
34171016301,0.96939665
34171016304,0.0065821684
34171577402,0.015089747
34180339901,0.6636198
34180340101,0.6416071
34180590801,0.9316552
34180590802,0.5422107
34181881101,0.7553889
34183842001,0.58103985
34191252203,0.24081601
34191720604,6.87995e-06
34191720606,5.5224664e-05
34195221801,0.029525828
34195503101,0.0032919873
34195503102,0.0018889785
34204300801,0.11576343
34204465701,0.79159904
34205138703,0.15551697
34205138704,0.21981084
34213578102,0.043040562
34223289101,0.89480346
34223686701,0.42635718
34225913701,0.001604582
34225932401,0.0027727133
34225934401,0.0056645283
34236051401,0.045716457
34236051402,0.5086752
34239922001,0.011680348
34239922002,0.00013895787
34246945501,0.76639384
34246945502,0.74297875
34247401001,0.9435841
34247401002,0.61054146
34255472301,0.03580401
34255632101,0.8358987
34256752902,0.005121508
34256752903,0.06223707
34256769501,0.6413575
34261796801,0.88644487
34268386002,0.7245397
34270269903,0.007746651
34270269904,0.013057371
34291558001,0.0057925167
34303199501,0.94788885
34303480901,0.33115816
34311938102,0.0006381028
34316698301,0.77348
34316698302,0.36532816
34325328205,0.000263604
34326030702,0.0048829536
34329605902,0.00046763063
34333867602,0.037757497
34336548101,0.7711995
34336548102,0.92011535
34336548104,0.7246448
34337716901,0.74534816
34337724601,0.08623642
34337745701,0.0006191859
34337762402,0.14378989
34337834501,2.8158784e-05
34337834502,2.9159311e-05
34338368101,0.00038782644
34338368102,0.00022339357
34344943703,0.49815303
34354122201,0.79574364
34357397102,0.39644665
34357397104,0.7262537
34357397106,0.06341232
34357569402,0.6634152
34358582401,0.32719877
34358700001,0.98402184
34364733501,0.83997065
34364813603,0.8479506
34364945401,0.9321386
34365125505,0.015506451
34365219603,0.00079139957
34368152403,0.016540747
34368187801,0.319196
34368487603,0.0011935618
34375729902,0.008346767
34376193202,0.36497346
34376436001,0.94334865
34379800101,0.88626826
34379949301,0.00018295879
34380086601,0.94636536
34385424001,0.91739964
34388482501,0.69065595
34388482502,0.85509354
34403162701,0.8591957
34407735302,0.0007848092
34411135901,0.026919223
34411269001,0.0028683122
34411575001,0.097355165
34423230001,0.91280526
34423441402,0.0033944144
34425865701,6.706615e-05
34433722504,0.0001586993
34433722506,0.0011170678
34433771301,0.004421729
34433870301,0.0758968
34433870302,0.034928065
34435187103,0.009001872
34439801801,0.99690044
34447050903,0.00664397
34458859903,0.0076285745
34460040201,0.96584445
34460426301,0.0008308629
34466759001,0.73742074
34467085401,0.14063817
34467085402,0.120793514
34467569401,0.7570033
34469160301,0.9756119
34479463202,0.0025127276
34479692104,6.0123116e-06
34483848801,0.9593701
34492558801,0.0023242238
34492558802,0.0034602617
34496460802,0.6309445
34496955003,0.33349046
34497489301,0.9142899
34509282901,0.95853484
34509763401,0.03491348
34509763402,0.051026892
34517331502,0.004770498
34520447101,0.0036775616
34537130801,0.2671663
34554436101,0.13031851
34554436103,0.81578183
34554812702,0.0004941779
34555184101,0.6140682
34555184102,0.0006117268
34555192801,0.00053699204
34555390101,0.40167
34582224601,0.858293
34634767701,0.9951526
34639827902,0.9100636
34640522601,0.04024267
34652034102,0.0033964247
34660497801,0.025602773
34672609202,0.17088318
34672720101,0.020226324
34672720102,0.07134248
34672720901,0.28882706
34672792602,0.6676869
34674306203,0.06390528
34677039204,4.1282416e-05
34679228101,0.9946268
34679523601,0.5920945
34679674101,0.14589778
34681068601,0.043470424
34681288703,0.0016643378
34681395001,0.018766414
34682256401,0.0012864972
34682501402,0.0013705271
34683058301,0.0030264405
34683058302,0.001654858
34690292304,0.020773524
34691262301,0.9583622
34691262302,0.031735763
34695350801,0.92238253
34703035501,0.85644376
34704243201,0.001625237
34704243202,0.0018608059
34706869302,0.0029653541
34708176101,0.000103976294
34721352101,0.0142529225
34728360101,0.878477
34729037202,0.06485367
34736944701,0.003914377
34736944702,0.0042848843
34746077901,0.0018548188
34746554101,0.0010117558
34761353601,0.8888302
34761473301,0.018139144
34761473302,0.010938205
34762087002,0.006840093
34765644407,0.007922545
34765691101,0.015069492
34765691102,0.0047973157
34765706602,0.00026093892
34774338901,0.86989194
34778028501,0.9149214
34778558301,0.36875495
34778704101,0.0023985717
34787326202,0.00030962654
34787435802,0.9914513
34800682402,0.0010041136
34804054501,0.85417634
34804243901,0.9662203
34804243902,0.7140454
34813042001,0.00060980197
34816801901,0.73519707
34817119901,0.97632456
34817645401,0.9908441
34825025901,0.66238964
34834137801,0.89858854
34834462207,0.027608393
34840107101,0.0018435393
34840107102,0.00017516105
34840107103,0.0003003963
34840107104,0.00024957044
34844886401,0.68846
34845963501,0.9063336
34846082901,0.3538751
34855628102,0.9682538
34857057501,0.47329998
34857132608,0.0059531736
34869424701,0.50898457
34869926003,0.0782503
34876244101,0.2943104
34876345301,0.0059732534
34877117902,0.9339742
34883961101,0.027803723
34884124202,4.383985e-05
34885229801,0.13938282
34885229803,0.8217093
34885360504,0.00023792457
34889719902,0.0050978973
34889867301,0.011972668
34895779302,0.0
34897218401,0.9260092
34898480202,0.820858
34898568201,0.10870123
34899109903,0.013503204
34899746702,0.03305333
34899761203,7.1732306e-05
34905944803,0.020917755
34909514901,0.99704844
34914500401,0.19832666
34915449001,0.43525943
34923744201,0.012258366
34924096101,0.25809246
34924366501,0.005973712
34924593002,0.0140335895
34926970102,7.0801284e-06
34927000101,0.0017945219
34927000102,0.0023445294
34930944202,0.004726283
34930944204,9.672975e-07
34937159501,0.051582213
34937159502,0.001047442
34937319201,0.00065208995
34937319202,0.00041492342
34940722801,7.3783944e-05
34943397602,0.020587083
34943397604,0.69776106
34948459501,0.030218659
34953966501,0.2335809
34953966502,0.7244591
34954340105,0.020117901
34954411201,0.19695891
34964460603,0.08617027
34964851002,0.044499382
34967968101,0.016544385
34974792902,0.63587964
34975139306,0.0014467149
34975697201,0.43843654
34976705101,0.071010195
34978691601,0.9950529
34978691801,0.993316
34980504401,0.9145594
34983282402,0.00016492889
34986285201,0.048959322
34986542306,0.006304006
34989255901,0.22622775
34996391402,0.50439334
34996426403,0.0019706674
35000584601,0.14563307
35014629601,0.58605975
35015411901,0.7644608
35027646202,0.00030965134
35027706202,0.56169623
35029767702,0.02012964
35033350702,0.0029675823
35033613202,0.6387305
35035563201,0.0002326041
35043133501,0.000878183
35043133502,0.0010732193
35043133503,0.42326346
35043133504,0.61798906
35046762401,0.5011598
35047910101,0.09380693
35057599701,0.99606884
35067974502,0.00073531986
35074247502,0.005961394
35074371401,0.99708813
35076779401,0.31553143
35079640702,0.5966022
35080347202,0.0022428702
35080347203,0.0063567637
35080469601,0.9845711
35080884002,0.0020508978
35080884004,0.012204223
35084283801,0.65232646
35084283802,0.79407364
35084633401,0.88851905
35085346601,0.8629335
35085351302,0.0032164734
35085871301,0.0031011987
35085952701,0.30196798
35086063103,0.015969196
35093067201,0.00054012693
35096515901,0.004550261
35109238501,0.99200445
35109482008,0.006698194
35118188003,0.104555756
35118188004,0.81747335
35127512701,0.97450304
35128467801,0.98121935
35128529701,0.9808997
35200055801,0.20665969
35200331801,0.24693224
35201671601,0.5660924
35201690402,0.36437908
35208100106,0.20750652
35214110704,0.82741666
35222923701,0.06363475
35222926801,0.9960483
35222926802,0.99237
35222926804,0.76186323
35494479401,0.003600986
35663935001,0.0014225405
35663935002,0.004081527
35667591201,0.112021856
35672996605,0.30436218
35673165502,0.00091104815
35674784701,0.84666663
35674812701,0.32867193
35674812702,0.9952618
35684659401,0.07241401
35685023207,0.005107726
35704416301,0.990615
35710407107,0.0018148792
35710535202,0.0015966828
35720575001,0.061836638
35736262304,0.024255086
35736262305,0.018384356
35736262306,0.005908175
35751024701,0.058143813
35760973002,0.016215358
35765997203,0.005345413
35766231601,0.49461553
35766231602,0.99407697
35770930001,0.98047936
35790947801,0.0024766983
35791120202,0.45066738
35802074501,0.9226712
35802216901,0.0007466791
35802216902,0.0005420499
35802216903,0.00040975882
35804784102,3.7638135e-06
35807104902,0.25702706
35810812602,0.0074595343
35815476402,0.33037776
35815644202,0.156173
35817632901,0.0014260862
35829066803,0.0032848842
35829066804,0.0009852387
35833558603,0.00187433
35833558604,0.0020561647
35840238203,0.008526595
35899383104,4.5418656e-05
36008791501,0.004373906
36008811302,0.00077435985
36008887102,0.0009097951
36021781301,0.2236464
36022222801,0.815987
36032014601,0.07111121
36032455801,0.7597454
36039503701,0.8724591
36045755301,0.0041212
36046316002,0.09578803
36054824702,0.0012311706
36054824703,0.0013208677
36060567001,0.35524166
36061757001,0.3952726
36069853903,0.5703803
36080075401,0.078228354
36084805604,0.05485424
36085112301,0.011759597
36085112302,0.29631448
36095173901,0.09071134
36095173902,0.029021408
36095868901,0.010934435
36103419601,0.5719614
36103419602,0.08260613
36107451001,0.70826805
36107514601,0.015993329
36107514602,0.004517536
36108230204,0.031868022
36116866004,6.0316062e-05
36116875103,0.001700112
36116875104,0.0013223762
36116900301,0.0094882585
36116904201,0.82723045
36117072801,0.08392737
36117247901,0.6846269
36127261201,0.11751942
36133308901,0.075450934
36145892301,0.9280766
36145892302,0.21642716
36147312501,0.028505402
36171360202,0.010473662
36171769701,0.770206
36179375701,0.9209448
36185866701,0.0009873769
36185866702,0.00036115147
36186370501,0.0042180265
36186370502,0.0042927526
36195723703,0.0041778237
36195801301,0.00073844043
36203025201,0.004865909
36208509801,0.99270505
36208633303,0.004758401
36208897901,0.0138288345
36211110402,0.00010624168
36211110403,0.000105618936
36211346601,0.64173675
36212163901,0.0023485716
36212242702,0.007963934
36212242703,0.008354767
36216542102,0.96929973
36223421902,0.00096086593
36223421903,0.0010593161
36224167401,0.040384263
36232245001,0.14177153
36232355002,0.009602412
36232355003,0.2162472
36232355004,0.41480687
36232651002,0.24573533
36232651004,0.055056106
36232773002,0.049298465
36238452701,0.37739304
36247892101,0.0083728405
36248081501,0.6306628
36248365501,0.08095395
36254444201,0.5397878
36254444202,0.7094475
36263133101,0.54878664
36265887103,0.046017237
36266522904,0.15270911
36266522905,0.13470213
36270472201,0.27513567
36270988601,0.9920229
36270988603,0.0590069
36273479503,0.5083149
36273577502,0.81930435
36275381201,0.50763017
36282250301,0.4892893
36282547001,0.0006740145
36282547002,0.0006010935
36283395302,0.005165035
36294416601,0.0006071968
36294416602,0.2141342
36294440401,0.21549436
36294440402,0.00032895003
36301457701,0.87184006
36302476706,0.041776124
36308238301,0.68521017
36308617801,0.97227985
36314054702,0.11600434
36320794101,0.4500668
36320794102,0.31486574
36320794103,0.7898727
36321484301,0.05944563
36321759401,0.0012507538
36322109602,0.38227448
36323171601,0.6287823
36326755601,0.0022374985
36327032201,0.61421734
36327080203,0.0005524847
36337105701,0.0033579809
36337231302,0.5897741
36337240301,0.9618215
36341472201,0.0015921685
36344758501,0.5276529
36348116302,0.051826574
36348116303,0.014739149
36348116306,0.420834
36352747501,0.33576676
36352858301,0.05500318
36360033001,0.0009850285
36360033002,0.00022562685
36361158305,0.15703745
36371002801,0.17388101
36373876501,0.97884023
36373876502,0.95796937
36379019501,0.9162032
36379071001,0.01042331
36379071002,0.003659123
36379566801,0.5091945
36379882103,0.103273965
36380507102,0.2479229
36380507104,0.05926212
36392558001,0.1154621
36393331302,0.0672511
36397797801,0.42874444
36398418002,0.24542645
36401811703,0.0020899682
36410692902,0.0011280117
36410775301,0.9964958
36411583601,0.21974382
36413262801,0.8940736
36415342401,0.00035184456
36415342402,0.0023467122
36416385202,0.0001873267
36416490701,0.0020283917
36427960901,0.43580604
36430211801,0.02183056
36432638403,0.05566801
36432638404,0.17966612
36432704501,0.050014894
36435035401,0.1482026
36435264902,0.4763519
36435444301,0.004133065
36435462401,0.82912284
36454463302,0.005331924
36454478304,0.5797398
36454523401,0.013685718
36454711201,7.891791e-05
36454711202,0.0001706681
36454918901,0.71356136
36462547201,0.2863523
36464290004,0.08251595
36464600202,0.9862937
36478500901,0.3787434
36478500902,0.54418427
36478500903,0.6502514
36479758401,0.76171327
36479758402,0.18758382
36487354001,0.0048449677
36487915501,0.12786919
36488054201,0.7246094
36488198001,0.080980346
36494463301,0.921716
36494463302,0.096611865
36501436301,0.47419
36532521703,0.0028317
36532562101,0.87853014
36546786701,0.80405104
36546910701,0.021443183
36555694502,0.0013432634
36566262301,0.74579954
36572172402,9.065272e-05
36572727101,0.020636803
36573020702,0.43284214
36577423401,0.7893276
36589085601,0.20388927
36589718401,0.656998
36595339605,0.14659488
36595339606,0.06538818
36599889601,0.027302247
36600046901,0.06922213
36694633201,0.9752305
36695394901,0.17412534
36695840901,0.000121472476
36695840902,0.0027603747
36705891203,0.024601161
36713674101,0.00017567555
36713674102,0.00015062139
36713674103,0.0002852959
36713674104,0.000254304
36713674106,0.000725634
36721580201,0.055564687
36721931201,0.7393713
36721958701,0.00030162832
36722441201,0.00034511698
36731106001,0.12501036
36737894004,0.019210598
36747358301,0.65287864
36747663301,0.0002303448
36747663302,0.00012150226
36747812401,0.5179
36747812402,0.39446455
36748491302,0.0020833446
36757208301,0.38863987
36757282501,0.06342373
36757806102,0.032394532
36766053402,0.0027863733
36767139701,0.69106704
36782403903,0.050372243
36783273701,0.015998244
36789557801,5.6166587e-05
36790475303,0.00624073
36797561603,0.004375015
36808504701,0.83650863
36809595301,0.7968818
36847142601,0.12906814
36847142602,0.0027973282
36847142603,0.0024402088
36857403002,0.8089638
36874788203,0.00020658135
36874802403,0.0015319117
36875330301,0.38795298
36876173401,0.04212631
36885458503,0.07366916
36893059701,0.39950448
36893059702,0.41457057
36893454001,0.26236323
36893454002,0.24158712
36898885202,0.23728164
36900681701,0.9490053
36910254905,0.028034924
36922914301,0.5703258
36925302301,0.16672993
36932794701,0.99892515
36934506401,0.9984806
36977912701,0.8156378
36981850803,0.004185492
36986473801,0.99573755
36996295501,0.42574662
37004042101,0.1842949
37022670202,6.949128e-05
37024349001,0.3434411
37246364501,0.87835884
37253040102,0.00031055958
37253040103,0.0022147126
37253486701,0.0030746653
37253772901,0.590601
37253773301,0.4533188
37258954001,0.91300493
37266297201,0.003606568
37266297202,0.0021382081
37266342501,0.0047787204
37267053501,0.038729724
37267063501,0.42814136
37267063502,0.285463
37267351104,0.15079856
37276861902,0.006418298
37276896503,7.8146346e-05
37277343501,0.96108526
37284782901,0.92700416
37285035701,0.0029308496
37286911101,0.0074984427
37290811001,0.0021917056
37297899306,0.0009769463
37298707301,0.002320166
37301560401,0.0007517848
37352305102,0.951977
37359477101,0.44022837
37376857602,9.965283e-05
37384385701,0.6003329
37392837401,0.066690326
37401666004,2.6510279e-05
37485899901,0.9614824
37486059001,0.13978817
37491198603,0.12605172
37503656702,0.2624619
37503656703,0.5717402
37505958701,0.99338007
37505958702,0.9842786
37508912402,0.0007715726
37509071701,0.20340607
37522151901,0.29877323
37522191803,0.41176596
37522254905,0.0037658662
37522254906,0.0039062183
37522254907,0.030393945
37522268303,0.01055497
37522308001,0.9832266
37522545301,0.913257
37522545302,0.9663684
37527395301,0.94171077
37613191501,0.1262336
37740736902,0.8170162
37775945505,0.26076064
37785944501,0.0021178639
37809361001,0.9811607
37834445701,0.8826458
37855542301,0.9902863
37856305901,0.72026306
37856305902,0.66182446
37866689001,0.002534407
37866689003,0.01158507
37874201801,0.9006532
37874634801,0.031370558
37874634802,0.0013177068
37875221802,0.3703959
37886884902,0.6379161
37923400201,0.9040111
37923400202,0.25855005
37924036001,0.30509394
37926673701,0.0005734157
37929030002,0.2927575
37934964301,0.00014653157
37935463503,0.014369998
37940371801,0.7485711
37940792702,0.0058159656
37940792703,0.03541304
37941054001,0.5610948
37961831901,0.26318616
37961831903,0.07289067
37972308601,0.99623907
37980177503,0.0725593
37980177504,0.12585513
37980419501,0.059507057
37980635802,0.0001535233
37985274801,0.97431767
37986534701,0.50450224
37986534702,0.008439595
37989769601,0.61656564
37990919501,0.52065384
37997324601,0.010181438
37997366801,0.00202734
38000137401,0.665045
38008474301,0.006144425
38008474302,0.007537625
38008474303,0.0051656063
38008551702,0.17899214
38017354002,0.0011197472
38021153801,0.50649786
38032669301,0.80134934
38033014202,0.00088239694
38033014204,0.00022980999
38033437201,0.0001199395
38033437202,0.0006387365
38038582102,0.008187027
38039496401,0.55927765
38041913901,0.010846268
38042259101,0.7890798
38053978405,0.0029917096
38053978406,0.0037544076
38065667301,0.21866749
38066437101,0.57340276
38071050103,0.08995417
38077004701,0.0015035307
38078325201,0.53082293
38086277001,0.0072198063
38087068801,0.9662995
38091027701,0.8778142
38091623502,0.0005349847
38091702701,0.5597764
38097651501,0.00060933863
38099717802,0.0016769185
38104850602,0.00044374945
38104850603,0.0004765663
38109183801,0.724304
38114124601,0.2423076
38123214401,0.038704928
38123214402,0.16580036
38123745204,0.065478384
38132860101,0.63986343
38133345501,0.0031293777
38135169604,9.321497e-05
38144788301,1.346614e-05
38144788302,7.3670403e-06
38154886602,0.04725122
38154886606,0.0041209143
38155188001,0.33811834
38155985502,0.0009340659
38164772203,0.021166498
38172444401,0.0044070245
38189791701,0.99186397
38190750205,0.05973161
38190750206,0.019475807
38191909001,0.977119
38192119303,0.22126399
38192515602,0.02036608
38194976102,0.61745876
38197796401,0.019330345
38198711805,0.00016823452
38200958001,1.9048219e-05
38200958003,7.8981e-05
38201108601,0.95992327
38201634801,0.7973509
38202842501,0.9612778
38204309802,0.079728186
38206916001,0.0009367384
38206916002,0.00022680212
38207297301,0.00015359373
38207297302,0.00012970662
38207502502,0.74207
38207504501,0.370019
38214552103,0.00076848734
38214863502,0.7847756
38218954202,0.23072532
38219619302,0.9347901
38219944102,0.12956026
38225200201,0.11509154
38230868402,0.006861415
38231035801,0.6195675
38231205201,0.00025220716
38231205202,6.702829e-05
38231224302,0.024351044
38272885901,0.009769331
38282336802,0.0003831442
38282769901,0.32370284
38291581101,0.9981834
38318130001,0.8087873
38326621001,0.8261765
38326621002,0.2626487
38350309001,0.0006426503
38352567802,0.008544807
38352567804,0.49238756
38359428206,0.0006654511
38359434101,0.0021211982
38359434102,0.00034037884
38359436001,0.3294629
38359524203,0.010478693
38371649601,0.00024244818
38372751002,0.5680978
38374689203,0.024800122
38401591501,0.020676907
38401824003,0.0034582005
38402184601,0.09791696
38406533702,0.0020667787
38407312201,0.10795392
38407312202,0.03549756
38407462901,0.0117535805
38407462902,0.20192657
38407470502,0.09586959
38414505401,0.23532644
38415584401,0.8221034
38415604302,0.0069576586
38429880802,0.006995559
38434431002,0.0001799036
38438583501,0.3288042
38438596901,0.0449355
38438622107,0.12964442
38438622108,0.000400007
38438859701,0.04673458
38446538201,0.27382097
38446538202,0.08870909
38446538204,0.44977722
38453643001,0.9533791
38460931201,0.00042047
38482355601,0.99901056
38482944004,0.0077978685
38710796102,0.01820032
38813192401,0.0025927569
38823584501,0.00078430155
38828704701,0.36271262
38882036303,0.046802573
38884523303,0.7070874
38895168402,0.0004345791
38907088401,0.38383105
38915972501,0.118448764
38916880801,0.05366086
38928579101,0.0056116115
38928698901,0.0011985302
38936374501,0.023081016
38936728001,0.047767457
38938234801,0.0003712042
38943736501,0.13140598
38956470001,0.0023301924
38956548103,0.02870761
38956733003,0.0011272008
38957019601,0.0011935437
38957352702,0.391437
38957603501,0.014074356
38958027702,0.0007374373
38964397501,0.97115886
38965089503,0.0006443169
38966979601,0.43652615
38966979602,0.7489932
38967796901,0.003747617
38967902901,0.0021616914
38968293302,0.0014085806
38968293303,0.17216718
38968293304,0.18101664
38968406001,0.04504231
38968406004,0.019226579
38973327501,0.20752169
38973494601,0.77070683
38974765904,0.45842293
39008315901,0.17645827
39013742002,0.0001259525
39014207204,0.00058177416
39014902701,0.00079862145
39015054702,0.6006642
39021550001,0.41267714
39021912601,0.0021524685
39030588101,0.030585667
39042770302,0.0019166816
39043477701,0.00090604584
39072352903,0.06241879
39081767501,0.7961226
39081767502,2.3151356e-06
39174454004,0.0004611902
39174526001,0.89382154
39181283901,0.29727155
39188739001,0.00012699603
39188798802,0.0028887058
39189425701,3.585518e-05
39189524202,0.012260577
39190306401,0.9988695
39190306402,0.9908071
39190467002,4.6856345e-13
39194988001,0.9990024
39202492501,0.44314265
39202492502,0.63666916
39202492503,0.7075322
39270667701,0.15934129
39303086901,0.15736917
39303285301,0.24188392
39308647301,0.9848898
39374762801,0.551707
39422819607,0.00024413015
39422819608,9.1985385e-05
39423379001,0.1757755
39423698105,0.07963542
39424416702,0.5499744
39427900401,0.16494292
39427958702,0.17645282
39428451701,0.77089494
39428451703,0.5408414
39433218702,8.334259e-05
39433576002,0.20709628
39434031901,0.79455286
39434190102,0.053737137
39435605006,0.28103626
39435729401,0.6784527
39445526701,0.0020649345
39449001201,0.92147994
39456111901,0.9992798
39456260903,0.0039171223
39456260904,0.004168243
39456288004,5.1595052e-05
39459353002,0.013209849
39459416901,0.05082672
39459426002,0.7061989
39465795201,0.0060208356
39465797201,0.0010430292
39466088802,0.008917576
39466131401,0.7175297
39470219102,0.0017533404
39471160506,0.0013787642
39471533201,0.74911714
39471614602,0.000128638
39472987501,0.98599213
39481226301,0.0003849163
39481226302,0.00075085147
39483187602,0.028606549
39491277004,0.039536174
39491558303,0.651597
39497269002,0.0003282611
39501170604,0.95081496
39506494702,0.14971648
39506618601,0.94352245
39551584601,0.9940163
39551599201,0.011172551
39551599202,0.0012520071
39574267601,0.017651847
39574626502,0.00022167007
39585561207,0.39258298
39585705301,0.003392028
39603767901,0.67841667
39610664101,0.9585593
39613960703,0.05351162
39614288801,0.007287163
39617007601,0.59509116
39621349201,0.005361905
39621753701,0.00028056465
39624496701,0.71503145
39624770001,0.20238742
39624770002,0.12982845
39625543705,0.25425014
39636522602,0.01966343
39642179302,0.0419845
39646733002,0.18404882
39653739902,0.0008281087
39653945901,0.42836577
39654389101,0.808951
39664803601,0.33383584
39672022301,0.32282937
39690392701,0.5056384
39690460304,0.016525704
39690628101,0.71550584
39690779201,0.98251617
39703122703,0.010765203
39703232401,0.78016204
39704082303,0.0026888868
39710897801,0.88191205
39713731901,0.29668888
39716216201,0.22640441
39716261101,0.4363445
39771048501,0.43649668
39781653902,0.0046187597
39790433502,0.0023910918
40151315403,0.03714103
40156111901,0.8120437
40156772201,0.5478955
40157397301,0.55056876
40160576206,0.0072858552
40160692302,0.002893576
40160803902,0.53282005
40167060701,0.0011795374
40167609403,0.009026982
40167800701,0.9583225
40172697304,0.00015139866
40177037001,0.86729926
40179595201,0.815871
40182156702,0.56022877
40183362602,0.015258017
40185908804,0.1218603
40185908805,0.08634269
40185908806,0.12961605
40191380301,0.99572045
40191435702,0.2776422
40191608001,0.0076711723
40198062401,0.9992286
40198264101,0.14859316
40203032802,0.8716781
40208591104,0.0038178333
40208591105,0.008264975
40211128901,0.98069865
40232963101,0.012909677
40245420401,0.0015966843
40245490901,0.33974284
40245695801,0.045784835
40245713701,0.21657124
40246341803,0.0073989686
40246930501,0.3681269
40247471401,0.17717469
40247729204,0.06733709
40251280703,0.0055424636
40251355701,0.4927712
40251355702,0.82118064
40252725401,0.8521484
40258614101,0.35261253
40258614102,0.01754988
40258624001,0.019973481
40262134301,0.9858641
40262523401,0.09171177
40264677607,0.00010261856
40264910601,0.24372718
40265106901,0.15373579
40267559901,0.002505462
40270895301,0.8673463
40271028001,0.99335927
40271155502,0.6665512
40271275802,0.00030073733
40271275803,0.0022889387
40271275804,0.004307851
40274558804,0.55320114
40275905302,0.30286962
40278607005,0.01763344
40279311704,0.11455854
40279502301,0.40936157
40280028803,0.028888097
40280028804,0.34124514
40283749502,6.8712357e-06
40284010606,0.12421437
40284375204,0.018585838
40284583801,0.012607431
40285466203,0.0013539953
40288513001,0.69656456
40292001201,0.002422084
40297013001,0.00087737374
40297079601,0.9381737
40297297201,0.23763223
40301654403,0.011678888
40301901402,0.068541415
40302986402,0.06605696
40304471502,0.09376401
40304471503,0.19233985
40307506702,0.9856222
40308377501,0.0003913568
40312524701,0.8128803
40313150604,0.5442046
40322650502,0.1978971
40322738202,0.12714286
40332051801,0.000949559
40332051802,0.06380578
40332088805,0.0029550549
40336436001,0.97253686
40336671602,0.00021676591
40336674402,0.03688453
40336742001,0.0045321477
40351167001,0.63790655
40356794903,0.1429586
40356857801,0.34470204
40424173901,0.5846787
40434450701,0.00052425545
40437995307,0.0017563358
40441563501,0.5896252
40443166301,0.79580116
40451664502,6.7395933e-07
40477056201,0.5519248
40477658205,0.93315727
40477792202,0.023181582
40479715101,0.55003303
40479715103,0.09030158
40479778401,0.035542596
40483253101,0.7068715
40484930201,0.002494328
40492766102,0.6346158
40493349302,0.80996233
40493394702,0.06346535
40496996901,0.06075785
40512956003,0.28398937
40512956004,0.62728524
40536444701,0.96981984
40536509601,0.5006555
40536534002,0.0010169162
40586283001,0.98128337
40586608902,0.87530684
40593091501,0.56667733
40677452001,0.00027663435
40677452002,0.00013434082
40677811702,6.537125e-05
40678033801,0.028321803
40678033802,0.18247442
40686161801,0.06024866
40687225301,0.71696854
40687225302,0.30807737
40687484203,0.03698963
40687484204,0.16299735
40694161201,0.9990909
40694554701,0.69662875
40697674601,0.99770784
40704486902,0.48693666
40704635703,0.009856681
40706490202,0.00018464208
40706644901,0.1526866
40706644902,0.3899298
40706926502,0.69223666
40708997303,0.0005934366
40708997304,0.0005556592
40708999001,0.17935146
40712640801,0.9996613
40714593901,0.13887621
40714672301,0.07509475
40714672302,8.782434e-05
40714772701,0.0097675
40714772702,0.0021837677
40716436803,0.06401759
40716550905,0.00012596822
40722536701,0.0001237306
40726459701,0.001181372
40766296101,0.0004645362
40766364101,0.0006741905
40777226104,0.8205759
40782391702,0.67280185
40788235401,0.33061087
40792533602,0.0015272442
40886781001,0.015755031
40886781002,0.2337492
40886781003,0.077481434
40924801304,0.04850692
40933455502,0.15918417
40933621502,0.0045884834
40933862402,0.027287517
40951882603,0.023705447
40951882604,0.07756892
40955715801,0.3188191
40959237601,0.9434292
40964103101,0.0051379288
40964252401,0.081731424
40964996801,0.23927204
40970267001,0.016243253
40993433001,0.99377877
41022754501,0.40445402
41025404901,0.9071517
41027154005,2.457912e-09
41027154006,0.03971512
41033956303,0.023573196
41034069502,0.47346437
41035498001,0.24980807
41035498005,0.836441
41036747405,0.93692833
41037198403,0.7502545
41037253601,0.11899331
41037295001,0.018746005
41038901401,0.2514388
41039709901,0.23635395
41039932703,0.9917275
41040227203,0.0022840872
41183119203,0.05016188
41197709402,0.17993371
41207084802,0.104535066
41214384201,0.99153054
41215149801,0.011037025
41215312802,0.0019353007
41220923901,0.06634926
41221501301,0.9910306
41221648601,0.6571433
41246968102,0.0015814209
41247121201,0.99793017
41252873901,0.026752863
41252873902,0.006302068
41265496701,0.34055096
41266024401,0.0036028002
41266024402,0.0016068346
41272654501,0.94076186
41272657702,0.3363529
41276125603,4.612374e-05
41282055802,0.00048326643
41282204902,3.3002743e-05
41829735101,0.18813787
41838209901,0.000342737
41838748701,0.876338
41846057901,0.98736715
41846101303,0.012599438
41857611902,0.07740742
41858092502,0.045520585
41858172601,0.0013535807
41858172602,0.0016662285
41861387703,0.013591219
41861873001,0.14099678
41861901801,0.8998783
41861901802,0.46049875
41865533301,0.004894745
41871749402,0.0004865983
41871749403,0.11155308
41871749404,0.12490423
41872149801,0.002123826
41873617801,0.4973022
42035080401,0.10115268
42042653101,0.9220885
42043377102,0.00046406614
42043742001,0.17533505
42049042902,0.029431792
42056041503,0.0002995038
42069904001,0.7487112
42069908301,0.0089795925
42076165201,0.32256234
42077426501,0.004965651
42090326402,0.018667769
42090366802,0.013743315
42090366803,0.012369173
42097126803,0.24698594
42097126805,0.7985909
42097878801,0.9745014
42106323301,0.3467459
42106552502,0.0047468534
42110746303,0.09064734
42110920401,0.08863897
42116363101,0.012824781
42116363102,0.58998877
42116736602,0.9734857
42116736603,0.7636855
42121534102,0.09175043
42121569001,0.24907444
42122982202,0.2811601
42126079703,0.054037385
42128537201,0.04827885
42128750301,0.9828498
42128750303,0.88474977
42213910801,0.050538767
42239316904,0.002758674
42248853201,0.75465286
42248973901,0.00076526206
42249840101,0.0022461624
42270231501,0.9095385
42270489201,0.94708675
42302184705,0.98310757
42305589402,0.40307623
42305682402,0.0026213224
42326404002,0.85271436
42326506602,0.048087146
42335177004,0.3902674
42335405201,0.9776354
42341997102,0.012687132
42376889604,0.0018204657
42399150903,0.0013600716
42406383901,0.0040278076
42406383902,0.85086405
42413015301,0.02103739
42413137802,0.017915146
42413137803,0.017388402
42433038303,0.0007495686
42433038306,0.007854919
42433553309,1.8844643e-05
42433757602,0.78002334
42433757603,0.68899274
42436524101,0.57451665
42436524102,0.0968635
42441417101,0.09932513
42462205601,0.529963
42462384803,0.864188
42466817601,0.021019844
42466890201,0.7341228
42471677202,0.41930708
42489936001,0.05445841
42495087801,0.786251
42496104501,0.00036177278
42496104502,0.9543939
42499682601,0.5978915
42508321602,0.8871995
42508326401,0.035013676
42508326402,0.145345
42508326801,0.49115413
42508330901,0.5274407
42508330902,0.90866244
42508330903,0.39676976
42508470201,0.045367062
42563899203,0.5366016
42564154001,0.98741233
42564191201,0.009722314
42565755604,0.01879703
42569676401,0.0021627499
42585230101,0.15442915
42585616203,0.00014941639
42585719901,0.00028122799
42585780401,0.00091944897
42592453401,0.87314445
42592772601,0.7542377
42592772602,0.98342127
42594119402,0.43343997
42594491701,0.6846178
42600631901,0.98473316
42601126401,0.50883496
42602113302,0.001068832
42602213101,0.5034496
42602343001,0.55790204
42602578401,0.0868995
42602673205,0.25131243
42603247501,0.9962025
42603247502,0.90414387
42606995801,0.00032205984
42607358101,0.9073208
42607708001,0.71105164
42608031001,0.0001113042
42608031002,0.000105687956
42613004701,0.54369664
42613004702,0.8858025
42613416201,0.0025223335
42613416202,0.0031307556
42613426703,0.02918706
42615621101,0.82702595
42619478302,8.298428e-06
42619871701,0.6882952
42620625801,0.12006078
42620662801,0.789013
42620731901,0.04240114
42620761301,0.75673443
42622734401,0.8560284
42623123201,0.9463647
42623198601,0.20874922
42623225604,0.0002105174
42626468401,0.00018386345
42627663706,0.560487
42628194901,0.31698707
42632054701,0.07222627
42632652201,0.98667985
42632664302,0.23021309
42632664303,0.008012247
42636372802,0.013582636
42640598101,0.37206823
42640639401,0.009179605
42641101301,0.13759416
42642237201,0.015399285
42642237202,0.7920027
42642293306,0.3081468
42642717601,0.8698399
42645301701,0.0010588978
42646326401,0.0006216638
42647544001,0.37849912
42648821601,0.011196666
42649244801,0.54424083
42649722501,0.0043705017
42649722502,0.004347448
42653178903,0.05344437
42653363502,0.37375766
42654068402,0.005101481
42654118001,0.2577075
42654118002,0.014466685
42660995204,0.06501321
42670732703,0.0008909115
42670942501,0.20076443
42670942502,0.5561364
42674755901,0.03243547
42683417301,0.9483169
42683873303,0.0029809447
42683873304,0.00633434
42684080001,0.9869131
42687311001,0.90687907
42687525301,0.12041484
42687740001,0.99771106
42687740002,0.9219268
42689967402,7.095157e-05
42690423602,0.6097814
42690639601,0.14800622
42696816603,0.009573333
42697573101,0.12813029
42697586601,0.12049994
42701106003,0.46943343
42701366501,0.29526204
42701848601,0.729256
42703117101,0.85754997
42765949101,0.25221485
42766776601,0.49621642
42766776602,0.13321641
42766777601,0.91484547
42766777604,0.21939729
42908277401,0.9901972
42908330202,0.0033758902
42953053801,0.00082130515
43046925501,0.10749105
43069330902,0.07879413
43069330903,0.109322175
43070245002,0.01535291
43090883701,0.9088292
43091773401,0.000518509
43091800701,0.15541828
43109523702,0.5474813
43110001502,0.008326946
43110033204,0.004385036
43138027802,0.055320345
43138031501,0.10520734
43586902102,0.0015882017
44418909901,0.99811244
44419720801,0.36584207
44426887501,0.18697698
44426912601,0.83577985
44426912602,0.0011701833
44429859801,0.0057112775
44429859802,0.0006743518
44442919301,0.0077564796
44447867501,0.0026908605
44447867502,0.1515658
44447867503,0.00023169305
44448478801,0.9306256
44460887002,0.0031612513
44470145001,4.4577657e-05
44470145002,4.209905e-05
44470229601,0.05130042
44478951701,0.0012204865
44487724601,0.54802465
44488599901,0.032657478
44492663502,0.003110614
44500842301,0.005295174
44500842303,0.0012254134
44521244701,0.47973874
44652214201,0.48081148
44652311001,0.76487523
44652311002,0.25343585
44654990501,0.9864231
44654990503,0.030516969
44667821001,0.0033114594
44667821002,0.0006256031
44670309101,0.00435991
44670707001,0.11040834
44670707002,0.0792876
44687160101,0.70335424
44687238601,0.19529667
44687238602,0.20556255
44688127201,0.8093815
44688628001,0.78466135
44688638401,0.026505092
44688638402,0.119091325
44689810302,0.2691597
44690139001,0.87298524
44690469801,0.83130056
44693121503,0.0012289435
44694034304,0.0037105866
44695132901,0.6482632
44696551402,6.042366e-05
44697163401,0.012710525
44697763001,0.06346251
44698367501,0.0001519894
44700446001,0.004308536
44700938001,0.731079
44700938002,0.0025222134
44700938003,0.19149226
44701434901,0.9132379
44701554601,0.52819717
44701554602,0.8224087
44702119503,0.22239836
44702553803,0.007883063
44702621101,0.57856065
44702652802,0.36530232
44703836302,0.09816764
44704224301,0.10858885
44704498803,0.3063081
44707555104,0.20482908
44708263601,0.0006232624
44708803401,0.99826413
44709216403,0.2046636
44709274601,0.50612724
44709430003,0.04656897
44709488305,0.8561085
44709816702,0.09878955
44709820401,0.9706799
44710734905,0.9293047
44711543501,0.5598905
44711543504,0.0026849678
44712681908,0.040111292
44713258101,0.5414214
44713553504,0.00032037005
44715555001,0.8410229
44717549601,0.7044876
44717549602,0.262067
44718654702,0.044809315
44718897901,0.02656715
44718897902,0.020704933
44719328701,0.012655246
44719449903,0.0004902353
44719717002,0.06940156
44719717005,0.7434044
44722257801,0.07273177
44723020901,0.42191687
44723094501,0.13037664
44723132704,0.00019609681
44726048801,0.96928084
44726323304,0.26072422
44726765301,0.89667153
44729155601,2.3986675e-05
44729155602,9.901694e-06
44729973001,0.06759457
44732810101,0.038327087
44733814101,0.00046719794
44733814102,0.0018286809
44735038102,0.0028120715
44741999901,0.9569409
44742020601,0.8203801
44742396207,0.003792967
44743060901,0.9183916
44745141201,0.021200785
44748816602,0.00039889148
44750939001,0.10962488
44751113401,0.72961104
44753946801,0.96617424
44753980703,0.0778558
44754436203,0.0026864912
44754436204,0.0022004093
44754492301,0.0040090764
44754492302,0.0013796063
44755787501,0.105156094
44757552104,0.2558641
44758338102,0.0018639874
44763165502,0.3843372
44764986406,0.0061297663
44769727501,0.31206933
44770632701,0.37095582
44772555402,0.036412384
44776342402,0.12886061
44776342403,0.2702648
45143902603,0.014060176
45144079601,0.26319087
45144079602,0.40683195
45144079603,0.17920412
45146621203,0.00030713808
45149328902,0.11019249
45149787407,0.45723006
45156410103,0.18697977
45159641501,0.9018799
45159641503,2.2552807e-07
45159952801,0.122240804
45159952802,0.46155262
45160697001,0.9942186
45238853802,0.006127376
45238853803,0.0050282157
45240743103,0.0003752289
45241706301,0.00042862212
45241706303,0.024484677
45241984301,0.55244166
45241984302,0.24782217
45243899103,3.801405e-06
45243899105,0.7425247
45246516203,0.93470687
45248174503,0.3367463
45248174504,0.30234072
45251672904,0.06532009
45251797604,8.052608e-06
45252161101,0.00015183933
45252161102,8.399507e-05
45253029406,0.018437324
45253364001,0.0006574864
45263116103,0.48033902
45263126802,0.95319664
45266583701,0.008960843
45266583702,0.17379847
45268263605,0.00079674326
45307990401,0.29514205
45308239401,0.00022244755
45309524703,0.11456244
45310065801,0.8636386
45325995104,0.0016243197
45326020901,0.9736944
45328891907,0.009465779
45328891908,0.023368567
45328952901,0.17596854
45425777804,0.0064120395
45436597101,0.21527047
45461038201,0.31321138
45485803202,0.15654145
45491988701,0.9522939
45496183505,0.3056924
45496183506,0.38334092
45651998702,1.2032634e-08
45653678201,0.37917224
45654083401,0.0020727157
45658861001,0.0003347164
45659278901,0.35956952
45659318702,0.06442193
45659345501,0.8159415
45659366401,0.3986183
45660992902,0.00089696154
45661078401,0.4642723
45662158601,0.10407416
45662172001,0.27821204
45804844402,0.01709308
45805764701,0.9074354
45809116902,8.372894e-05
45809366901,0.029166264
45812493801,0.0033583653
45812493802,0.0018112487
45827563301,0.0005412272
45827563302,0.0013471915
45829078201,0.9962082
46312062701,0.0005010162
46312063801,0.014676923
46313466001,0.019661041
46316435801,0.03032796
46316622601,0.0007736013
46316729001,0.91261506
46317022401,0.8863991
46317022402,0.99462694
46321687201,4.7214424e-05
46322506701,0.18800382
46322712001,0.5904767
46322712002,0.0008864571
46325234001,0.018362159
46328355901,0.047077235
46328355902,0.014858261
46339396705,0.94133544
46345068701,0.4955256
46345711601,0.035778467
46345711603,0.0717259
46345711604,0.16152132
46346554101,0.9968066
46352792201,0.9567224
46352792202,0.14569852
46353550101,0.0017288191
46353843201,0.9704717
46356805201,0.35222727
46359550501,0.14591569
46373260502,0.6182608
46373446901,0.6339905
46374251601,0.8716796
46377008201,0.57898855
46380770701,0.20664449
46383669101,0.3357341
46383933501,0.8983229
46388414201,0.8740446
46388423001,0.29672885
46392854301,0.88953304
46393241101,0.9152353
46396409001,0.52190006
46397544501,0.11370529
46404093701,0.99799913
46404796401,0.9349876
46418100801,0.07682626
46427637101,0.07353234
46427784301,0.23401512
46440584002,0.00020072647
46440790602,0.1394005
46441560101,0.3576181
46442017001,0.98592204
46454776502,0.84554476
46455428302,0.9538875
46455428303,0.7408439
46458300202,3.3525997e-05
46458427402,0.037300397
46458500501,0.7614346
46458854002,0.0006630736
46458989601,0.012695365
46464121201,0.7605237
46499158703,0.4617329
46502411801,0.0010118078
46535453601,0.22613785
46539308501,0.99077797
46543439101,0.50017554
46544621801,0.6458506
46548765001,0.7548593
46552476903,0.025414018
46557304501,0.22919512
46561682601,0.0010290351
46563493603,0.06233106
46564641301,0.998379
46571187001,0.91281664
46571321001,0.5844986
46571717301,0.4976275
46609661105,0.010775628
46610192702,0.815324
46616294301,2.102837e-05
46616302301,0.92571366
46668164802,0.9611191
46668903301,0.0010010984
46790259802,0.7836852
46790437704,0.49978694
46793405201,0.80795294
46815069102,0.5557973
46815489501,0.0871632
46817615002,0.0018779498
46817819301,0.00022205211
46817859902,0.0025187056
46817970501,0.06103541
46818816101,0.1580874
46821607901,0.000988994
46821607904,0.01110438
46904638701,0.31077158
46910098202,0.8746946
46915009001,0.3304207
46923312302,0.8967448
46926071001,0.25417128
46926071002,0.23409714
46926566701,0.39660618
46936026401,0.0058123935
46940092701,0.0067429384
46940092702,0.00022712303
46940662901,0.040188003
46944721201,0.76290387
46945129701,0.040257722
46945359502,0.75149083
46945511101,0.8730469
46947713801,0.9787306
46950693501,0.012826839
46955444501,0.5457629
46962027101,0.10884991
46962027102,0.24388619
46962869701,0.8145208
46965740001,0.013740143
46965740002,0.0013074994
46966750801,0.95998025
46969286201,0.327682
46969286202,0.006954615
46969286203,0.007940664
46981066301,0.9566903
46981066302,0.19573711
46981179205,0.0006380302
46981268101,0.35358885
46987211805,0.03148378
46987681901,0.001468986
47009736801,0.9840949
47010240101,0.019538837
47014731301,0.665527
47018266201,3.1837633e-05
47018266202,3.1219413e-05
47018874504,0.42379636
47022060603,0.012052734
47022060604,0.009260144
47029179501,0.8216643
47029179502,0.98517716
47030342001,0.5095705
47032669801,0.92454004
47033668003,0.03074095
51662701404,0.00036178363
51885366801,0.0010873335
52010082501,0.35708177
52202662202,0.026130214
65026564501,0.99468404
65026564502,0.95269704
67504743810,0.8927187
67504743812,0.48119396
67791582702,0.36544302
68346032003,1.6523354e-05
68495592002,0.0007810918
72413093403,0.00017710868
72569488401,0.3703734
73227529802,0.87926406
73450558101,0.9979644
73450558601,0.99150133
73548785901,0.9745076
73587245602,0.00012631115
73742523802,0.001269515
73748696402,0.22736667
76661994103,0.00023709801
76723579601,0.0033668734
80510082205,0.002568409
80586147301,0.00010339217
84278066801,0.9678246
90392977207,0.0046535237
100476507001,0.00085366075
110410011101,0.12390233
110410011102,0.0042693997
110477688701,0.0024892692
110677071902,0.9976749
110861508102,0.00019973256
110981975701,0.017596178
110986944601,0.35675177
110986946101,0.4169841
120574527203,0.0033533482
120997343501,0.4421171
120997343502,0.0014189916
120997348501,0.3853411
120997348502,0.0011488008
121059797201,0.012972596
121339554501,0.7004256
121639492401,0.97447056
121900635301,0.98120236
122146990202,0.27666774
122425565905,0.71430016
122455164903,0.01344247
122455164904,0.4928261
123252203301,0.01054396
123438404601,0.98756814
123438702601,0.9930276
123481032401,0.99747676
123697841106,0.019506833
131208749307,0.0004641201
131400428901,0.6399004
132249398101,0.00031388417
132249398102,0.00032703823
132249398104,0.00017042775
132249403601,0.00029362383
132249403602,0.00030306296
132590012601,0.6045521
132631597301,0.065403655
133157972501,0.0052888114
133157972502,0.41830757
133160550401,0.000331778
133194648601,1.6201553e-06
133194648602,2.975641e-06
133194648603,3.477554e-05
133194648604,0.00019059697
133194648605,2.231592e-05
133197258801,0.9268234
133532313901,0.58065253
133532313902,0.0023605924
133585607901,0.026479924
133780551201,0.5313713
133780551202,0.081080996
133780552301,0.455617
133780552302,0.068824545
134135128901,0.22894537
134344670907,0.1339577
134688048801,0.9525697
134694259001,0.8010735
135268414601,0.00033556696
135350083301,0.4061962
135440442404,0.00014839988
140596584402,0.19944339
140599763501,0.9753796
141921455701,0.00026210185
142284626901,0.0002790201
142302019405,0.62960386
142346260801,0.99337065
142346260802,0.14319693
142395665402,0.62302953
151008818501,0.7227422
151183433907,0.0009009891
151325824001,0.74452907
151391111402,0.00064437307
151535546601,0.9865241
151838430102,0.00097376737
152922571201,0.9926635
152922576201,0.98981655
152997674502,4.5453767e-06
153367841801,0.3106574
153367842601,0.30750564
154654972401,0.30227256
154666784102,0.0037356915
154720174701,0.9773053
154731732101,0.00046334276
154731732102,0.03223386
155309950301,0.0043729404
155614233407,0.00036327998
156720533204,0.2804961
168830672607,0.003474859
169108044701,0.025304873
169142746501,0.00022664171
169142746502,3.483163e-05
169142747301,0.00017752343
169142747302,2.8905153e-05
169196215901,0.09279077
169317488301,0.5064865
169322625201,0.25223005
169704564901,0.0007908477
169704566001,0.0005180933
169704566002,0.004498294
169707298701,0.9526596
169868536603,0.13694833
170129211101,0.24785058
170129211501,0.21117151
170244231301,0.00013941017
170244231302,0.0009153791
170342329301,0.99184364
170630724702,0.94473296
181587036301,0.08571836
192238422901,0.8564554
